all_red_s,backend,clearance_steps,controller,experiment_id,jain,mean_wait_disparity,ped_max_wait_s,ped_mean_wait_s,ped_p95_wait_s,ped_service_ratio,ped_throughput_h,phase_switches,requested_p,requested_v,run_id,safety_violations,scenario_id,seed,served_p,served_v,starvation_violations,tail_wait_disparity,veh_max_wait_s,veh_mean_wait_s,veh_p95_wait_s,veh_service_ratio,veh_throughput_h,wall_time_s,yellow_s
1,surrogate,712,efficiency,ablations,0.9999998446584063,0.03308581470718014,53.0,12.783842794759826,33.0,0.9978213507625272,458.0,336,459,1437,ablations__A1_efficiency_only__efficiency__3001,0,A1_efficiency_only,3001,458,1435,0,0.06,61.0,9.475261324041812,27.0,0.9986082115518441,1435.0,1.1548769280007036,3
1,surrogate,709,efficiency,ablations,0.9999979908836346,0.020843475272973352,62.0,11.915433403805498,32.0,1.0,473.0,336,473,1413,ablations__A1_efficiency_only__efficiency__3002,0,A1_efficiency_only,3002,473,1409,0,0.06,48.0,9.831085876508162,26.0,0.997169143665959,1409.0,1.2126632690005863,3
1,surrogate,735,efficiency,ablations,0.9999998162340679,0.04659890933878663,66.0,14.402222222222223,36.0,0.9977827050997783,450.0,333,451,1469,ablations__A1_efficiency_only__efficiency__3003,0,A1_efficiency_only,3003,450,1467,0,0.09999999999999998,51.0,9.742331288343559,26.0,0.998638529611981,1467.0,1.20400929599964,3
1,surrogate,729,efficiency,ablations,0.9999962655245404,0.03259503996617155,55.0,13.06392694063927,32.0,0.9954545454545455,438.0,335,440,1448,ablations__A1_efficiency_only__efficiency__3004,0,A1_efficiency_only,3004,438,1447,0,0.06,49.0,9.804422944022114,26.0,0.9993093922651933,1447.0,1.1081665229994542,3
1,surrogate,716,efficiency,ablations,0.9999964086497886,0.031894613847344,54.0,12.814732142857142,32.0,0.9933481152993349,448.0,336,451,1389,ablations__A1_efficiency_only__efficiency__3005,0,A1_efficiency_only,3005,448,1385,0,0.06,50.0,9.625270758122744,26.0,0.9971202303815695,1385.0,0.8128052029996979,3
1,surrogate,719,efficiency,ablations,0.9999902709880082,0.03539550148417575,54.0,13.516806722689076,34.0,0.9916666666666667,476.0,335,480,1410,ablations__A1_efficiency_only__efficiency__3006,0,A1_efficiency_only,3006,476,1407,0,0.08000000000000002,42.0,9.9772565742715,26.0,0.997872340425532,1407.0,0.8149591169994892,3
1,surrogate,720,efficiency,ablations,0.9999998887228806,0.03185398357425896,60.0,12.71806167400881,34.0,0.9978021978021978,454.0,335,455,1397,ablations__A1_efficiency_only__efficiency__3007,0,A1_efficiency_only,3007,454,1393,0,0.07,42.0,9.532663316582914,27.0,0.9971367215461704,1393.0,0.8369429439999294,3
1,surrogate,715,efficiency,ablations,0.9999977934693728,0.032919303729529656,66.0,12.927710843373495,36.0,0.9979959919839679,498.0,335,499,1410,ablations__A1_efficiency_only__efficiency__3008,0,A1_efficiency_only,3008,498,1403,0,0.09999999999999998,54.0,9.635780470420528,26.0,0.9950354609929078,1403.0,0.8250861879996592,3
1,surrogate,715,efficiency,ablations,0.9999979808745851,0.030054186817532025,54.0,12.613247863247864,35.0,0.9957446808510638,468.0,336,470,1407,ablations__A1_efficiency_only__efficiency__3009,0,A1_efficiency_only,3009,468,1405,0,0.08999999999999997,49.0,9.607829181494662,26.0,0.9985785358919688,1405.0,1.1000768970006902,3
1,surrogate,732,efficiency,ablations,0.999997481832699,0.03142720944121637,54.0,12.46325167037862,34.0,0.9933628318584071,449.0,335,452,1437,ablations__A1_efficiency_only__efficiency__3010,0,A1_efficiency_only,3010,449,1432,0,0.09000000000000002,41.0,9.320530726256983,25.0,0.9965205288796103,1432.0,1.0917438140004379,3
1,surrogate,730,efpb,ablations,0.9999837730178783,0.043203235483179794,53.0,13.830769230769231,36.0,0.9912854030501089,455.0,332,459,1437,ablations__A1_efficiency_only__efpb__3001,0,A1_efficiency_only,3001,455,1436,0,0.10999999999999999,44.0,9.510445682451254,25.0,0.9993041057759221,1436.0,53.579746460000024,3
1,surrogate,745,efpb,ablations,0.9999998709510043,0.046247413720513414,54.0,13.819915254237289,38.0,0.9978858350951374,472.0,329,473,1413,ablations__A1_efficiency_only__efpb__3002,0,A1_efficiency_only,3002,472,1409,0,0.13,41.0,9.195173882185948,25.0,0.997169143665959,1409.0,51.473809993999566,3
1,surrogate,744,efpb,ablations,0.9999999357636152,0.057392870686386044,57.0,15.122222222222222,37.0,0.9977827050997783,450.0,328,451,1469,ablations__A1_efficiency_only__efpb__3003,0,A1_efficiency_only,3003,450,1465,0,0.12,41.0,9.382935153583619,25.0,0.9972770592239619,1465.0,38.10774069600029,3
1,surrogate,757,efpb,ablations,0.9999980869665026,0.06025893981364898,56.0,15.188636363636364,39.0,1.0,440.0,329,440,1448,ablations__A1_efficiency_only__efpb__3004,0,A1_efficiency_only,3004,440,1444,0,0.14,41.0,9.162742382271468,25.0,0.9972375690607734,1444.0,38.93746503300008,3
1,surrogate,740,efpb,ablations,0.9999953149523296,0.049909207946348816,57.0,14.348115299334811,38.0,1.0,451.0,331,451,1389,ablations__A1_efficiency_only__efpb__3005,0,A1_efficiency_only,3005,451,1383,0,0.12,41.0,9.357194504699928,26.0,0.9956803455723542,1383.0,38.10605960400062,3
1,surrogate,752,efpb,ablations,0.9999879287770227,0.04866357906799082,54.0,14.258403361344538,34.0,0.9916666666666667,476.0,331,480,1410,ablations__A1_efficiency_only__efpb__3006,0,A1_efficiency_only,3006,476,1408,0,0.09000000000000002,41.0,9.392045454545455,25.0,0.9985815602836879,1408.0,38.485756424999636,3
1,surrogate,742,efpb,ablations,0.9999995202381254,0.05628148893614868,54.0,14.812775330396477,37.0,0.9978021978021978,454.0,331,455,1397,ablations__A1_efficiency_only__efpb__3007,0,A1_efficiency_only,3007,454,1392,0,0.12,42.0,9.18462643678161,25.0,0.9964209019327129,1392.0,50.34584843599987,3
1,surrogate,743,efpb,ablations,0.9999932207651542,0.04110474589421957,57.0,13.236363636363636,36.0,0.9919839679358717,495.0,329,499,1410,ablations__A1_efficiency_only__efpb__3008,0,A1_efficiency_only,3008,495,1406,0,0.09999999999999998,42.0,9.125889046941678,26.0,0.9971631205673759,1406.0,51.970822886999485,3
1,surrogate,730,efpb,ablations,0.9999937975692818,0.04870866513750982,54.0,14.39186295503212,37.0,0.9936170212765958,467.0,332,470,1407,ablations__A1_efficiency_only__efpb__3009,0,A1_efficiency_only,3009,467,1405,0,0.12,41.0,9.520996441281138,25.0,0.9985785358919688,1405.0,50.7096184560005,3
1,surrogate,748,efpb,ablations,0.9999795986681038,0.04257780835509628,55.0,13.738255033557047,39.0,0.9889380530973452,447.0,329,452,1437,ablations__A1_efficiency_only__efpb__3010,0,A1_efficiency_only,3010,447,1434,0,0.15000000000000002,41.0,9.48047419804742,24.0,0.9979123173277662,1434.0,52.023050531999615,3
1,surrogate,712,efficiency,ablations,0.9999998446584063,0.03308581470718014,53.0,12.783842794759826,33.0,0.9978213507625272,458.0,336,459,1437,ablations__A2_no_starvation__efficiency__3001,0,A2_no_starvation,3001,458,1435,0,0.06,61.0,9.475261324041812,27.0,0.9986082115518441,1435.0,0.7979203969998707,3
1,surrogate,709,efficiency,ablations,0.9999979908836346,0.020843475272973352,62.0,11.915433403805498,32.0,1.0,473.0,336,473,1413,ablations__A2_no_starvation__efficiency__3002,0,A2_no_starvation,3002,473,1409,0,0.06,48.0,9.831085876508162,26.0,0.997169143665959,1409.0,0.8190528670002095,3
1,surrogate,735,efficiency,ablations,0.9999998162340679,0.04659890933878663,66.0,14.402222222222223,36.0,0.9977827050997783,450.0,333,451,1469,ablations__A2_no_starvation__efficiency__3003,0,A2_no_starvation,3003,450,1467,0,0.09999999999999998,51.0,9.742331288343559,26.0,0.998638529611981,1467.0,0.8076436069995907,3
1,surrogate,729,efficiency,ablations,0.9999962655245404,0.03259503996617155,55.0,13.06392694063927,32.0,0.9954545454545455,438.0,335,440,1448,ablations__A2_no_starvation__efficiency__3004,0,A2_no_starvation,3004,438,1447,0,0.06,49.0,9.804422944022114,26.0,0.9993093922651933,1447.0,0.782062025000414,3
1,surrogate,716,efficiency,ablations,0.9999964086497886,0.031894613847344,54.0,12.814732142857142,32.0,0.9933481152993349,448.0,336,451,1389,ablations__A2_no_starvation__efficiency__3005,0,A2_no_starvation,3005,448,1385,0,0.06,50.0,9.625270758122744,26.0,0.9971202303815695,1385.0,1.0704673600002934,3
1,surrogate,719,efficiency,ablations,0.9999902709880082,0.03539550148417575,54.0,13.516806722689076,34.0,0.9916666666666667,476.0,335,480,1410,ablations__A2_no_starvation__efficiency__3006,0,A2_no_starvation,3006,476,1407,0,0.08000000000000002,42.0,9.9772565742715,26.0,0.997872340425532,1407.0,1.1026958290003677,3
1,surrogate,720,efficiency,ablations,0.9999998887228806,0.03185398357425896,60.0,12.71806167400881,34.0,0.9978021978021978,454.0,335,455,1397,ablations__A2_no_starvation__efficiency__3007,0,A2_no_starvation,3007,454,1393,0,0.07,42.0,9.532663316582914,27.0,0.9971367215461704,1393.0,1.0679899010001463,3
1,surrogate,715,efficiency,ablations,0.9999977934693728,0.032919303729529656,66.0,12.927710843373495,36.0,0.9979959919839679,498.0,335,499,1410,ablations__A2_no_starvation__efficiency__3008,0,A2_no_starvation,3008,498,1403,0,0.09999999999999998,54.0,9.635780470420528,26.0,0.9950354609929078,1403.0,1.107526388000224,3
1,surrogate,715,efficiency,ablations,0.9999979808745851,0.030054186817532025,54.0,12.613247863247864,35.0,0.9957446808510638,468.0,336,470,1407,ablations__A2_no_starvation__efficiency__3009,0,A2_no_starvation,3009,468,1405,0,0.08999999999999997,49.0,9.607829181494662,26.0,0.9985785358919688,1405.0,0.7929622410001684,3
1,surrogate,732,efficiency,ablations,0.999997481832699,0.03142720944121637,54.0,12.46325167037862,34.0,0.9933628318584071,449.0,335,452,1437,ablations__A2_no_starvation__efficiency__3010,0,A2_no_starvation,3010,449,1432,0,0.09000000000000002,41.0,9.320530726256983,25.0,0.9965205288796103,1432.0,0.8187388030000875,3
1,surrogate,730,efpb,ablations,0.9999837730178783,0.043203235483179794,53.0,13.830769230769231,36.0,0.9912854030501089,455.0,332,459,1437,ablations__A2_no_starvation__efpb__3001,0,A2_no_starvation,3001,455,1436,0,0.10999999999999999,44.0,9.510445682451254,25.0,0.9993041057759221,1436.0,38.5050959299997,3
1,surrogate,745,efpb,ablations,0.9999998709510043,0.046247413720513414,54.0,13.819915254237289,38.0,0.9978858350951374,472.0,329,473,1413,ablations__A2_no_starvation__efpb__3002,0,A2_no_starvation,3002,472,1409,0,0.13,41.0,9.195173882185948,25.0,0.997169143665959,1409.0,37.00405454100019,3
1,surrogate,744,efpb,ablations,0.9999999357636152,0.057392870686386044,57.0,15.122222222222222,37.0,0.9977827050997783,450.0,328,451,1469,ablations__A2_no_starvation__efpb__3003,0,A2_no_starvation,3003,450,1465,0,0.12,41.0,9.382935153583619,25.0,0.9972770592239619,1465.0,50.44705023200004,3
1,surrogate,757,efpb,ablations,0.9999980869665026,0.06025893981364898,56.0,15.188636363636364,39.0,1.0,440.0,329,440,1448,ablations__A2_no_starvation__efpb__3004,0,A2_no_starvation,3004,440,1444,0,0.14,41.0,9.162742382271468,25.0,0.9972375690607734,1444.0,51.098557887000425,3
1,surrogate,740,efpb,ablations,0.9999953149523296,0.049909207946348816,57.0,14.348115299334811,38.0,1.0,451.0,331,451,1389,ablations__A2_no_starvation__efpb__3005,0,A2_no_starvation,3005,451,1383,0,0.12,41.0,9.357194504699928,26.0,0.9956803455723542,1383.0,52.05469325100057,3
1,surrogate,752,efpb,ablations,0.9999879287770227,0.04866357906799082,54.0,14.258403361344538,34.0,0.9916666666666667,476.0,331,480,1410,ablations__A2_no_starvation__efpb__3006,0,A2_no_starvation,3006,476,1408,0,0.09000000000000002,41.0,9.392045454545455,25.0,0.9985815602836879,1408.0,52.750459902999864,3
1,surrogate,742,efpb,ablations,0.9999995202381254,0.05628148893614868,54.0,14.812775330396477,37.0,0.9978021978021978,454.0,331,455,1397,ablations__A2_no_starvation__efpb__3007,0,A2_no_starvation,3007,454,1392,0,0.12,42.0,9.18462643678161,25.0,0.9964209019327129,1392.0,37.922571348999554,3
1,surrogate,743,efpb,ablations,0.9999932207651542,0.04110474589421957,57.0,13.236363636363636,36.0,0.9919839679358717,495.0,329,499,1410,ablations__A2_no_starvation__efpb__3008,0,A2_no_starvation,3008,495,1406,0,0.09999999999999998,42.0,9.125889046941678,26.0,0.9971631205673759,1406.0,39.06672520699976,3
1,surrogate,730,efpb,ablations,0.9999937975692818,0.04870866513750982,54.0,14.39186295503212,37.0,0.9936170212765958,467.0,332,470,1407,ablations__A2_no_starvation__efpb__3009,0,A2_no_starvation,3009,467,1405,0,0.12,41.0,9.520996441281138,25.0,0.9985785358919688,1405.0,37.2913699110004,3
1,surrogate,748,efpb,ablations,0.9999795986681038,0.04257780835509628,55.0,13.738255033557047,39.0,0.9889380530973452,447.0,329,452,1437,ablations__A2_no_starvation__efpb__3010,0,A2_no_starvation,3010,447,1434,0,0.15000000000000002,41.0,9.48047419804742,24.0,0.9979123173277662,1434.0,37.68030426699988,3
1,surrogate,712,efficiency,ablations,0.9999998446584063,0.03308581470718014,53.0,12.783842794759826,33.0,0.9978213507625272,458.0,336,459,1437,ablations__A3_no_efficiency_filter__efficiency__3001,0,A3_no_efficiency_filter,3001,458,1435,0,0.06,61.0,9.475261324041812,27.0,0.9986082115518441,1435.0,1.0662015959997007,3
1,surrogate,709,efficiency,ablations,0.9999979908836346,0.020843475272973352,62.0,11.915433403805498,32.0,1.0,473.0,336,473,1413,ablations__A3_no_efficiency_filter__efficiency__3002,0,A3_no_efficiency_filter,3002,473,1409,0,0.06,48.0,9.831085876508162,26.0,0.997169143665959,1409.0,1.103364512000553,3
1,surrogate,735,efficiency,ablations,0.9999998162340679,0.04659890933878663,66.0,14.402222222222223,36.0,0.9977827050997783,450.0,333,451,1469,ablations__A3_no_efficiency_filter__efficiency__3003,0,A3_no_efficiency_filter,3003,450,1467,0,0.09999999999999998,51.0,9.742331288343559,26.0,0.998638529611981,1467.0,1.077938618999724,3
1,surrogate,729,efficiency,ablations,0.9999962655245404,0.03259503996617155,55.0,13.06392694063927,32.0,0.9954545454545455,438.0,335,440,1448,ablations__A3_no_efficiency_filter__efficiency__3004,0,A3_no_efficiency_filter,3004,438,1447,0,0.06,49.0,9.804422944022114,26.0,0.9993093922651933,1447.0,1.0684513330006666,3
1,surrogate,716,efficiency,ablations,0.9999964086497886,0.031894613847344,54.0,12.814732142857142,32.0,0.9933481152993349,448.0,336,451,1389,ablations__A3_no_efficiency_filter__efficiency__3005,0,A3_no_efficiency_filter,3005,448,1385,0,0.06,50.0,9.625270758122744,26.0,0.9971202303815695,1385.0,0.8085454860001846,3
1,surrogate,719,efficiency,ablations,0.9999902709880082,0.03539550148417575,54.0,13.516806722689076,34.0,0.9916666666666667,476.0,335,480,1410,ablations__A3_no_efficiency_filter__efficiency__3006,0,A3_no_efficiency_filter,3006,476,1407,0,0.08000000000000002,42.0,9.9772565742715,26.0,0.997872340425532,1407.0,0.8383273509998617,3
1,surrogate,720,efficiency,ablations,0.9999998887228806,0.03185398357425896,60.0,12.71806167400881,34.0,0.9978021978021978,454.0,335,455,1397,ablations__A3_no_efficiency_filter__efficiency__3007,0,A3_no_efficiency_filter,3007,454,1393,0,0.07,42.0,9.532663316582914,27.0,0.9971367215461704,1393.0,0.8030425649994868,3
1,surrogate,715,efficiency,ablations,0.9999977934693728,0.032919303729529656,66.0,12.927710843373495,36.0,0.9979959919839679,498.0,335,499,1410,ablations__A3_no_efficiency_filter__efficiency__3008,0,A3_no_efficiency_filter,3008,498,1403,0,0.09999999999999998,54.0,9.635780470420528,26.0,0.9950354609929078,1403.0,0.7916509249998853,3
1,surrogate,715,efficiency,ablations,0.9999979808745851,0.030054186817532025,54.0,12.613247863247864,35.0,0.9957446808510638,468.0,336,470,1407,ablations__A3_no_efficiency_filter__efficiency__3009,0,A3_no_efficiency_filter,3009,468,1405,0,0.08999999999999997,49.0,9.607829181494662,26.0,0.9985785358919688,1405.0,1.0689953650007737,3
1,surrogate,732,efficiency,ablations,0.999997481832699,0.03142720944121637,54.0,12.46325167037862,34.0,0.9933628318584071,449.0,335,452,1437,ablations__A3_no_efficiency_filter__efficiency__3010,0,A3_no_efficiency_filter,3010,449,1432,0,0.09000000000000002,41.0,9.320530726256983,25.0,0.9965205288796103,1432.0,1.1082470189994638,3
1,surrogate,730,efpb,ablations,0.9999837730178783,0.043203235483179794,53.0,13.830769230769231,36.0,0.9912854030501089,455.0,332,459,1437,ablations__A3_no_efficiency_filter__efpb__3001,0,A3_no_efficiency_filter,3001,455,1436,0,0.10999999999999999,44.0,9.510445682451254,25.0,0.9993041057759221,1436.0,50.05612766000013,3
1,surrogate,745,efpb,ablations,0.9999998709510043,0.046247413720513414,54.0,13.819915254237289,38.0,0.9978858350951374,472.0,329,473,1413,ablations__A3_no_efficiency_filter__efpb__3002,0,A3_no_efficiency_filter,3002,472,1409,0,0.13,41.0,9.195173882185948,25.0,0.997169143665959,1409.0,49.26965244100029,3
1,surrogate,744,efpb,ablations,0.9999999357636152,0.057392870686386044,57.0,15.122222222222222,37.0,0.9977827050997783,450.0,328,451,1469,ablations__A3_no_efficiency_filter__efpb__3003,0,A3_no_efficiency_filter,3003,450,1465,0,0.12,41.0,9.382935153583619,25.0,0.9972770592239619,1465.0,38.256773750999855,3
1,surrogate,757,efpb,ablations,0.9999980869665026,0.06025893981364898,56.0,15.188636363636364,39.0,1.0,440.0,329,440,1448,ablations__A3_no_efficiency_filter__efpb__3004,0,A3_no_efficiency_filter,3004,440,1444,0,0.14,41.0,9.162742382271468,25.0,0.9972375690607734,1444.0,38.41177514699939,3
1,surrogate,740,efpb,ablations,0.9999953149523296,0.049909207946348816,57.0,14.348115299334811,38.0,1.0,451.0,331,451,1389,ablations__A3_no_efficiency_filter__efpb__3005,0,A3_no_efficiency_filter,3005,451,1383,0,0.12,41.0,9.357194504699928,26.0,0.9956803455723542,1383.0,38.074701577999804,3
1,surrogate,752,efpb,ablations,0.9999879287770227,0.04866357906799082,54.0,14.258403361344538,34.0,0.9916666666666667,476.0,331,480,1410,ablations__A3_no_efficiency_filter__efpb__3006,0,A3_no_efficiency_filter,3006,476,1408,0,0.09000000000000002,41.0,9.392045454545455,25.0,0.9985815602836879,1408.0,38.25238299200009,3
1,surrogate,742,efpb,ablations,0.9999995202381254,0.05628148893614868,54.0,14.812775330396477,37.0,0.9978021978021978,454.0,331,455,1397,ablations__A3_no_efficiency_filter__efpb__3007,0,A3_no_efficiency_filter,3007,454,1392,0,0.12,42.0,9.18462643678161,25.0,0.9964209019327129,1392.0,50.073076917000435,3
1,surrogate,743,efpb,ablations,0.9999932207651542,0.04110474589421957,57.0,13.236363636363636,36.0,0.9919839679358717,495.0,329,499,1410,ablations__A3_no_efficiency_filter__efpb__3008,0,A3_no_efficiency_filter,3008,495,1406,0,0.09999999999999998,42.0,9.125889046941678,26.0,0.9971631205673759,1406.0,51.682500327000525,3
1,surrogate,730,efpb,ablations,0.9999937975692818,0.04870866513750982,54.0,14.39186295503212,37.0,0.9936170212765958,467.0,332,470,1407,ablations__A3_no_efficiency_filter__efpb__3009,0,A3_no_efficiency_filter,3009,467,1405,0,0.12,41.0,9.520996441281138,25.0,0.9985785358919688,1405.0,44.426567030000115,3
1,surrogate,748,efpb,ablations,0.9999795986681038,0.04257780835509628,55.0,13.738255033557047,39.0,0.9889380530973452,447.0,329,452,1437,ablations__A3_no_efficiency_filter__efpb__3010,0,A3_no_efficiency_filter,3010,447,1434,0,0.15000000000000002,41.0,9.48047419804742,24.0,0.9979123173277662,1434.0,45.930959229999644,3
1,surrogate,712,efficiency,ablations,0.9999998446584063,0.03308581470718014,53.0,12.783842794759826,33.0,0.9978213507625272,458.0,336,459,1437,ablations__A4_static_weights__efficiency__3001,0,A4_static_weights,3001,458,1435,0,0.06,61.0,9.475261324041812,27.0,0.9986082115518441,1435.0,0.8037095290001162,3
1,surrogate,709,efficiency,ablations,0.9999979908836346,0.020843475272973352,62.0,11.915433403805498,32.0,1.0,473.0,336,473,1413,ablations__A4_static_weights__efficiency__3002,0,A4_static_weights,3002,473,1409,0,0.06,48.0,9.831085876508162,26.0,0.997169143665959,1409.0,0.8115291140002228,3
1,surrogate,735,efficiency,ablations,0.9999998162340679,0.04659890933878663,66.0,14.402222222222223,36.0,0.9977827050997783,450.0,333,451,1469,ablations__A4_static_weights__efficiency__3003,0,A4_static_weights,3003,450,1467,0,0.09999999999999998,51.0,9.742331288343559,26.0,0.998638529611981,1467.0,0.7346146779991614,3
1,surrogate,729,efficiency,ablations,0.9999962655245404,0.03259503996617155,55.0,13.06392694063927,32.0,0.9954545454545455,438.0,335,440,1448,ablations__A4_static_weights__efficiency__3004,0,A4_static_weights,3004,438,1447,0,0.06,49.0,9.804422944022114,26.0,0.9993093922651933,1447.0,0.789274966999983,3
1,surrogate,716,efficiency,ablations,0.9999964086497886,0.031894613847344,54.0,12.814732142857142,32.0,0.9933481152993349,448.0,336,451,1389,ablations__A4_static_weights__efficiency__3005,0,A4_static_weights,3005,448,1385,0,0.06,50.0,9.625270758122744,26.0,0.9971202303815695,1385.0,1.0580068610006492,3
1,surrogate,719,efficiency,ablations,0.9999902709880082,0.03539550148417575,54.0,13.516806722689076,34.0,0.9916666666666667,476.0,335,480,1410,ablations__A4_static_weights__efficiency__3006,0,A4_static_weights,3006,476,1407,0,0.08000000000000002,42.0,9.9772565742715,26.0,0.997872340425532,1407.0,1.096634401999836,3
1,surrogate,720,efficiency,ablations,0.9999998887228806,0.03185398357425896,60.0,12.71806167400881,34.0,0.9978021978021978,454.0,335,455,1397,ablations__A4_static_weights__efficiency__3007,0,A4_static_weights,3007,454,1393,0,0.07,42.0,9.532663316582914,27.0,0.9971367215461704,1393.0,0.9615685449998637,3
1,surrogate,715,efficiency,ablations,0.9999977934693728,0.032919303729529656,66.0,12.927710843373495,36.0,0.9979959919839679,498.0,335,499,1410,ablations__A4_static_weights__efficiency__3008,0,A4_static_weights,3008,498,1403,0,0.09999999999999998,54.0,9.635780470420528,26.0,0.9950354609929078,1403.0,0.9777549749996979,3
1,surrogate,715,efficiency,ablations,0.9999979808745851,0.030054186817532025,54.0,12.613247863247864,35.0,0.9957446808510638,468.0,336,470,1407,ablations__A4_static_weights__efficiency__3009,0,A4_static_weights,3009,468,1405,0,0.08999999999999997,49.0,9.607829181494662,26.0,0.9985785358919688,1405.0,0.7997330429998328,3
1,surrogate,732,efficiency,ablations,0.999997481832699,0.03142720944121637,54.0,12.46325167037862,34.0,0.9933628318584071,449.0,335,452,1437,ablations__A4_static_weights__efficiency__3010,0,A4_static_weights,3010,449,1432,0,0.09000000000000002,41.0,9.320530726256983,25.0,0.9965205288796103,1432.0,0.8045357860000877,3
1,surrogate,730,efpb,ablations,0.9999837730178783,0.043203235483179794,53.0,13.830769230769231,36.0,0.9912854030501089,455.0,332,459,1437,ablations__A4_static_weights__efpb__3001,0,A4_static_weights,3001,455,1436,0,0.10999999999999999,44.0,9.510445682451254,25.0,0.9993041057759221,1436.0,33.83180927400008,3
1,surrogate,745,efpb,ablations,0.9999998709510043,0.046247413720513414,54.0,13.819915254237289,38.0,0.9978858350951374,472.0,329,473,1413,ablations__A4_static_weights__efpb__3002,0,A4_static_weights,3002,472,1409,0,0.13,41.0,9.195173882185948,25.0,0.997169143665959,1409.0,35.365931092999745,3
1,surrogate,744,efpb,ablations,0.9999999357636152,0.057392870686386044,57.0,15.122222222222222,37.0,0.9977827050997783,450.0,328,451,1469,ablations__A4_static_weights__efpb__3003,0,A4_static_weights,3003,450,1465,0,0.12,41.0,9.382935153583619,25.0,0.9972770592239619,1465.0,50.70515600300041,3
1,surrogate,757,efpb,ablations,0.9999980869665026,0.06025893981364898,56.0,15.188636363636364,39.0,1.0,440.0,329,440,1448,ablations__A4_static_weights__efpb__3004,0,A4_static_weights,3004,440,1444,0,0.14,41.0,9.162742382271468,25.0,0.9972375690607734,1444.0,51.23701772000004,3
1,surrogate,740,efpb,ablations,0.9999953149523296,0.049909207946348816,57.0,14.348115299334811,38.0,1.0,451.0,331,451,1389,ablations__A4_static_weights__efpb__3005,0,A4_static_weights,3005,451,1383,0,0.12,41.0,9.357194504699928,26.0,0.9956803455723542,1383.0,44.80042712700015,3
1,surrogate,752,efpb,ablations,0.9999879287770227,0.04866357906799082,54.0,14.258403361344538,34.0,0.9916666666666667,476.0,331,480,1410,ablations__A4_static_weights__efpb__3006,0,A4_static_weights,3006,476,1408,0,0.09000000000000002,41.0,9.392045454545455,25.0,0.9985815602836879,1408.0,46.29795881900009,3
1,surrogate,742,efpb,ablations,0.9999995202381254,0.05628148893614868,54.0,14.812775330396477,37.0,0.9978021978021978,454.0,331,455,1397,ablations__A4_static_weights__efpb__3007,0,A4_static_weights,3007,454,1392,0,0.12,42.0,9.18462643678161,25.0,0.9964209019327129,1392.0,37.78142225800002,3
1,surrogate,743,efpb,ablations,0.9999932207651542,0.04110474589421957,57.0,13.236363636363636,36.0,0.9919839679358717,495.0,329,499,1410,ablations__A4_static_weights__efpb__3008,0,A4_static_weights,3008,495,1406,0,0.09999999999999998,42.0,9.125889046941678,26.0,0.9971631205673759,1406.0,37.974569179000355,3
1,surrogate,730,efpb,ablations,0.9999937975692818,0.04870866513750982,54.0,14.39186295503212,37.0,0.9936170212765958,467.0,332,470,1407,ablations__A4_static_weights__efpb__3009,0,A4_static_weights,3009,467,1405,0,0.12,41.0,9.520996441281138,25.0,0.9985785358919688,1405.0,30.747938002999945,3
1,surrogate,748,efpb,ablations,0.9999795986681038,0.04257780835509628,55.0,13.738255033557047,39.0,0.9889380530973452,447.0,329,452,1437,ablations__A4_static_weights__efpb__3010,0,A4_static_weights,3010,447,1434,0,0.15000000000000002,41.0,9.48047419804742,24.0,0.9979123173277662,1434.0,32.90130615900034,3
1,surrogate,712,efficiency,ablations,0.9999998446584063,0.03308581470718014,53.0,12.783842794759826,33.0,0.9978213507625272,458.0,336,459,1437,ablations__A5_weighted_sum__efficiency__3001,0,A5_weighted_sum,3001,458,1435,0,0.06,61.0,9.475261324041812,27.0,0.9986082115518441,1435.0,1.0640131780000956,3
1,surrogate,709,efficiency,ablations,0.9999979908836346,0.020843475272973352,62.0,11.915433403805498,32.0,1.0,473.0,336,473,1413,ablations__A5_weighted_sum__efficiency__3002,0,A5_weighted_sum,3002,473,1409,0,0.06,48.0,9.831085876508162,26.0,0.997169143665959,1409.0,1.118196925999655,3
1,surrogate,735,efficiency,ablations,0.9999998162340679,0.04659890933878663,66.0,14.402222222222223,36.0,0.9977827050997783,450.0,333,451,1469,ablations__A5_weighted_sum__efficiency__3003,0,A5_weighted_sum,3003,450,1467,0,0.09999999999999998,51.0,9.742331288343559,26.0,0.998638529611981,1467.0,0.9386772150000979,3
1,surrogate,729,efficiency,ablations,0.9999962655245404,0.03259503996617155,55.0,13.06392694063927,32.0,0.9954545454545455,438.0,335,440,1448,ablations__A5_weighted_sum__efficiency__3004,0,A5_weighted_sum,3004,438,1447,0,0.06,49.0,9.804422944022114,26.0,0.9993093922651933,1447.0,0.9409327120001763,3
1,surrogate,716,efficiency,ablations,0.9999964086497886,0.031894613847344,54.0,12.814732142857142,32.0,0.9933481152993349,448.0,336,451,1389,ablations__A5_weighted_sum__efficiency__3005,0,A5_weighted_sum,3005,448,1385,0,0.06,50.0,9.625270758122744,26.0,0.9971202303815695,1385.0,0.8136834439992526,3
1,surrogate,719,efficiency,ablations,0.9999902709880082,0.03539550148417575,54.0,13.516806722689076,34.0,0.9916666666666667,476.0,335,480,1410,ablations__A5_weighted_sum__efficiency__3006,0,A5_weighted_sum,3006,476,1407,0,0.08000000000000002,42.0,9.9772565742715,26.0,0.997872340425532,1407.0,0.7069800819999728,3
1,surrogate,720,efficiency,ablations,0.9999998887228806,0.03185398357425896,60.0,12.71806167400881,34.0,0.9978021978021978,454.0,335,455,1397,ablations__A5_weighted_sum__efficiency__3007,0,A5_weighted_sum,3007,454,1393,0,0.07,42.0,9.532663316582914,27.0,0.9971367215461704,1393.0,0.6360052059999362,3
1,surrogate,715,efficiency,ablations,0.9999977934693728,0.032919303729529656,66.0,12.927710843373495,36.0,0.9979959919839679,498.0,335,499,1410,ablations__A5_weighted_sum__efficiency__3008,0,A5_weighted_sum,3008,498,1403,0,0.09999999999999998,54.0,9.635780470420528,26.0,0.9950354609929078,1403.0,0.6227973630002452,3
1,surrogate,715,efficiency,ablations,0.9999979808745851,0.030054186817532025,54.0,12.613247863247864,35.0,0.9957446808510638,468.0,336,470,1407,ablations__A5_weighted_sum__efficiency__3009,0,A5_weighted_sum,3009,468,1405,0,0.08999999999999997,49.0,9.607829181494662,26.0,0.9985785358919688,1405.0,1.0437658900000315,3
1,surrogate,732,efficiency,ablations,0.999997481832699,0.03142720944121637,54.0,12.46325167037862,34.0,0.9933628318584071,449.0,335,452,1437,ablations__A5_weighted_sum__efficiency__3010,0,A5_weighted_sum,3010,449,1432,0,0.09000000000000002,41.0,9.320530726256983,25.0,0.9965205288796103,1432.0,1.0544414109999707,3
1,surrogate,730,efpb,ablations,0.9999837730178783,0.043203235483179794,53.0,13.830769230769231,36.0,0.9912854030501089,455.0,332,459,1437,ablations__A5_weighted_sum__efpb__3001,0,A5_weighted_sum,3001,455,1436,0,0.10999999999999999,44.0,9.510445682451254,25.0,0.9993041057759221,1436.0,45.70684971599985,3
1,surrogate,745,efpb,ablations,0.9999998709510043,0.046247413720513414,54.0,13.819915254237289,38.0,0.9978858350951374,472.0,329,473,1413,ablations__A5_weighted_sum__efpb__3002,0,A5_weighted_sum,3002,472,1409,0,0.13,41.0,9.195173882185948,25.0,0.997169143665959,1409.0,44.97635708400048,3
1,surrogate,744,efpb,ablations,0.9999999357636152,0.057392870686386044,57.0,15.122222222222222,37.0,0.9977827050997783,450.0,328,451,1469,ablations__A5_weighted_sum__efpb__3003,0,A5_weighted_sum,3003,450,1465,0,0.12,41.0,9.382935153583619,25.0,0.9972770592239619,1465.0,38.39961688399944,3
1,surrogate,757,efpb,ablations,0.9999980869665026,0.06025893981364898,56.0,15.188636363636364,39.0,1.0,440.0,329,440,1448,ablations__A5_weighted_sum__efpb__3004,0,A5_weighted_sum,3004,440,1444,0,0.14,41.0,9.162742382271468,25.0,0.9972375690607734,1444.0,33.78741665300004,3
1,surrogate,740,efpb,ablations,0.9999953149523296,0.049909207946348816,57.0,14.348115299334811,38.0,1.0,451.0,331,451,1389,ablations__A5_weighted_sum__efpb__3005,0,A5_weighted_sum,3005,451,1383,0,0.12,41.0,9.357194504699928,26.0,0.9956803455723542,1383.0,27.85233263400005,3
1,surrogate,752,efpb,ablations,0.9999879287770227,0.04866357906799082,54.0,14.258403361344538,34.0,0.9916666666666667,476.0,331,480,1410,ablations__A5_weighted_sum__efpb__3006,0,A5_weighted_sum,3006,476,1408,0,0.09000000000000002,41.0,9.392045454545455,25.0,0.9985815602836879,1408.0,30.076865529000315,3
1,surrogate,742,efpb,ablations,0.9999995202381254,0.05628148893614868,54.0,14.812775330396477,37.0,0.9978021978021978,454.0,331,455,1397,ablations__A5_weighted_sum__efpb__3007,0,A5_weighted_sum,3007,454,1392,0,0.12,42.0,9.18462643678161,25.0,0.9964209019327129,1392.0,49.62362083900007,3
1,surrogate,743,efpb,ablations,0.9999932207651542,0.04110474589421957,57.0,13.236363636363636,36.0,0.9919839679358717,495.0,329,499,1410,ablations__A5_weighted_sum__efpb__3008,0,A5_weighted_sum,3008,495,1406,0,0.09999999999999998,42.0,9.125889046941678,26.0,0.9971631205673759,1406.0,51.67668490200049,3
1,surrogate,730,efpb,ablations,0.9999937975692818,0.04870866513750982,54.0,14.39186295503212,37.0,0.9936170212765958,467.0,332,470,1407,ablations__A5_weighted_sum__efpb__3009,0,A5_weighted_sum,3009,467,1405,0,0.12,41.0,9.520996441281138,25.0,0.9985785358919688,1405.0,43.80303525399995,3
1,surrogate,748,efpb,ablations,0.9999795986681038,0.04257780835509628,55.0,13.738255033557047,39.0,0.9889380530973452,447.0,329,452,1437,ablations__A5_weighted_sum__efpb__3010,0,A5_weighted_sum,3010,447,1434,0,0.15000000000000002,41.0,9.48047419804742,24.0,0.9979123173277662,1434.0,45.808484965999924,3
1,surrogate,721,efficiency,confirmatory_core,0.9999989379190058,0.02240187265106304,50.0,12.368110236220472,33.0,1.0,508.0,336,508,1457,confirmatory_core__C_HH__efficiency__1001,0,C_HH,1001,508,1454,0,0.07,50.0,10.127922971114169,26.0,0.9979409746053535,1454.0,1.0526258299996698,3
1,surrogate,705,efficiency,confirmatory_core,0.9999942175863261,0.028903229193689844,63.0,12.699551569506726,33.0,1.0,446.0,335,446,1459,confirmatory_core__C_HH__efficiency__1002,0,C_HH,1002,446,1452,0,0.07,49.0,9.809228650137742,26.0,0.9952021932830706,1452.0,1.0785114469999826,3
1,surrogate,729,efficiency,confirmatory_core,0.9999982899086851,0.0363259161999874,73.0,13.33806146572104,36.0,0.9952941176470588,423.0,335,425,1429,confirmatory_core__C_HH__efficiency__1003,0,C_HH,1003,423,1426,0,0.09999999999999998,50.0,9.7054698457223,26.0,0.9979006298110566,1426.0,1.105186834000051,3
1,surrogate,711,efficiency,confirmatory_core,0.9999852699258527,0.027111310817281145,51.0,12.551578947368421,29.0,0.9895833333333334,475.0,337,480,1433,confirmatory_core__C_HH__efficiency__1004,0,C_HH,1004,475,1429,0,0.02999999999999997,50.0,9.840447865640307,26.0,0.9972086531751571,1429.0,1.0684443290001582,3
1,surrogate,730,efficiency,confirmatory_core,0.9999984180409184,0.045735256170410424,69.0,14.415704387990763,37.0,0.9954022988505747,433.0,334,435,1435,confirmatory_core__C_HH__efficiency__1005,0,C_HH,1005,433,1432,0,0.10999999999999999,54.0,9.84217877094972,26.0,0.9979094076655052,1432.0,1.0898699259996647,3
1,surrogate,728,efficiency,confirmatory_core,0.9999999971920965,0.03024746257353686,55.0,12.513215859030836,35.0,0.9978021978021978,454.0,335,455,1434,confirmatory_core__C_HH__efficiency__1006,0,C_HH,1006,454,1431,0,0.09999999999999998,50.0,9.48846960167715,25.0,0.997907949790795,1431.0,1.0824162540002362,3
1,surrogate,716,efficiency,confirmatory_core,0.9999968496054572,0.03538059768855578,83.0,13.671772428884026,34.0,1.0,457.0,335,457,1411,confirmatory_core__C_HH__efficiency__1007,0,C_HH,1007,457,1406,0,0.08000000000000002,59.0,10.133712660028449,26.0,0.9964564138908576,1406.0,1.060001834999639,3
1,surrogate,707,efficiency,confirmatory_core,0.9999781512772553,0.027474128144129348,55.0,12.659877800407331,32.0,0.9879275653923542,491.0,337,497,1432,confirmatory_core__C_HH__efficiency__1008,0,C_HH,1008,491,1428,0,0.06,44.0,9.912464985994397,26.0,0.9972067039106145,1428.0,1.091289254000003,3
1,surrogate,717,efficiency,confirmatory_core,0.9999985883298677,0.026321001221001214,54.0,12.37111111111111,34.0,0.995575221238938,450.0,336,452,1459,confirmatory_core__C_HH__efficiency__1009,0,C_HH,1009,450,1456,0,0.08000000000000002,62.0,9.739010989010989,26.0,0.997943797121316,1456.0,1.0979231460005394,3
1,surrogate,744,efficiency,confirmatory_core,0.9999991536763487,0.04595112290507167,70.0,14.093394077448748,38.0,0.9977272727272727,439.0,334,440,1461,confirmatory_core__C_HH__efficiency__1010,0,C_HH,1010,439,1455,0,0.12,41.0,9.49828178694158,26.0,0.9958932238193019,1455.0,1.0864680470003805,3
1,surrogate,712,efficiency,confirmatory_core,0.9999998460160331,0.0255516563146998,60.0,12.81159420289855,33.0,0.9979338842975206,483.0,336,484,1404,confirmatory_core__C_HH__efficiency__1011,0,C_HH,1011,483,1400,0,0.06,56.0,10.256428571428572,27.0,0.9971509971509972,1400.0,1.0574310699994385,3
1,surrogate,728,efficiency,confirmatory_core,0.9999988754568455,0.0325648180552639,51.0,12.883516483516484,33.0,1.0,455.0,335,455,1416,confirmatory_core__C_HH__efficiency__1012,0,C_HH,1012,455,1413,0,0.07,63.0,9.627034677990093,26.0,0.9978813559322034,1413.0,1.0560917989996597,3
1,surrogate,696,efficiency,confirmatory_core,0.9999972826185476,0.016417251711709102,50.0,11.37625754527163,32.0,0.9959919839679359,497.0,336,499,1391,confirmatory_core__C_HH__efficiency__1013,0,C_HH,1013,497,1390,0,0.06,57.0,9.73453237410072,26.0,0.9992810927390366,1390.0,1.0457067520001146,3
1,surrogate,734,efficiency,confirmatory_core,0.9999995019647491,0.036119139821154625,66.0,13.253863134657836,37.0,1.0,453.0,334,453,1418,confirmatory_core__C_HH__efficiency__1014,0,C_HH,1014,453,1416,0,0.09999999999999998,57.0,9.641949152542374,27.0,0.998589562764457,1416.0,1.071191259000443,3
1,surrogate,728,efficiency,confirmatory_core,0.9999997251133047,0.0373617489076285,68.0,13.31527093596059,35.0,0.9975429975429976,406.0,334,407,1418,confirmatory_core__C_HH__efficiency__1015,0,C_HH,1015,406,1416,0,0.09999999999999998,47.0,9.57909604519774,25.0,0.998589562764457,1416.0,1.1207254079999984,3
1,surrogate,711,efficiency,confirmatory_core,0.9999915875852601,0.02695610127682113,78.0,12.709327548806941,35.0,0.9935344827586207,461.0,337,464,1459,confirmatory_core__C_HH__efficiency__1016,0,C_HH,1016,461,1458,0,0.08999999999999997,64.0,10.013717421124829,26.0,0.9993145990404386,1458.0,1.0932872590001352,3
1,surrogate,736,efficiency,confirmatory_core,0.9999999948811055,0.04321022109459949,54.0,13.78876404494382,33.0,0.9977578475336323,445.0,334,446,1429,confirmatory_core__C_HH__efficiency__1017,0,C_HH,1017,445,1426,0,0.07,55.0,9.46774193548387,26.0,0.9979006298110566,1426.0,1.082031994999852,3
1,surrogate,734,efficiency,confirmatory_core,0.9999981574299883,0.039509761727767115,65.0,13.50835322195704,34.0,0.995249406175772,419.0,334,421,1467,confirmatory_core__C_HH__efficiency__1018,0,C_HH,1018,419,1464,0,0.09000000000000002,49.0,9.557377049180328,25.0,0.9979550102249489,1464.0,1.04841048399976,3
1,surrogate,734,efficiency,confirmatory_core,0.9999981958617578,0.043490958336161095,80.0,14.022935779816514,36.0,1.0,436.0,334,436,1491,confirmatory_core__C_HH__efficiency__1019,0,C_HH,1019,436,1487,0,0.09999999999999998,50.0,9.673839946200404,26.0,0.9973172367538564,1487.0,1.0703957349996926,3
1,surrogate,716,efficiency,confirmatory_core,0.999998010670762,0.03278517065882244,66.0,13.433884297520661,32.0,1.0,484.0,336,484,1420,confirmatory_core__C_HH__efficiency__1020,0,C_HH,1020,484,1416,0,0.04999999999999999,48.0,10.155367231638419,27.0,0.9971830985915493,1416.0,1.1295563889998448,3
1,surrogate,723,efficiency,confirmatory_core,0.9999941876025793,0.02915091036414566,67.0,12.604166666666666,33.0,0.993103448275862,432.0,335,435,1431,confirmatory_core__C_HH__efficiency__1021,0,C_HH,1021,432,1428,0,0.07,64.0,9.6890756302521,26.0,0.9979035639412998,1428.0,1.0533315270004096,3
1,surrogate,723,efficiency,confirmatory_core,0.9999943241835056,0.03727384070396261,66.0,13.397260273972602,33.0,0.9931972789115646,438.0,335,441,1457,confirmatory_core__C_HH__efficiency__1022,0,C_HH,1022,438,1454,0,0.08000000000000002,50.0,9.669876203576342,25.0,0.9979409746053535,1454.0,1.0732034600005136,3
1,surrogate,718,efficiency,confirmatory_core,0.9999939095317061,0.03715395333891898,78.0,13.569002123142251,34.0,0.9936708860759493,471.0,336,474,1416,confirmatory_core__C_HH__efficiency__1023,0,C_HH,1023,471,1414,0,0.08000000000000002,45.0,9.853606789250353,26.0,0.998587570621469,1414.0,1.1057802400000583,3
1,surrogate,732,efficiency,confirmatory_core,0.9999965863140331,0.021930272565600845,60.0,12.117773019271949,33.0,0.9936170212765958,467.0,334,470,1479,confirmatory_core__C_HH__efficiency__1024,0,C_HH,1024,467,1475,0,0.07,41.0,9.924745762711865,26.0,0.9972954699121027,1475.0,1.1238934160001008,3
1,surrogate,711,efficiency,confirmatory_core,0.9999999090727871,0.02234437321937323,56.0,11.995833333333334,33.0,0.995850622406639,480.0,336,482,1409,confirmatory_core__C_HH__efficiency__1025,0,C_HH,1025,480,1404,0,0.07,47.0,9.76139601139601,26.0,0.9964513839602555,1404.0,1.102353490000496,3
1,surrogate,717,efficiency,confirmatory_core,0.9999998461436053,0.02410643520794266,55.0,12.113289760348584,31.0,0.9978260869565218,459.0,335,460,1438,confirmatory_core__C_HH__efficiency__1026,0,C_HH,1026,459,1436,0,0.04999999999999999,49.0,9.702646239554317,26.0,0.9986091794158554,1436.0,1.0785967940000774,3
1,surrogate,706,efficiency,confirmatory_core,0.9999995385911173,0.025104535046628032,71.0,12.278867102396514,30.0,0.9978260869565218,459.0,337,460,1417,confirmatory_core__C_HH__efficiency__1027,0,C_HH,1027,459,1412,0,0.03999999999999998,61.0,9.76841359773371,26.0,0.9964714184897672,1412.0,1.07858172700071,3
1,surrogate,721,efficiency,confirmatory_core,0.9999975435041364,0.03518429240473622,54.0,13.279909706546276,36.0,0.9955056179775281,443.0,335,445,1461,confirmatory_core__C_HH__efficiency__1028,0,C_HH,1028,443,1459,0,0.09999999999999998,49.0,9.761480466072653,26.0,0.998631074606434,1459.0,1.0665123539993147,3
1,surrogate,706,efficiency,confirmatory_core,0.9999953958168175,0.016279702829921167,54.0,11.597402597402597,32.0,0.9935483870967742,462.0,337,465,1377,confirmatory_core__C_HH__efficiency__1029,0,C_HH,1029,462,1374,0,0.06,62.0,9.969432314410481,26.0,0.9978213507625272,1374.0,1.0530019230000107,3
1,surrogate,738,efficiency,confirmatory_core,0.9999999326248515,0.03224863619262604,54.0,13.214446952595937,35.0,0.9977477477477478,443.0,333,444,1444,confirmatory_core__C_HH__efficiency__1030,0,C_HH,1030,443,1440,0,0.08999999999999997,49.0,9.989583333333334,26.0,0.997229916897507,1440.0,1.0737291899995398,3
1,surrogate,729,efpb,confirmatory_core,0.9999989379190058,0.05034515157751086,54.0,14.683070866141732,41.0,1.0,508.0,331,508,1457,confirmatory_core__C_HH__efpb__1001,0,C_HH,1001,508,1454,0,0.14999999999999997,41.0,9.648555708390646,26.0,0.9979409746053535,1454.0,51.669099220000135,3
1,surrogate,741,efpb,confirmatory_core,0.9999989408318046,0.0510139888138767,54.0,14.674887892376681,38.0,1.0,446.0,331,446,1459,confirmatory_core__C_HH__efpb__1002,0,C_HH,1002,446,1456,0,0.13,41.0,9.573489010989011,25.0,0.997943797121316,1456.0,51.005365059000724,3
1,surrogate,742,efpb,confirmatory_core,0.9999972503365682,0.05080996188005388,56.0,14.26950354609929,34.0,0.9952941176470588,423.0,330,425,1429,confirmatory_core__C_HH__efpb__1003,0,C_HH,1003,423,1427,0,0.09000000000000002,45.0,9.188507358093903,25.0,0.9986004198740378,1427.0,50.000078164000115,3
1,surrogate,731,efpb,confirmatory_core,0.9999998740661005,0.043389409064545775,54.0,14.206680584551147,35.0,0.9979166666666667,479.0,331,480,1433,confirmatory_core__C_HH__efpb__1004,0,C_HH,1004,479,1429,0,0.08999999999999997,42.0,9.867739678096571,26.0,0.9972086531751571,1429.0,53.33369903499988,3
1,surrogate,757,efpb,confirmatory_core,0.9999817640931207,0.05924344798350953,56.0,15.308584686774942,38.0,0.9908045977011494,431.0,330,435,1435,confirmatory_core__C_HH__efpb__1005,0,C_HH,1005,431,1434,0,0.13,41.0,9.38423988842399,25.0,0.9993031358885017,1434.0,50.521853483000086,3
1,surrogate,731,efpb,confirmatory_core,0.9999956049751682,0.032424262012497304,54.0,12.621978021978022,36.0,1.0,455.0,330,455,1434,confirmatory_core__C_HH__efpb__1006,0,C_HH,1006,455,1428,0,0.10999999999999999,41.0,9.379551820728292,25.0,0.99581589958159,1428.0,49.41012754699932,3
1,surrogate,740,efpb,confirmatory_core,0.9999968496054572,0.047101777004460416,53.0,14.185995623632385,36.0,1.0,457.0,331,457,1411,confirmatory_core__C_HH__efpb__1007,0,C_HH,1007,457,1406,0,0.10999999999999999,41.0,9.475817923186344,25.0,0.9964564138908576,1406.0,52.277294736999465,3
1,surrogate,745,efpb,confirmatory_core,0.9999810185224726,0.045640656091875606,57.0,14.160569105691057,37.0,0.9899396378269618,492.0,330,497,1432,confirmatory_core__C_HH__efpb__1008,0,C_HH,1008,492,1430,0,0.12,57.0,9.596503496503496,25.0,0.9986033519553073,1430.0,51.812775464999504,3
1,surrogate,734,efpb,confirmatory_core,0.9999981157432944,0.05044188486451967,51.0,14.103982300884956,36.0,1.0,452.0,331,452,1459,confirmatory_core__C_HH__efpb__1009,0,C_HH,1009,452,1455,0,0.10999999999999999,41.0,9.05979381443299,25.0,0.9972583961617546,1455.0,52.64339477300018,3
1,surrogate,764,efpb,confirmatory_core,0.9999999879203797,0.0646709849983283,56.0,16.056947608200456,41.0,0.9977272727272727,439.0,329,440,1461,confirmatory_core__C_HH__efpb__1010,0,C_HH,1010,439,1458,0,0.15999999999999998,42.0,9.589849108367627,25.0,0.997946611909651,1458.0,51.02901283900064,3
1,surrogate,739,efpb,confirmatory_core,0.9999998460160331,0.04699782608695652,53.0,14.29192546583851,38.0,0.9979338842975206,483.0,331,484,1404,confirmatory_core__C_HH__efpb__1011,0,C_HH,1011,483,1400,0,0.12,41.0,9.592142857142857,26.0,0.9971509971509972,1400.0,50.097642751999956,3
1,surrogate,737,efpb,confirmatory_core,0.9999999984267138,0.04993580690317412,51.0,14.273127753303966,37.0,0.9978021978021978,454.0,331,455,1416,confirmatory_core__C_HH__efpb__1012,0,C_HH,1012,454,1413,0,0.10999999999999999,42.0,9.279547062986554,26.0,0.9978813559322034,1413.0,51.03625253700011,3
1,surrogate,725,efpb,confirmatory_core,0.9999991378715347,0.03472107863318237,49.0,13.142857142857142,35.0,0.9959919839679359,497.0,332,499,1391,confirmatory_core__C_HH__efpb__1013,0,C_HH,1013,497,1388,0,0.09999999999999998,42.0,9.670749279538905,25.0,0.9978432782171099,1388.0,51.2245406410002,3
1,surrogate,728,efpb,confirmatory_core,0.9999995019647491,0.04102139222509073,53.0,13.677704194260485,37.0,1.0,453.0,331,453,1418,confirmatory_core__C_HH__efpb__1014,0,C_HH,1014,453,1416,0,0.10999999999999999,41.0,9.575564971751412,26.0,0.998589562764457,1416.0,51.51331184599985,3
1,surrogate,750,efpb,confirmatory_core,0.9999938775178706,0.07358116379377896,54.0,16.533169533169534,40.0,1.0,407.0,329,407,1418,confirmatory_core__C_HH__efpb__1015,0,C_HH,1015,407,1411,0,0.15000000000000002,41.0,9.175053153791637,25.0,0.9950634696755994,1411.0,50.37928128099975,3
1,surrogate,741,efpb,confirmatory_core,0.9999867276772982,0.04481606039807823,57.0,14.1,37.0,0.9913793103448276,460.0,331,464,1459,confirmatory_core__C_HH__efpb__1016,0,C_HH,1016,460,1457,0,0.12,41.0,9.618393960192176,25.0,0.9986291980808774,1457.0,52.52759875999982,3
1,surrogate,750,efpb,confirmatory_core,0.9999976070648646,0.05168903135791714,56.0,14.326576576576576,38.0,0.9955156950672646,444.0,331,446,1429,confirmatory_core__C_HH__efpb__1017,0,C_HH,1017,444,1427,0,0.13,47.0,9.157673440784864,25.0,0.9986004198740378,1427.0,53.07404581499941,3
1,surrogate,753,efpb,confirmatory_core,0.9999981574299883,0.05683258995526691,53.0,15.083532219570406,39.0,0.995249406175772,419.0,329,421,1467,confirmatory_core__C_HH__efpb__1018,0,C_HH,1018,419,1464,0,0.13,41.0,9.400273224043715,26.0,0.9979550102249489,1464.0,50.7254569279994,3
1,surrogate,753,efpb,confirmatory_core,0.9999608477969567,0.05279472722445218,52.0,14.679069767441861,38.0,0.9862385321100917,430.0,329,436,1491,confirmatory_core__C_HH__efpb__1019,0,C_HH,1019,430,1489,0,0.12,46.0,9.399597044996643,26.0,0.9986586183769283,1489.0,50.99441603499963,3
1,surrogate,724,efpb,confirmatory_core,0.999999503367664,0.039963398570912356,57.0,13.417355371900827,36.0,1.0,484.0,332,484,1420,confirmatory_core__C_HH__efpb__1020,0,C_HH,1020,484,1418,0,0.09999999999999998,48.0,9.421015514809591,26.0,0.9985915492957746,1418.0,52.0411671490001,3
1,surrogate,736,efpb,confirmatory_core,0.9999941876025793,0.04082574696545285,54.0,13.340277777777779,35.0,0.993103448275862,432.0,331,435,1431,confirmatory_core__C_HH__efpb__1021,0,C_HH,1021,432,1428,0,0.09999999999999998,48.0,9.257703081232494,25.0,0.9979035639412998,1428.0,51.84039446999941,3
1,surrogate,741,efpb,confirmatory_core,0.9999957429196475,0.053037329795230764,54.0,14.786848072562359,38.0,1.0,441.0,331,441,1457,confirmatory_core__C_HH__efpb__1022,0,C_HH,1022,441,1451,0,0.13,41.0,9.483115093039283,25.0,0.9958819492107069,1451.0,52.04687190200002,3
1,surrogate,738,efpb,confirmatory_core,0.9999979781657516,0.0467618916149129,54.0,14.424947145877379,38.0,0.9978902953586498,473.0,330,474,1416,confirmatory_core__C_HH__efpb__1023,0,C_HH,1023,473,1409,0,0.13,42.0,9.748757984386089,25.0,0.9950564971751412,1409.0,51.359240664000026,3
1,surrogate,747,efpb,confirmatory_core,0.9999967815138389,0.04531415171807593,54.0,14.100427350427351,38.0,0.9957446808510638,468.0,330,470,1479,confirmatory_core__C_HH__efpb__1024,0,C_HH,1024,468,1478,0,0.13,41.0,9.569012178619756,25.0,0.9993238674780257,1478.0,53.04945841299923,3
1,surrogate,741,efpb,confirmatory_core,0.9999956777690372,0.04784397918145257,54.0,14.283333333333333,37.0,0.995850622406639,480.0,332,482,1409,confirmatory_core__C_HH__efpb__1025,0,C_HH,1025,480,1409,0,0.10999999999999999,47.0,9.498935415188077,26.0,1.0,1409.0,52.2112878099997,3
1,surrogate,737,efpb,confirmatory_core,0.9999998461436053,0.04056471923340674,55.0,13.442265795206971,37.0,0.9978260869565218,459.0,332,460,1438,confirmatory_core__C_HH__efpb__1026,0,C_HH,1026,459,1436,0,0.12,45.0,9.385793871866296,25.0,0.9986091794158554,1436.0,52.07131952100008,3
1,surrogate,749,efpb,confirmatory_core,0.9999952535100293,0.05237320989975129,56.0,14.541484716157205,39.0,0.9956521739130435,458.0,330,460,1417,confirmatory_core__C_HH__efpb__1027,0,C_HH,1027,458,1417,0,0.14,41.0,9.304163726182075,25.0,1.0,1417.0,52.09018139099953,3
1,surrogate,746,efpb,confirmatory_core,0.999996352275379,0.043568539534308434,54.0,14.25959367945824,36.0,0.9955056179775281,443.0,330,445,1461,confirmatory_core__C_HH__efpb__1028,0,C_HH,1028,443,1460,0,0.09999999999999998,41.0,9.902739726027397,26.0,0.999315537303217,1460.0,52.225833857,3
1,surrogate,748,efpb,confirmatory_core,0.999996788983872,0.04839063049374655,57.0,14.034557235421167,37.0,0.9956989247311828,463.0,330,465,1377,confirmatory_core__C_HH__efpb__1029,0,C_HH,1029,463,1376,0,0.10999999999999999,42.0,9.195494186046512,26.0,0.9992737835875091,1376.0,52.2440906490001,3
1,surrogate,737,efpb,confirmatory_core,0.9999927271276708,0.05149538779913258,54.0,14.501133786848072,40.0,0.9932432432432432,441.0,330,444,1444,confirmatory_core__C_HH__efpb__1030,0,C_HH,1030,441,1442,0,0.15000000000000002,46.0,9.351595006934813,25.0,0.9986149584487535,1442.0,50.22301924400017,3
1,surrogate,712,equal_bargaining,confirmatory_core,0.999999528287869,0.02419357631842413,53.0,12.606299212598426,27.0,1.0,508.0,335,508,1457,confirmatory_core__C_HH__equal_bargaining__1001,0,C_HH,1001,508,1455,0,0.020000000000000018,41.0,10.186941580756013,25.0,0.9986273164035689,1455.0,44.6751790620001,3
1,surrogate,719,equal_bargaining,confirmatory_core,0.9999981157432944,0.0419919868090549,53.0,13.878923766816143,33.0,1.0,446.0,333,446,1459,confirmatory_core__C_HH__equal_bargaining__1002,0,C_HH,1002,446,1455,0,0.07,42.0,9.679725085910652,26.0,0.9972583961617546,1455.0,47.079577356999835,3
1,surrogate,720,equal_bargaining,confirmatory_core,0.9999997719206589,0.031438596607211336,54.0,13.24056603773585,34.0,0.9976470588235294,424.0,334,425,1429,confirmatory_core__C_HH__equal_bargaining__1003,0,C_HH,1003,424,1427,0,0.08000000000000002,41.0,10.096706377014716,26.0,0.9986004198740378,1427.0,44.628619209000135,3
1,surrogate,708,equal_bargaining,confirmatory_core,0.9999998740661005,0.026414751983590737,51.0,12.916492693110648,27.0,0.9979166666666667,479.0,335,480,1433,confirmatory_core__C_HH__equal_bargaining__1004,0,C_HH,1004,479,1429,0,0.010000000000000009,41.0,10.275017494751575,26.0,0.9972086531751571,1429.0,43.752779624999675,3
1,surrogate,724,equal_bargaining,confirmatory_core,0.9999921866492297,0.030458851863486625,41.0,12.790804597701149,28.0,1.0,435.0,333,435,1435,confirmatory_core__C_HH__equal_bargaining__1005,0,C_HH,1005,435,1427,0,0.020000000000000018,42.0,9.744919411352488,26.0,0.9944250871080139,1427.0,44.50217628700011,3
1,surrogate,717,equal_bargaining,confirmatory_core,0.9999956049751682,0.016635100193923724,51.0,11.896703296703297,28.0,1.0,455.0,334,455,1434,confirmatory_core__C_HH__equal_bargaining__1006,0,C_HH,1006,455,1428,0,0.020000000000000018,40.0,10.233193277310924,26.0,0.99581589958159,1428.0,44.4563134,3
1,surrogate,712,equal_bargaining,confirmatory_core,0.9999999990338394,0.023157271730462517,47.0,12.31359649122807,29.0,0.9978118161925602,456.0,335,457,1411,confirmatory_core__C_HH__equal_bargaining__1007,0,C_HH,1007,456,1408,0,0.02999999999999997,41.0,9.997869318181818,26.0,0.9978738483345145,1408.0,43.98030404400015,3
1,surrogate,709,equal_bargaining,confirmatory_core,0.9999912605268206,0.020865659813680867,52.0,12.571138211382113,27.0,0.9899396378269618,492.0,334,497,1432,confirmatory_core__C_HH__equal_bargaining__1008,0,C_HH,1008,492,1426,0,0.010000000000000009,42.0,10.484572230014026,26.0,0.9958100558659218,1426.0,44.542418635000104,3
1,surrogate,707,equal_bargaining,confirmatory_core,0.9999970538302916,0.018010827622305256,43.0,11.86504424778761,26.0,1.0,452.0,335,452,1459,confirmatory_core__C_HH__equal_bargaining__1009,0,C_HH,1009,452,1454,0,0.010000000000000009,40.0,10.063961485557083,25.0,0.9965729952021933,1454.0,42.97116643499976,3
1,surrogate,708,equal_bargaining,confirmatory_core,0.999992463015783,0.021771882625289382,53.0,12.454545454545455,28.0,1.0,440.0,334,440,1461,confirmatory_core__C_HH__equal_bargaining__1010,0,C_HH,1010,440,1453,0,0.020000000000000018,42.0,10.277357192016517,26.0,0.9945242984257358,1453.0,44.772397854999326,3
1,surrogate,710,equal_bargaining,confirmatory_core,0.9999988561310234,0.025895862459518276,50.0,12.803719008264462,28.0,1.0,484.0,333,484,1404,confirmatory_core__C_HH__equal_bargaining__1011,0,C_HH,1011,484,1401,0,0.020000000000000018,41.0,10.214132762312634,26.0,0.9978632478632479,1401.0,44.51918878499964,3
1,surrogate,719,equal_bargaining,confirmatory_core,0.9999954922873036,0.03284763463486866,52.0,13.167032967032966,31.0,1.0,455.0,333,455,1416,confirmatory_core__C_HH__equal_bargaining__1012,0,C_HH,1012,455,1410,0,0.04999999999999999,41.0,9.8822695035461,26.0,0.9957627118644068,1410.0,44.665176016999794,3
1,surrogate,711,equal_bargaining,confirmatory_core,0.9999996772068612,0.0242057681344012,46.0,12.621730382293762,28.0,0.9959919839679359,497.0,335,499,1391,confirmatory_core__C_HH__equal_bargaining__1013,0,C_HH,1013,497,1387,0,0.020000000000000018,42.0,10.201153568853641,26.0,0.9971243709561467,1387.0,45.27951831700011,3
1,surrogate,714,equal_bargaining,confirmatory_core,0.9999998405943644,0.024630518474076282,57.0,12.194690265486726,27.0,0.9977924944812362,452.0,333,453,1418,confirmatory_core__C_HH__equal_bargaining__1014,0,C_HH,1014,452,1416,0,0.010000000000000009,41.0,9.731638418079097,26.0,0.998589562764457,1416.0,44.38670067400017,3
1,surrogate,713,equal_bargaining,confirmatory_core,0.9999999667238951,0.021930936936058132,40.0,12.20935960591133,26.0,0.9975429975429976,406.0,334,407,1418,confirmatory_core__C_HH__equal_bargaining__1015,0,C_HH,1015,406,1414,0,0.0,41.0,10.016265912305517,26.0,0.997179125528914,1414.0,43.06639279299998,3
1,surrogate,711,equal_bargaining,confirmatory_core,0.9999993804016356,0.022720667648502696,50.0,12.142857142857142,27.0,0.9956896551724138,462.0,336,464,1459,confirmatory_core__C_HH__equal_bargaining__1016,0,C_HH,1016,462,1455,0,0.020000000000000018,41.0,9.870790378006873,25.0,0.9972583961617546,1455.0,43.59240148000026,3
1,surrogate,736,equal_bargaining,confirmatory_core,0.9999995096080052,0.04284662231593768,66.0,13.934977578475337,34.0,1.0,446.0,331,446,1429,confirmatory_core__C_HH__equal_bargaining__1017,0,C_HH,1017,446,1427,0,0.09000000000000002,42.0,9.65031534688157,25.0,0.9986004198740378,1427.0,43.67031100599979,3
1,surrogate,727,equal_bargaining,confirmatory_core,0.9999958383920149,0.0307359333435354,49.0,13.22434367541766,26.0,0.995249406175772,419.0,333,421,1467,confirmatory_core__C_HH__equal_bargaining__1018,0,C_HH,1018,419,1466,0,0.0,41.0,10.15075034106412,26.0,0.9993183367416496,1466.0,44.75899910299995,3
1,surrogate,726,equal_bargaining,confirmatory_core,0.9999608477969567,0.027345822855982624,47.0,13.044186046511628,33.0,0.9862385321100917,430.0,331,436,1491,confirmatory_core__C_HH__equal_bargaining__1019,0,C_HH,1019,430,1489,0,0.07,41.0,10.309603760913365,26.0,0.9986586183769283,1489.0,44.47973761600042,3
1,surrogate,718,equal_bargaining,confirmatory_core,0.9999988817900504,0.03201817365286923,65.0,13.057851239669422,31.0,1.0,484.0,334,484,1420,confirmatory_core__C_HH__equal_bargaining__1020,0,C_HH,1020,484,1417,0,0.04999999999999999,41.0,9.856033874382499,26.0,0.997887323943662,1417.0,45.69534885599933,3
1,surrogate,719,equal_bargaining,confirmatory_core,0.9999981520971567,0.029602339181286533,54.0,13.11111111111111,28.0,0.993103448275862,432.0,334,435,1431,confirmatory_core__C_HH__equal_bargaining__1021,0,C_HH,1021,432,1425,0,0.030000000000000027,42.0,10.150877192982456,25.0,0.9958071278825996,1425.0,44.83722481099994,3
1,surrogate,721,equal_bargaining,confirmatory_core,0.9999957429196475,0.022988508980435723,52.0,12.387755102040817,27.0,1.0,441.0,332,441,1457,confirmatory_core__C_HH__equal_bargaining__1022,0,C_HH,1022,441,1451,0,0.010000000000000009,40.0,10.088904203997243,26.0,0.9958819492107069,1451.0,43.84832741700029,3
1,surrogate,707,equal_bargaining,confirmatory_core,0.9999995145639906,0.039753390020779364,63.0,14.186836518046709,33.0,0.9936708860759493,471.0,333,474,1416,confirmatory_core__C_HH__equal_bargaining__1023,0,C_HH,1023,471,1409,0,0.07,41.0,10.211497515968771,26.0,0.9950564971751412,1409.0,44.69437933300014,3
1,surrogate,711,equal_bargaining,confirmatory_core,0.9999989693123045,0.036563426166176555,54.0,13.708510638297872,34.0,1.0,470.0,334,470,1479,confirmatory_core__C_HH__equal_bargaining__1024,0,C_HH,1024,470,1476,0,0.08000000000000002,41.0,10.052168021680217,26.0,0.9979716024340771,1476.0,45.99479776499993,3
1,surrogate,724,equal_bargaining,confirmatory_core,0.9999968406395862,0.03255813266186709,57.0,13.639004149377593,32.0,1.0,482.0,333,482,1409,confirmatory_core__C_HH__equal_bargaining__1025,0,C_HH,1025,482,1404,0,0.06,41.0,10.383190883190883,26.0,0.9964513839602555,1404.0,45.47588559399992,3
1,surrogate,714,equal_bargaining,confirmatory_core,0.999999879017028,0.03427769205167769,53.0,13.591304347826087,29.0,1.0,460.0,334,460,1438,confirmatory_core__C_HH__equal_bargaining__1026,0,C_HH,1026,460,1437,0,0.02999999999999997,41.0,10.163535142658317,26.0,0.9993045897079277,1437.0,44.21453581100013,3
1,surrogate,725,equal_bargaining,confirmatory_core,0.9999998308801755,0.038994241498323784,50.0,13.578602620087336,32.0,0.9956521739130435,458.0,332,460,1417,confirmatory_core__C_HH__equal_bargaining__1027,0,C_HH,1027,458,1412,0,0.07,40.0,9.679178470254957,25.0,0.9964714184897672,1412.0,45.58094605699989,3
1,surrogate,727,equal_bargaining,confirmatory_core,0.9999992230411163,0.028210538057885107,52.0,13.392776523702032,29.0,0.9955056179775281,443.0,334,445,1461,confirmatory_core__C_HH__equal_bargaining__1028,0,C_HH,1028,443,1457,0,0.02999999999999997,42.0,10.571722717913522,26.0,0.9972621492128679,1457.0,43.45675736300018,3
1,surrogate,711,equal_bargaining,confirmatory_core,0.9999895726531663,0.02007088570824138,47.0,12.362255965292842,26.0,0.9913978494623656,461.0,333,465,1377,confirmatory_core__C_HH__equal_bargaining__1029,0,C_HH,1029,461,1374,0,0.0,41.0,10.355167394468705,26.0,0.9978213507625272,1374.0,43.48953791999975,3
1,surrogate,705,equal_bargaining,confirmatory_core,0.9999999692174426,0.014446692553131246,50.0,11.789592760180996,26.0,0.9954954954954955,442.0,336,444,1444,confirmatory_core__C_HH__equal_bargaining__1030,0,C_HH,1030,442,1438,0,0.0,42.0,10.344923504867872,26.0,0.9958448753462604,1438.0,42.87988281399976,3
1,surrogate,280,fixed_time,confirmatory_core,0.9999919200335526,0.1202366225704915,74.0,33.081673306772906,69.0,0.9881889763779528,502.0,140,508,1457,confirmatory_core__C_HH__fixed_time__1001,0,C_HH,1001,502,1448,0,0.1499999999999999,59.0,21.058011049723756,54.0,0.9938229238160604,1448.0,1.1093985890001932,3
1,surrogate,280,fixed_time,confirmatory_core,0.9999998592819985,0.1403005750702812,79.0,34.28506787330317,70.0,0.9910313901345291,442.0,140,446,1459,confirmatory_core__C_HH__fixed_time__1002,0,C_HH,1002,442,1447,0,0.16999999999999993,59.0,20.25501036627505,53.0,0.9917751884852639,1447.0,1.0779068820002067,3
1,surrogate,280,fixed_time,confirmatory_core,0.9999999906319199,0.13276206721129968,73.0,33.174940898345156,70.0,0.9952941176470588,423.0,140,425,1429,confirmatory_core__C_HH__fixed_time__1003,0,C_HH,1003,423,1422,0,0.16999999999999993,59.0,19.89873417721519,53.0,0.9951014695591323,1422.0,1.0746285010000065,3
1,surrogate,280,fixed_time,confirmatory_core,0.9999995389439855,0.14134899925871017,87.0,34.28842105263158,68.0,0.9895833333333334,475.0,140,480,1433,confirmatory_core__C_HH__fixed_time__1004,0,C_HH,1004,475,1420,0,0.15000000000000002,59.0,20.153521126760563,53.0,0.9909281228192603,1420.0,1.0914771860007022,3
1,surrogate,280,fixed_time,confirmatory_core,0.9999987401024764,0.13046209956445642,73.0,33.870069605568446,70.0,0.9908045977011494,431.0,140,435,1435,confirmatory_core__C_HH__fixed_time__1005,0,C_HH,1005,431,1425,0,0.16999999999999993,59.0,20.823859649122806,53.0,0.9930313588850174,1425.0,1.0627405920004094,3
1,surrogate,280,fixed_time,confirmatory_core,0.9999903802630419,0.12044502066333329,73.0,33.47136563876652,68.0,0.9978021978021978,454.0,140,455,1434,confirmatory_core__C_HH__fixed_time__1006,0,C_HH,1006,454,1422,0,0.14,59.0,21.42686357243319,54.0,0.9916317991631799,1422.0,1.1020159600002444,3
1,surrogate,280,fixed_time,confirmatory_core,0.9999975891422399,0.11900586727589416,73.0,32.443708609271525,68.0,0.9912472647702407,453.0,140,457,1411,confirmatory_core__C_HH__fixed_time__1007,0,C_HH,1007,453,1403,0,0.15000000000000002,59.0,20.54312188168211,53.0,0.9943302622253721,1403.0,1.0658195349997186,3
1,surrogate,280,fixed_time,confirmatory_core,0.9999952476494933,0.13441233700814603,79.0,34.410204081632656,71.0,0.9859154929577465,490.0,140,497,1432,confirmatory_core__C_HH__fixed_time__1008,0,C_HH,1008,490,1418,0,0.16999999999999993,59.0,20.968970380818053,54.0,0.9902234636871509,1418.0,1.073783454000477,3
1,surrogate,280,fixed_time,confirmatory_core,0.9999862098349561,0.12181232018045246,73.0,32.933481152993345,70.0,0.9977876106194691,451.0,140,452,1459,confirmatory_core__C_HH__fixed_time__1009,0,C_HH,1009,451,1445,0,0.15999999999999992,59.0,20.752249134948098,54.0,0.9904043865661412,1445.0,1.0815557300002183,3
1,surrogate,280,fixed_time,confirmatory_core,0.9999986632712144,0.14593574263065304,78.0,34.710045662100455,71.0,0.9954545454545455,438.0,140,440,1461,confirmatory_core__C_HH__fixed_time__1010,0,C_HH,1010,438,1451,0,0.17999999999999994,59.0,20.11647139903515,53.0,0.9931553730321697,1451.0,1.1063395920000403,3
1,surrogate,280,fixed_time,confirmatory_core,0.9999987741010012,0.1491286131918713,74.0,33.8592132505176,69.0,0.9979338842975206,483.0,140,484,1404,confirmatory_core__C_HH__fixed_time__1011,0,C_HH,1011,483,1398,0,0.15999999999999992,59.0,18.946351931330472,53.0,0.9957264957264957,1398.0,1.0958598930001244,3
1,surrogate,280,fixed_time,confirmatory_core,0.9999999443127925,0.1536491207089717,87.0,35.20132743362832,70.0,0.9934065934065934,452.0,140,455,1416,confirmatory_core__C_HH__fixed_time__1012,0,C_HH,1012,452,1406,0,0.15999999999999992,59.0,19.836415362731152,54.0,0.9929378531073446,1406.0,1.079271861000052,3
1,surrogate,280,fixed_time,confirmatory_core,0.9999999764832191,0.1299200255685739,73.0,33.1327967806841,69.0,0.9959919839679359,497.0,140,499,1391,confirmatory_core__C_HH__fixed_time__1013,0,C_HH,1013,497,1385,0,0.1499999999999999,59.0,20.140794223826713,54.0,0.99568655643422,1385.0,1.1014502039997751,3
1,surrogate,280,fixed_time,confirmatory_core,0.999997421555504,0.14851278649165206,73.0,34.73496659242762,71.0,0.9911699779249448,449.0,140,453,1418,confirmatory_core__C_HH__fixed_time__1014,0,C_HH,1014,449,1410,0,0.17999999999999994,59.0,19.883687943262412,53.0,0.9943582510578279,1410.0,1.1411223060003977,3
1,surrogate,280,fixed_time,confirmatory_core,0.9999771477458194,0.14798980099502484,73.0,33.595,69.0,0.9828009828009828,400.0,140,407,1418,confirmatory_core__C_HH__fixed_time__1015,0,C_HH,1015,400,1407,0,0.15999999999999992,59.0,18.796019900497512,53.0,0.9922425952045134,1407.0,1.0681587170001876,3
1,surrogate,280,fixed_time,confirmatory_core,0.9999962968814493,0.12772320038327947,74.0,32.7695652173913,69.0,0.9913793103448276,460.0,140,464,1459,confirmatory_core__C_HH__fixed_time__1016,0,C_HH,1016,460,1452,0,0.15999999999999992,59.0,19.99724517906336,53.0,0.9952021932830706,1452.0,1.0716189419999864,3
1,surrogate,280,fixed_time,confirmatory_core,0.999995800598961,0.14327090134982912,94.0,34.59502262443439,70.0,0.9910313901345291,442.0,140,446,1429,confirmatory_core__C_HH__fixed_time__1017,0,C_HH,1017,442,1422,0,0.15999999999999992,59.0,20.26793248945148,54.0,0.9951014695591323,1422.0,1.21430360299928,3
1,surrogate,280,fixed_time,confirmatory_core,0.9999970214828358,0.11430878626085675,73.0,31.484486873508352,69.0,0.995249406175772,419.0,140,421,1467,confirmatory_core__C_HH__fixed_time__1018,0,C_HH,1018,419,1455,0,0.15999999999999992,59.0,20.05360824742268,53.0,0.9918200408997955,1455.0,1.1298063829999592,3
1,surrogate,280,fixed_time,confirmatory_core,0.9999743427414702,0.12874493927125508,73.0,32.15384615384615,70.0,0.9839449541284404,429.0,140,436,1491,confirmatory_core__C_HH__fixed_time__1019,0,C_HH,1019,429,1482,0,0.16999999999999993,59.0,19.279352226720647,53.0,0.993963782696177,1482.0,1.1976383800001713,3
1,surrogate,280,fixed_time,confirmatory_core,0.9999983000183152,0.15518656533972625,90.0,34.79331941544885,70.0,0.9896694214876033,479.0,140,484,1420,confirmatory_core__C_HH__fixed_time__1020,0,C_HH,1020,479,1409,0,0.16999999999999993,59.0,19.274662881476225,53.0,0.9922535211267606,1409.0,1.1621688229997744,3
1,surrogate,280,fixed_time,confirmatory_core,0.9999999978743929,0.13929078048844057,73.0,33.32175925925926,68.0,0.993103448275862,432.0,140,435,1431,confirmatory_core__C_HH__fixed_time__1021,0,C_HH,1021,432,1421,0,0.16000000000000003,59.0,19.3926812104152,52.0,0.9930118798043326,1421.0,1.0760184920000029,3
1,surrogate,280,fixed_time,confirmatory_core,0.99998840018936,0.12069758279118903,73.0,32.46436781609195,69.0,0.9863945578231292,435.0,140,441,1457,confirmatory_core__C_HH__fixed_time__1022,0,C_HH,1022,435,1447,0,0.15999999999999992,59.0,20.394609536973046,53.0,0.9931365820178449,1447.0,1.0970364719996724,3
1,surrogate,280,fixed_time,confirmatory_core,0.999998908710597,0.1327058511319753,79.0,32.97008547008547,70.0,0.9873417721518988,468.0,140,474,1416,confirmatory_core__C_HH__fixed_time__1023,0,C_HH,1023,468,1401,0,0.16999999999999993,59.0,19.69950035688794,53.0,0.989406779661017,1401.0,1.0976659690004453,3
1,surrogate,280,fixed_time,confirmatory_core,0.9999962319879415,0.13255610612972576,72.0,33.52350427350427,69.0,0.9957446808510638,468.0,140,470,1479,confirmatory_core__C_HH__fixed_time__1024,0,C_HH,1024,468,1467,0,0.1499999999999999,59.0,20.267893660531698,54.0,0.9918864097363083,1467.0,1.094809802000782,3
1,surrogate,280,fixed_time,confirmatory_core,0.9999798794730148,0.12023432449903038,73.0,32.50420168067227,69.0,0.9875518672199171,476.0,140,482,1409,confirmatory_core__C_HH__fixed_time__1025,0,C_HH,1025,476,1404,0,0.1499999999999999,59.0,20.48076923076923,54.0,0.9964513839602555,1404.0,1.1124153270002353,3
1,surrogate,280,fixed_time,confirmatory_core,0.9999996269787707,0.128689834183284,75.0,33.082969432314414,70.0,0.9956521739130435,458.0,140,460,1438,confirmatory_core__C_HH__fixed_time__1026,0,C_HH,1026,458,1430,0,0.15999999999999992,59.0,20.213986013986013,54.0,0.9944367176634215,1430.0,1.0950801750004757,3
1,surrogate,280,fixed_time,confirmatory_core,0.9999961728436361,0.12657680384552633,73.0,33.651982378854626,70.0,0.9869565217391304,454.0,140,460,1417,confirmatory_core__C_HH__fixed_time__1027,0,C_HH,1027,454,1404,0,0.15999999999999992,59.0,20.994301994301996,54.0,0.9908256880733946,1404.0,1.1507584680002765,3
1,surrogate,280,fixed_time,confirmatory_core,0.9999997568347073,0.15218824911174667,73.0,35.18510158013544,69.0,0.9955056179775281,443.0,140,445,1461,confirmatory_core__C_HH__fixed_time__1028,0,C_HH,1028,443,1453,0,0.15999999999999992,59.0,19.96627666896077,53.0,0.9945242984257358,1453.0,1.0506833280005594,3
1,surrogate,280,fixed_time,confirmatory_core,0.9999746410772915,0.13502119657029935,73.0,33.02401746724891,69.0,0.9849462365591398,458.0,140,465,1377,confirmatory_core__C_HH__fixed_time__1029,0,C_HH,1029,458,1370,0,0.15999999999999992,59.0,19.521897810218977,53.0,0.9949164851125636,1370.0,1.0962900829999853,3
1,surrogate,280,fixed_time,confirmatory_core,0.9999895488112546,0.14716201971013385,89.0,34.334851936218676,71.0,0.9887387387387387,439.0,140,444,1444,confirmatory_core__C_HH__fixed_time__1030,0,C_HH,1030,439,1437,0,0.17999999999999994,59.0,19.61864996520529,53.0,0.9951523545706371,1437.0,1.0864557059994695,3
1,surrogate,529,efficiency,confirmatory_core,1.0,0.029607370439975057,34.0,5.780911062906725,16.0,1.0,461.0,333,461,449,confirmatory_core__C_HL__efficiency__1001,0,C_HL,1001,461,449,0,0.12000000000000002,70.0,8.74164810690423,28.0,1.0,449.0,1.0828053270001874,3
1,surrogate,527,efficiency,confirmatory_core,1.0,0.036310676514221006,33.0,4.886917960088692,15.0,1.0,451.0,331,451,417,confirmatory_core__C_HL__efficiency__1002,0,C_HL,1002,451,417,0,0.15,64.0,8.517985611510792,30.0,1.0,417.0,1.0601840950002952,3
1,surrogate,528,efficiency,confirmatory_core,0.999986383813077,0.03227480468229209,30.0,5.036717062634989,14.0,1.0,463.0,318,463,408,confirmatory_core__C_HL__efficiency__1003,0,C_HL,1003,463,405,0,0.18,77.0,8.264197530864198,32.0,0.9926470588235294,405.0,1.0759941149999577,3
1,surrogate,530,efficiency,confirmatory_core,0.999994463698471,0.028028585310551454,39.0,5.866952789699571,17.0,1.0,466.0,330,466,426,confirmatory_core__C_HL__efficiency__1004,0,C_HL,1004,466,424,0,0.12999999999999998,58.0,8.669811320754716,30.0,0.9953051643192489,424.0,1.0689330550003433,3
1,surrogate,502,efficiency,confirmatory_core,1.0,0.03464444444444446,22.0,4.868888888888889,13.0,1.0,450.0,324,450,381,confirmatory_core__C_HL__efficiency__1005,0,C_HL,1005,450,381,0,0.15000000000000002,59.0,8.333333333333334,28.0,1.0,381.0,1.1556893590000072,3
1,surrogate,524,efficiency,confirmatory_core,1.0,0.031681089743589755,30.0,5.983333333333333,16.0,1.0,480.0,330,480,416,confirmatory_core__C_HL__efficiency__1006,0,C_HL,1006,480,416,0,0.11000000000000001,59.0,9.151442307692308,27.0,1.0,416.0,1.0393587169996863,3
1,surrogate,526,efficiency,confirmatory_core,0.9999985725908904,0.041931136817878994,33.0,5.8164556962025316,17.0,1.0,474.0,331,474,419,confirmatory_core__C_HL__efficiency__1007,0,C_HL,1007,474,418,0,0.11000000000000001,69.0,10.009569377990431,28.0,0.9976133651551312,418.0,1.0789662639999733,3
1,surrogate,538,efficiency,confirmatory_core,1.0,0.043155605131065256,27.0,5.466257668711656,16.0,1.0,489.0,336,489,440,confirmatory_core__C_HL__efficiency__1008,0,C_HL,1008,489,440,0,0.11000000000000001,84.0,9.781818181818181,27.0,1.0,440.0,1.142431819000194,3
1,surrogate,537,efficiency,confirmatory_core,0.9999988003407032,0.029503973168214667,35.0,5.642543859649122,15.0,0.9978118161925602,456.0,331,457,425,confirmatory_core__C_HL__efficiency__1009,0,C_HL,1009,456,425,0,0.12000000000000002,79.0,8.592941176470589,27.0,1.0,425.0,1.0644045600001846,3
1,surrogate,561,efficiency,confirmatory_core,0.9999946416610849,0.02819755759032152,47.0,6.044083526682135,17.0,0.9953810623556582,431.0,323,433,448,confirmatory_core__C_HL__efficiency__1010,0,C_HL,1010,431,448,0,0.11999999999999997,63.0,8.863839285714286,29.0,1.0,448.0,1.0849920210002892,3
1,surrogate,545,efficiency,confirmatory_core,0.9999987232293106,0.027840944342821694,34.0,5.509049773755656,16.0,0.9977426636568849,442.0,332,443,423,confirmatory_core__C_HL__efficiency__1011,0,C_HL,1011,442,423,0,0.09,51.0,8.293144208037825,25.0,1.0,423.0,1.0894940630000747,3
1,surrogate,532,efficiency,confirmatory_core,0.9999999837911009,0.03487943569743368,29.0,6.109730848861283,17.0,0.9979338842975206,483.0,333,484,431,confirmatory_core__C_HL__efficiency__1012,0,C_HL,1012,483,430,0,0.11000000000000001,58.0,9.597674418604651,28.0,0.9976798143851509,430.0,1.0692226380001557,3
1,surrogate,529,efficiency,confirmatory_core,0.999995148386596,0.036240831731111596,26.0,5.559139784946237,16.0,1.0,465.0,330,465,455,confirmatory_core__C_HL__efficiency__1013,0,C_HL,1013,465,453,0,0.13999999999999999,72.0,9.183222958057396,30.0,0.9956043956043956,453.0,1.084699100999842,3
1,surrogate,525,efficiency,confirmatory_core,0.9999987289805152,0.032745289765996916,34.0,5.356659142212189,16.0,0.9977477477477478,443.0,327,444,404,confirmatory_core__C_HL__efficiency__1014,0,C_HL,1014,443,404,0,0.1,59.0,8.631188118811881,26.0,1.0,404.0,1.1502242510000542,3
1,surrogate,526,efficiency,confirmatory_core,1.0,0.03344969473090144,51.0,5.72808988764045,16.0,1.0,445.0,325,445,438,confirmatory_core__C_HL__efficiency__1015,0,C_HL,1015,445,438,0,0.11000000000000001,83.0,9.073059360730594,27.0,1.0,438.0,1.0850923160001003,3
1,surrogate,526,efficiency,confirmatory_core,0.9999980588468973,0.04018323415601731,27.0,6.023965141612201,16.0,0.9978260869565218,459.0,330,460,404,confirmatory_core__C_HL__efficiency__1016,0,C_HL,1016,459,402,0,0.13999999999999999,56.0,10.042288557213931,30.0,0.995049504950495,402.0,1.0805295459999797,3
1,surrogate,544,efficiency,confirmatory_core,0.999987275375023,0.035360039335278,36.0,5.891203703703703,17.0,1.0,432.0,326,432,422,confirmatory_core__C_HL__efficiency__1017,0,C_HL,1017,432,419,0,0.12999999999999998,60.0,9.427207637231504,30.0,0.9928909952606635,419.0,1.1132725669999672,3
1,surrogate,554,efficiency,confirmatory_core,0.9999985519041011,0.0328925383060906,26.0,5.768577494692145,17.0,1.0,471.0,327,471,416,confirmatory_core__C_HL__efficiency__1018,0,C_HL,1018,471,415,0,0.11000000000000001,53.0,9.057831325301205,28.0,0.9975961538461539,415.0,1.0439239819997965,3
1,surrogate,546,efficiency,confirmatory_core,1.0,0.032952509425478185,29.0,6.057971014492754,17.0,1.0,414.0,319,414,419,confirmatory_core__C_HL__efficiency__1019,0,C_HL,1019,414,419,0,0.12999999999999998,51.0,9.353221957040573,30.0,1.0,419.0,1.083025366000129,3
1,surrogate,544,efficiency,confirmatory_core,0.9999953149523296,0.04091608419699525,29.0,5.399132321041215,16.0,0.9956803455723542,461.0,334,463,432,confirmatory_core__C_HL__efficiency__1020,0,C_HL,1020,461,432,0,0.13999999999999999,62.0,9.49074074074074,30.0,1.0,432.0,1.059290049000083,3
1,surrogate,527,efficiency,confirmatory_core,0.9999947521808094,0.03335752818994171,36.0,5.519450800915332,15.0,0.9931818181818182,437.0,325,440,443,confirmatory_core__C_HL__efficiency__1021,0,C_HL,1021,437,442,0,0.17,56.0,8.855203619909503,32.0,0.9977426636568849,442.0,1.2226215410000805,3
1,surrogate,535,efficiency,confirmatory_core,1.0,0.03163606189921979,28.0,5.707207207207207,16.0,1.0,444.0,325,444,418,confirmatory_core__C_HL__efficiency__1022,0,C_HL,1022,444,418,0,0.11000000000000001,70.0,8.870813397129186,27.0,1.0,418.0,1.0334619909999674,3
1,surrogate,528,efficiency,confirmatory_core,0.999999964141257,0.03130577362091601,27.0,5.630021141649048,15.0,0.9978902953586498,473.0,326,474,402,confirmatory_core__C_HL__efficiency__1023,0,C_HL,1023,473,401,0,0.12000000000000002,50.0,8.760598503740649,27.0,0.9975124378109452,401.0,1.0605923429998256,3
1,surrogate,505,efficiency,confirmatory_core,1.0,0.03684265156876622,27.0,5.456475583864119,16.0,1.0,471.0,320,471,405,confirmatory_core__C_HL__efficiency__1024,0,C_HL,1024,471,405,0,0.15,58.0,9.14074074074074,31.0,1.0,405.0,1.052289578,3
1,surrogate,529,efficiency,confirmatory_core,0.9999986757808259,0.025316963095555464,49.0,6.035123966942149,18.0,1.0,484.0,322,484,435,confirmatory_core__C_HL__efficiency__1025,0,C_HL,1025,484,434,0,0.07,70.0,8.566820276497696,25.0,0.9977011494252873,434.0,1.1337986759999694,3
1,surrogate,512,efficiency,confirmatory_core,0.9999987681725346,0.027254612159329145,39.0,5.984444444444445,17.0,0.9977827050997783,450.0,321,451,424,confirmatory_core__C_HL__efficiency__1026,0,C_HL,1026,450,424,0,0.11999999999999997,49.0,8.709905660377359,29.0,1.0,424.0,1.0929340480001883,3
1,surrogate,559,efficiency,confirmatory_core,0.9999936002096127,0.036889202872954205,39.0,6.105263157894737,19.0,0.990521327014218,418.0,326,422,449,confirmatory_core__C_HL__efficiency__1027,0,C_HL,1027,418,447,0,0.09000000000000002,57.0,9.794183445190157,28.0,0.9955456570155902,447.0,1.1454571499998565,3
1,surrogate,544,efficiency,confirmatory_core,0.9999864340854772,0.026340551983223846,26.0,5.841004184100418,16.0,0.9979123173277662,478.0,330,479,425,confirmatory_core__C_HL__efficiency__1028,0,C_HL,1028,478,421,0,0.11000000000000001,65.0,8.475059382422803,27.0,0.9905882352941177,421.0,1.034265903999767,3
1,surrogate,535,efficiency,confirmatory_core,1.0,0.03047198382009285,28.0,5.266811279826464,16.0,1.0,461.0,325,461,414,confirmatory_core__C_HL__efficiency__1029,0,C_HL,1029,461,414,0,0.1,61.0,8.31400966183575,26.0,1.0,414.0,1.0496957010000187,3
1,surrogate,575,efficiency,confirmatory_core,0.9999786658701924,0.03286521637327315,35.0,6.298165137614679,18.0,1.0,436.0,333,436,435,confirmatory_core__C_HL__efficiency__1030,0,C_HL,1030,436,431,0,0.12,57.0,9.584686774941995,30.0,0.9908045977011494,431.0,1.065249926999968,3
1,surrogate,552,efpb,confirmatory_core,1.0,0.013080936668132134,32.0,6.86117136659436,22.0,1.0,461.0,325,461,449,confirmatory_core__C_HL__efpb__1001,0,C_HL,1001,461,449,0,0.03,48.0,8.169265033407573,25.0,1.0,449.0,44.287048610000056,3
1,surrogate,558,efpb,confirmatory_core,1.0,0.01211685197296708,40.0,6.2727272727272725,23.0,1.0,451.0,319,451,417,confirmatory_core__C_HL__efpb__1002,0,C_HL,1002,451,417,0,0.03,41.0,7.4844124700239805,26.0,1.0,417.0,44.993095955999706,3
1,surrogate,550,efpb,confirmatory_core,0.9999984944883217,0.010148959090643755,40.0,6.233261339092873,21.0,1.0,463.0,313,463,408,confirmatory_core__C_HL__efpb__1003,0,C_HL,1003,463,407,0,0.04000000000000001,37.0,7.2481572481572485,25.0,0.9975490196078431,407.0,45.65137800399998,3
1,surrogate,556,efpb,confirmatory_core,0.999994463698471,0.020601060814640873,50.0,6.416309012875536,21.0,1.0,466.0,324,466,426,confirmatory_core__C_HL__efpb__1004,0,C_HL,1004,466,424,0,0.03,51.0,8.476415094339623,24.0,0.9953051643192489,424.0,44.69712454799992,3
1,surrogate,525,efpb,confirmatory_core,1.0,0.021379002624671913,39.0,5.66,19.0,1.0,450.0,322,450,381,confirmatory_core__C_HL__efpb__1005,0,C_HL,1005,450,381,0,0.04999999999999999,40.0,7.797900262467191,24.0,1.0,381.0,44.58488580899984,3
1,surrogate,547,efpb,confirmatory_core,0.9999989126676395,0.01434483900754778,36.0,6.6784968684759916,20.0,0.9979166666666667,479.0,317,480,416,confirmatory_core__C_HL__efpb__1006,0,C_HL,1006,479,416,0,0.04999999999999999,40.0,8.11298076923077,25.0,1.0,416.0,43.53300533799984,3
1,surrogate,562,efpb,confirmatory_core,1.0,0.018485997401891177,45.0,6.955696202531645,22.0,1.0,474.0,326,474,419,confirmatory_core__C_HL__efpb__1007,0,C_HL,1007,474,419,0,0.04000000000000001,51.0,8.804295942720763,26.0,1.0,419.0,45.360104600999875,3
1,surrogate,570,efpb,confirmatory_core,0.9999987057395274,0.020411420266361086,51.0,6.601226993865031,21.0,1.0,489.0,332,489,440,confirmatory_core__C_HL__efpb__1008,0,C_HL,1008,489,439,0,0.03,47.0,8.642369020501139,24.0,0.9977272727272727,439.0,42.778032389000145,3
1,surrogate,579,efpb,confirmatory_core,0.9999988003407032,0.007865479876160986,35.0,7.1381578947368425,22.0,0.9978118161925602,456.0,325,457,425,confirmatory_core__C_HL__efpb__1009,0,C_HL,1009,456,425,0,0.03,41.0,7.924705882352941,25.0,1.0,425.0,44.82421915899977,3
1,surrogate,582,efpb,confirmatory_core,0.9999946416610849,0.006602740719257552,47.0,7.0116009280742455,22.0,0.9953810623556582,431.0,315,433,448,confirmatory_core__C_HL__efpb__1010,0,C_HL,1010,431,448,0,0.01999999999999999,55.0,7.671875,24.0,1.0,448.0,43.44819394199976,3
1,surrogate,583,efpb,confirmatory_core,0.9999999971389781,0.010304625678196913,35.0,7.092760180995475,21.0,0.9977426636568849,442.0,328,443,423,confirmatory_core__C_HL__efpb__1011,0,C_HL,1011,442,422,0,0.03,51.0,8.123222748815166,24.0,0.9976359338061466,422.0,43.50123135800004,3
1,surrogate,560,efpb,confirmatory_core,0.9999991738008094,0.020605809128630706,37.0,6.539419087136929,20.0,0.9958677685950413,482.0,327,484,431,confirmatory_core__C_HL__efpb__1012,0,C_HL,1012,482,430,0,0.06,49.0,8.6,26.0,0.9976798143851509,430.0,43.9708645579999,3
1,surrogate,561,efpb,confirmatory_core,0.9999999994390789,0.01680445845359259,36.0,6.392241379310345,21.0,0.9978494623655914,464.0,323,465,455,confirmatory_core__C_HL__efpb__1013,0,C_HL,1013,464,454,0,0.03,52.0,8.072687224669604,24.0,0.9978021978021978,454.0,42.88827552600014,3
1,surrogate,541,efpb,confirmatory_core,0.9999987289805152,0.011906108218045275,34.0,5.923250564334086,18.0,0.9977477477477478,443.0,319,444,404,confirmatory_core__C_HL__efpb__1014,0,C_HL,1014,443,404,0,0.05000000000000002,53.0,7.1138613861386135,23.0,1.0,404.0,45.04991483699996,3
1,surrogate,573,efpb,confirmatory_core,1.0,0.008002360063619096,40.0,7.071910112359551,21.0,1.0,445.0,319,445,438,confirmatory_core__C_HL__efpb__1015,0,C_HL,1015,445,438,0,0.04000000000000001,43.0,7.872146118721461,25.0,1.0,438.0,45.60500391599999,3
1,surrogate,552,efpb,confirmatory_core,0.9999809313145952,0.01038844015980546,40.0,7.18640350877193,22.0,0.991304347826087,456.0,320,460,404,confirmatory_core__C_HL__efpb__1016,0,C_HL,1016,456,404,0,0.01999999999999999,48.0,8.225247524752476,24.0,1.0,404.0,45.27656558599983,3
1,surrogate,576,efpb,confirmatory_core,1.0,0.017300991750043876,40.0,6.810185185185185,22.0,1.0,432.0,318,432,422,confirmatory_core__C_HL__efpb__1017,0,C_HL,1017,432,422,0,0.04000000000000001,38.0,8.540284360189574,26.0,1.0,422.0,43.69150354400017,3
1,surrogate,582,efpb,confirmatory_core,0.9999985519041011,0.01623738265162561,37.0,6.747346072186836,22.0,1.0,471.0,324,471,416,confirmatory_core__C_HL__efpb__1018,0,C_HL,1018,471,415,0,0.03,54.0,8.371084337349398,25.0,0.9975961538461539,415.0,45.62458525199963,3
1,surrogate,572,efpb,confirmatory_core,1.0,0.019213563464886493,39.0,6.990338164251208,22.0,1.0,414.0,315,414,419,confirmatory_core__C_HL__efpb__1019,0,C_HL,1019,414,419,0,0.04000000000000001,44.0,8.911694510739856,26.0,1.0,419.0,43.5088359600004,3
1,surrogate,576,efpb,confirmatory_core,0.9999988312650621,0.016764971139971135,35.0,6.608225108225108,21.0,0.9978401727861771,462.0,325,463,432,confirmatory_core__C_HL__efpb__1020,0,C_HL,1020,462,432,0,0.04000000000000001,52.0,8.284722222222221,25.0,1.0,432.0,44.505527132000225,3
1,surrogate,561,efpb,confirmatory_core,0.9999947521808094,0.012233761661679277,36.0,6.853546910755148,22.0,0.9931818181818182,437.0,323,440,443,confirmatory_core__C_HL__efpb__1021,0,C_HL,1021,437,442,0,0.03,46.0,8.076923076923077,25.0,0.9977426636568849,442.0,43.654367029999776,3
1,surrogate,573,efpb,confirmatory_core,1.0,0.015422108711582394,38.0,7.024774774774775,22.0,1.0,444.0,322,444,418,confirmatory_core__C_HL__efpb__1022,0,C_HL,1022,444,418,0,0.04000000000000001,45.0,8.566985645933014,26.0,1.0,418.0,43.1529008550001,3
1,surrogate,578,efpb,confirmatory_core,0.999999964141257,0.010885998534319596,34.0,7.312896405919662,21.0,0.9978902953586498,473.0,318,474,402,confirmatory_core__C_HL__efpb__1023,0,C_HL,1023,473,401,0,0.04000000000000001,44.0,8.401496259351621,25.0,0.9975124378109452,401.0,45.15571231600006,3
1,surrogate,552,efpb,confirmatory_core,0.9999988706715665,0.015442343052272128,37.0,7.006382978723404,22.0,0.9978768577494692,470.0,317,471,405,confirmatory_core__C_HL__efpb__1024,0,C_HL,1024,470,405,0,0.01999999999999999,44.0,8.550617283950617,24.0,1.0,405.0,45.76594225300005,3
1,surrogate,548,efpb,confirmatory_core,0.9999986757808259,0.005777983014053384,50.0,6.9152892561983474,21.0,1.0,484.0,310,484,435,confirmatory_core__C_HL__efpb__1025,0,C_HL,1025,484,434,0,0.03,48.0,7.493087557603687,24.0,0.9977011494252873,434.0,47.301524476000395,3
1,surrogate,535,efpb,confirmatory_core,0.9999987681725346,0.009932285115303988,39.0,6.851111111111111,21.0,0.9977827050997783,450.0,317,451,424,confirmatory_core__C_HL__efpb__1026,0,C_HL,1026,450,424,0,0.03,42.0,7.84433962264151,24.0,1.0,424.0,44.723252351000156,3
1,surrogate,570,efpb,confirmatory_core,0.9999936002096127,0.013331406612932584,36.0,6.899521531100478,21.0,0.990521327014218,418.0,319,422,449,confirmatory_core__C_HL__efpb__1027,0,C_HL,1027,418,447,0,0.04000000000000001,37.0,8.232662192393736,25.0,0.9955456570155902,447.0,43.41583878699976,3
1,surrogate,573,efpb,confirmatory_core,0.9999966349890953,0.007307900958068922,27.0,6.983157894736842,21.0,0.9916492693110647,475.0,321,479,425,confirmatory_core__C_HL__efpb__1028,0,C_HL,1028,475,423,0,0.03,51.0,7.713947990543735,24.0,0.9952941176470588,423.0,46.500328088999595,3
1,surrogate,558,efpb,confirmatory_core,1.0,0.014295587202783275,34.0,6.48590021691974,20.0,1.0,461.0,320,461,414,confirmatory_core__C_HL__efpb__1029,0,C_HL,1029,461,414,0,0.04999999999999999,45.0,7.915458937198068,25.0,1.0,414.0,42.09957027700011,3
1,surrogate,591,efpb,confirmatory_core,0.9999880271066306,0.01165498640842677,37.0,7.373853211009174,22.0,1.0,436.0,325,436,435,confirmatory_core__C_HL__efpb__1030,0,C_HL,1030,436,432,0,0.04000000000000001,61.0,8.539351851851851,26.0,0.993103448275862,432.0,42.65450355599978,3
1,surrogate,568,equal_bargaining,confirmatory_core,1.0,0.007028972554097068,27.0,7.633405639913232,23.0,1.0,461.0,323,461,449,confirmatory_core__C_HL__equal_bargaining__1001,0,C_HL,1001,461,449,0,0.0,40.0,8.33630289532294,23.0,1.0,449.0,33.29264511400015,3
1,surrogate,562,equal_bargaining,confirmatory_core,1.0,0.0001432468216114452,40.0,7.29490022172949,24.0,1.0,451.0,320,451,417,confirmatory_core__C_HL__equal_bargaining__1002,0,C_HL,1002,451,417,0,0.010000000000000009,40.0,7.280575539568345,25.0,1.0,417.0,36.37872596999978,3
1,surrogate,554,equal_bargaining,confirmatory_core,0.9999939631753697,0.0005800678802838632,28.0,7.20086393088553,23.0,1.0,463.0,308,463,408,confirmatory_core__C_HL__equal_bargaining__1003,0,C_HL,1003,463,406,0,0.009999999999999981,40.0,7.142857142857143,24.0,0.9950980392156863,406.0,33.41873189099988,3
1,surrogate,554,equal_bargaining,confirmatory_core,0.9999990484943637,0.006801217038539545,29.0,7.155172413793103,24.0,0.9957081545064378,464.0,322,466,426,confirmatory_core__C_HL__equal_bargaining__1004,0,C_HL,1004,464,425,0,0.009999999999999981,32.0,7.8352941176470585,23.0,0.9976525821596244,425.0,34.349315695000314,3
1,surrogate,533,equal_bargaining,confirmatory_core,1.0,0.013045844269466311,26.0,6.464444444444444,22.0,1.0,450.0,320,450,381,confirmatory_core__C_HL__equal_bargaining__1005,0,C_HL,1005,450,381,0,0.01999999999999999,41.0,7.769028871391076,24.0,1.0,381.0,33.36014282799988,3
1,surrogate,564,equal_bargaining,confirmatory_core,1.0,0.003995192307692297,28.0,8.1125,24.0,1.0,480.0,319,480,416,confirmatory_core__C_HL__equal_bargaining__1006,0,C_HL,1006,480,416,0,0.010000000000000009,34.0,8.51201923076923,25.0,1.0,416.0,36.64190649600005,3
1,surrogate,576,equal_bargaining,confirmatory_core,0.9999820457116183,0.000999644543746514,26.0,7.821276595744681,23.0,0.9915611814345991,470.0,321,474,419,confirmatory_core__C_HL__equal_bargaining__1007,0,C_HL,1007,470,419,0,0.009999999999999981,37.0,7.921241050119332,24.0,1.0,419.0,36.794410867999886,3
1,surrogate,592,equal_bargaining,confirmatory_core,0.9999987057395274,0.013617628836684978,29.0,7.376278118609407,23.0,1.0,489.0,329,489,440,confirmatory_core__C_HL__equal_bargaining__1008,0,C_HL,1008,489,439,0,0.009999999999999981,34.0,8.738041002277905,24.0,0.9977272727272727,439.0,35.99396025000033,3
1,surrogate,593,equal_bargaining,confirmatory_core,0.9999988003407032,0.0029557275541795686,28.0,7.697368421052632,23.0,0.9978118161925602,456.0,323,457,425,confirmatory_core__C_HL__equal_bargaining__1009,0,C_HL,1009,456,425,0,0.0,34.0,7.992941176470588,23.0,1.0,425.0,33.48300914099991,3
1,surrogate,587,equal_bargaining,confirmatory_core,0.9999946416610849,0.0014062499999999978,28.0,8.0,24.0,0.9953810623556582,431.0,314,433,448,confirmatory_core__C_HL__equal_bargaining__1010,0,C_HL,1010,431,448,0,0.010000000000000009,35.0,7.859375,25.0,1.0,448.0,35.55890397799976,3
1,surrogate,600,equal_bargaining,confirmatory_core,0.9999999971389781,0.00163485664043235,35.0,8.099547511312217,23.0,0.9977426636568849,442.0,331,443,423,confirmatory_core__C_HL__equal_bargaining__1011,0,C_HL,1011,442,422,0,0.01999999999999999,42.0,8.263033175355451,25.0,0.9976359338061466,422.0,36.752516418999676,3
1,surrogate,573,equal_bargaining,confirmatory_core,0.9999991738008094,0.011233716105374908,27.0,8.03941908713693,23.0,0.9958677685950413,482.0,327,484,431,confirmatory_core__C_HL__equal_bargaining__1012,0,C_HL,1012,482,430,0,0.03,40.0,9.162790697674419,26.0,0.9976798143851509,430.0,34.70763881399989,3
1,surrogate,569,equal_bargaining,confirmatory_core,0.9999896345426771,0.00043340946228749566,36.0,7.668112798264642,24.0,0.9913978494623656,461.0,324,465,455,confirmatory_core__C_HL__equal_bargaining__1013,0,C_HL,1013,461,454,0,0.010000000000000009,38.0,7.711453744493392,25.0,0.9978021978021978,454.0,35.14926225699992,3
1,surrogate,554,equal_bargaining,confirmatory_core,0.9999987289805152,0.0036878394385713997,26.0,6.794582392776523,22.0,0.9977477477477478,443.0,317,444,404,confirmatory_core__C_HL__equal_bargaining__1014,0,C_HL,1014,443,404,0,0.010000000000000009,35.0,7.163366336633663,23.0,1.0,404.0,34.79204236299984,3
1,surrogate,579,equal_bargaining,confirmatory_core,1.0,0.0023750448925144996,33.0,7.575280898876405,24.0,1.0,445.0,318,445,438,confirmatory_core__C_HL__equal_bargaining__1015,0,C_HL,1015,445,438,0,0.009999999999999981,39.0,7.812785388127854,23.0,1.0,438.0,34.277314538000155,3
1,surrogate,559,equal_bargaining,confirmatory_core,0.9999809313145952,0.0013772364078513122,27.0,7.896929824561403,22.0,0.991304347826087,456.0,318,460,404,confirmatory_core__C_HL__equal_bargaining__1016,0,C_HL,1016,456,404,0,0.01999999999999999,33.0,8.034653465346535,24.0,1.0,404.0,35.15994097199973,3
1,surrogate,587,equal_bargaining,confirmatory_core,1.0,0.00563619010005266,33.0,7.784722222222222,24.0,1.0,432.0,315,432,422,confirmatory_core__C_HL__equal_bargaining__1017,0,C_HL,1017,432,422,0,0.0,37.0,8.348341232227488,24.0,1.0,422.0,32.990049118000115,3
1,surrogate,590,equal_bargaining,confirmatory_core,0.9999985519041011,0.013735297879415756,27.0,7.1252653927813165,23.0,1.0,471.0,321,471,416,confirmatory_core__C_HL__equal_bargaining__1018,0,C_HL,1018,471,415,0,0.0,41.0,8.498795180722892,23.0,0.9975961538461539,415.0,35.104881431000194,3
1,surrogate,582,equal_bargaining,confirmatory_core,0.9999941373043325,0.012979817874272992,28.0,7.592233009708738,23.0,0.9951690821256038,412.0,312,414,419,confirmatory_core__C_HL__equal_bargaining__1019,0,C_HL,1019,412,419,0,0.01999999999999999,35.0,8.890214797136037,25.0,1.0,419.0,33.23392563900006,3
1,surrogate,582,equal_bargaining,confirmatory_core,0.9999988312650621,0.0010434704184704158,40.0,8.235930735930737,25.0,0.9978401727861771,462.0,319,463,432,confirmatory_core__C_HL__equal_bargaining__1020,0,C_HL,1020,462,432,0,0.0,35.0,8.340277777777779,25.0,1.0,432.0,35.33901394700024,3
1,surrogate,578,equal_bargaining,confirmatory_core,0.9999947521808094,0.0018779833707818633,26.0,7.798627002288329,23.0,0.9931818181818182,437.0,323,440,443,confirmatory_core__C_HL__equal_bargaining__1021,0,C_HL,1021,437,442,0,0.009999999999999981,42.0,7.986425339366516,24.0,0.9977426636568849,442.0,34.68062107600008,3
1,surrogate,563,equal_bargaining,confirmatory_core,1.0,0.012505819216345526,32.0,7.1824324324324325,22.0,1.0,444.0,317,444,418,confirmatory_core__C_HL__equal_bargaining__1022,0,C_HL,1022,444,418,0,0.01999999999999999,42.0,8.433014354066986,24.0,1.0,418.0,33.913902592999875,3
1,surrogate,581,equal_bargaining,confirmatory_core,0.999999964141257,0.0035827977624648677,26.0,7.828752642706131,23.0,0.9978902953586498,473.0,316,474,402,confirmatory_core__C_HL__equal_bargaining__1023,0,C_HL,1023,473,401,0,0.009999999999999981,40.0,8.187032418952619,24.0,0.9975124378109452,401.0,35.37963788499974,3
1,surrogate,567,equal_bargaining,confirmatory_core,0.9999988706715665,0.004459416863672197,27.0,8.117021276595745,22.0,0.9978768577494692,470.0,320,471,405,confirmatory_core__C_HL__equal_bargaining__1024,0,C_HL,1024,470,405,0,0.03,41.0,8.562962962962963,25.0,1.0,405.0,37.38193087100035,3
1,surrogate,547,equal_bargaining,confirmatory_core,0.9999986757808259,0.0056082187607114226,27.0,7.24793388429752,23.0,1.0,484.0,309,484,435,confirmatory_core__C_HL__equal_bargaining__1025,0,C_HL,1025,484,434,0,0.009999999999999981,29.0,7.808755760368664,24.0,0.9977011494252873,434.0,33.19644923499982,3
1,surrogate,568,equal_bargaining,confirmatory_core,0.9999987681725346,0.006629350104821796,30.0,7.195555555555556,22.0,0.9977827050997783,450.0,319,451,424,confirmatory_core__C_HL__equal_bargaining__1026,0,C_HL,1026,450,424,0,0.01999999999999999,37.0,7.8584905660377355,24.0,1.0,424.0,33.61266254200018,3
1,surrogate,591,equal_bargaining,confirmatory_core,0.9999936002096127,0.008314280209370278,36.0,7.839712918660287,23.0,0.990521327014218,418.0,322,422,449,confirmatory_core__C_HL__equal_bargaining__1027,0,C_HL,1027,418,447,0,0.01999999999999999,37.0,8.671140939597315,25.0,0.9955456570155902,447.0,35.53904627199972,3
1,surrogate,599,equal_bargaining,confirmatory_core,0.9999901319468353,0.001234453781512601,29.0,8.36344537815126,24.0,0.9937369519832986,476.0,324,479,425,confirmatory_core__C_HL__equal_bargaining__1028,0,C_HL,1028,476,425,0,0.0,37.0,8.24,24.0,1.0,425.0,36.14855390999992,3
1,surrogate,565,equal_bargaining,confirmatory_core,1.0,0.004001540444528259,39.0,7.737527114967462,23.0,1.0,461.0,318,461,414,confirmatory_core__C_HL__equal_bargaining__1029,0,C_HL,1029,461,414,0,0.01999999999999999,40.0,8.13768115942029,25.0,1.0,414.0,33.29013658799977,3
1,surrogate,601,equal_bargaining,confirmatory_core,0.9999880271066306,0.005895557254502207,27.0,7.922018348623853,23.0,1.0,436.0,326,436,435,confirmatory_core__C_HL__equal_bargaining__1030,0,C_HL,1030,436,432,0,0.009999999999999981,40.0,8.511574074074074,24.0,0.993103448275862,432.0,36.54795177699998,3
1,surrogate,280,fixed_time,confirmatory_core,0.9999416646256613,0.14586555897193315,73.0,33.64459161147903,70.0,0.982646420824295,453.0,140,461,449,confirmatory_core__C_HL__fixed_time__1001,0,C_HL,1001,453,448,0,0.16999999999999993,59.0,19.058035714285715,53.0,0.9977728285077951,448.0,1.1197191930000372,3
1,surrogate,280,fixed_time,confirmatory_core,0.9999801592222416,0.15781082516537107,73.0,33.77628635346756,70.0,0.991130820399113,447.0,140,451,417,confirmatory_core__C_HL__fixed_time__1002,0,C_HL,1002,447,417,0,0.15999999999999992,59.0,17.995203836930454,54.0,1.0,417.0,1.0564580679997562,3
1,surrogate,280,fixed_time,confirmatory_core,0.9999964602999417,0.1581710615280595,73.0,33.627450980392155,69.0,0.9913606911447084,459.0,140,463,408,confirmatory_core__C_HL__fixed_time__1003,0,C_HL,1003,459,406,0,0.1499999999999999,59.0,17.810344827586206,54.0,0.9950980392156863,406.0,1.1050042450001456,3
1,surrogate,280,fixed_time,confirmatory_core,0.9999901701624994,0.13725006366182838,73.0,33.807359307359306,69.0,0.9914163090128756,462.0,140,466,426,confirmatory_core__C_HL__fixed_time__1004,0,C_HL,1004,462,425,0,0.16999999999999993,59.0,20.08235294117647,52.0,0.9976525821596244,425.0,1.0937932580000052,3
1,surrogate,280,fixed_time,confirmatory_core,0.9999687909618625,0.14016473502609927,73.0,33.35505617977528,70.0,0.9888888888888889,445.0,140,450,381,confirmatory_core__C_HL__fixed_time__1005,0,C_HL,1005,445,381,0,0.15999999999999992,59.0,19.338582677165356,54.0,1.0,381.0,1.0905829120001727,3
1,surrogate,280,fixed_time,confirmatory_core,0.999984331975947,0.14477679707621988,73.0,33.92050209205021,69.0,0.9958333333333333,478.0,140,480,416,confirmatory_core__C_HL__fixed_time__1006,0,C_HL,1006,478,411,0,0.16999999999999993,59.0,19.442822384428222,52.0,0.9879807692307693,411.0,1.1507238789999974,3
1,surrogate,280,fixed_time,confirmatory_core,0.9999975246962807,0.15261703223149004,73.0,33.837606837606835,69.0,0.9873417721518988,468.0,140,474,419,confirmatory_core__C_HL__fixed_time__1007,0,C_HL,1007,468,415,0,0.15999999999999992,59.0,18.575903614457832,53.0,0.9904534606205251,415.0,1.087567797000247,3
1,surrogate,280,fixed_time,confirmatory_core,0.9999864478364722,0.16172595319384309,85.0,35.016632016632016,70.0,0.983640081799591,481.0,140,489,440,confirmatory_core__C_HL__fixed_time__1008,0,C_HL,1008,481,436,0,0.16999999999999993,59.0,18.844036697247706,53.0,0.990909090909091,436.0,1.067831828999715,3
1,surrogate,280,fixed_time,confirmatory_core,0.9999572308312695,0.12984245283018866,73.0,32.68,70.0,0.9846827133479212,450.0,140,457,425,confirmatory_core__C_HL__fixed_time__1009,0,C_HL,1009,450,424,0,0.15999999999999992,59.0,19.69575471698113,54.0,0.9976470588235294,424.0,1.103558441000132,3
1,surrogate,280,fixed_time,confirmatory_core,0.9999872544710053,0.1413288420435019,73.0,33.348130841121495,67.0,0.9884526558891455,428.0,140,433,448,confirmatory_core__C_HL__fixed_time__1010,0,C_HL,1010,428,446,0,0.13,59.0,19.2152466367713,54.0,0.9955357142857143,446.0,1.098472301000129,3
1,surrogate,280,fixed_time,confirmatory_core,0.9999999885027175,0.1519162344272626,73.0,33.816326530612244,69.0,0.9954853273137697,441.0,140,443,423,confirmatory_core__C_HL__fixed_time__1011,0,C_HL,1011,441,421,0,0.15999999999999992,58.0,18.624703087885987,53.0,0.9952718676122931,421.0,1.1081650989999616,3
1,surrogate,280,fixed_time,confirmatory_core,0.9999998528288607,0.14858491849146052,73.0,32.727650727650726,68.0,0.993801652892562,481.0,140,484,431,confirmatory_core__C_HL__fixed_time__1012,0,C_HL,1012,481,428,0,0.15000000000000002,59.0,17.869158878504674,53.0,0.9930394431554525,428.0,1.1568292020001536,3
1,surrogate,280,fixed_time,confirmatory_core,0.9999896345426771,0.15759969229887147,73.0,34.28199566160521,71.0,0.9913978494623656,461.0,140,465,455,confirmatory_core__C_HL__fixed_time__1013,0,C_HL,1013,461,454,0,0.17999999999999994,59.0,18.52202643171806,53.0,0.9978021978021978,454.0,1.100689706999674,3
1,surrogate,280,fixed_time,confirmatory_core,0.9999958240424498,0.16165049751243776,73.0,35.175,70.0,0.990990990990991,440.0,140,444,404,confirmatory_core__C_HL__fixed_time__1014,0,C_HL,1014,440,402,0,0.18999999999999995,59.0,19.00995024875622,51.0,0.995049504950495,402.0,1.1074153059998935,3
1,surrogate,280,fixed_time,confirmatory_core,0.9999796181459648,0.1320134811915634,75.0,33.93650793650794,71.0,0.9910112359550561,441.0,140,445,438,confirmatory_core__C_HL__fixed_time__1015,0,C_HL,1015,441,438,0,0.15999999999999992,59.0,20.735159817351597,55.0,1.0,438.0,1.1741772420000416,3
1,surrogate,280,fixed_time,confirmatory_core,0.9999902177649395,0.1252568455879152,73.0,31.587719298245613,69.0,0.991304347826087,456.0,140,460,404,confirmatory_core__C_HL__fixed_time__1016,0,C_HL,1016,456,403,0,0.15999999999999992,59.0,19.062034739454095,53.0,0.9975247524752475,403.0,1.0815642490001665,3
1,surrogate,280,fixed_time,confirmatory_core,0.9999783671526846,0.13573504008504225,73.0,32.16355140186916,69.0,0.9907407407407407,428.0,140,432,422,confirmatory_core__C_HL__fixed_time__1017,0,C_HL,1017,428,422,0,0.1499999999999999,59.0,18.59004739336493,54.0,1.0,422.0,1.0748698229999718,3
1,surrogate,280,fixed_time,confirmatory_core,0.9999897927937124,0.1517280982905983,73.0,32.96367521367522,69.0,0.9936305732484076,468.0,140,471,416,confirmatory_core__C_HL__fixed_time__1018,0,C_HL,1018,468,416,0,0.16999999999999993,59.0,17.790865384615383,52.0,1.0,416.0,1.102586581000196,3
1,surrogate,280,fixed_time,confirmatory_core,0.9999939383316363,0.13108855354740595,82.0,33.05609756097561,70.0,0.9903381642512077,410.0,140,414,419,confirmatory_core__C_HL__fixed_time__1019,0,C_HL,1019,410,417,0,0.16999999999999993,59.0,19.94724220623501,53.0,0.9952267303102625,417.0,1.0751340870001513,3
1,surrogate,280,fixed_time,confirmatory_core,0.9999999757624205,0.14666226100993798,73.0,33.21041214750542,70.0,0.9956803455723542,461.0,140,463,432,confirmatory_core__C_HL__fixed_time__1020,0,C_HL,1020,461,430,0,0.15999999999999992,59.0,18.544186046511626,54.0,0.9953703703703703,430.0,1.1012181330002022,3
1,surrogate,280,fixed_time,confirmatory_core,0.9999879761656915,0.13214495182237118,78.0,32.8963133640553,69.0,0.9863636363636363,434.0,140,440,443,confirmatory_core__C_HL__fixed_time__1021,0,C_HL,1021,434,440,0,0.1499999999999999,59.0,19.681818181818183,54.0,0.9932279909706546,440.0,1.0718729999998686,3
1,surrogate,280,fixed_time,confirmatory_core,0.9999800647113931,0.11899455378749393,73.0,32.54214123006834,68.0,0.9887387387387387,439.0,140,444,418,confirmatory_core__C_HL__fixed_time__1022,0,C_HL,1022,439,417,0,0.15000000000000002,59.0,20.642685851318944,53.0,0.9976076555023924,417.0,1.093308296000032,3
1,surrogate,280,fixed_time,confirmatory_core,0.9999145169510645,0.1475995140388769,73.0,32.85745140388769,68.0,0.9767932489451476,463.0,140,474,402,confirmatory_core__C_HL__fixed_time__1023,0,C_HL,1023,463,400,0,0.14,59.0,18.0975,54.0,0.9950248756218906,400.0,1.1372986960000162,3
1,surrogate,280,fixed_time,confirmatory_core,0.9999954730852283,0.1583250941061886,86.0,34.3411513859275,68.0,0.9957537154989384,469.0,140,471,405,confirmatory_core__C_HL__fixed_time__1024,0,C_HL,1024,469,405,0,0.17000000000000004,59.0,18.50864197530864,51.0,1.0,405.0,1.081532430000152,3
1,surrogate,280,fixed_time,confirmatory_core,0.9999993525121003,0.1460685734588737,87.0,32.69230769230769,68.0,0.993801652892562,481.0,140,484,435,confirmatory_core__C_HL__fixed_time__1025,0,C_HL,1025,481,433,0,0.16000000000000003,59.0,18.085450346420323,52.0,0.9954022988505747,433.0,1.0922881599999528,3
1,surrogate,280,fixed_time,confirmatory_core,0.9999984270059771,0.1615429173249078,73.0,34.388888888888886,70.0,0.9977827050997783,450.0,140,451,424,confirmatory_core__C_HL__fixed_time__1026,0,C_HL,1026,450,422,0,0.17999999999999994,58.0,18.234597156398106,52.0,0.9952830188679245,422.0,1.0612964799997826,3
1,surrogate,280,fixed_time,confirmatory_core,0.9999285241549853,0.11499892167011733,73.0,31.26328502415459,68.0,0.981042654028436,414.0,140,422,449,confirmatory_core__C_HL__fixed_time__1027,0,C_HL,1027,414,448,0,0.14,59.0,19.763392857142858,54.0,0.9977728285077951,448.0,1.1252450350002619,3
1,surrogate,280,fixed_time,confirmatory_core,0.9999916587464429,0.13241703324655119,73.0,32.87763713080169,69.0,0.9895615866388309,474.0,140,479,425,confirmatory_core__C_HL__fixed_time__1028,0,C_HL,1028,474,423,0,0.15999999999999992,59.0,19.63593380614657,53.0,0.9952941176470588,423.0,1.1135146790002182,3
1,surrogate,280,fixed_time,confirmatory_core,0.9999921823996633,0.13531675083270653,73.0,34.70484581497797,70.0,0.9848156182212582,454.0,140,461,414,confirmatory_core__C_HL__fixed_time__1029,0,C_HL,1029,454,410,0,0.15999999999999992,59.0,21.173170731707316,54.0,0.9903381642512077,410.0,1.0977451860003384,3
1,surrogate,280,fixed_time,confirmatory_core,0.9999986387842857,0.16150308375709319,73.0,34.108545034642034,69.0,0.9931192660550459,433.0,140,436,435,confirmatory_core__C_HL__fixed_time__1030,0,C_HL,1030,433,431,0,0.15999999999999992,59.0,17.958236658932716,53.0,0.9908045977011494,431.0,1.095220554000207,3
1,surrogate,668,efficiency,confirmatory_core,0.9999997306999379,0.008833736668761333,48.0,9.332618025751072,26.0,1.0,466.0,340,466,964,confirmatory_core__C_HM__efficiency__1001,0,C_HM,1001,466,963,0,0.010000000000000009,49.0,10.215991692627206,27.0,0.9989626556016598,963.0,1.0502119390002917,3
1,surrogate,664,efficiency,confirmatory_core,0.9999999944103105,0.0036785781397550565,55.0,9.839729119638827,26.0,0.9977477477477478,443.0,340,444,951,confirmatory_core__C_HM__efficiency__1002,0,C_HM,1002,443,949,0,0.020000000000000018,55.0,10.207586933614332,28.0,0.9978969505783386,949.0,1.101016628999787,3
1,surrogate,668,efficiency,confirmatory_core,0.999999653980171,0.0006137804832153926,45.0,9.957589285714286,26.0,0.9977728285077951,448.0,341,449,950,confirmatory_core__C_HM__efficiency__1003,0,C_HM,1003,448,949,0,0.0,50.0,10.018967334035827,26.0,0.9989473684210526,949.0,1.1060055640000428,3
1,surrogate,653,efficiency,confirmatory_core,1.0,0.003187121507997423,44.0,9.597430406852249,26.0,1.0,467.0,340,467,954,confirmatory_core__C_HM__efficiency__1004,0,C_HM,1004,467,954,0,0.010000000000000009,54.0,9.916142557651991,27.0,1.0,954.0,1.0558145519999016,3
1,surrogate,662,efficiency,confirmatory_core,0.9999971055130321,0.002101318157497936,46.0,9.701123595505617,27.0,0.9955257270693513,445.0,342,447,925,confirmatory_core__C_HM__efficiency__1005,0,C_HM,1005,445,924,0,0.010000000000000009,57.0,9.91125541125541,26.0,0.9989189189189189,924.0,1.1138926230000834,3
1,surrogate,660,efficiency,confirmatory_core,0.9999974345364977,0.0032063230886760358,43.0,9.848351648351649,26.0,1.0,455.0,339,455,938,confirmatory_core__C_HM__efficiency__1006,0,C_HM,1006,455,935,0,0.010000000000000009,52.0,10.168983957219252,27.0,0.9968017057569296,935.0,1.0713568430001033,3
1,surrogate,654,efficiency,confirmatory_core,0.9999995694872297,0.0018577075098814289,43.0,9.785547785547786,27.0,0.9953596287703016,429.0,339,431,900,confirmatory_core__C_HM__efficiency__1007,0,C_HM,1007,429,897,0,0.010000000000000009,49.0,9.599777034559644,26.0,0.9966666666666667,897.0,1.0550067969998054,3
1,surrogate,647,efficiency,confirmatory_core,0.9999951161680478,0.008865871930167399,39.0,9.372549019607844,26.0,1.0,510.0,342,510,907,confirmatory_core__C_HM__efficiency__1008,0,C_HM,1008,510,903,0,0.010000000000000009,64.0,10.259136212624584,27.0,0.9955898566703418,903.0,1.2279857730000003,3
1,surrogate,656,efficiency,confirmatory_core,1.0,0.005312095061550642,39.0,9.39874739039666,25.0,1.0,479.0,341,479,928,confirmatory_core__C_HM__efficiency__1009,0,C_HM,1009,479,928,0,0.020000000000000018,48.0,9.929956896551724,27.0,1.0,928.0,1.346602485999938,3
1,surrogate,654,efficiency,confirmatory_core,0.9999988778380878,0.0019905279254485986,54.0,9.472647702407002,26.0,1.0,457.0,340,457,945,confirmatory_core__C_HM__efficiency__1010,0,C_HM,1010,457,943,0,0.0,58.0,9.273594909862142,26.0,0.9978835978835979,943.0,1.0391986370004815,3
1,surrogate,658,efficiency,confirmatory_core,0.9999931711025273,0.0007290969899665517,55.0,9.866666666666667,28.0,0.9914712153518124,465.0,340,469,900,confirmatory_core__C_HM__efficiency__1011,0,C_HM,1011,465,897,0,0.010000000000000009,56.0,9.793756967670012,27.0,0.9966666666666667,897.0,1.0971410820002347,3
1,surrogate,649,efficiency,confirmatory_core,0.9999997419144276,0.0030715895181929465,47.0,9.731501057082452,26.0,0.9978902953586498,473.0,341,474,913,confirmatory_core__C_HM__efficiency__1012,0,C_HM,1012,473,912,0,0.010000000000000009,50.0,9.424342105263158,27.0,0.9989047097480832,912.0,1.082472616999894,3
1,surrogate,642,efficiency,confirmatory_core,0.9999927104961841,0.0026373300134073935,68.0,9.539130434782608,26.0,0.9935205183585313,460.0,340,463,909,confirmatory_core__C_HM__efficiency__1013,0,C_HM,1013,460,908,0,0.010000000000000009,69.0,9.802863436123348,27.0,0.9988998899889989,908.0,1.0686336779999692,3
1,surrogate,661,efficiency,confirmatory_core,0.999998841307839,0.0008189655172413934,49.0,9.443965517241379,26.0,1.0,464.0,336,464,930,confirmatory_core__C_HM__efficiency__1014,0,C_HM,1014,464,928,0,0.010000000000000009,52.0,9.525862068965518,27.0,0.9978494623655914,928.0,1.086813766999967,3
1,surrogate,655,efficiency,confirmatory_core,0.9999952946047939,0.006637871853546903,50.0,9.48512585812357,25.0,1.0,437.0,342,437,924,confirmatory_core__C_HM__efficiency__1015,0,C_HM,1015,437,920,0,0.020000000000000018,54.0,10.148913043478261,27.0,0.9956709956709957,920.0,1.0620144039999104,3
1,surrogate,658,efficiency,confirmatory_core,0.9999974724624787,0.009420576440059406,40.0,9.31590413943355,25.0,1.0,459.0,340,459,945,confirmatory_core__C_HM__efficiency__1016,0,C_HM,1016,459,942,0,0.030000000000000027,58.0,10.257961783439491,28.0,0.9968253968253968,942.0,1.055183224000757,3
1,surrogate,665,efficiency,confirmatory_core,0.9999984593594641,0.005560732199856699,66.0,9.927058823529412,30.0,0.9953161592505855,425.0,338,427,905,confirmatory_core__C_HM__efficiency__1017,0,C_HM,1017,425,903,0,0.03999999999999998,46.0,9.370985603543742,26.0,0.9977900552486187,903.0,1.0886479010005132,3
1,surrogate,677,efficiency,confirmatory_core,0.999997509553629,0.0007716460851754092,46.0,10.487640449438203,27.0,1.0,445.0,340,445,952,confirmatory_core__C_HM__efficiency__1018,0,C_HM,1018,445,949,0,0.0,67.0,10.564805057955743,27.0,0.9968487394957983,949.0,1.103343415999916,3
1,surrogate,666,efficiency,confirmatory_core,0.9999966204396723,0.0025816599680227315,54.0,9.713603818615752,26.0,0.995249406175772,419.0,338,421,922,confirmatory_core__C_HM__efficiency__1019,0,C_HM,1019,419,921,0,0.010000000000000009,68.0,9.971769815418025,27.0,0.9989154013015185,921.0,1.0755556260000958,3
1,surrogate,652,efficiency,confirmatory_core,0.9999987817313303,0.000537962315134255,29.0,9.698689956331878,25.0,1.0,458.0,341,458,907,confirmatory_core__C_HM__efficiency__1020,0,C_HM,1020,458,905,0,0.020000000000000018,55.0,9.752486187845303,27.0,0.9977949283351709,905.0,1.0567154219997974,3
1,surrogate,645,efficiency,confirmatory_core,0.9999997143381129,0.0011389460212989644,40.0,9.508547008547009,26.0,1.0,468.0,340,468,936,confirmatory_core__C_HM__efficiency__1021,0,C_HM,1021,468,935,0,0.0,60.0,9.394652406417112,26.0,0.9989316239316239,935.0,1.0845769239999754,3
1,surrogate,662,efficiency,confirmatory_core,0.9999853204544787,0.0035328449328449474,52.0,9.45111111111111,26.0,1.0,450.0,336,450,917,confirmatory_core__C_HM__efficiency__1022,0,C_HM,1022,450,910,0,0.0,55.0,9.804395604395605,26.0,0.9923664122137404,910.0,1.0652652459998535,3
1,surrogate,671,efficiency,confirmatory_core,0.9999983688951485,0.0053663978114239785,50.0,9.977477477477477,26.0,0.9932885906040269,444.0,339,447,959,confirmatory_core__C_HM__efficiency__1023,0,C_HM,1023,444,955,0,0.0,69.0,9.440837696335079,26.0,0.9958289885297185,955.0,1.0554048519998105,3
1,surrogate,675,efficiency,confirmatory_core,0.9999937562842999,0.0010329709192139908,54.0,9.402714932126697,27.0,1.0,442.0,338,442,1003,confirmatory_core__C_HM__efficiency__1024,0,C_HM,1024,442,998,0,0.010000000000000009,49.0,9.506012024048097,26.0,0.9950149551345963,998.0,1.0696080499992604,3
1,surrogate,647,efficiency,confirmatory_core,0.9999997173673789,0.003945705620146137,55.0,9.578833693304535,26.0,1.0,463.0,342,463,941,confirmatory_core__C_HM__efficiency__1025,0,C_HM,1025,463,940,0,0.010000000000000009,46.0,9.97340425531915,27.0,0.9989373007438895,940.0,1.070566016000157,3
1,surrogate,663,efficiency,confirmatory_core,0.9999958960460373,0.005358006352265243,58.0,9.84133611691023,27.0,0.9917184265010351,479.0,340,483,940,confirmatory_core__C_HM__efficiency__1026,0,C_HM,1026,479,936,0,0.0,57.0,10.377136752136753,27.0,0.9957446808510638,936.0,1.0852827520002393,3
1,surrogate,651,efficiency,confirmatory_core,0.9999996002798208,0.006701615424174898,60.0,8.667396061269146,25.0,0.9978165938864629,457.0,339,458,871,confirmatory_core__C_HM__efficiency__1027,0,C_HM,1027,457,868,0,0.010000000000000009,47.0,9.337557603686635,26.0,0.9965556831228473,868.0,1.1085392260001754,3
1,surrogate,651,efficiency,confirmatory_core,0.9999988658556778,0.0015583307950045727,66.0,9.575510204081633,26.0,1.0,490.0,341,490,940,confirmatory_core__C_HM__efficiency__1028,0,C_HM,1028,490,938,0,0.0,48.0,9.73134328358209,26.0,0.997872340425532,938.0,1.0949304779996964,3
1,surrogate,646,efficiency,confirmatory_core,0.9999973387976687,0.00436748893105629,69.0,9.161290322580646,26.0,1.0,465.0,343,465,921,confirmatory_core__C_HM__efficiency__1029,0,C_HM,1029,465,918,0,0.010000000000000009,62.0,9.598039215686274,27.0,0.996742671009772,918.0,1.0740987239996684,3
1,surrogate,663,efficiency,confirmatory_core,0.9999958435728648,0.0025474341706816644,54.0,9.81858407079646,26.0,1.0,452.0,337,452,983,confirmatory_core__C_HM__efficiency__1030,0,C_HM,1030,452,979,0,0.0,60.0,9.563840653728294,26.0,0.9959308240081384,979.0,1.1986588049999227,3
1,surrogate,702,efpb,confirmatory_core,0.9999996917832504,0.015313703815361943,52.0,11.021505376344086,28.0,0.9978540772532188,465.0,335,466,964,confirmatory_core__C_HM__efpb__1001,0,C_HM,1001,465,963,0,0.020000000000000018,44.0,9.490134994807892,26.0,0.9989626556016598,963.0,45.79953120100026,3
1,surrogate,702,efpb,confirmatory_core,0.9999955585412028,0.01808375429283561,51.0,11.00900900900901,29.0,1.0,444.0,334,444,951,confirmatory_core__C_HM__efpb__1002,0,C_HM,1002,444,947,0,0.02999999999999997,49.0,9.200633579725448,26.0,0.9957939011566772,947.0,45.02899107799976,3
1,surrogate,704,efpb,confirmatory_core,0.9999988896316019,0.019662940618157557,49.0,11.420935412026726,29.0,1.0,449.0,334,449,950,confirmatory_core__C_HM__efpb__1003,0,C_HM,1003,449,948,0,0.02999999999999997,43.0,9.45464135021097,26.0,0.9978947368421053,948.0,45.34652678999919,3
1,surrogate,692,efpb,confirmatory_core,1.0,0.014253565512504549,45.0,10.689507494646682,26.0,1.0,467.0,335,467,954,confirmatory_core__C_HM__efpb__1004,0,C_HM,1004,467,954,0,0.010000000000000009,50.0,9.264150943396226,25.0,1.0,954.0,46.137708940000266,3
1,surrogate,677,efpb,confirmatory_core,0.9999971055130321,0.016311153266209452,56.0,10.680898876404495,30.0,0.9955257270693513,445.0,336,447,925,confirmatory_core__C_HM__efpb__1005,0,C_HM,1005,445,924,0,0.03999999999999998,50.0,9.04978354978355,26.0,0.9989189189189189,924.0,45.68238847399971,3
1,surrogate,694,efpb,confirmatory_core,0.9999996388750894,0.02135866652500855,52.0,11.415011037527593,30.0,0.9956043956043956,453.0,333,455,938,confirmatory_core__C_HM__efpb__1006,0,C_HM,1006,453,935,0,0.04999999999999999,39.0,9.279144385026738,25.0,0.9968017057569296,935.0,43.8957554969993,3
1,surrogate,687,efpb,confirmatory_core,0.9999950397317486,0.018231298682466035,54.0,11.074245939675174,30.0,1.0,431.0,330,431,900,confirmatory_core__C_HM__efpb__1007,0,C_HM,1007,431,896,0,0.04999999999999999,41.0,9.251116071428571,25.0,0.9955555555555555,896.0,45.07268848300009,3
1,surrogate,680,efpb,confirmatory_core,0.9999919726601283,0.00986155089205773,46.0,10.229249011857707,28.0,0.9921568627450981,506.0,337,510,907,confirmatory_core__C_HM__efpb__1008,0,C_HM,1008,506,905,0,0.020000000000000018,44.0,9.243093922651934,26.0,0.9977949283351709,905.0,46.402290943000025,3
1,surrogate,671,efpb,confirmatory_core,0.9999997093890021,0.008014021480385478,40.0,10.035490605427976,26.0,1.0,479.0,336,479,928,confirmatory_core__C_HM__efpb__1009,0,C_HM,1009,479,927,0,0.010000000000000009,52.0,9.234088457389428,25.0,0.9989224137931034,927.0,46.6080602990005,3
1,surrogate,704,efpb,confirmatory_core,0.9999972324301799,0.029366292605699396,53.0,11.975824175824176,33.0,0.9956236323851203,455.0,335,457,945,confirmatory_core__C_HM__efpb__1010,0,C_HM,1010,455,944,0,0.08000000000000002,44.0,9.039194915254237,25.0,0.9989417989417989,944.0,45.661005527999805,3
1,surrogate,669,efpb,confirmatory_core,0.9999931711025273,0.021241126335095478,51.0,11.20215053763441,27.0,0.9914712153518124,465.0,334,469,900,confirmatory_core__C_HM__efpb__1011,0,C_HM,1011,465,897,0,0.020000000000000018,50.0,9.07803790412486,25.0,0.9966666666666667,897.0,46.44870527400053,3
1,surrogate,695,efpb,confirmatory_core,0.9999997419144276,0.015262740625347701,41.0,11.177589852008456,27.0,0.9978902953586498,473.0,336,474,913,confirmatory_core__C_HM__efpb__1012,0,C_HM,1012,473,912,0,0.020000000000000018,41.0,9.651315789473685,25.0,0.9989047097480832,912.0,46.65634402100022,3
1,surrogate,675,efpb,confirmatory_core,0.999999697106458,0.024015684912607874,54.0,11.354211663066955,32.0,1.0,463.0,336,463,909,confirmatory_core__C_HM__efpb__1013,0,C_HM,1013,463,908,0,0.07,39.0,8.952643171806168,25.0,0.9988998899889989,908.0,45.79111330500018,3
1,surrogate,671,efpb,confirmatory_core,0.9999894207492617,0.009171664167916066,48.0,10.141304347826088,27.0,0.9913793103448276,460.0,331,464,930,confirmatory_core__C_HM__efpb__1014,0,C_HM,1014,460,928,0,0.010000000000000009,42.0,9.224137931034482,26.0,0.9978494623655914,928.0,45.03911806399992,3
1,surrogate,692,efpb,confirmatory_core,0.9999952946047939,0.014034324942791762,40.0,10.938215102974828,28.0,1.0,437.0,335,437,924,confirmatory_core__C_HM__efpb__1015,0,C_HM,1015,437,920,0,0.020000000000000018,43.0,9.534782608695652,26.0,0.9956709956709957,920.0,45.57699273900016,3
1,surrogate,702,efpb,confirmatory_core,0.9999974724624787,0.010895397083107841,42.0,10.472766884531591,26.0,1.0,459.0,335,459,945,confirmatory_core__C_HM__efpb__1016,0,C_HM,1016,459,942,0,0.0,50.0,9.383227176220807,26.0,0.9968253968253968,942.0,46.74561144300014,3
1,surrogate,693,efpb,confirmatory_core,0.9999967793186628,0.014474180114523685,52.0,10.67529411764706,27.0,0.9953161592505855,425.0,335,427,905,confirmatory_core__C_HM__efpb__1017,0,C_HM,1017,425,904,0,0.010000000000000009,40.0,9.22787610619469,26.0,0.9988950276243094,904.0,45.50771936599995,3
1,surrogate,697,efpb,confirmatory_core,0.9999796181459648,0.015102374283046532,50.0,10.596371882086167,26.0,0.9910112359550561,441.0,335,445,952,confirmatory_core__C_HM__efpb__1018,0,C_HM,1018,441,952,0,0.010000000000000009,49.0,9.086134453781513,25.0,1.0,952.0,45.135354637999626,3
1,surrogate,693,efpb,confirmatory_core,0.9999997055922748,0.021928916467435736,56.0,11.451306413301662,31.0,1.0,421.0,330,421,922,confirmatory_core__C_HM__efpb__1019,0,C_HM,1019,421,921,0,0.04999999999999999,49.0,9.258414766558088,26.0,0.9989154013015185,921.0,44.900580611000805,3
1,surrogate,685,efpb,confirmatory_core,0.9999997069678489,0.01215702754792991,49.0,10.321663019693654,25.0,0.9978165938864629,457.0,334,458,907,confirmatory_core__C_HM__efpb__1020,0,C_HM,1020,457,906,0,0.010000000000000009,38.0,9.105960264900663,26.0,0.9988974641675854,906.0,46.153882917000374,3
1,surrogate,700,efpb,confirmatory_core,0.9999997143381129,0.023612185200420494,44.0,11.260683760683762,29.0,1.0,468.0,333,468,936,confirmatory_core__C_HM__efpb__1021,0,C_HM,1021,468,935,0,0.03999999999999998,51.0,8.899465240641712,25.0,0.9989316239316239,935.0,45.95069840399992,3
1,surrogate,689,efpb,confirmatory_core,0.999992606646866,0.01811593528965466,50.0,11.129175946547884,29.0,0.9977777777777778,449.0,333,450,917,confirmatory_core__C_HM__efpb__1022,0,C_HM,1022,449,910,0,0.03999999999999998,45.0,9.317582417582418,25.0,0.9923664122137404,910.0,44.12335994099976,3
1,surrogate,699,efpb,confirmatory_core,0.9999798009382462,0.023166390874617776,51.0,11.611738148984198,29.0,0.9910514541387024,443.0,334,447,959,confirmatory_core__C_HM__efpb__1023,0,C_HM,1023,443,959,0,0.02999999999999997,41.0,9.29509906152242,26.0,1.0,959.0,47.16687798699968,3
1,surrogate,710,efpb,confirmatory_core,0.9999977567398751,0.019815294117647056,54.0,11.323529411764707,31.0,1.0,442.0,334,442,1003,confirmatory_core__C_HM__efpb__1024,0,C_HM,1024,442,1000,0,0.06,43.0,9.342,25.0,0.9970089730807578,1000.0,45.216100796999854,3
1,surrogate,686,efpb,confirmatory_core,0.9999999997023922,0.019142635851901027,49.0,11.0995670995671,28.0,0.9978401727861771,462.0,336,463,941,confirmatory_core__C_HM__efpb__1025,0,C_HM,1025,462,939,0,0.020000000000000018,47.0,9.185303514376997,26.0,0.997874601487779,939.0,45.28463390900015,3
1,surrogate,687,efpb,confirmatory_core,0.9999977758681114,0.0060040637245598605,54.0,10.505219206680584,26.0,0.9917184265010351,479.0,336,483,940,confirmatory_core__C_HM__efpb__1026,0,C_HM,1026,479,935,0,0.0,46.0,9.904812834224598,26.0,0.9946808510638298,935.0,46.19229922699924,3
1,surrogate,675,efpb,confirmatory_core,0.9999996002798208,0.011894241143905845,54.0,10.599562363238512,26.0,0.9978165938864629,457.0,334,458,871,confirmatory_core__C_HM__efpb__1027,0,C_HM,1027,457,868,0,0.0,52.0,9.410138248847927,26.0,0.9965556831228473,868.0,46.634532695000416,3
1,surrogate,692,efpb,confirmatory_core,0.9999989566400471,0.017978788669886434,47.0,11.184049079754601,26.0,0.9979591836734694,489.0,335,490,940,confirmatory_core__C_HM__efpb__1028,0,C_HM,1028,489,940,0,0.010000000000000009,45.0,9.386170212765958,25.0,1.0,940.0,48.641594540999904,3
1,surrogate,696,efpb,confirmatory_core,0.9999996920904354,0.012342329652167389,54.0,10.297413793103448,28.0,0.9978494623655914,464.0,335,465,921,confirmatory_core__C_HM__efpb__1029,0,C_HM,1029,464,918,0,0.020000000000000018,52.0,9.06318082788671,26.0,0.996742671009772,918.0,46.01837213900035,3
1,surrogate,701,efpb,confirmatory_core,0.999988261770929,0.023954965778360274,54.0,11.482142857142858,32.0,0.9911504424778761,448.0,332,452,983,confirmatory_core__C_HM__efpb__1030,0,C_HM,1030,448,981,0,0.07,41.0,9.08664627930683,25.0,0.9979654120040692,981.0,44.940686633999576,3
1,surrogate,680,equal_bargaining,confirmatory_core,0.9999997306999379,0.013125470743697049,52.0,11.257510729613735,26.0,1.0,466.0,333,466,964,confirmatory_core__C_HM__equal_bargaining__1001,0,C_HM,1001,466,963,0,0.0,41.0,9.94496365524403,26.0,0.9989626556016598,963.0,39.73250860899998,3
1,surrogate,682,equal_bargaining,confirmatory_core,0.9999967236885685,0.014512686931312621,38.0,10.648526077097506,25.0,0.9932432432432432,441.0,333,444,951,confirmatory_core__C_HM__equal_bargaining__1002,0,C_HM,1002,441,948,0,0.010000000000000009,39.0,9.197257383966244,26.0,0.9968454258675079,948.0,40.72952485699989,3
1,surrogate,693,equal_bargaining,confirmatory_core,0.9999988896316019,0.016009040248841783,47.0,11.913140311804009,26.0,1.0,449.0,335,449,950,confirmatory_core__C_HM__equal_bargaining__1003,0,C_HM,1003,449,948,0,0.010000000000000009,43.0,10.31223628691983,27.0,0.9978947368421053,948.0,40.781668295999225,3
1,surrogate,691,equal_bargaining,confirmatory_core,0.9999997003228718,0.019738571216263087,36.0,11.527896995708154,26.0,0.9978586723768736,466.0,336,467,954,confirmatory_core__C_HM__equal_bargaining__1004,0,C_HM,1004,466,953,0,0.010000000000000009,40.0,9.554039874081846,25.0,0.9989517819706499,953.0,40.67922739900041,3
1,surrogate,672,equal_bargaining,confirmatory_core,0.9999811377919665,0.01355228971039206,36.0,10.684563758389261,25.0,1.0,447.0,336,447,925,confirmatory_core__C_HM__equal_bargaining__1005,0,C_HM,1005,447,917,0,0.0,40.0,9.329334787350055,25.0,0.9913513513513513,917.0,40.037034795999716,3
1,surrogate,699,equal_bargaining,confirmatory_core,0.9999996388750894,0.014408211448336095,48.0,10.97130242825607,26.0,0.9956043956043956,453.0,332,455,938,confirmatory_core__C_HM__equal_bargaining__1006,0,C_HM,1006,453,935,0,0.010000000000000009,42.0,9.53048128342246,25.0,0.9968017057569296,935.0,40.28106410200007,3
1,surrogate,661,equal_bargaining,confirmatory_core,0.9999999903153906,0.0069773976023975864,39.0,10.188811188811188,26.0,0.9953596287703016,429.0,333,431,900,confirmatory_core__C_HM__equal_bargaining__1007,0,C_HM,1007,429,896,0,0.0,41.0,9.491071428571429,26.0,0.9955555555555555,896.0,41.237298350999936,3
1,surrogate,680,equal_bargaining,confirmatory_core,0.9999992588764474,0.018735981206769045,44.0,11.850393700787402,26.0,0.996078431372549,508.0,338,510,907,confirmatory_core__C_HM__equal_bargaining__1008,0,C_HM,1008,508,905,0,0.0,41.0,9.976795580110497,26.0,0.9977949283351709,905.0,41.00097987400022,3
1,surrogate,692,equal_bargaining,confirmatory_core,1.0,0.017897109639334816,40.0,11.37160751565762,26.0,1.0,479.0,335,479,928,confirmatory_core__C_HM__equal_bargaining__1009,0,C_HM,1009,479,928,0,0.0,41.0,9.581896551724139,26.0,1.0,928.0,40.478004034999685,3
1,surrogate,682,equal_bargaining,confirmatory_core,0.9999888692402396,0.02488408840322208,42.0,11.907284768211921,26.0,0.9912472647702407,453.0,335,457,945,confirmatory_core__C_HM__equal_bargaining__1010,0,C_HM,1010,453,943,0,0.010000000000000009,39.0,9.418875927889713,25.0,0.9978835978835979,943.0,40.16133279800033,3
1,surrogate,665,equal_bargaining,confirmatory_core,0.9999931711025273,0.012824468658970772,29.0,10.655913978494624,25.0,0.9914712153518124,465.0,338,469,900,confirmatory_core__C_HM__equal_bargaining__1011,0,C_HM,1011,465,897,0,0.0,41.0,9.373467112597547,25.0,0.9966666666666667,897.0,39.62215292300061,3
1,surrogate,686,equal_bargaining,confirmatory_core,0.9999997419144276,0.021150620340491838,35.0,11.295983086680762,25.0,0.9978902953586498,473.0,336,474,913,confirmatory_core__C_HM__equal_bargaining__1012,0,C_HM,1012,473,912,0,0.010000000000000009,44.0,9.180921052631579,26.0,0.9989047097480832,912.0,39.30910183499964,3
1,surrogate,664,equal_bargaining,confirmatory_core,0.999999697106458,0.012228308959952819,51.0,10.481641468682506,25.0,1.0,463.0,334,463,909,confirmatory_core__C_HM__equal_bargaining__1013,0,C_HM,1013,463,908,0,0.0,41.0,9.258810572687224,25.0,0.9988998899889989,908.0,40.10332507999965,3
1,surrogate,679,equal_bargaining,confirmatory_core,0.9999927347757226,0.00949804287045665,40.0,10.810344827586206,26.0,1.0,464.0,335,464,930,confirmatory_core__C_HM__equal_bargaining__1014,0,C_HM,1014,464,925,0,0.0,40.0,9.86054054054054,26.0,0.9946236559139785,925.0,40.771151691999876,3
1,surrogate,686,equal_bargaining,confirmatory_core,0.9999952946047939,0.018495995423340975,35.0,10.926773455377575,25.0,1.0,437.0,334,437,924,confirmatory_core__C_HM__equal_bargaining__1015,0,C_HM,1015,437,920,0,0.0,42.0,9.077173913043477,25.0,0.9956709956709957,920.0,42.56292071100006,3
1,surrogate,692,equal_bargaining,confirmatory_core,0.9999974724624787,0.008898394460402692,35.0,10.217864923747277,25.0,1.0,459.0,335,459,945,confirmatory_core__C_HM__equal_bargaining__1016,0,C_HM,1016,459,942,0,0.0,37.0,9.328025477707007,25.0,0.9968253968253968,942.0,41.171770067000125,3
1,surrogate,696,equal_bargaining,confirmatory_core,0.9999967793186628,0.015028422696512236,36.0,10.936470588235293,25.0,0.9953161592505855,425.0,332,427,905,confirmatory_core__C_HM__equal_bargaining__1017,0,C_HM,1017,425,904,0,0.010000000000000009,40.0,9.43362831858407,26.0,0.9988950276243094,904.0,39.273434968999936,3
1,surrogate,698,equal_bargaining,confirmatory_core,0.9999885609409516,0.015674692954104716,38.0,11.429864253393665,26.0,0.9932584269662922,442.0,335,445,952,confirmatory_core__C_HM__equal_bargaining__1018,0,C_HM,1018,442,952,0,0.0,40.0,9.862394957983193,26.0,1.0,952.0,40.52518769100061,3
1,surrogate,696,equal_bargaining,confirmatory_core,1.0,0.017876582457839768,40.0,11.090261282660332,26.0,1.0,421.0,331,421,922,confirmatory_core__C_HM__equal_bargaining__1019,0,C_HM,1019,421,922,0,0.010000000000000009,41.0,9.302603036876356,25.0,1.0,922.0,39.17558206099966,3
1,surrogate,683,equal_bargaining,confirmatory_core,0.9999972558716725,0.015203510839741849,40.0,10.550218340611353,25.0,1.0,458.0,333,458,907,confirmatory_core__C_HM__equal_bargaining__1020,0,C_HM,1020,458,904,0,0.010000000000000009,42.0,9.029867256637168,26.0,0.9966923925027563,904.0,40.43009513299967,3
1,surrogate,692,equal_bargaining,confirmatory_core,0.9999997143381129,0.01803213126742538,40.0,10.995726495726496,26.0,1.0,468.0,335,468,936,confirmatory_core__C_HM__equal_bargaining__1021,0,C_HM,1021,468,935,0,0.010000000000000009,42.0,9.192513368983958,25.0,0.9989316239316239,935.0,42.46050590100003,3
1,surrogate,679,equal_bargaining,confirmatory_core,0.9999996534033413,0.01400711159737418,40.0,11.125,26.0,0.9955555555555555,448.0,333,450,917,confirmatory_core__C_HM__equal_bargaining__1022,0,C_HM,1022,448,914,0,0.010000000000000009,41.0,9.724288840262583,25.0,0.9967284623773174,914.0,41.13537286200017,3
1,surrogate,697,equal_bargaining,confirmatory_core,0.9999798009382462,0.014398228026278326,38.0,11.051918735891649,26.0,0.9910514541387024,443.0,332,447,959,confirmatory_core__C_HM__equal_bargaining__1023,0,C_HM,1023,443,959,0,0.0,41.0,9.612095933263817,26.0,1.0,959.0,41.554548579999846,3
1,surrogate,690,equal_bargaining,confirmatory_core,0.9999915524851403,0.023314055260776873,40.0,11.952164009111618,26.0,0.9932126696832579,439.0,334,442,1003,confirmatory_core__C_HM__equal_bargaining__1024,0,C_HM,1024,439,1002,0,0.0,40.0,9.620758483033931,26.0,0.9990029910269193,1002.0,40.83447656899989,3
1,surrogate,703,equal_bargaining,confirmatory_core,0.9999999997023922,0.02017820837309657,50.0,11.24891774891775,26.0,0.9978401727861771,462.0,334,463,941,confirmatory_core__C_HM__equal_bargaining__1025,0,C_HM,1025,462,939,0,0.010000000000000009,41.0,9.231096911608093,25.0,0.997874601487779,939.0,40.6117094300007,3
1,surrogate,676,equal_bargaining,confirmatory_core,0.9999977758681114,0.010719837451017608,38.0,10.899791231732777,26.0,0.9917184265010351,479.0,337,483,940,confirmatory_core__C_HM__equal_bargaining__1026,0,C_HM,1026,479,935,0,0.010000000000000009,40.0,9.827807486631016,25.0,0.9946808510638298,935.0,40.022782105999795,3
1,surrogate,674,equal_bargaining,confirmatory_core,0.9999996002798208,0.0026659792878823,30.0,9.643326039387308,25.0,0.9978165938864629,457.0,335,458,871,confirmatory_core__C_HM__equal_bargaining__1027,0,C_HM,1027,457,868,0,0.0,42.0,9.376728110599078,25.0,0.9965556831228473,868.0,39.07843634399978,3
1,surrogate,680,equal_bargaining,confirmatory_core,0.9999974454591334,0.015787554723063174,39.0,11.248979591836735,26.0,1.0,490.0,337,490,940,confirmatory_core__C_HM__equal_bargaining__1028,0,C_HM,1028,490,937,0,0.010000000000000009,41.0,9.670224119530417,25.0,0.9968085106382979,937.0,39.51646129600067,3
1,surrogate,693,equal_bargaining,confirmatory_core,0.9999997156514251,0.009877998500749635,49.0,10.52801724137931,25.0,0.9978494623655914,464.0,335,465,921,confirmatory_core__C_HM__equal_bargaining__1029,0,C_HM,1029,464,920,0,0.0,41.0,9.540217391304347,25.0,0.998914223669924,920.0,41.45563971999991,3
1,surrogate,672,equal_bargaining,confirmatory_core,0.999988261770929,0.016881098004951217,39.0,11.035714285714286,26.0,0.9911504424778761,448.0,336,452,983,confirmatory_core__C_HM__equal_bargaining__1030,0,C_HM,1030,448,981,0,0.010000000000000009,42.0,9.347604485219165,25.0,0.9979654120040692,981.0,41.496667506999984,3
1,surrogate,280,fixed_time,confirmatory_core,0.9999757834618747,0.13792553047097683,73.0,33.99130434782609,68.0,0.9871244635193133,460.0,140,466,964,confirmatory_core__C_HM__fixed_time__1001,0,C_HM,1001,460,961,0,0.15000000000000002,59.0,20.198751300728407,53.0,0.9968879668049793,961.0,1.1227131639998333,3
1,surrogate,280,fixed_time,confirmatory_core,0.99999612453482,0.1493897677695842,85.0,35.29384965831435,70.0,0.9887387387387387,439.0,140,444,951,confirmatory_core__C_HM__fixed_time__1002,0,C_HM,1002,439,944,0,0.15999999999999992,59.0,20.35487288135593,54.0,0.9926393270241851,944.0,1.145585231000041,3
1,surrogate,280,fixed_time,confirmatory_core,0.9999995765886894,0.12642289674918325,73.0,32.1744966442953,70.0,0.9955456570155902,447.0,140,449,950,confirmatory_core__C_HM__fixed_time__1003,0,C_HM,1003,447,947,0,0.16999999999999993,59.0,19.53220696937698,53.0,0.9968421052631579,947.0,1.1010024779998275,3
1,surrogate,280,fixed_time,confirmatory_core,0.999997370612599,0.12871577023321934,73.0,32.54838709677419,69.0,0.9957173447537473,465.0,140,467,954,confirmatory_core__C_HM__fixed_time__1004,0,C_HM,1004,465,953,0,0.15999999999999992,59.0,19.676810073452256,53.0,0.9989517819706499,953.0,1.185565122999833,3
1,surrogate,280,fixed_time,confirmatory_core,0.9999982522590491,0.14667395264116578,73.0,34.111111111111114,69.0,0.9865771812080537,441.0,140,447,925,confirmatory_core__C_HM__fixed_time__1005,0,C_HM,1005,441,915,0,0.1499999999999999,59.0,19.443715846994536,54.0,0.9891891891891892,915.0,1.0990721299999677,3
1,surrogate,280,fixed_time,confirmatory_core,0.9999946345663355,0.16235207439198857,73.0,34.00666666666667,70.0,0.989010989010989,450.0,140,455,938,confirmatory_core__C_HM__fixed_time__1006,0,C_HM,1006,450,932,0,0.16999999999999993,59.0,17.771459227467812,53.0,0.9936034115138592,932.0,1.085708380000142,3
1,surrogate,280,fixed_time,confirmatory_core,0.9999903568360891,0.145753902904947,73.0,33.64705882352941,68.0,0.9860788863109049,425.0,140,431,900,confirmatory_core__C_HM__fixed_time__1007,0,C_HM,1007,425,893,0,0.15000000000000002,59.0,19.071668533034714,53.0,0.9922222222222222,893.0,1.0869617930002278,3
1,surrogate,280,fixed_time,confirmatory_core,0.9999970172099636,0.1302880604397288,73.0,33.22924901185771,70.0,0.9921568627450981,506.0,140,510,907,confirmatory_core__C_HM__fixed_time__1008,0,C_HM,1008,506,903,0,0.16999999999999993,59.0,20.20044296788483,53.0,0.9955898566703418,903.0,1.1075954150001053,3
1,surrogate,280,fixed_time,confirmatory_core,0.9999908084839405,0.15235998526160652,82.0,34.57838983050848,71.0,0.9853862212943633,472.0,140,479,928,confirmatory_core__C_HM__fixed_time__1009,0,C_HM,1009,472,920,0,0.17999999999999994,59.0,19.342391304347824,53.0,0.9913793103448276,920.0,1.2026228179997815,3
1,surrogate,280,fixed_time,confirmatory_core,0.9999843544310493,0.14104193989715522,93.0,33.26164079822616,69.0,0.986870897155361,451.0,140,457,945,confirmatory_core__C_HM__fixed_time__1010,0,C_HM,1010,451,940,0,0.15999999999999992,59.0,19.157446808510638,53.0,0.9947089947089947,940.0,1.1471997909998208,3
1,surrogate,280,fixed_time,confirmatory_core,0.9999822706809471,0.14521839324282626,74.0,33.347732181425485,70.0,0.9872068230277186,463.0,140,469,900,confirmatory_core__C_HM__fixed_time__1011,0,C_HM,1011,463,896,0,0.17999999999999994,59.0,18.825892857142858,52.0,0.9955555555555555,896.0,1.0874833550001313,3
1,surrogate,280,fixed_time,confirmatory_core,0.9999990411284888,0.17457008121194287,87.0,36.653927813163484,71.0,0.9936708860759493,471.0,140,474,913,confirmatory_core__C_HM__fixed_time__1012,0,C_HM,1012,471,909,0,0.17999999999999994,59.0,19.196919691969196,53.0,0.9956188389923329,909.0,1.1127863169999728,3
1,surrogate,280,fixed_time,confirmatory_core,0.9999986319547863,0.1540968489118371,73.0,34.256521739130434,70.0,0.9935205183585313,460.0,140,463,909,confirmatory_core__C_HM__fixed_time__1013,0,C_HM,1013,460,901,0,0.16999999999999993,59.0,18.846836847946726,53.0,0.9911991199119912,901.0,1.1014529190001667,3
1,surrogate,280,fixed_time,confirmatory_core,0.9999810562695784,0.12558456808171506,73.0,31.513100436681224,69.0,0.9870689655172413,458.0,140,464,930,confirmatory_core__C_HM__fixed_time__1014,0,C_HM,1014,458,926,0,0.1499999999999999,59.0,18.954643628509718,54.0,0.9956989247311828,926.0,1.093108089999987,3
1,surrogate,280,fixed_time,confirmatory_core,0.999997356078112,0.15606240853514614,75.0,34.34782608695652,71.0,1.0,437.0,140,437,924,confirmatory_core__C_HM__fixed_time__1015,0,C_HM,1015,437,921,0,0.17999999999999994,59.0,18.74158523344191,53.0,0.9967532467532467,921.0,1.059939812000266,3
1,surrogate,280,fixed_time,confirmatory_core,0.9999999960917961,0.12951620441961975,73.0,32.53610503282276,68.0,0.9956427015250545,457.0,140,459,945,confirmatory_core__C_HM__fixed_time__1016,0,C_HM,1016,457,941,0,0.15000000000000002,59.0,19.584484590860786,53.0,0.9957671957671957,941.0,1.1647993240003416,3
1,surrogate,280,fixed_time,confirmatory_core,0.9999999602697927,0.13162397422712868,73.0,32.62735849056604,69.0,0.9929742388758782,424.0,140,427,905,confirmatory_core__C_HM__fixed_time__1017,0,C_HM,1017,424,899,0,0.15999999999999992,59.0,19.46496106785317,53.0,0.9933701657458563,899.0,1.1116545489999226,3
1,surrogate,280,fixed_time,confirmatory_core,0.9999596856976247,0.1259009483667018,81.0,32.32876712328767,70.0,0.9842696629213483,438.0,140,445,952,confirmatory_core__C_HM__fixed_time__1018,0,C_HM,1018,438,949,0,0.16999999999999993,59.0,19.738672286617494,53.0,0.9968487394957983,949.0,1.0695215259997894,3
1,surrogate,280,fixed_time,confirmatory_core,0.9999761083100851,0.13768143812709027,73.0,33.39423076923077,69.0,0.9881235154394299,416.0,140,421,922,confirmatory_core__C_HM__fixed_time__1019,0,C_HM,1019,416,920,0,0.15999999999999992,59.0,19.62608695652174,53.0,0.9978308026030369,920.0,1.0702647940001953,3
1,surrogate,280,fixed_time,confirmatory_core,0.9999996684801932,0.14833031859026724,73.0,33.96052631578947,70.0,0.9956331877729258,456.0,140,458,907,confirmatory_core__C_HM__fixed_time__1020,0,C_HM,1020,456,902,0,0.16999999999999993,59.0,19.12749445676275,53.0,0.9944873208379272,902.0,1.207527229000334,3
1,surrogate,280,fixed_time,confirmatory_core,0.9999973845070989,0.13231068963352682,73.0,32.88768898488121,70.0,0.9893162393162394,463.0,140,468,936,confirmatory_core__C_HM__fixed_time__1021,0,C_HM,1021,463,929,0,0.16999999999999993,59.0,19.656620021528525,53.0,0.9925213675213675,929.0,1.124009073000252,3
1,surrogate,280,fixed_time,confirmatory_core,0.9999373504865736,0.1559521450055013,81.0,35.852607709750565,70.0,0.98,441.0,140,450,917,confirmatory_core__C_HM__fixed_time__1022,0,C_HM,1022,441,913,0,0.17999999999999994,59.0,20.257393209200437,52.0,0.9956379498364231,913.0,1.1358083519999127,3
1,surrogate,280,fixed_time,confirmatory_core,0.999982116821063,0.12466157372039724,73.0,32.038636363636364,69.0,0.9843400447427293,440.0,140,447,959,confirmatory_core__C_HM__fixed_time__1023,0,C_HM,1023,440,952,0,0.1499999999999999,59.0,19.57247899159664,54.0,0.9927007299270073,952.0,1.0760512650003875,3
1,surrogate,280,fixed_time,confirmatory_core,0.9999254646714698,0.15769603649843175,73.0,34.142857142857146,70.0,0.9819004524886877,434.0,140,442,1003,confirmatory_core__C_HM__fixed_time__1024,0,C_HM,1024,434,1002,0,0.16999999999999993,59.0,18.373253493013973,53.0,0.9990029910269193,1002.0,1.1678878869997789,3
1,surrogate,280,fixed_time,confirmatory_core,0.9999987001363512,0.1397282630223807,74.0,33.91721132897604,70.0,0.9913606911447084,459.0,140,463,941,confirmatory_core__C_HM__fixed_time__1025,0,C_HM,1025,459,935,0,0.15999999999999992,59.0,19.94438502673797,54.0,0.9936238044633369,935.0,1.0865693279997686,3
1,surrogate,280,fixed_time,confirmatory_core,0.9999999866592495,0.1552482371177435,73.0,34.494780793319414,70.0,0.9917184265010351,479.0,140,483,940,confirmatory_core__C_HM__fixed_time__1026,0,C_HM,1026,479,932,0,0.16999999999999993,59.0,18.969957081545065,53.0,0.9914893617021276,932.0,1.1053378350002276,3
1,surrogate,280,fixed_time,confirmatory_core,0.9999901577160907,0.14472620082868692,76.0,33.825221238938056,69.0,0.9868995633187773,452.0,140,458,871,confirmatory_core__C_HM__fixed_time__1027,0,C_HM,1027,452,865,0,0.1499999999999999,59.0,19.352601156069365,54.0,0.9931113662456946,865.0,1.0876908290001666,3
1,surrogate,280,fixed_time,confirmatory_core,0.9999996672492252,0.15874205847754116,93.0,34.14314928425358,70.0,0.9979591836734694,489.0,140,490,940,confirmatory_core__C_HM__fixed_time__1028,0,C_HM,1028,489,937,0,0.16999999999999993,59.0,18.268943436499466,53.0,0.9968085106382979,937.0,1.10943216700025,3
1,surrogate,280,fixed_time,confirmatory_core,0.9999502951000969,0.15527110625909754,73.0,33.708333333333336,70.0,0.9806451612903225,456.0,140,465,921,confirmatory_core__C_HM__fixed_time__1029,0,C_HM,1029,456,916,0,0.16999999999999993,59.0,18.18122270742358,53.0,0.99457111834962,916.0,1.0706730870001593,3
1,surrogate,280,fixed_time,confirmatory_core,0.999986175870518,0.13764655718813018,73.0,33.86516853932584,71.0,0.9845132743362832,445.0,140,452,983,confirmatory_core__C_HM__fixed_time__1030,0,C_HM,1030,445,975,0,0.16999999999999993,59.0,20.100512820512822,54.0,0.9918616480162767,975.0,1.0791223100004572,3
1,surrogate,853,efficiency,confirmatory_core,0.9999917279331971,0.1169968774395004,121.0,19.692857142857143,58.0,0.9929078014184397,140.0,317,141,1466,confirmatory_core__C_LH__efficiency__1001,0,C_LH,1001,140,1464,1,0.35,41.0,7.993169398907104,23.0,0.9986357435197817,1464.0,1.0893155290000323,3
1,surrogate,864,efficiency,confirmatory_core,0.999946130142483,0.17088398184871548,95.0,25.087719298245613,73.0,0.9827586206896551,114.0,316,116,1477,confirmatory_core__C_LH__efficiency__1002,0,C_LH,1002,114,1473,0,0.5,40.0,7.999321113374067,23.0,0.997291807718348,1473.0,1.0719723800002612,3
1,surrogate,860,efficiency,confirmatory_core,0.9999898120000088,0.14430080131996387,96.0,22.196581196581196,64.0,0.9915254237288136,117.0,316,118,1412,confirmatory_core__C_LH__efficiency__1003,0,C_LH,1003,117,1409,0,0.43000000000000005,41.0,7.766501064584812,21.0,0.9978753541076487,1409.0,1.1103861159999724,3
1,surrogate,874,efficiency,confirmatory_core,0.9999995047646592,0.13083972802331229,94.0,21.25862068965517,55.0,1.0,116.0,316,116,1422,confirmatory_core__C_LH__efficiency__1004,0,C_LH,1004,116,1420,0,0.33000000000000007,51.0,8.174647887323944,22.0,0.9985935302390999,1420.0,1.0953931219996775,3
1,surrogate,840,efficiency,confirmatory_core,0.9999995026669483,0.14301351473249105,79.0,22.39097744360902,62.0,1.0,133.0,319,133,1419,confirmatory_core__C_LH__efficiency__1005,0,C_LH,1005,133,1417,0,0.4,40.0,8.089625970359915,22.0,0.9985905567300916,1417.0,1.1133934710001085,3
1,surrogate,848,efficiency,confirmatory_core,0.999999877143991,0.15373328329020408,104.0,23.3943661971831,75.0,1.0,142.0,318,142,1427,confirmatory_core__C_LH__efficiency__1006,0,C_LH,1006,142,1426,1,0.53,51.0,8.021037868162693,22.0,0.9992992291520673,1426.0,1.1733134019996214,3
1,surrogate,853,efficiency,confirmatory_core,0.9999981001280038,0.17436981670585208,115.0,25.338983050847457,66.0,1.0,118.0,317,118,1453,confirmatory_core__C_LH__efficiency__1007,0,C_LH,1007,118,1449,1,0.45000000000000007,40.0,7.9020013802622495,21.0,0.9972470750172058,1449.0,1.0920882020000136,3
1,surrogate,860,efficiency,confirmatory_core,0.9999519311996096,0.13508883437407077,185.0,21.157894736842106,66.0,0.9827586206896551,114.0,316,116,1421,confirmatory_core__C_LH__efficiency__1008,0,C_LH,1008,114,1416,1,0.44000000000000006,41.0,7.6490112994350286,22.0,0.9964813511611541,1416.0,1.0921658020001814,3
1,surrogate,863,efficiency,confirmatory_core,0.999989381537241,0.13995734126984127,138.0,21.849206349206348,55.0,0.9921259842519685,126.0,317,127,1442,confirmatory_core__C_LH__efficiency__1009,0,C_LH,1009,126,1440,1,0.33000000000000007,46.0,7.853472222222222,22.0,0.9986130374479889,1440.0,1.1075834039997972,3
1,surrogate,861,efficiency,confirmatory_core,0.9999422032728874,0.10874903969270168,69.0,18.163636363636364,54.0,0.9821428571428571,110.0,317,112,1424,confirmatory_core__C_LH__efficiency__1010,0,C_LH,1010,110,1420,0,0.33000000000000007,41.0,7.288732394366197,21.0,0.9971910112359551,1420.0,1.045010822000222,3
1,surrogate,854,efficiency,confirmatory_core,0.9999942885787391,0.14627546778669143,112.0,23.061068702290076,65.0,0.9924242424242424,131.0,317,132,1418,confirmatory_core__C_LH__efficiency__1011,0,C_LH,1011,131,1414,1,0.42000000000000004,41.0,8.433521923620933,23.0,0.997179125528914,1414.0,1.0901853660002416,3
1,surrogate,842,efficiency,confirmatory_core,0.999999481683203,0.12567070425072047,91.0,20.6953125,58.0,1.0,128.0,318,128,1390,confirmatory_core__C_LH__efficiency__1012,0,C_LH,1012,128,1388,0,0.33999999999999997,43.0,8.128242074927954,24.0,0.9985611510791367,1388.0,1.0650114710001617,3
1,surrogate,816,efficiency,confirmatory_core,0.9999998727218808,0.11656377235576199,77.0,19.232394366197184,48.0,1.0,142.0,321,142,1402,confirmatory_core__C_LH__efficiency__1013,0,C_LH,1013,142,1401,0,0.26,40.0,7.576017130620985,22.0,0.9992867332382311,1401.0,1.0710770770001545,3
1,surrogate,844,efficiency,confirmatory_core,0.9999988989330663,0.11516411144610515,139.0,19.35114503816794,57.0,1.0,131.0,316,131,1431,confirmatory_core__C_LH__efficiency__1014,0,C_LH,1014,131,1428,2,0.35,39.0,7.834733893557423,22.0,0.9979035639412998,1428.0,1.0696506809999846,3
1,surrogate,867,efficiency,confirmatory_core,1.0,0.15447392905601862,95.0,23.114285714285714,69.0,1.0,105.0,313,105,1474,confirmatory_core__C_LH__efficiency__1015,0,C_LH,1015,105,1474,0,0.48,37.0,7.666892808683853,21.0,1.0,1474.0,1.1361430269998891,3
1,surrogate,850,efficiency,confirmatory_core,0.9998771895857034,0.16553090633295414,119.0,24.61111111111111,69.0,0.9767441860465116,126.0,319,129,1467,confirmatory_core__C_LH__efficiency__1016,0,C_LH,1016,126,1465,2,0.47,52.0,8.058020477815699,22.0,0.9986366734832992,1465.0,1.1412960329998896,3
1,surrogate,868,efficiency,confirmatory_core,0.9999998868615741,0.15618601197382465,90.0,23.53448275862069,66.0,1.0,116.0,316,116,1487,confirmatory_core__C_LH__efficiency__1017,0,C_LH,1017,116,1486,0,0.44000000000000006,40.0,7.915881561238224,22.0,0.9993275050437121,1486.0,1.067774173000089,3
1,surrogate,860,efficiency,confirmatory_core,0.9999995137031168,0.15197944991216883,122.0,23.137931034482758,64.0,1.0,116.0,316,116,1435,confirmatory_core__C_LH__efficiency__1018,0,C_LH,1018,116,1433,1,0.42000000000000004,40.0,7.9399860432658755,22.0,0.9986062717770035,1433.0,1.0744691630002308,3
1,surrogate,851,efficiency,confirmatory_core,0.9999980078619729,0.1726208208752378,116.0,25.476923076923075,77.0,1.0,130.0,318,130,1419,confirmatory_core__C_LH__efficiency__1019,0,C_LH,1019,130,1415,2,0.55,41.0,8.214840989399294,22.0,0.9971811134601832,1415.0,1.0759231960000761,3
1,surrogate,834,efficiency,confirmatory_core,0.9999998786796758,0.11023519163763067,108.0,19.22142857142857,46.0,1.0,140.0,322,140,1436,confirmatory_core__C_LH__efficiency__1020,0,C_LH,1020,140,1435,1,0.23,41.0,8.197909407665506,23.0,0.9993036211699164,1435.0,1.0831990490000862,3
1,surrogate,872,efficiency,confirmatory_core,0.9999988865049095,0.16208794228787357,109.0,24.634146341463413,77.0,1.0,123.0,318,123,1423,confirmatory_core__C_LH__efficiency__1021,0,C_LH,1021,123,1420,3,0.54,40.0,8.425352112676057,23.0,0.9978917779339423,1420.0,1.1003111440004432,3
1,surrogate,844,efficiency,confirmatory_core,0.9999944562025689,0.1415987293663849,122.0,22.262295081967213,72.0,0.991869918699187,122.0,316,123,1450,confirmatory_core__C_LH__efficiency__1022,0,C_LH,1022,122,1445,2,0.51,44.0,8.10242214532872,21.0,0.996551724137931,1445.0,1.0861383710002883,3
1,surrogate,864,efficiency,confirmatory_core,1.0,0.14849735510141948,124.0,22.412280701754387,58.0,1.0,114.0,314,114,1383,confirmatory_core__C_LH__efficiency__1023,0,C_LH,1023,114,1383,1,0.35,41.0,7.562545191612437,23.0,1.0,1383.0,1.1380391080001573,3
1,surrogate,855,efficiency,confirmatory_core,0.9999956102291424,0.13999867538872246,104.0,21.651515151515152,63.0,0.9924812030075187,132.0,319,133,1492,confirmatory_core__C_LH__efficiency__1024,0,C_LH,1024,132,1487,2,0.42000000000000004,41.0,7.651647612642905,21.0,0.9966487935656837,1487.0,1.0977416890000313,3
1,surrogate,831,efficiency,confirmatory_core,0.9999994991410269,0.12055574070988166,93.0,19.970588235294116,59.0,1.0,136.0,320,136,1414,confirmatory_core__C_LH__efficiency__1025,0,C_LH,1025,136,1412,0,0.37,41.0,7.915014164305949,22.0,0.9985855728429985,1412.0,1.0700328860002628,3
1,surrogate,834,efficiency,confirmatory_core,0.9999998734453074,0.14883892928980347,141.0,22.83478260869565,61.0,1.0,115.0,319,115,1406,confirmatory_core__C_LH__efficiency__1026,0,C_LH,1026,115,1405,2,0.39,46.0,7.950889679715303,22.0,0.9992887624466572,1405.0,1.059714060999795,3
1,surrogate,844,efficiency,confirmatory_core,0.9999826185045528,0.12183824005176319,72.0,19.90909090909091,62.0,0.990990990990991,110.0,314,111,1406,confirmatory_core__C_LH__efficiency__1027,0,C_LH,1027,110,1405,0,0.41000000000000003,41.0,7.725266903914591,21.0,0.9992887624466572,1405.0,1.1480719139999565,3
1,surrogate,836,efficiency,confirmatory_core,0.999993748821367,0.13224146935933145,120.0,21.28125,67.0,0.9922480620155039,128.0,320,129,1440,confirmatory_core__C_LH__efficiency__1028,0,C_LH,1028,128,1436,2,0.45000000000000007,41.0,8.057103064066853,22.0,0.9972222222222222,1436.0,1.1487583540001651,3
1,surrogate,868,efficiency,confirmatory_core,0.9999988642435345,0.15691937152463464,134.0,23.568181818181817,66.0,1.0,132.0,315,132,1409,confirmatory_core__C_LH__efficiency__1029,0,C_LH,1029,132,1406,1,0.45000000000000007,41.0,7.87624466571835,21.0,0.9978708303761533,1406.0,1.0980278950000866,3
1,surrogate,851,efficiency,confirmatory_core,0.9999892005704613,0.15627127772230792,98.0,23.63478260869565,69.0,0.9913793103448276,115.0,318,116,1440,confirmatory_core__C_LH__efficiency__1030,0,C_LH,1030,115,1437,0,0.47,41.0,8.007654836464857,22.0,0.9979166666666667,1437.0,1.0362605499999518,3
1,surrogate,847,efpb,confirmatory_core,0.9999917279331971,0.12009992193598751,57.0,19.978571428571428,52.0,0.9929078014184397,140.0,318,141,1466,confirmatory_core__C_LH__efpb__1001,0,C_LH,1001,140,1464,0,0.29000000000000004,40.0,7.968579234972678,23.0,0.9986357435197817,1464.0,46.064778854999986,3
1,surrogate,847,efpb,confirmatory_core,0.9998539984309447,0.17074698910916053,57.0,25.221238938053098,53.0,0.9741379310344828,113.0,314,116,1477,confirmatory_core__C_LH__efpb__1002,0,C_LH,1002,113,1474,0,0.30000000000000004,42.0,8.146540027137043,23.0,0.997968855788761,1474.0,45.74854936199972,3
1,surrogate,861,efpb,confirmatory_core,0.9999994977201516,0.1232941459310013,57.0,20.25423728813559,52.0,1.0,118.0,315,118,1412,confirmatory_core__C_LH__efpb__1003,0,C_LH,1003,118,1410,0,0.29000000000000004,41.0,7.924822695035461,23.0,0.9985835694050992,1410.0,45.21437366800001,3
1,surrogate,853,efpb,confirmatory_core,0.9999988849366087,0.1205759276809798,57.0,20.137931034482758,50.0,1.0,116.0,316,116,1422,confirmatory_core__C_LH__efpb__1004,0,C_LH,1004,116,1419,0,0.28,41.0,8.080338266384778,22.0,0.9978902953586498,1419.0,46.100701272999686,3
1,surrogate,827,efpb,confirmatory_core,0.9999980078619729,0.12811759079677995,54.0,21.007518796992482,50.0,1.0,133.0,319,133,1419,confirmatory_core__C_LH__efpb__1005,0,C_LH,1005,133,1415,0,0.27,41.0,8.195759717314488,23.0,0.9971811134601832,1415.0,45.20551603500007,3
1,surrogate,854,efpb,confirmatory_core,0.999999877143991,0.13306036781700015,57.0,21.401408450704224,52.0,1.0,142.0,317,142,1427,confirmatory_core__C_LH__efpb__1006,0,C_LH,1006,142,1426,0,0.29000000000000004,41.0,8.095371669004207,23.0,0.9992992291520673,1426.0,43.026402253000015,3
1,surrogate,854,efpb,confirmatory_core,0.999991723076041,0.17280617932791847,57.0,25.76923076923077,54.0,0.9915254237288136,117.0,317,118,1453,confirmatory_core__C_LH__efpb__1007,0,C_LH,1007,117,1449,0,0.32000000000000006,41.0,8.488612836438923,22.0,0.9972470750172058,1449.0,45.54977137800006,3
1,surrogate,855,efpb,confirmatory_core,0.9999361403935001,0.118578131374949,57.0,20.04385964912281,50.0,0.9827586206896551,114.0,316,116,1421,confirmatory_core__C_LH__efpb__1008,0,C_LH,1008,114,1419,0,0.26,41.0,8.186046511627907,24.0,0.9985925404644617,1419.0,45.443307384000036,3
1,surrogate,857,efpb,confirmatory_core,0.9999980709913755,0.13392687788157218,55.0,21.236220472440944,48.0,1.0,127.0,317,127,1442,confirmatory_core__C_LH__efpb__1009,0,C_LH,1009,127,1438,0,0.24999999999999997,41.0,7.843532684283727,23.0,0.9972260748959778,1438.0,45.80132003600011,3
1,surrogate,854,efpb,confirmatory_core,0.9999969069642051,0.11644115574348134,55.0,19.0,46.0,1.0,112.0,317,112,1424,confirmatory_core__C_LH__efpb__1010,0,C_LH,1010,112,1419,0,0.25,41.0,7.355884425651867,21.0,0.9964887640449438,1419.0,45.008010642000045,3
1,surrogate,848,efpb,confirmatory_core,0.9999942885787391,0.14144849217746203,56.0,22.229007633587788,52.0,0.9924242424242424,131.0,318,132,1418,confirmatory_core__C_LH__efpb__1011,0,C_LH,1011,131,1414,0,0.29000000000000004,40.0,8.084158415841584,23.0,0.997179125528914,1414.0,44.9327294929999,3
1,surrogate,831,efpb,confirmatory_core,0.999999481683203,0.12606245497118157,56.0,20.9765625,53.0,1.0,128.0,315,128,1390,confirmatory_core__C_LH__efpb__1012,0,C_LH,1012,128,1388,0,0.29000000000000004,43.0,8.370317002881844,24.0,0.9985611510791367,1388.0,46.8411831100002,3
1,surrogate,830,efpb,confirmatory_core,1.0,0.13901066886339433,56.0,21.816901408450704,49.0,1.0,142.0,319,142,1402,confirmatory_core__C_LH__efpb__1013,0,C_LH,1013,142,1402,0,0.26,41.0,7.91583452211127,23.0,1.0,1402.0,44.74274493299981,3
1,surrogate,857,efpb,confirmatory_core,0.9999998778300964,0.12548897667218278,57.0,20.916030534351144,52.0,1.0,131.0,318,131,1431,confirmatory_core__C_LH__efpb__1014,0,C_LH,1014,131,1430,0,0.29000000000000004,39.0,8.367132867132867,23.0,0.9993011879804332,1430.0,45.68392259199982,3
1,surrogate,871,efpb,confirmatory_core,0.9999995391131615,0.1474285714285714,57.0,22.742857142857144,52.0,1.0,105.0,314,105,1474,confirmatory_core__C_LH__efpb__1015,0,C_LH,1015,105,1472,0,0.29000000000000004,41.0,8.0,23.0,0.9986431478968792,1472.0,46.15830775199993,3
1,surrogate,832,efpb,confirmatory_core,0.9999995347012806,0.12438352250178585,56.0,20.3953488372093,52.0,1.0,129.0,318,129,1467,confirmatory_core__C_LH__efpb__1016,0,C_LH,1016,129,1465,0,0.29000000000000004,41.0,7.956996587030717,23.0,0.9986366734832992,1465.0,45.68998478100002,3
1,surrogate,857,efpb,confirmatory_core,0.9999998868615741,0.16186557293358703,56.0,24.853448275862068,52.0,1.0,116.0,317,116,1487,confirmatory_core__C_LH__efpb__1017,0,C_LH,1017,116,1486,0,0.29000000000000004,37.0,8.666890982503364,23.0,0.9993275050437121,1486.0,46.68736408699988,3
1,surrogate,864,efpb,confirmatory_core,0.9999995137031168,0.12509432827201195,56.0,20.29310344827586,51.0,1.0,116.0,316,116,1435,confirmatory_core__C_LH__efpb__1018,0,C_LH,1018,116,1433,0,0.29000000000000004,40.0,7.783670621074669,22.0,0.9986062717770035,1433.0,47.56795309399968,3
1,surrogate,845,efpb,confirmatory_core,0.9999939995712633,0.16557065768208834,57.0,24.93798449612403,52.0,0.9923076923076923,129.0,316,130,1419,confirmatory_core__C_LH__efpb__1019,0,C_LH,1019,129,1415,0,0.29000000000000004,41.0,8.380918727915194,23.0,0.9971811134601832,1415.0,43.70592702199974,3
1,surrogate,846,efpb,confirmatory_core,0.9999989065952957,0.12370242249028013,56.0,20.47142857142857,51.0,1.0,140.0,319,140,1436,confirmatory_core__C_LH__efpb__1020,0,C_LH,1020,140,1433,0,0.28,41.0,8.101186322400558,23.0,0.9979108635097493,1433.0,47.52522035699985,3
1,surrogate,847,efpb,confirmatory_core,0.9999988865049095,0.15433957402954313,57.0,23.585365853658537,53.0,1.0,123.0,316,123,1423,confirmatory_core__C_LH__efpb__1021,0,C_LH,1021,123,1420,0,0.31000000000000005,41.0,8.151408450704226,22.0,0.9978917779339423,1420.0,46.45079524999983,3
1,surrogate,851,efpb,confirmatory_core,0.9999944562025689,0.13411418685121107,55.0,21.5,50.0,0.991869918699187,122.0,319,123,1450,confirmatory_core__C_LH__efpb__1022,0,C_LH,1022,122,1445,0,0.27,41.0,8.088581314878892,23.0,0.996551724137931,1445.0,44.49490708899975,3
1,surrogate,862,efpb,confirmatory_core,0.9999988210911509,0.1396128909229596,56.0,21.964912280701753,51.0,1.0,114.0,316,114,1383,confirmatory_core__C_LH__efpb__1023,0,C_LH,1023,114,1380,0,0.28,41.0,8.003623188405797,23.0,0.9978308026030369,1380.0,45.47430140899996,3
1,surrogate,832,efpb,confirmatory_core,0.999994088740653,0.13710899315738026,57.0,21.606060606060606,54.0,0.9924812030075187,132.0,318,133,1492,confirmatory_core__C_LH__efpb__1024,0,C_LH,1024,132,1488,0,0.30000000000000004,41.0,7.895161290322581,24.0,0.9973190348525469,1488.0,45.521837699000116,3
1,surrogate,832,efpb,confirmatory_core,0.9999994991410269,0.12687864522579567,57.0,20.889705882352942,51.0,1.0,136.0,318,136,1414,confirmatory_core__C_LH__efpb__1025,0,C_LH,1025,136,1412,0,0.28,42.0,8.201841359773372,23.0,0.9985855728429985,1412.0,44.91795289899983,3
1,surrogate,845,efpb,confirmatory_core,0.9999979707998093,0.14537685294300065,57.0,22.765217391304347,55.0,1.0,115.0,316,115,1406,confirmatory_core__C_LH__efpb__1026,0,C_LH,1026,115,1402,0,0.32000000000000006,40.0,8.22753209700428,23.0,0.9971550497866287,1402.0,45.380725410000196,3
1,surrogate,846,efpb,confirmatory_core,0.9999826185045528,0.14816273050792622,57.0,22.845454545454544,54.0,0.990990990990991,110.0,316,111,1406,confirmatory_core__C_LH__efpb__1027,0,C_LH,1027,110,1405,0,0.32000000000000006,41.0,8.029181494661922,22.0,0.9992887624466572,1405.0,43.93571695599985,3
1,surrogate,847,efpb,confirmatory_core,0.9999980656218445,0.11778675692600031,56.0,19.775193798449614,51.0,1.0,129.0,317,129,1440,confirmatory_core__C_LH__efpb__1028,0,C_LH,1028,129,1436,0,0.29000000000000004,41.0,7.9965181058495824,22.0,0.9972222222222222,1436.0,45.46550116699973,3
1,surrogate,841,efpb,confirmatory_core,0.9999994955774754,0.11054968663177617,56.0,19.325757575757574,50.0,1.0,132.0,318,132,1409,confirmatory_core__C_LH__efpb__1029,0,C_LH,1029,132,1407,0,0.27,41.0,8.270788912579958,23.0,0.9985805535841022,1407.0,44.35074607700017,3
1,surrogate,848,efpb,confirmatory_core,0.9999867935771563,0.1268158069782911,56.0,21.22608695652174,54.0,0.9913793103448276,115.0,317,116,1440,confirmatory_core__C_LH__efpb__1030,0,C_LH,1030,115,1438,0,0.31000000000000005,41.0,8.544506258692628,23.0,0.9986111111111111,1438.0,45.30482365299986,3
1,surrogate,816,equal_bargaining,confirmatory_core,0.9999917279331971,0.07010050741608119,41.0,16.214285714285715,29.0,0.9929078014184397,140.0,322,141,1466,confirmatory_core__C_LH__equal_bargaining__1001,0,C_LH,1001,140,1464,0,0.03999999999999998,41.0,9.204234972677595,25.0,0.9986357435197817,1464.0,40.57055393000019,3
1,surrogate,825,equal_bargaining,confirmatory_core,0.9998620807384808,0.0757021069516789,53.0,16.23008849557522,36.0,0.9741379310344828,113.0,316,116,1477,confirmatory_core__C_LH__equal_bargaining__1002,0,C_LH,1002,113,1473,0,0.10999999999999999,40.0,8.659877800407331,25.0,0.997291807718348,1473.0,42.20297596599994,3
1,surrogate,822,equal_bargaining,confirmatory_core,0.9999898120000088,0.07599898091026551,41.0,16.05128205128205,30.0,0.9915254237288136,117.0,319,118,1412,confirmatory_core__C_LH__equal_bargaining__1003,0,C_LH,1003,117,1409,0,0.06,43.0,8.4513839602555,24.0,0.9978753541076487,1409.0,40.71755081400033,3
1,surrogate,843,equal_bargaining,confirmatory_core,0.9999988849366087,0.046802690092585836,40.0,12.974137931034482,26.0,1.0,116.0,317,116,1422,confirmatory_core__C_LH__equal_bargaining__1004,0,C_LH,1004,116,1419,0,0.03,41.0,8.293868921775898,23.0,0.9978902953586498,1419.0,39.969579262000025,3
1,surrogate,789,equal_bargaining,confirmatory_core,0.9999995026669483,0.061194517698622,60.0,14.842105263157896,26.0,1.0,133.0,321,133,1419,confirmatory_core__C_LH__equal_bargaining__1005,0,C_LH,1005,133,1417,0,0.020000000000000018,40.0,8.722653493295695,24.0,0.9985905567300916,1417.0,39.952603655000075,3
1,surrogate,818,equal_bargaining,confirmatory_core,0.999999877143991,0.045254923651304735,65.0,13.725352112676056,28.0,1.0,142.0,323,142,1427,confirmatory_core__C_LH__equal_bargaining__1006,0,C_LH,1006,142,1426,0,0.030000000000000027,42.0,9.199859747545583,25.0,0.9992992291520673,1426.0,40.5926432010001,3
1,surrogate,811,equal_bargaining,confirmatory_core,0.999999881502913,0.06575769248727646,52.0,16.194915254237287,37.0,1.0,118.0,320,118,1453,confirmatory_core__C_LH__equal_bargaining__1007,0,C_LH,1007,118,1452,0,0.12,41.0,9.619146005509641,25.0,0.9993117687543015,1452.0,40.470867495999755,3
1,surrogate,832,equal_bargaining,confirmatory_core,0.9999519311996096,0.07109983645554564,40.0,15.473684210526315,28.0,0.9827586206896551,114.0,318,116,1421,confirmatory_core__C_LH__equal_bargaining__1008,0,C_LH,1008,114,1416,0,0.040000000000000036,40.0,8.36370056497175,24.0,0.9964813511611541,1416.0,40.806542978999914,3
1,surrogate,817,equal_bargaining,confirmatory_core,0.9999989156848594,0.051372289374182645,41.0,13.582677165354331,28.0,1.0,127.0,318,127,1442,confirmatory_core__C_LH__equal_bargaining__1009,0,C_LH,1009,127,1439,0,0.040000000000000036,41.0,8.445448227936067,24.0,0.9979195561719834,1439.0,38.80577731099993,3
1,surrogate,832,equal_bargaining,confirmatory_core,0.9999856998862351,0.07607385866879539,47.0,15.91891891891892,32.0,0.9910714285714286,111.0,320,112,1424,confirmatory_core__C_LH__equal_bargaining__1010,0,C_LH,1010,111,1422,0,0.09,41.0,8.311533052039382,23.0,0.9985955056179775,1422.0,40.74614116800012,3
1,surrogate,808,equal_bargaining,confirmatory_core,0.99998810073046,0.056654527627985174,52.0,14.793893129770993,29.0,0.9924242424242424,131.0,321,132,1418,confirmatory_core__C_LH__equal_bargaining__1011,0,C_LH,1011,131,1417,0,0.04999999999999999,41.0,9.128440366972477,24.0,0.9992947813822285,1417.0,40.861347094000394,3
1,surrogate,815,equal_bargaining,confirmatory_core,0.9999873142262057,0.056732538562269355,38.0,14.606299212598426,28.0,0.9921875,127.0,320,128,1390,confirmatory_core__C_LH__equal_bargaining__1012,0,C_LH,1012,127,1389,0,0.040000000000000036,43.0,8.93304535637149,24.0,0.9992805755395684,1389.0,39.236884142000235,3
1,surrogate,781,equal_bargaining,confirmatory_core,0.9999988528616642,0.0546902717232631,40.0,14.56338028169014,28.0,1.0,142.0,322,142,1402,confirmatory_core__C_LH__equal_bargaining__1013,0,C_LH,1013,142,1399,0,0.030000000000000027,41.0,9.094353109363832,25.0,0.9978601997146933,1399.0,39.61597672800008,3
1,surrogate,832,equal_bargaining,confirmatory_core,0.9999998778300964,0.061973148988416174,46.0,15.076335877862595,37.0,1.0,131.0,320,131,1431,confirmatory_core__C_LH__equal_bargaining__1014,0,C_LH,1014,131,1430,0,0.13,41.0,8.879020979020979,24.0,0.9993011879804332,1430.0,42.083044487999814,3
1,surrogate,831,equal_bargaining,confirmatory_core,0.9999981539495327,0.05635374149659865,39.0,14.133333333333333,30.0,1.0,105.0,319,105,1474,confirmatory_core__C_LH__equal_bargaining__1015,0,C_LH,1015,105,1470,0,0.06,39.0,8.49795918367347,24.0,0.9972862957937585,1470.0,40.19907555999998,3
1,surrogate,811,equal_bargaining,confirmatory_core,0.9998988500744662,0.052484420124639,43.0,14.055555555555555,32.0,0.9767441860465116,126.0,324,129,1467,confirmatory_core__C_LH__equal_bargaining__1016,0,C_LH,1016,126,1462,0,0.07,41.0,8.807113543091655,25.0,0.9965916837082481,1462.0,41.48768213299991,3
1,surrogate,834,equal_bargaining,confirmatory_core,1.0,0.07038639473134985,41.0,16.025862068965516,33.0,1.0,116.0,320,116,1487,confirmatory_core__C_LH__equal_bargaining__1017,0,C_LH,1017,116,1487,0,0.08000000000000002,42.0,8.98722259583053,25.0,1.0,1487.0,40.89940454600037,3
1,surrogate,820,equal_bargaining,confirmatory_core,0.9999980520995202,0.06955950745801104,40.0,15.89655172413793,30.0,1.0,116.0,322,116,1435,confirmatory_core__C_LH__equal_bargaining__1018,0,C_LH,1018,116,1431,0,0.06,41.0,8.940600978336827,24.0,0.997212543554007,1431.0,41.802054054999644,3
1,surrogate,803,equal_bargaining,confirmatory_core,0.9999503456689144,0.051555773641496105,47.0,13.828125,26.0,0.9846153846153847,128.0,318,130,1419,confirmatory_core__C_LH__equal_bargaining__1019,0,C_LH,1019,128,1417,0,0.020000000000000018,41.0,8.672547635850389,24.0,0.9985905567300916,1417.0,40.048879124999985,3
1,surrogate,806,equal_bargaining,confirmatory_core,0.9999989065952957,0.06489033994616689,38.0,15.357142857142858,28.0,1.0,140.0,324,140,1436,confirmatory_core__C_LH__equal_bargaining__1020,0,C_LH,1020,140,1433,0,0.040000000000000036,40.0,8.868108862526169,24.0,0.9979108635097493,1433.0,39.39768634000029,3
1,surrogate,820,equal_bargaining,confirmatory_core,0.9999998764520894,0.05270093650303592,49.0,14.276422764227643,30.0,1.0,123.0,321,123,1423,confirmatory_core__C_LH__equal_bargaining__1021,0,C_LH,1021,123,1422,0,0.06,41.0,9.00632911392405,24.0,0.9992972593113141,1422.0,41.444583317999786,3
1,surrogate,820,equal_bargaining,confirmatory_core,0.9999995237192573,0.06016411759421464,45.0,15.1869918699187,32.0,1.0,123.0,320,123,1450,confirmatory_core__C_LH__equal_bargaining__1022,0,C_LH,1022,123,1448,0,0.07,38.0,9.170580110497237,25.0,0.9986206896551724,1448.0,40.79190195800038,3
1,surrogate,832,equal_bargaining,confirmatory_core,0.9999988210911509,0.05276811594202899,41.0,13.833333333333334,31.0,1.0,114.0,319,114,1383,confirmatory_core__C_LH__equal_bargaining__1023,0,C_LH,1023,114,1380,0,0.07,41.0,8.556521739130435,24.0,0.9978308026030369,1380.0,40.27406789299994,3
1,surrogate,819,equal_bargaining,confirmatory_core,0.9999903720922032,0.05745342688631279,46.0,14.462121212121213,30.0,0.9924812030075187,132.0,322,133,1492,confirmatory_core__C_LH__equal_bargaining__1024,0,C_LH,1024,132,1490,0,0.06,38.0,8.716778523489934,24.0,0.9986595174262735,1490.0,41.667943021000156,3
1,surrogate,811,equal_bargaining,confirmatory_core,0.9999994991410269,0.057050699883352776,40.0,14.433823529411764,30.0,1.0,136.0,323,136,1414,confirmatory_core__C_LH__equal_bargaining__1025,0,C_LH,1025,136,1412,0,0.06,41.0,8.728753541076488,24.0,0.9985855728429985,1412.0,40.69645656600005,3
1,surrogate,811,equal_bargaining,confirmatory_core,0.999998859386426,0.07163791874554526,55.0,15.730434782608695,29.0,1.0,115.0,320,115,1406,confirmatory_core__C_LH__equal_bargaining__1026,0,C_LH,1026,115,1403,0,0.04999999999999999,41.0,8.56664290805417,24.0,0.9978662873399715,1403.0,42.30965582299996,3
1,surrogate,821,equal_bargaining,confirmatory_core,0.9999994934210593,0.0607913682913683,44.0,14.612612612612613,31.0,1.0,111.0,314,111,1406,confirmatory_core__C_LH__equal_bargaining__1027,0,C_LH,1027,111,1404,0,0.07999999999999999,41.0,8.533475783475783,23.0,0.9985775248933144,1404.0,39.41680213000018,3
1,surrogate,805,equal_bargaining,confirmatory_core,0.9999874422590921,0.07831985102501737,40.0,16.5234375,35.0,0.9922480620155039,128.0,322,129,1440,confirmatory_core__C_LH__equal_bargaining__1028,0,C_LH,1028,128,1439,0,0.10999999999999999,39.0,8.691452397498262,24.0,0.9993055555555556,1439.0,40.95599954399995,3
1,surrogate,825,equal_bargaining,confirmatory_core,0.9999988642435345,0.050266714082503564,52.0,13.75,29.0,1.0,132.0,321,132,1409,confirmatory_core__C_LH__equal_bargaining__1029,0,C_LH,1029,132,1406,0,0.04999999999999999,41.0,8.723328591749645,24.0,0.9978708303761533,1406.0,41.193684298000335,3
1,surrogate,835,equal_bargaining,confirmatory_core,0.9999969754344789,0.06839276703111859,65.0,15.775862068965518,32.0,1.0,116.0,320,116,1440,confirmatory_core__C_LH__equal_bargaining__1030,0,C_LH,1030,116,1435,0,0.08000000000000002,32.0,8.93658536585366,24.0,0.9965277777777778,1435.0,41.34290479599986,3
1,surrogate,280,fixed_time,confirmatory_core,0.9999993230849366,0.1365825984714874,73.0,34.27142857142857,68.0,0.9929078014184397,140.0,140,141,1466,confirmatory_core__C_LH__fixed_time__1001,0,C_LH,1001,140,1458,0,0.15000000000000002,59.0,20.613168724279834,53.0,0.9945429740791268,1458.0,1.0740903850000905,3
1,surrogate,280,fixed_time,confirmatory_core,0.9999246515742773,0.09348064461531028,72.0,29.486725663716815,65.0,0.9741379310344828,113.0,140,116,1477,confirmatory_core__C_LH__fixed_time__1002,0,C_LH,1002,113,1464,0,0.12,59.0,20.13866120218579,53.0,0.991198375084631,1464.0,1.1933229989999745,3
1,surrogate,280,fixed_time,confirmatory_core,0.9999968656057051,0.12341649177236366,73.0,32.01709401709402,66.0,0.9915254237288136,117.0,140,118,1412,confirmatory_core__C_LH__fixed_time__1003,0,C_LH,1003,117,1405,0,0.12,59.0,19.67544483985765,54.0,0.9950424929178471,1405.0,1.1114928490001148,3
1,surrogate,280,fixed_time,confirmatory_core,0.9999977254939547,0.07067357481089723,73.0,27.713043478260868,64.0,0.9913793103448276,115.0,140,116,1422,confirmatory_core__C_LH__fixed_time__1004,0,C_LH,1004,115,1414,0,0.10999999999999999,59.0,20.645685997171146,53.0,0.9943741209563994,1414.0,1.0813275340001383,3
1,surrogate,280,fixed_time,confirmatory_core,0.999995965201797,0.07414234280570914,73.0,27.454545454545453,67.0,0.9924812030075187,132.0,140,133,1419,confirmatory_core__C_LH__fixed_time__1005,0,C_LH,1005,132,1414,0,0.14,59.0,20.04031117397454,53.0,0.9964763918252291,1414.0,1.109331519999614,3
1,surrogate,280,fixed_time,confirmatory_core,0.9999899927181579,0.13684022328612006,72.0,33.028169014084504,69.0,1.0,142.0,140,142,1427,confirmatory_core__C_LH__fixed_time__1006,0,C_LH,1006,142,1418,0,0.1499999999999999,59.0,19.344146685472495,54.0,0.9936930623686054,1418.0,1.110131956999794,3
1,surrogate,280,fixed_time,confirmatory_core,0.9999923795625583,0.12978429417629467,73.0,32.33898305084746,70.0,1.0,118.0,140,118,1453,confirmatory_core__C_LH__fixed_time__1007,0,C_LH,1007,118,1445,0,0.15999999999999992,59.0,19.360553633217993,54.0,0.9944941500344116,1445.0,1.0858410010000625,3
1,surrogate,280,fixed_time,confirmatory_core,0.9999999291033211,0.08645158102766798,71.0,28.156521739130437,65.0,0.9913793103448276,115.0,140,116,1421,confirmatory_core__C_LH__fixed_time__1008,0,C_LH,1008,115,1408,0,0.10999999999999999,59.0,19.511363636363637,54.0,0.9908515130190007,1408.0,1.0447494200002438,3
1,surrogate,280,fixed_time,confirmatory_core,0.9999878934272933,0.09709414727488669,73.0,30.4251968503937,71.0,1.0,127.0,140,127,1442,confirmatory_core__C_LH__fixed_time__1009,0,C_LH,1009,127,1432,0,0.16999999999999993,59.0,20.71578212290503,54.0,0.9930651872399445,1432.0,1.1404536249997363,3
1,surrogate,280,fixed_time,confirmatory_core,0.9999996315750838,0.11532258373022708,73.0,32.2972972972973,66.0,0.9910714285714286,111.0,140,112,1424,confirmatory_core__C_LH__fixed_time__1010,0,C_LH,1010,111,1413,0,0.13,59.0,20.76503892427459,53.0,0.9922752808988764,1413.0,1.2419227140003386,3
1,surrogate,280,fixed_time,confirmatory_core,0.9999982366281507,0.10919942004209024,72.0,30.83206106870229,70.0,0.9924242424242424,131.0,140,132,1418,confirmatory_core__C_LH__fixed_time__1011,0,C_LH,1011,131,1411,0,0.16999999999999993,59.0,19.912119064493268,53.0,0.9950634696755994,1411.0,1.1149846729999808,3
1,surrogate,280,fixed_time,confirmatory_core,0.9999995461928239,0.10675044330537611,73.0,31.11023622047244,70.0,0.9921875,127.0,140,128,1390,confirmatory_core__C_LH__fixed_time__1012,0,C_LH,1012,127,1381,0,0.15999999999999992,59.0,20.43519188993483,54.0,0.9935251798561151,1381.0,1.1326474849997794,3
1,surrogate,280,fixed_time,confirmatory_core,0.9999979591878384,0.12383848153297469,73.0,30.471830985915492,68.0,1.0,142.0,140,142,1402,confirmatory_core__C_LH__fixed_time__1013,0,C_LH,1013,142,1398,0,0.15000000000000002,59.0,18.087982832618025,53.0,0.9971469329529244,1398.0,1.0904851949999284,3
1,surrogate,280,fixed_time,confirmatory_core,0.9999989425071099,0.10436850640575168,72.0,30.623076923076923,70.0,0.9923664122137404,130.0,140,131,1431,confirmatory_core__C_LH__fixed_time__1014,0,C_LH,1014,130,1423,0,0.15999999999999992,59.0,20.186226282501757,54.0,0.9944095038434662,1423.0,1.2032700149998163,3
1,surrogate,280,fixed_time,confirmatory_core,0.9999958407468172,0.12049403140002593,73.0,33.23809523809524,69.0,1.0,105.0,140,105,1474,confirmatory_core__C_LH__fixed_time__1015,0,C_LH,1015,105,1468,0,0.1499999999999999,59.0,21.188692098092645,54.0,0.9959294436906377,1468.0,1.0936685929996202,3
1,surrogate,280,fixed_time,confirmatory_core,0.9998394532299711,0.09820285322359396,73.0,30.072,67.0,0.9689922480620154,125.0,140,129,1467,confirmatory_core__C_LH__fixed_time__1016,0,C_LH,1016,125,1458,0,0.14,59.0,20.251714677640603,53.0,0.9938650306748467,1458.0,1.1462606339996455,3
1,surrogate,280,fixed_time,confirmatory_core,0.9999944338030371,0.1133583410997204,73.0,31.28448275862069,70.0,1.0,116.0,140,116,1487,confirmatory_core__C_LH__fixed_time__1017,0,C_LH,1017,116,1480,0,0.15999999999999992,59.0,19.94864864864865,54.0,0.9952925353059852,1480.0,1.1708055250001053,3
1,surrogate,280,fixed_time,confirmatory_core,0.9999901043345214,0.09655003143589497,73.0,29.70689655172414,68.0,1.0,116.0,140,116,1435,confirmatory_core__C_LH__fixed_time__1018,0,C_LH,1018,116,1426,0,0.15000000000000002,59.0,20.051893408134642,53.0,0.9937282229965156,1426.0,1.2611752470002102,3
1,surrogate,280,fixed_time,confirmatory_core,0.9999757430840991,0.1486654522501772,72.0,34.8984375,71.0,0.9846153846153847,128.0,140,130,1419,confirmatory_core__C_LH__fixed_time__1019,0,C_LH,1019,128,1411,0,0.16999999999999993,59.0,20.031892274982283,54.0,0.9943622269203665,1411.0,1.0988673530000597,3
1,surrogate,280,fixed_time,confirmatory_core,0.9999702947882613,0.1094482423358551,73.0,31.27536231884058,70.0,0.9857142857142858,138.0,140,140,1436,confirmatory_core__C_LH__fixed_time__1020,0,C_LH,1020,138,1431,0,0.15999999999999992,59.0,20.330538085255068,54.0,0.9965181058495822,1431.0,1.1680267609999646,3
1,surrogate,280,fixed_time,confirmatory_core,0.9998879498944699,0.0800601786553832,73.0,28.566666666666666,71.0,0.975609756097561,120.0,140,123,1423,confirmatory_core__C_LH__fixed_time__1021,0,C_LH,1021,120,1418,0,0.16999999999999993,59.0,20.560648801128348,54.0,0.9964862965565706,1418.0,1.1377572400001554,3
1,surrogate,280,fixed_time,confirmatory_core,0.9999999945987426,0.09632093754987575,71.0,30.15573770491803,69.0,0.991869918699187,122.0,140,123,1450,confirmatory_core__C_LH__fixed_time__1022,0,C_LH,1022,122,1438,0,0.1499999999999999,59.0,20.52364394993046,54.0,0.9917241379310345,1438.0,1.0695586980000371,3
1,surrogate,280,fixed_time,confirmatory_core,0.99996015332413,0.09375830564784055,73.0,29.098214285714285,67.0,0.9824561403508771,112.0,140,114,1383,confirmatory_core__C_LH__fixed_time__1023,0,C_LH,1023,112,1376,0,0.14,59.0,19.72238372093023,53.0,0.9949385394070861,1376.0,1.1326444100000117,3
1,surrogate,280,fixed_time,confirmatory_core,0.9999994399226526,0.09078061464271847,73.0,28.992424242424242,70.0,0.9924812030075187,132.0,140,133,1492,confirmatory_core__C_LH__fixed_time__1024,0,C_LH,1024,132,1483,0,0.16999999999999993,59.0,19.914362778152395,53.0,0.9939678284182306,1483.0,1.1008915219999835,3
1,surrogate,280,fixed_time,confirmatory_core,0.9999968629828715,0.10069761616498976,73.0,29.352941176470587,70.0,1.0,136.0,140,136,1414,confirmatory_core__C_LH__fixed_time__1025,0,C_LH,1025,136,1409,0,0.15999999999999992,59.0,19.28317955997161,54.0,0.9964639321074965,1409.0,1.3074606149998544,3
1,surrogate,280,fixed_time,confirmatory_core,0.9999872632622556,0.13047770026161704,73.0,32.7304347826087,68.0,1.0,115.0,140,115,1406,confirmatory_core__C_LH__fixed_time__1026,0,C_LH,1026,115,1396,0,0.15000000000000002,59.0,19.682664756446993,53.0,0.9928876244665719,1396.0,1.094547306000095,3
1,surrogate,280,fixed_time,confirmatory_core,0.999997204954099,0.0950005202236962,73.0,29.87272727272727,71.0,0.990990990990991,110.0,140,111,1406,confirmatory_core__C_LH__fixed_time__1027,0,C_LH,1027,110,1398,0,0.16999999999999993,59.0,20.372675250357652,54.0,0.9943100995732574,1398.0,1.1213659400000324,3
1,surrogate,280,fixed_time,confirmatory_core,0.9999953691984435,0.10182110191637633,73.0,30.234375,68.0,0.9922480620155039,128.0,140,129,1440,confirmatory_core__C_LH__fixed_time__1028,0,C_LH,1028,128,1435,0,0.15000000000000002,59.0,20.05226480836237,53.0,0.9965277777777778,1435.0,1.1022709599997143,3
1,surrogate,280,fixed_time,confirmatory_core,0.999997979443872,0.07459727164887309,73.0,27.916666666666668,66.0,1.0,132.0,140,132,1409,confirmatory_core__C_LH__fixed_time__1029,0,C_LH,1029,132,1405,0,0.12,59.0,20.45693950177936,54.0,0.9971611071682044,1405.0,1.1024255679999442,3
1,surrogate,280,fixed_time,confirmatory_core,0.9999997550502832,0.10113153010618556,70.0,29.565217391304348,67.0,0.9913793103448276,115.0,140,116,1440,confirmatory_core__C_LH__fixed_time__1030,0,C_LH,1030,115,1429,0,0.14,59.0,19.452064380685794,53.0,0.9923611111111111,1429.0,1.1203744990002633,3
1,surrogate,608,efficiency,confirmatory_core,1.0,0.003156770130454338,26.0,6.504273504273504,17.0,1.0,117.0,271,117,456,confirmatory_core__C_LL__efficiency__1001,0,C_LL,1001,117,456,0,0.03999999999999998,39.0,6.18859649122807,21.0,1.0,456.0,1.1191978410001866,3
1,surrogate,592,efficiency,confirmatory_core,0.9999906154260528,0.0008671439936356329,30.0,6.666666666666667,18.0,0.9915254237288136,117.0,269,118,420,confirmatory_core__C_LL__efficiency__1002,0,C_LL,1002,117,419,0,0.010000000000000009,46.0,6.579952267303103,19.0,0.9976190476190476,419.0,1.2278493750000052,3
1,surrogate,575,efficiency,confirmatory_core,0.9999984796008039,0.007139949109414762,30.0,6.847328244274809,26.0,1.0,131.0,264,131,406,confirmatory_core__C_LL__efficiency__1003,0,C_LL,1003,131,405,0,0.05000000000000002,37.0,6.133333333333334,21.0,0.9975369458128078,405.0,0.783114759,3
1,surrogate,623,efficiency,confirmatory_core,1.0,0.011386488752779908,32.0,7.699186991869919,23.0,1.0,123.0,288,123,446,confirmatory_core__C_LL__efficiency__1004,0,C_LL,1004,123,446,0,0.020000000000000018,41.0,6.560538116591928,21.0,1.0,446.0,1.1568370150000646,3
1,surrogate,551,efficiency,confirmatory_core,1.0,0.012304675601583923,30.0,7.365671641791045,22.0,1.0,134.0,265,134,392,confirmatory_core__C_LL__efficiency__1005,0,C_LL,1005,134,392,0,0.010000000000000009,46.0,6.135204081632653,23.0,1.0,392.0,0.8174022770001557,3
1,surrogate,592,efficiency,confirmatory_core,0.99999841778661,0.00017547715246903073,42.0,6.899328859060403,20.0,1.0,149.0,273,149,398,confirmatory_core__C_LL__efficiency__1006,0,C_LL,1006,149,397,0,0.009999999999999981,47.0,6.916876574307305,21.0,0.9974874371859297,397.0,0.8222039969998605,3
1,surrogate,596,efficiency,confirmatory_core,1.0,0.020275005413492392,40.0,8.008130081300813,27.0,1.0,123.0,264,123,413,confirmatory_core__C_LL__efficiency__1007,0,C_LL,1007,123,413,0,0.09000000000000002,48.0,5.980629539951574,18.0,1.0,413.0,1.1598329180001201,3
1,surrogate,569,efficiency,confirmatory_core,0.9999833405524272,0.009103812156847468,37.0,7.204918032786885,26.0,0.991869918699187,122.0,256,123,421,confirmatory_core__C_LL__efficiency__1008,0,C_LL,1008,122,421,0,0.04000000000000001,37.0,6.294536817102138,22.0,1.0,421.0,0.7890362640000603,3
1,surrogate,523,efficiency,confirmatory_core,0.9999848599545799,0.014521042713567835,51.0,7.28125,23.0,0.9922480620155039,128.0,251,129,398,confirmatory_core__C_LL__efficiency__1009,0,C_LL,1009,128,398,0,0.020000000000000018,39.0,5.8291457286432165,21.0,1.0,398.0,0.7917252889999418,3
1,surrogate,566,efficiency,confirmatory_core,0.9999495104071416,0.00866879350348028,29.0,7.375,22.0,0.9836065573770492,120.0,267,122,432,confirmatory_core__C_LL__efficiency__1010,0,C_LL,1010,120,431,0,0.0,46.0,6.508120649651972,22.0,0.9976851851851852,431.0,0.7464201100001446,3
1,surrogate,591,efficiency,confirmatory_core,0.9999985018502151,0.020773251778587534,40.0,8.123893805309734,22.0,1.0,113.0,266,113,409,confirmatory_core__C_LL__efficiency__1011,0,C_LL,1011,113,408,0,0.04000000000000001,41.0,6.046568627450981,18.0,0.9975550122249389,408.0,0.7287108129999069,3
1,surrogate,615,efficiency,confirmatory_core,1.0,0.002422671450473382,40.0,7.602649006622516,18.0,1.0,151.0,289,151,419,confirmatory_core__C_LL__efficiency__1012,0,C_LL,1012,151,419,0,0.05000000000000002,48.0,7.360381861575179,23.0,1.0,419.0,0.9279577720001271,3
1,surrogate,590,efficiency,confirmatory_core,1.0,0.005565924354895738,37.0,6.550724637681159,18.0,1.0,138.0,274,138,410,confirmatory_core__C_LL__efficiency__1013,0,C_LL,1013,138,410,0,0.05000000000000002,43.0,7.107317073170732,23.0,1.0,410.0,0.7288203529999464,3
1,surrogate,608,efficiency,confirmatory_core,0.9999782661849005,0.0072547929980550235,52.0,7.627118644067797,22.0,1.0,118.0,265,118,431,confirmatory_core__C_LL__efficiency__1014,0,C_LL,1014,118,427,0,0.010000000000000009,42.0,6.901639344262295,21.0,0.9907192575406032,427.0,0.7570663120000063,3
1,surrogate,604,efficiency,confirmatory_core,0.9999987174389822,0.0061641883892200044,41.0,7.469026548672566,21.0,1.0,113.0,272,113,442,confirmatory_core__C_LL__efficiency__1015,0,C_LL,1015,113,441,0,0.0,43.0,6.852607709750567,21.0,0.997737556561086,441.0,0.7867610969999532,3
1,surrogate,598,efficiency,confirmatory_core,0.9999986256373607,0.0039983256180439325,44.0,7.223776223776224,17.0,1.0,143.0,278,143,427,confirmatory_core__C_LL__efficiency__1016,0,C_LL,1016,143,426,0,0.04999999999999999,50.0,6.823943661971831,22.0,0.9976580796252927,426.0,0.7301360029998705,3
1,surrogate,547,efficiency,confirmatory_core,0.9999933574678668,0.011894255615185846,47.0,6.786324786324786,24.0,1.0,117.0,246,117,389,confirmatory_core__C_LL__efficiency__1017,0,C_LL,1017,117,387,0,0.03999999999999998,33.0,5.596899224806202,20.0,0.9948586118251928,387.0,0.7733565149999322,3
1,surrogate,560,efficiency,confirmatory_core,1.0,0.006919959473150952,30.0,7.120567375886525,20.0,1.0,141.0,274,141,399,confirmatory_core__C_LL__efficiency__1018,0,C_LL,1018,141,399,0,0.0,53.0,6.428571428571429,20.0,1.0,399.0,0.738814155,3
1,surrogate,582,efficiency,confirmatory_core,1.0,0.00534401039675865,30.0,7.102362204724409,23.0,1.0,127.0,261,127,412,confirmatory_core__C_LL__efficiency__1019,0,C_LL,1019,127,412,0,0.010000000000000009,50.0,6.567961165048544,22.0,1.0,412.0,0.7463350049999917,3
1,surrogate,624,efficiency,confirmatory_core,1.0,0.007945336087716512,38.0,6.327586206896552,16.0,1.0,116.0,276,116,434,confirmatory_core__C_LL__efficiency__1020,0,C_LL,1020,116,434,0,0.07999999999999999,49.0,7.122119815668203,24.0,1.0,434.0,0.8120558450000317,3
1,surrogate,617,efficiency,confirmatory_core,1.0,0.0017183199487237483,40.0,7.007936507936508,18.0,1.0,126.0,279,126,421,confirmatory_core__C_LL__efficiency__1021,0,C_LL,1021,126,421,0,0.03,35.0,6.836104513064133,21.0,1.0,421.0,0.7175477709999996,3
1,surrogate,553,efficiency,confirmatory_core,1.0,0.0061279369575480275,52.0,7.072992700729927,19.0,1.0,137.0,260,137,402,confirmatory_core__C_LL__efficiency__1022,0,C_LL,1022,137,402,0,0.03,39.0,6.460199004975125,22.0,1.0,402.0,0.9008668490000673,3
1,surrogate,571,efficiency,confirmatory_core,0.9999853204544787,0.0012670831706364655,43.0,6.730769230769231,16.0,0.9923664122137404,130.0,268,131,394,confirmatory_core__C_LL__efficiency__1023,0,C_LL,1023,130,394,0,0.07,49.0,6.604060913705584,23.0,1.0,394.0,0.8943067700001848,3
1,surrogate,578,efficiency,confirmatory_core,1.0,0.002122010620034337,36.0,7.1735537190082646,21.0,1.0,121.0,272,121,414,confirmatory_core__C_LL__efficiency__1024,0,C_LL,1024,121,414,0,0.020000000000000018,57.0,6.961352657004831,23.0,1.0,414.0,0.7838994790001834,3
1,surrogate,607,efficiency,confirmatory_core,0.9999987174389822,0.005441991004051891,41.0,5.89344262295082,16.0,1.0,122.0,273,122,442,confirmatory_core__C_LL__efficiency__1025,0,C_LL,1025,122,441,0,0.06,40.0,6.437641723356009,22.0,0.997737556561086,441.0,0.7553202090000468,3
1,surrogate,609,efficiency,confirmatory_core,0.9999985519041011,0.00220582329317269,27.0,7.208333333333333,20.0,1.0,144.0,279,144,416,confirmatory_core__C_LL__efficiency__1026,0,C_LL,1026,144,415,0,0.01999999999999999,44.0,7.428915662650603,22.0,0.9975961538461539,415.0,0.7331244389999938,3
1,surrogate,553,efficiency,confirmatory_core,0.9999999886977512,0.0011890849596821254,30.0,6.3023255813953485,17.0,0.9923076923076923,129.0,265,130,401,confirmatory_core__C_LL__efficiency__1027,0,C_LL,1027,129,398,0,0.06,47.0,6.183417085427136,23.0,0.9925187032418953,398.0,0.7384308149999015,3
1,surrogate,580,efficiency,confirmatory_core,0.9999888145679066,0.011332763293753226,39.0,6.630872483221476,21.0,0.9933333333333333,149.0,269,150,416,confirmatory_core__C_LL__efficiency__1028,0,C_LL,1028,149,416,0,0.009999999999999981,44.0,5.497596153846154,20.0,1.0,416.0,0.8410064069998953,3
1,surrogate,581,efficiency,confirmatory_core,1.0,0.0008676592704169248,34.0,6.260162601626016,16.0,1.0,123.0,260,123,421,confirmatory_core__C_LL__efficiency__1029,0,C_LL,1029,123,421,0,0.07,37.0,6.173396674584323,23.0,1.0,421.0,0.8690633230000913,3
1,surrogate,573,efficiency,confirmatory_core,0.9999985018502151,0.006781844316674043,39.0,7.7443609022556394,16.0,1.0,133.0,277,133,409,confirmatory_core__C_LL__efficiency__1030,0,C_LL,1030,133,408,0,0.07,52.0,7.0661764705882355,23.0,0.9975550122249389,408.0,0.862418130999913,3
1,surrogate,611,efpb,confirmatory_core,1.0,0.012266644174538918,35.0,7.136752136752137,20.0,1.0,117.0,268,117,456,confirmatory_core__C_LL__efpb__1001,0,C_LL,1001,117,456,0,0.010000000000000009,39.0,5.910087719298246,19.0,1.0,456.0,25.022554030000038,3
1,surrogate,592,efpb,confirmatory_core,0.9999906154260528,0.021920323113640526,30.0,8.153846153846153,25.0,0.9915254237288136,117.0,269,118,420,confirmatory_core__C_LL__efpb__1002,0,C_LL,1002,117,419,0,0.07,35.0,5.9618138424821,18.0,0.9976190476190476,419.0,24.918880883000156,3
1,surrogate,593,efpb,confirmatory_core,0.9999984796008039,0.028115351993214605,40.0,8.389312977099237,28.0,1.0,131.0,266,131,406,confirmatory_core__C_LL__efpb__1003,0,C_LL,1003,131,405,0,0.09000000000000002,28.0,5.5777777777777775,19.0,0.9975369458128078,405.0,24.799956651000002,3
1,surrogate,634,efpb,confirmatory_core,1.0,0.025893215210179003,32.0,8.699186991869919,24.0,1.0,123.0,287,123,446,confirmatory_core__C_LL__efpb__1004,0,C_LL,1004,123,446,0,0.03999999999999998,40.0,6.109865470852018,20.0,1.0,446.0,25.02923804499983,3
1,surrogate,553,efpb,confirmatory_core,1.0,0.020479363387145913,30.0,7.82089552238806,23.0,1.0,134.0,262,134,392,confirmatory_core__C_LL__efpb__1005,0,C_LL,1005,134,392,0,0.020000000000000018,40.0,5.7729591836734695,21.0,1.0,392.0,23.71079835499995,3
1,surrogate,592,efpb,confirmatory_core,0.99999841778661,0.01827565803932174,42.0,8.369127516778523,27.0,1.0,149.0,276,149,398,confirmatory_core__C_LL__efpb__1006,0,C_LL,1006,149,397,0,0.08000000000000002,27.0,6.541561712846348,19.0,0.9974874371859297,397.0,26.14572526200004,3
1,surrogate,610,efpb,confirmatory_core,1.0,0.02942046103269748,40.0,8.910569105691057,27.0,1.0,123.0,265,123,413,confirmatory_core__C_LL__efpb__1007,0,C_LL,1007,123,413,0,0.1,33.0,5.968523002421308,17.0,1.0,413.0,25.742165927000087,3
1,surrogate,595,efpb,confirmatory_core,0.9999833405524272,0.02955239281959425,48.0,9.057377049180328,29.0,0.991869918699187,122.0,260,123,421,confirmatory_core__C_LL__efpb__1008,0,C_LL,1008,122,421,0,0.08999999999999997,37.0,6.102137767220903,20.0,1.0,421.0,25.13199648900013,3
1,surrogate,537,efpb,confirmatory_core,0.9999848599545799,0.021383087311557795,51.0,7.7890625,23.0,0.9922480620155039,128.0,252,129,398,confirmatory_core__C_LL__efpb__1009,0,C_LL,1009,128,398,0,0.03,30.0,5.650753768844221,20.0,1.0,398.0,25.337153525000076,3
1,surrogate,585,efpb,confirmatory_core,0.9999495104071416,0.023541376643464826,35.0,8.966666666666667,26.0,0.9836065573770492,120.0,271,122,432,confirmatory_core__C_LL__efpb__1010,0,C_LL,1010,120,431,0,0.04000000000000001,38.0,6.612529002320185,22.0,0.9976851851851852,431.0,23.230531342000177,3
1,surrogate,610,efpb,confirmatory_core,0.9999985018502151,0.02369512406732604,40.0,8.300884955752212,23.0,1.0,113.0,262,113,409,confirmatory_core__C_LL__efpb__1011,0,C_LL,1011,113,408,0,0.06,40.0,5.931372549019608,17.0,0.9975550122249389,408.0,23.955884221000133,3
1,surrogate,623,efpb,confirmatory_core,0.9999985725908904,0.025836686840520942,40.0,9.172185430463577,25.0,1.0,151.0,284,151,419,confirmatory_core__C_LL__efpb__1012,0,C_LL,1012,151,418,0,0.07,39.0,6.588516746411483,18.0,0.9976133651551312,418.0,27.427893076000146,3
1,surrogate,596,efpb,confirmatory_core,1.0,0.018083068221986576,39.0,8.398550724637682,25.0,1.0,138.0,272,138,410,confirmatory_core__C_LL__efpb__1013,0,C_LL,1013,138,410,0,0.04000000000000001,36.0,6.590243902439024,21.0,1.0,410.0,23.73632871599989,3
1,surrogate,617,efpb,confirmatory_core,0.9999782661849005,0.021508950899059257,52.0,8.923728813559322,23.0,1.0,118.0,266,118,431,confirmatory_core__C_LL__efpb__1014,0,C_LL,1014,118,427,0,0.020000000000000018,37.0,6.772833723653396,21.0,0.9907192575406032,427.0,24.7619458019999,3
1,surrogate,620,efpb,confirmatory_core,0.9999987174389822,0.01893183231994862,36.0,8.646017699115044,22.0,1.0,113.0,271,113,442,confirmatory_core__C_LL__efpb__1015,0,C_LL,1015,113,441,0,0.01999999999999999,34.0,6.752834467120182,20.0,0.997737556561086,441.0,24.273501874000203,3
1,surrogate,607,efpb,confirmatory_core,0.9999986256373607,0.015577990085032356,44.0,8.125874125874127,23.0,1.0,143.0,277,143,427,confirmatory_core__C_LL__efpb__1016,0,C_LL,1016,143,426,0,0.020000000000000018,51.0,6.568075117370892,21.0,0.9976580796252927,426.0,26.61593479000021,3
1,surrogate,550,efpb,confirmatory_core,0.9999933574678668,0.023534088650367713,47.0,7.854700854700854,27.0,1.0,117.0,248,117,389,confirmatory_core__C_LL__efpb__1017,0,C_LL,1017,117,387,0,0.09000000000000002,33.0,5.501291989664082,18.0,0.9948586118251928,387.0,23.6990145809998,3
1,surrogate,580,efpb,confirmatory_core,1.0,0.021621073961499482,38.0,8.304964539007091,26.0,1.0,141.0,273,141,399,confirmatory_core__C_LL__efpb__1018,0,C_LL,1018,141,399,0,0.06,34.0,6.142857142857143,20.0,1.0,399.0,25.920044298999983,3
1,surrogate,580,efpb,confirmatory_core,0.9999843774410249,0.017072353213129908,30.0,7.9523809523809526,25.0,0.9921259842519685,126.0,259,127,412,confirmatory_core__C_LL__efpb__1019,0,C_LL,1019,126,412,0,0.04999999999999999,50.0,6.245145631067961,20.0,1.0,412.0,23.0706085920001,3
1,surrogate,632,efpb,confirmatory_core,1.0,0.01892142062609249,38.0,8.560344827586206,25.0,1.0,116.0,274,116,434,confirmatory_core__C_LL__efpb__1020,0,C_LL,1020,116,434,0,0.03,37.0,6.668202764976958,22.0,1.0,434.0,23.33027561500012,3
1,surrogate,617,efpb,confirmatory_core,1.0,0.018885118576329976,40.0,8.396825396825397,23.0,1.0,126.0,278,126,421,confirmatory_core__C_LL__efpb__1021,0,C_LL,1021,126,421,0,0.04000000000000001,34.0,6.508313539192399,19.0,1.0,421.0,25.47716274200002,3
1,surrogate,566,efpb,confirmatory_core,1.0,0.027036169517376613,52.0,8.905109489051094,24.0,1.0,137.0,262,137,402,confirmatory_core__C_LL__efpb__1022,0,C_LL,1022,137,402,0,0.03,33.0,6.201492537313433,21.0,1.0,402.0,24.444980832000056,3
1,surrogate,569,efpb,confirmatory_core,0.9999853204544787,0.01946270987895353,28.0,8.207692307692307,22.0,0.9923664122137404,130.0,264,131,394,confirmatory_core__C_LL__efpb__1023,0,C_LL,1023,130,394,0,0.0,36.0,6.261421319796955,22.0,1.0,394.0,25.499511086999973,3
1,surrogate,587,efpb,confirmatory_core,0.9999985378620619,0.029417885658255462,46.0,9.099173553719009,25.0,1.0,121.0,265,121,414,confirmatory_core__C_LL__efpb__1024,0,C_LL,1024,121,413,0,0.07,38.0,6.157384987893463,18.0,0.9975845410628019,413.0,25.057642931000373,3
1,surrogate,621,efpb,confirmatory_core,0.9999491367819059,0.020702947845804988,41.0,8.0,21.0,0.9836065573770492,120.0,271,122,442,confirmatory_core__C_LL__efpb__1025,0,C_LL,1025,120,441,0,0.03,31.0,5.929705215419501,18.0,0.997737556561086,441.0,24.41082175700012,3
1,surrogate,614,efpb,confirmatory_core,1.0,0.01212606837606836,39.0,8.409722222222221,24.0,1.0,144.0,275,144,416,confirmatory_core__C_LL__efpb__1026,0,C_LL,1026,144,416,0,0.01999999999999999,41.0,7.197115384615385,22.0,1.0,416.0,25.02485627199985,3
1,surrogate,579,efpb,confirmatory_core,0.999974875160956,0.024724278240651043,57.0,8.507692307692308,23.0,1.0,130.0,267,130,401,confirmatory_core__C_LL__efpb__1027,0,C_LL,1027,130,397,0,0.0,37.0,6.035264483627204,23.0,0.9900249376558603,397.0,25.347050431000298,3
1,surrogate,591,efpb,confirmatory_core,0.9999888145679066,0.02317678755807951,37.0,7.704697986577181,24.0,0.9933333333333333,149.0,268,150,416,confirmatory_core__C_LL__efpb__1028,0,C_LL,1028,149,416,0,0.06,36.0,5.387019230769231,18.0,1.0,416.0,27.268412952999824,3
1,surrogate,592,efpb,confirmatory_core,1.0,0.02112990749859993,45.0,8.203252032520325,24.0,1.0,123.0,259,123,421,confirmatory_core__C_LL__efpb__1029,0,C_LL,1029,123,421,0,0.03,29.0,6.090261282660332,21.0,1.0,421.0,24.64313256699961,3
1,surrogate,591,efpb,confirmatory_core,0.999993499549085,0.01779857397504457,39.0,8.765151515151516,24.0,0.9924812030075187,132.0,271,133,409,confirmatory_core__C_LL__efpb__1030,0,C_LL,1030,132,408,0,0.0,36.0,6.985294117647059,24.0,0.9975550122249389,408.0,25.387027048000164,3
1,surrogate,605,equal_bargaining,confirmatory_core,1.0,0.013570062977957723,26.0,7.35042735042735,21.0,1.0,117.0,269,117,456,confirmatory_core__C_LL__equal_bargaining__1001,0,C_LL,1001,117,456,0,0.0,39.0,5.993421052631579,21.0,1.0,456.0,19.271340335000104,3
1,surrogate,588,equal_bargaining,confirmatory_core,0.9999906154260528,0.021878098035615932,27.0,8.23076923076923,23.0,0.9915254237288136,117.0,269,118,420,confirmatory_core__C_LL__equal_bargaining__1002,0,C_LL,1002,117,419,0,0.04000000000000001,35.0,6.042959427207637,19.0,0.9976190476190476,419.0,17.588081014999943,3
1,surrogate,596,equal_bargaining,confirmatory_core,0.9999984796008039,0.02195061728395062,40.0,8.0,22.0,1.0,131.0,266,131,406,confirmatory_core__C_LL__equal_bargaining__1003,0,C_LL,1003,131,405,0,0.03,34.0,5.8049382716049385,19.0,0.9975369458128078,405.0,17.76150406900001,3
1,surrogate,630,equal_bargaining,confirmatory_core,1.0,0.0213578694082905,26.0,8.487804878048781,22.0,1.0,123.0,286,123,446,confirmatory_core__C_LL__equal_bargaining__1004,0,C_LL,1004,123,446,0,0.010000000000000009,32.0,6.352017937219731,21.0,1.0,446.0,19.01545894999981,3
1,surrogate,543,equal_bargaining,confirmatory_core,1.0,0.020995659457812982,28.0,8.097014925373134,23.0,1.0,134.0,262,134,392,confirmatory_core__C_LL__equal_bargaining__1005,0,C_LL,1005,134,392,0,0.020000000000000018,37.0,5.997448979591836,21.0,1.0,392.0,17.706741044999944,3
1,surrogate,580,equal_bargaining,confirmatory_core,0.99999841778661,0.009515493719676096,29.0,7.704697986577181,22.0,1.0,149.0,272,149,398,confirmatory_core__C_LL__equal_bargaining__1006,0,C_LL,1006,149,397,0,0.03,27.0,6.753148614609572,19.0,0.9974874371859297,397.0,18.501058645000057,3
1,surrogate,609,equal_bargaining,confirmatory_core,1.0,0.02359672434496743,28.0,8.626016260162602,22.0,1.0,123.0,266,123,413,confirmatory_core__C_LL__equal_bargaining__1007,0,C_LL,1007,123,413,0,0.010000000000000009,32.0,6.266343825665859,21.0,1.0,413.0,18.537794273000145,3
1,surrogate,582,equal_bargaining,confirmatory_core,0.9999833405524272,0.021219578676842807,38.0,8.442622950819672,24.0,0.991869918699187,122.0,258,123,421,confirmatory_core__C_LL__equal_bargaining__1008,0,C_LL,1008,122,421,0,0.01999999999999999,30.0,6.320665083135392,22.0,1.0,421.0,18.27119138099988,3
1,surrogate,538,equal_bargaining,confirmatory_core,0.9999848599545799,0.0167960898241206,26.0,7.3203125,23.0,0.9922480620155039,128.0,251,129,398,confirmatory_core__C_LL__equal_bargaining__1009,0,C_LL,1009,128,398,0,0.03,35.0,5.64070351758794,20.0,1.0,398.0,17.801032120000173,3
1,surrogate,587,equal_bargaining,confirmatory_core,0.9998725623693324,0.014028349158688988,26.0,8.008403361344538,23.0,0.9754098360655737,119.0,268,122,432,confirmatory_core__C_LL__equal_bargaining__1010,0,C_LL,1010,119,431,0,0.010000000000000009,38.0,6.6055684454756385,22.0,0.9976851851851852,431.0,17.730340679999927,3
1,surrogate,609,equal_bargaining,confirmatory_core,0.9999985018502151,0.022295462432760725,37.0,8.212389380530974,22.0,1.0,113.0,263,113,409,confirmatory_core__C_LL__equal_bargaining__1011,0,C_LL,1011,113,408,0,0.04000000000000001,28.0,5.982843137254902,18.0,0.9975550122249389,408.0,17.718321497999796,3
1,surrogate,622,equal_bargaining,confirmatory_core,0.9999985725908904,0.018128426122500707,27.0,9.006622516556291,24.0,1.0,151.0,285,151,419,confirmatory_core__C_LL__equal_bargaining__1012,0,C_LL,1012,151,418,0,0.04999999999999999,39.0,7.19377990430622,19.0,0.9976133651551312,418.0,19.822451672999932,3
1,surrogate,580,equal_bargaining,confirmatory_core,1.0,0.010621774478614343,39.0,7.8768115942028984,23.0,1.0,138.0,273,138,410,confirmatory_core__C_LL__equal_bargaining__1013,0,C_LL,1013,138,410,0,0.010000000000000009,34.0,6.814634146341463,22.0,1.0,410.0,18.546160704000158,3
1,surrogate,616,equal_bargaining,confirmatory_core,0.9999782661849005,0.015626761401976733,27.0,8.483050847457626,22.0,1.0,118.0,266,118,431,confirmatory_core__C_LL__equal_bargaining__1014,0,C_LL,1014,118,427,0,0.010000000000000009,37.0,6.9203747072599535,21.0,0.9907192575406032,427.0,18.84572459900005,3
1,surrogate,611,equal_bargaining,confirmatory_core,0.9999987174389822,0.015027592157807065,24.0,8.389380530973451,21.0,1.0,113.0,270,113,442,confirmatory_core__C_LL__equal_bargaining__1015,0,C_LL,1015,113,441,0,0.0,34.0,6.886621315192744,21.0,0.997737556561086,441.0,18.17544005700006,3
1,surrogate,603,equal_bargaining,confirmatory_core,0.9999986256373607,0.014181358547555742,25.0,7.958041958041958,23.0,1.0,143.0,276,143,427,confirmatory_core__C_LL__equal_bargaining__1016,0,C_LL,1016,143,426,0,0.0,33.0,6.539906103286385,23.0,0.9976580796252927,426.0,19.4510983319999,3
1,surrogate,546,equal_bargaining,confirmatory_core,0.9999933574678668,0.00853508248857087,28.0,6.897435897435898,20.0,1.0,117.0,252,117,389,confirmatory_core__C_LL__equal_bargaining__1017,0,C_LL,1017,117,387,0,0.0,33.0,6.043927648578811,20.0,0.9948586118251928,387.0,16.17198238600008,3
1,surrogate,571,equal_bargaining,confirmatory_core,1.0,0.01745640697488402,30.0,7.9787234042553195,24.0,1.0,141.0,272,141,399,confirmatory_core__C_LL__equal_bargaining__1018,0,C_LL,1018,141,399,0,0.03999999999999998,30.0,6.2330827067669174,20.0,1.0,399.0,18.730153790999793,3
1,surrogate,576,equal_bargaining,confirmatory_core,0.9999843774410249,0.019971490214208652,30.0,8.23015873015873,24.0,0.9921259842519685,126.0,258,127,412,confirmatory_core__C_LL__equal_bargaining__1019,0,C_LL,1019,126,412,0,0.04999999999999999,29.0,6.233009708737864,19.0,1.0,412.0,18.050764228000162,3
1,surrogate,632,equal_bargaining,confirmatory_core,1.0,0.01767042745908151,25.0,8.60344827586207,24.0,1.0,116.0,275,116,434,confirmatory_core__C_LL__equal_bargaining__1020,0,C_LL,1020,116,434,0,0.01999999999999999,37.0,6.836405529953917,22.0,1.0,434.0,19.078494145999912,3
1,surrogate,616,equal_bargaining,confirmatory_core,1.0,0.013700750292199207,27.0,8.134920634920634,22.0,1.0,126.0,279,126,421,confirmatory_core__C_LL__equal_bargaining__1021,0,C_LL,1021,126,421,0,0.03,34.0,6.764845605700713,19.0,1.0,421.0,19.03328237300002,3
1,surrogate,568,equal_bargaining,confirmatory_core,1.0,0.02499909213058793,27.0,9.226277372262773,24.0,1.0,137.0,264,137,402,confirmatory_core__C_LL__equal_bargaining__1022,0,C_LL,1022,137,402,0,0.01999999999999999,37.0,6.72636815920398,22.0,1.0,402.0,18.757294798999965,3
1,surrogate,569,equal_bargaining,confirmatory_core,0.9999853204544787,0.023226474033580635,28.0,8.53076923076923,23.0,0.9923664122137404,130.0,264,131,394,confirmatory_core__C_LL__equal_bargaining__1023,0,C_LL,1023,130,394,0,0.010000000000000009,36.0,6.208121827411167,22.0,1.0,394.0,18.884769300000016,3
1,surrogate,588,equal_bargaining,confirmatory_core,0.9999985378620619,0.015730694575070536,26.0,8.173553719008265,22.0,1.0,121.0,266,121,414,confirmatory_core__C_LL__equal_bargaining__1024,0,C_LL,1024,121,413,0,0.010000000000000009,38.0,6.600484261501211,21.0,0.9975845410628019,413.0,18.492805376999968,3
1,surrogate,620,equal_bargaining,confirmatory_core,0.9999491367819059,0.01623412698412699,28.0,7.925,20.0,0.9836065573770492,120.0,272,122,442,confirmatory_core__C_LL__equal_bargaining__1025,0,C_LL,1025,120,441,0,0.010000000000000009,31.0,6.301587301587301,19.0,0.997737556561086,441.0,18.680046472999948,3
1,surrogate,609,equal_bargaining,confirmatory_core,1.0,0.006677350427350445,27.0,7.951388888888889,23.0,1.0,144.0,275,144,416,confirmatory_core__C_LL__equal_bargaining__1026,0,C_LL,1026,144,416,0,0.010000000000000009,41.0,7.283653846153846,22.0,1.0,416.0,19.789282125,3
1,surrogate,577,equal_bargaining,confirmatory_core,0.999974875160956,0.025618097267971318,30.0,8.576923076923077,23.0,1.0,130.0,267,130,401,confirmatory_core__C_LL__equal_bargaining__1027,0,C_LL,1027,130,397,0,0.0,37.0,6.015113350125945,23.0,0.9900249376558603,397.0,18.175135542999897,3
1,surrogate,586,equal_bargaining,confirmatory_core,0.9999888145679066,0.018328762261228697,37.0,7.436241610738255,24.0,0.9933333333333333,149.0,268,150,416,confirmatory_core__C_LL__equal_bargaining__1028,0,C_LL,1028,149,416,0,0.04999999999999999,36.0,5.603365384615385,19.0,1.0,416.0,18.5599750089998,3
1,surrogate,587,equal_bargaining,confirmatory_core,1.0,0.019394975184906238,29.0,8.260162601626016,23.0,1.0,123.0,259,123,421,confirmatory_core__C_LL__equal_bargaining__1029,0,C_LL,1029,123,421,0,0.010000000000000009,29.0,6.320665083135392,22.0,1.0,421.0,18.368077572000175,3
1,surrogate,590,equal_bargaining,confirmatory_core,0.999993499549085,0.012854278074866304,29.0,8.371212121212121,23.0,0.9924812030075187,132.0,272,133,409,confirmatory_core__C_LL__equal_bargaining__1030,0,C_LL,1030,132,408,0,0.0,34.0,7.08578431372549,23.0,0.9975550122249389,408.0,19.006498477999912,3
1,surrogate,280,fixed_time,confirmatory_core,0.9999951696888312,0.14436255130087727,72.0,32.495726495726494,67.0,1.0,117.0,140,117,456,confirmatory_core__C_LL__fixed_time__1001,0,C_LL,1001,117,454,0,0.13,58.0,18.059471365638768,54.0,0.9956140350877193,454.0,1.1874597430000904,3
1,surrogate,280,fixed_time,confirmatory_core,0.9999136710974145,0.10123386508184759,73.0,27.617391304347827,68.0,0.9745762711864406,115.0,140,118,420,confirmatory_core__C_LL__fixed_time__1002,0,C_LL,1002,115,417,0,0.17000000000000004,59.0,17.49400479616307,51.0,0.9928571428571429,417.0,1.6422789650000595,3
1,surrogate,280,fixed_time,confirmatory_core,0.9999727181833623,0.14872956481694677,71.0,34.627906976744185,69.0,0.9847328244274809,129.0,140,131,406,confirmatory_core__C_LL__fixed_time__1003,0,C_LL,1003,129,404,0,0.1399999999999999,59.0,19.754950495049506,55.0,0.9950738916256158,404.0,1.2372652990000006,3
1,surrogate,280,fixed_time,confirmatory_core,1.0,0.11118742936308287,72.0,29.67479674796748,69.0,1.0,123.0,140,123,446,confirmatory_core__C_LL__fixed_time__1004,0,C_LL,1004,123,446,0,0.16999999999999993,59.0,18.556053811659194,52.0,1.0,446.0,1.1264109129999724,3
1,surrogate,280,fixed_time,confirmatory_core,0.9999985891688494,0.10173587815693078,71.0,26.25563909774436,60.0,0.9925373134328358,133.0,140,134,392,confirmatory_core__C_LL__fixed_time__1005,0,C_LL,1005,133,390,0,0.08999999999999997,59.0,16.08205128205128,51.0,0.9948979591836735,390.0,1.6533709820000695,3
1,surrogate,280,fixed_time,confirmatory_core,0.9999697625527797,0.1400974999571617,73.0,32.70748299319728,69.0,0.9865771812080537,147.0,140,149,398,confirmatory_core__C_LL__fixed_time__1006,0,C_LL,1006,147,397,0,0.15999999999999992,58.0,18.697732997481108,53.0,0.9974874371859297,397.0,1.303353474000005,3
1,surrogate,280,fixed_time,confirmatory_core,0.9999917658904157,0.09476126054432596,73.0,28.15573770491803,65.0,0.991869918699187,122.0,140,123,413,confirmatory_core__C_LL__fixed_time__1007,0,C_LL,1007,122,412,0,0.12,59.0,18.679611650485437,53.0,0.9975786924939467,412.0,1.1446334939998906,3
1,surrogate,280,fixed_time,confirmatory_core,0.9999508941461931,0.11355824478551746,73.0,30.58677685950413,69.0,0.983739837398374,121.0,140,123,421,confirmatory_core__C_LL__fixed_time__1008,0,C_LL,1008,121,420,0,0.17999999999999994,58.0,19.23095238095238,51.0,0.997624703087886,420.0,1.1447239350000018,3
1,surrogate,280,fixed_time,confirmatory_core,0.9999930662961654,0.14521725440806044,73.0,33.625,70.0,0.9922480620155039,128.0,140,129,398,confirmatory_core__C_LL__fixed_time__1009,0,C_LL,1009,128,397,0,0.17999999999999994,58.0,19.103274559193956,52.0,0.9974874371859297,397.0,1.1036491009999736,3
1,surrogate,280,fixed_time,confirmatory_core,0.9997222993612885,0.11119350282485879,72.0,28.661016949152543,67.0,0.9672131147540983,118.0,140,122,432,confirmatory_core__C_LL__fixed_time__1010,0,C_LL,1010,118,432,0,0.16000000000000003,59.0,17.541666666666668,51.0,1.0,432.0,1.2123104810000314,3
1,surrogate,280,fixed_time,confirmatory_core,0.9999724617491565,0.12085252740425154,73.0,31.72072072072072,68.0,0.9823008849557522,111.0,140,113,409,confirmatory_core__C_LL__fixed_time__1011,0,C_LL,1011,111,406,0,0.15000000000000002,59.0,19.635467980295566,53.0,0.9926650366748166,406.0,1.1733547979999912,3
1,surrogate,280,fixed_time,confirmatory_core,0.9999954736601996,0.08704178628389156,73.0,27.926666666666666,67.0,0.9933774834437086,150.0,140,151,419,confirmatory_core__C_LL__fixed_time__1012,0,C_LL,1012,150,418,0,0.13,59.0,19.22248803827751,54.0,0.9976133651551312,418.0,1.1486444570000458,3
1,surrogate,280,fixed_time,confirmatory_core,0.9999940220705157,0.10802323103154307,73.0,29.27536231884058,65.0,1.0,138.0,140,138,410,confirmatory_core__C_LL__fixed_time__1013,0,C_LL,1013,138,408,0,0.12,59.0,18.473039215686274,53.0,0.9951219512195122,408.0,1.4303208940000331,3
1,surrogate,280,fixed_time,confirmatory_core,0.9999782661849005,0.1580149247806931,72.0,35.016949152542374,71.0,1.0,118.0,140,118,431,confirmatory_core__C_LL__fixed_time__1014,0,C_LL,1014,118,427,0,0.16999999999999993,59.0,19.215456674473067,54.0,0.9907192575406032,427.0,1.2173024749999968,3
1,surrogate,280,fixed_time,confirmatory_core,0.999980247303757,0.11333791208791208,73.0,30.910714285714285,68.0,0.9911504424778761,112.0,140,113,442,confirmatory_core__C_LL__fixed_time__1015,0,C_LL,1015,112,442,0,0.15000000000000002,59.0,19.576923076923077,53.0,1.0,442.0,1.1228460260001611,3
1,surrogate,280,fixed_time,confirmatory_core,0.9999875726653871,0.10016954743369841,73.0,28.762237762237763,68.0,1.0,143.0,140,143,427,confirmatory_core__C_LL__fixed_time__1016,0,C_LL,1016,143,424,0,0.16000000000000003,59.0,18.745283018867923,52.0,0.9929742388758782,424.0,1.2023842920000334,3
1,surrogate,280,fixed_time,confirmatory_core,0.9999168962697764,0.18960503590582672,73.0,36.40350877192982,68.0,0.9743589743589743,114.0,140,117,389,confirmatory_core__C_LL__fixed_time__1017,0,C_LL,1017,114,386,0,0.16000000000000003,59.0,17.44300518134715,52.0,0.9922879177377892,386.0,1.19587566600012,3
1,surrogate,280,fixed_time,confirmatory_core,0.999987335680454,0.1024699248120301,72.0,29.87857142857143,68.0,0.9929078014184397,140.0,140,141,399,confirmatory_core__C_LL__fixed_time__1018,0,C_LL,1018,140,399,0,0.16000000000000003,59.0,19.63157894736842,52.0,1.0,399.0,1.268631916000004,3
1,surrogate,280,fixed_time,confirmatory_core,0.9999999109018821,0.11149086040284084,73.0,29.547619047619047,70.0,0.9921259842519685,126.0,140,127,412,confirmatory_core__C_LL__fixed_time__1019,0,C_LL,1019,126,409,0,0.18999999999999995,59.0,18.39853300733496,51.0,0.9927184466019418,409.0,1.114360476999991,3
1,surrogate,280,fixed_time,confirmatory_core,0.9998835615257445,0.13424840216322517,73.0,31.97345132743363,67.0,0.9741379310344828,113.0,140,116,434,confirmatory_core__C_LL__fixed_time__1020,0,C_LL,1020,113,432,0,0.15000000000000002,58.0,18.54861111111111,52.0,0.9953917050691244,432.0,1.114719328000092,3
1,surrogate,280,fixed_time,confirmatory_core,0.9999772164155726,0.12470537855429942,73.0,32.595238095238095,69.0,1.0,126.0,140,126,421,confirmatory_core__C_LL__fixed_time__1021,0,C_LL,1021,126,417,0,0.15999999999999992,59.0,20.124700239808153,53.0,0.9904988123515439,417.0,1.3184979860000112,3
1,surrogate,280,fixed_time,confirmatory_core,0.9999984491555652,0.14084332963212412,73.0,33.518248175182485,71.0,1.0,137.0,140,137,402,confirmatory_core__C_LL__fixed_time__1022,0,C_LL,1022,137,401,0,0.17999999999999994,59.0,19.433915211970074,53.0,0.9975124378109452,401.0,1.1411473419998401,3
1,surrogate,280,fixed_time,confirmatory_core,0.9999934424382385,0.12402466236054024,73.0,29.723076923076924,72.0,0.9923664122137404,130.0,140,131,394,confirmatory_core__C_LL__fixed_time__1023,0,C_LL,1023,130,393,0,0.20999999999999996,59.0,17.3206106870229,51.0,0.9974619289340102,393.0,1.160054351000099,3
1,surrogate,280,fixed_time,confirmatory_core,0.9999492481325516,0.09304657456202817,73.0,28.478991596638654,68.0,0.9834710743801653,119.0,140,121,414,confirmatory_core__C_LL__fixed_time__1024,0,C_LL,1024,119,413,0,0.15000000000000002,59.0,19.174334140435835,53.0,0.9975845410628019,413.0,1.2570126900000105,3
1,surrogate,280,fixed_time,confirmatory_core,0.9999491367819059,0.08960884353741497,72.0,27.416666666666668,64.0,0.9836065573770492,120.0,140,122,442,confirmatory_core__C_LL__fixed_time__1025,0,C_LL,1025,120,441,0,0.10999999999999999,59.0,18.45578231292517,53.0,0.997737556561086,441.0,1.1821752389998892,3
1,surrogate,280,fixed_time,confirmatory_core,0.9999947972454133,0.10551352262195635,73.0,29.37062937062937,67.0,0.9930555555555556,143.0,140,144,416,confirmatory_core__C_LL__fixed_time__1026,0,C_LL,1026,143,415,0,0.15000000000000002,59.0,18.819277108433734,52.0,0.9975961538461539,415.0,1.1666119380001874,3
1,surrogate,280,fixed_time,confirmatory_core,0.9999158554563519,0.12796716199948693,73.0,30.771653543307085,70.0,0.9769230769230769,127.0,140,130,401,confirmatory_core__C_LL__fixed_time__1027,0,C_LL,1027,127,399,0,0.17999999999999994,59.0,17.974937343358395,52.0,0.9950124688279302,399.0,1.2492835430000468,3
1,surrogate,280,fixed_time,confirmatory_core,0.999995415622787,0.09249001374626023,73.0,27.302013422818792,67.0,0.9933333333333333,149.0,140,150,416,confirmatory_core__C_LL__fixed_time__1028,0,C_LL,1028,149,415,0,0.13,59.0,18.05301204819277,54.0,0.9975961538461539,415.0,1.1032278390000556,3
1,surrogate,280,fixed_time,confirmatory_core,0.9999943310978964,0.14912742301647358,73.0,33.048780487804876,71.0,1.0,123.0,140,123,421,confirmatory_core__C_LL__fixed_time__1029,0,C_LL,1029,123,419,0,0.18999999999999995,59.0,18.136038186157517,52.0,0.995249406175772,419.0,1.0829720009999164,3
1,surrogate,280,fixed_time,confirmatory_core,0.999993499549085,0.1035115864527629,73.0,29.939393939393938,68.0,0.9924812030075187,132.0,140,133,409,confirmatory_core__C_LL__fixed_time__1030,0,C_LL,1030,132,408,0,0.14,59.0,19.58823529411765,54.0,0.9975550122249389,408.0,1.189510294999991,3
1,surrogate,789,efficiency,confirmatory_core,0.9999500325509733,0.06660909217595962,58.0,14.473282442748092,41.0,0.9849624060150376,131.0,312,133,987,confirmatory_core__C_LM__efficiency__1001,0,C_LM,1001,131,986,0,0.18999999999999997,48.0,7.81237322515213,22.0,0.9989868287740629,986.0,0.9275825350000559,3
1,surrogate,786,efficiency,confirmatory_core,0.9999941873858911,0.05271012688863534,73.0,12.951612903225806,39.0,0.992,124.0,311,125,936,confirmatory_core__C_LM__efficiency__1002,0,C_LM,1002,124,933,0,0.16,40.0,7.680600214362272,23.0,0.9967948717948718,933.0,1.0259051070001988,3
1,surrogate,800,efficiency,confirmatory_core,1.0,0.06102318840579708,66.0,13.295652173913043,38.0,1.0,115.0,311,115,900,confirmatory_core__C_LM__efficiency__1003,0,C_LM,1003,115,900,0,0.17,48.0,7.193333333333333,21.0,1.0,900.0,0.8290831160002199,3
1,surrogate,804,efficiency,confirmatory_core,0.9999791501605437,0.08327833996141276,71.0,15.825688073394495,49.0,0.990909090909091,109.0,311,110,932,confirmatory_core__C_LM__efficiency__1004,0,C_LM,1004,109,932,0,0.28,39.0,7.497854077253219,21.0,1.0,932.0,0.8029883119997976,3
1,surrogate,767,efficiency,confirmatory_core,0.9999988312650621,0.044831094193163154,81.0,11.951724137931034,40.0,1.0,145.0,314,145,926,confirmatory_core__C_LM__efficiency__1005,0,C_LM,1005,145,924,0,0.17,47.0,7.4686147186147185,23.0,0.9978401727861771,924.0,0.7944804150001801,3
1,surrogate,768,efficiency,confirmatory_core,0.9999968515628523,0.040814803475066025,76.0,12.206896551724139,37.0,0.9931506849315068,145.0,318,146,904,confirmatory_core__C_LM__efficiency__1006,0,C_LM,1006,145,901,0,0.13,40.0,8.125416204217537,24.0,0.9966814159292036,901.0,0.8008603769999354,3
1,surrogate,754,efficiency,confirmatory_core,1.0,0.04967083008066614,97.0,13.11111111111111,38.0,1.0,135.0,313,135,854,confirmatory_core__C_LM__efficiency__1007,0,C_LM,1007,135,854,0,0.13,41.0,8.144028103044496,25.0,1.0,854.0,0.9229366710001159,3
1,surrogate,807,efficiency,confirmatory_core,0.9999988337879617,0.06931844888366627,73.0,14.391304347826088,40.0,1.0,115.0,317,115,927,confirmatory_core__C_LM__efficiency__1008,0,C_LM,1008,115,925,0,0.16000000000000003,41.0,7.45945945945946,24.0,0.9978425026968716,925.0,0.9880579910000051,3
1,surrogate,789,efficiency,confirmatory_core,0.9999997167653928,0.06733692234157632,77.0,14.078740157480315,41.0,1.0,127.0,313,127,940,confirmatory_core__C_LM__efficiency__1009,0,C_LM,1009,127,939,0,0.18999999999999997,45.0,7.345047923322683,22.0,0.9989361702127659,939.0,0.9251056889997926,3
1,surrogate,796,efficiency,confirmatory_core,0.9999936650142041,0.06328814486183264,61.0,13.867768595041323,39.0,0.9918032786885246,121.0,313,122,940,confirmatory_core__C_LM__efficiency__1010,0,C_LM,1010,121,937,0,0.18000000000000002,41.0,7.538954108858058,21.0,0.9968085106382979,937.0,0.9556678409999222,3
1,surrogate,778,efficiency,confirmatory_core,0.9999972978117679,0.07112301264119543,82.0,14.983870967741936,45.0,1.0,124.0,316,124,914,confirmatory_core__C_LM__efficiency__1011,0,C_LM,1011,124,911,0,0.22,69.0,7.871569703622393,23.0,0.9967177242888403,911.0,0.7991256370000883,3
1,surrogate,802,efficiency,confirmatory_core,1.0,0.0805148251416908,66.0,16.145299145299145,51.0,1.0,117.0,313,117,938,confirmatory_core__C_LM__efficiency__1012,0,C_LM,1012,117,938,0,0.28,39.0,8.093816631130064,23.0,1.0,938.0,0.7950528199999098,3
1,surrogate,764,efficiency,confirmatory_core,0.9999949044585987,0.05391913859560918,77.0,12.992592592592592,37.0,1.0,135.0,313,135,888,confirmatory_core__C_LM__efficiency__1013,0,C_LM,1013,135,884,0,0.13,41.0,7.600678733031674,24.0,0.9954954954954955,884.0,0.81324084400012,3
1,surrogate,760,efficiency,confirmatory_core,1.0,0.058388444888444885,53.0,13.292307692307693,42.0,1.0,130.0,305,130,924,confirmatory_core__C_LM__efficiency__1014,0,C_LM,1014,130,924,0,0.19999999999999998,48.0,7.453463203463204,22.0,1.0,924.0,0.891283951999867,3
1,surrogate,816,efficiency,confirmatory_core,0.9999997312580723,0.09117974349302148,100.0,16.818181818181817,45.0,1.0,110.0,313,110,965,confirmatory_core__C_LM__efficiency__1015,0,C_LM,1015,110,964,0,0.23,41.0,7.700207468879668,22.0,0.9989637305699481,964.0,0.9697940500000186,3
1,surrogate,777,efficiency,confirmatory_core,0.9999997261715886,0.07230211060209424,66.0,14.9296875,42.0,1.0,128.0,316,128,956,confirmatory_core__C_LM__efficiency__1016,0,C_LM,1016,128,955,0,0.19999999999999998,41.0,7.699476439790576,22.0,0.9989539748953975,955.0,1.011170561000199,3
1,surrogate,795,efficiency,confirmatory_core,0.9999762052063008,0.09159681631637856,77.0,16.323529411764707,60.0,0.9902912621359223,102.0,306,103,946,confirmatory_core__C_LM__efficiency__1017,0,C_LM,1017,102,946,0,0.39,40.0,7.16384778012685,21.0,1.0,946.0,0.9435185099996488,3
1,surrogate,772,efficiency,confirmatory_core,1.0,0.07138678040648386,54.0,14.826446280991735,34.0,1.0,121.0,317,121,932,confirmatory_core__C_LM__efficiency__1018,0,C_LM,1018,121,932,0,0.11000000000000001,37.0,7.687768240343348,23.0,1.0,932.0,0.9924617740002759,3
1,surrogate,785,efficiency,confirmatory_core,0.9999916356198689,0.06462794459609747,58.0,14.182539682539682,45.0,0.9921259842519685,126.0,316,127,944,confirmatory_core__C_LM__efficiency__1019,0,C_LM,1019,126,942,0,0.22,47.0,7.719745222929936,23.0,0.9978813559322034,942.0,0.8507877760002884,3
1,surrogate,805,efficiency,confirmatory_core,0.999997509553629,0.07126073833294638,90.0,14.728813559322035,46.0,1.0,118.0,314,118,952,confirmatory_core__C_LM__efficiency__1020,0,C_LM,1020,118,949,0,0.23,48.0,7.602739726027397,23.0,0.9968487394957983,949.0,0.8081652639998538,3
1,surrogate,777,efficiency,confirmatory_core,0.9999894587044748,0.07434310532030401,66.0,15.0,47.0,1.0,119.0,313,119,927,confirmatory_core__C_LM__efficiency__1021,0,C_LM,1021,119,921,0,0.23999999999999996,54.0,7.565689467969598,23.0,0.9935275080906149,921.0,0.8158858629999486,3
1,surrogate,787,efficiency,confirmatory_core,0.9999972437093791,0.07533965672990063,55.0,14.985185185185186,42.0,1.0,135.0,313,135,905,confirmatory_core__C_LM__efficiency__1022,0,C_LM,1022,135,902,0,0.19999999999999998,41.0,7.451219512195122,22.0,0.9966850828729282,902.0,0.813811287000135,3
1,surrogate,790,efficiency,confirmatory_core,1.0,0.05759568510365534,63.0,13.436507936507937,40.0,1.0,126.0,317,126,941,confirmatory_core__C_LM__efficiency__1023,0,C_LM,1023,126,941,0,0.18000000000000002,42.0,7.676939426142401,22.0,1.0,941.0,0.9874174870001298,3
1,surrogate,768,efficiency,confirmatory_core,0.9999975662112237,0.0714556623931624,66.0,14.905982905982906,43.0,1.0,117.0,307,117,963,confirmatory_core__C_LM__efficiency__1024,0,C_LM,1024,117,960,0,0.21,42.0,7.760416666666667,22.0,0.9968847352024922,960.0,0.9942720740000368,3
1,surrogate,757,efficiency,confirmatory_core,0.9999869672878926,0.05365663322185063,65.0,13.115942028985508,38.0,0.9928057553956835,138.0,311,139,897,confirmatory_core__C_LM__efficiency__1025,0,C_LM,1025,138,897,0,0.17,63.0,7.7502787068004455,21.0,1.0,897.0,0.943870853000135,3
1,surrogate,773,efficiency,confirmatory_core,1.0,0.06330289246154382,71.0,14.161290322580646,43.0,1.0,124.0,311,124,929,confirmatory_core__C_LM__efficiency__1026,0,C_LM,1026,124,929,0,0.21,39.0,7.831001076426265,22.0,1.0,929.0,0.97846076299993,3
1,surrogate,780,efficiency,confirmatory_core,0.9999827829620193,0.06339487034949269,68.0,13.875,38.0,0.9917355371900827,120.0,310,121,887,confirmatory_core__C_LM__efficiency__1027,0,C_LM,1027,120,887,0,0.16,48.0,7.535512965050732,22.0,1.0,887.0,0.8453474290004124,3
1,surrogate,758,efficiency,confirmatory_core,0.999989921996251,0.06955086279371321,93.0,14.78523489932886,45.0,1.0,149.0,320,149,948,confirmatory_core__C_LM__efficiency__1028,0,C_LM,1028,149,942,0,0.22,47.0,7.830148619957537,23.0,0.9936708860759493,942.0,0.830112413000279,3
1,surrogate,776,efficiency,confirmatory_core,0.9999987763348046,0.054568585903506245,72.0,13.11023622047244,31.0,1.0,127.0,320,127,905,confirmatory_core__C_LM__efficiency__1029,0,C_LM,1029,127,903,0,0.07999999999999999,53.0,7.653377630121816,23.0,0.9977900552486187,903.0,0.8200594280001496,3
1,surrogate,797,efficiency,confirmatory_core,0.999998914931733,0.07379071336563824,90.0,14.789915966386555,43.0,1.0,119.0,314,119,961,confirmatory_core__C_LM__efficiency__1030,0,C_LM,1030,119,959,0,0.22,40.0,7.410844629822732,21.0,0.9979188345473465,959.0,0.8426586740001767,3
1,surrogate,789,efpb,confirmatory_core,0.9999426111908176,0.07538581714966316,57.0,15.351145038167939,40.0,0.9849624060150376,131.0,310,133,987,confirmatory_core__C_LM__efpb__1001,0,C_LM,1001,131,987,0,0.17,41.0,7.812563323201621,23.0,1.0,987.0,39.59365527399996,3
1,surrogate,797,efpb,confirmatory_core,0.9999913178701737,0.07031187400704565,54.0,14.53225806451613,43.0,0.992,124.0,310,125,936,confirmatory_core__C_LM__efpb__1002,0,C_LM,1002,124,934,0,0.19999999999999998,41.0,7.501070663811563,23.0,0.9978632478632479,934.0,37.941656844000136,3
1,surrogate,813,efpb,confirmatory_core,1.0,0.07288695652173911,49.0,14.608695652173912,37.0,1.0,115.0,313,115,900,confirmatory_core__C_LM__efpb__1003,0,C_LM,1003,115,900,0,0.15,39.0,7.32,22.0,1.0,900.0,36.95033877500009,3
1,surrogate,809,efpb,confirmatory_core,1.0,0.09612777994537652,57.0,16.963636363636365,47.0,1.0,110.0,307,110,932,confirmatory_core__C_LM__efpb__1004,0,C_LM,1004,110,932,0,0.27999999999999997,38.0,7.350858369098712,19.0,1.0,932.0,37.544776893999824,3
1,surrogate,792,efpb,confirmatory_core,0.9999988312650621,0.08737945962083896,56.0,16.03448275862069,43.0,1.0,145.0,313,145,926,confirmatory_core__C_LM__efpb__1005,0,C_LM,1005,145,924,0,0.19999999999999998,41.0,7.296536796536796,23.0,0.9978401727861771,924.0,39.79593163199979,3
1,surrogate,783,efpb,confirmatory_core,0.9999968515628523,0.06236151402656051,54.0,14.186206896551724,34.0,0.9931506849315068,145.0,317,146,904,confirmatory_core__C_LM__efpb__1006,0,C_LM,1006,145,901,0,0.11000000000000001,41.0,7.950055493895672,23.0,0.9966814159292036,901.0,38.01613628399991,3
1,surrogate,776,efpb,confirmatory_core,1.0,0.07863032353196289,57.0,15.637037037037038,43.0,1.0,135.0,309,135,854,confirmatory_core__C_LM__efpb__1007,0,C_LM,1007,135,854,0,0.19999999999999998,41.0,7.774004683840749,23.0,1.0,854.0,37.805655059999935,3
1,surrogate,814,efpb,confirmatory_core,0.9999997087613329,0.09655441825523525,56.0,17.156521739130437,44.0,1.0,115.0,315,115,927,confirmatory_core__C_LM__efpb__1008,0,C_LM,1008,115,926,0,0.22,40.0,7.501079913606912,22.0,0.9989212513484358,926.0,38.21262206699976,3
1,surrogate,787,efpb,confirmatory_core,0.9999997167653928,0.05932353903046465,56.0,13.149606299212598,38.0,1.0,127.0,308,127,940,confirmatory_core__C_LM__efpb__1009,0,C_LM,1009,127,939,0,0.18,39.0,7.217252396166134,20.0,0.9989361702127659,939.0,38.21163128999979,3
1,surrogate,804,efpb,confirmatory_core,0.9999906958969175,0.08602081093939982,57.0,16.00826446280992,39.0,0.9918032786885246,121.0,310,122,940,confirmatory_core__C_LM__efpb__1010,0,C_LM,1010,121,938,0,0.2,41.0,7.406183368869936,19.0,0.997872340425532,938.0,38.07365708499992,3
1,surrogate,789,efpb,confirmatory_core,0.9999972978117679,0.08703790588151977,54.0,16.491935483870968,41.0,1.0,124.0,317,124,914,confirmatory_core__C_LM__efpb__1011,0,C_LM,1011,124,911,0,0.17999999999999997,39.0,7.7881448957189905,23.0,0.9967177242888403,911.0,37.855420312000206,3
1,surrogate,811,efpb,confirmatory_core,1.0,0.10537769030306343,57.0,18.213675213675213,51.0,1.0,117.0,307,117,938,confirmatory_core__C_LM__efpb__1012,0,C_LM,1012,117,938,0,0.29000000000000004,41.0,7.67590618336887,22.0,1.0,938.0,39.55368293100037,3
1,surrogate,775,efpb,confirmatory_core,0.9999598650253434,0.07351380709109115,57.0,15.015037593984962,43.0,0.9851851851851852,133.0,308,135,888,confirmatory_core__C_LM__efpb__1013,0,C_LM,1013,133,886,0,0.19999999999999998,40.0,7.663656884875847,23.0,0.9977477477477478,886.0,38.260075227000016,3
1,surrogate,782,efpb,confirmatory_core,1.0,0.08746620046620045,54.0,16.276923076923076,43.0,1.0,130.0,307,130,924,confirmatory_core__C_LM__efpb__1014,0,C_LM,1014,130,924,0,0.21,39.0,7.53030303030303,22.0,1.0,924.0,37.235136151999995,3
1,surrogate,826,efpb,confirmatory_core,0.9999997312580723,0.10405318747642398,57.0,18.318181818181817,46.0,1.0,110.0,313,110,965,confirmatory_core__C_LM__efpb__1015,0,C_LM,1015,110,964,0,0.24000000000000002,41.0,7.912863070539419,22.0,0.9989637305699481,964.0,38.60117306699976,3
1,surrogate,792,efpb,confirmatory_core,0.9999997261715886,0.07902887761780106,55.0,15.6484375,47.0,1.0,128.0,315,128,956,confirmatory_core__C_LM__efpb__1016,0,C_LM,1016,128,955,0,0.24999999999999997,41.0,7.7455497382198955,22.0,0.9989539748953975,955.0,38.01998473599997,3
1,surrogate,792,efpb,confirmatory_core,0.9999762052063008,0.08088877834431871,48.0,14.931372549019608,40.0,0.9902912621359223,102.0,304,103,946,confirmatory_core__C_LM__efpb__1017,0,C_LM,1017,102,946,0,0.22000000000000003,38.0,6.842494714587738,18.0,1.0,946.0,37.73794572599991,3
1,surrogate,818,efpb,confirmatory_core,1.0,0.10296483169581101,54.0,18.074380165289256,46.0,1.0,121.0,316,121,932,confirmatory_core__C_LM__efpb__1018,0,C_LM,1018,121,932,0,0.25,37.0,7.777896995708154,21.0,1.0,932.0,38.21608915100023,3
1,surrogate,797,efpb,confirmatory_core,0.9999662047826061,0.08261574468085106,53.0,15.552,40.0,0.984251968503937,125.0,312,127,944,confirmatory_core__C_LM__efpb__1019,0,C_LM,1019,125,940,0,0.17,41.0,7.290425531914893,23.0,0.9957627118644068,940.0,39.10763044799978,3
1,surrogate,811,efpb,confirmatory_core,1.0,0.08625890186583109,55.0,16.35593220338983,36.0,1.0,118.0,313,118,952,confirmatory_core__C_LM__efpb__1020,0,C_LM,1020,118,952,0,0.12999999999999998,37.0,7.730042016806722,23.0,1.0,952.0,40.66866832300002,3
1,surrogate,798,efpb,confirmatory_core,0.9999926875482988,0.09312081882644599,55.0,17.04201680672269,45.0,1.0,119.0,312,119,927,confirmatory_core__C_LM__efpb__1021,0,C_LM,1021,119,922,0,0.22,41.0,7.7299349240780915,23.0,0.9946062567421791,922.0,39.11245532199973,3
1,surrogate,792,efpb,confirmatory_core,0.9999972437093791,0.08118272152418494,54.0,15.007407407407408,42.0,1.0,135.0,312,135,905,confirmatory_core__C_LM__efpb__1022,0,C_LM,1022,135,902,0,0.21999999999999997,41.0,6.889135254988913,20.0,0.9966850828729282,902.0,37.30459582799995,3
1,surrogate,798,efpb,confirmatory_core,1.0,0.08580916957643844,57.0,16.214285714285715,46.0,1.0,126.0,312,126,941,confirmatory_core__C_LM__efpb__1023,0,C_LM,1023,126,941,0,0.23,45.0,7.63336875664187,23.0,1.0,941.0,39.695764470000086,3
1,surrogate,795,efpb,confirmatory_core,0.9999989194387567,0.09554692850218342,55.0,17.162393162393162,43.0,1.0,117.0,311,117,963,confirmatory_core__C_LM__efpb__1024,0,C_LM,1024,117,961,0,0.22,42.0,7.607700312174818,21.0,0.9979231568016614,961.0,39.2087911550002,3
1,surrogate,774,efpb,confirmatory_core,0.9999987543861177,0.07736336963948395,57.0,15.115107913669064,46.0,1.0,139.0,306,139,897,confirmatory_core__C_LM__efpb__1025,0,C_LM,1025,139,895,0,0.25,39.0,7.37877094972067,21.0,0.9977703455964325,895.0,38.828232383999875,3
1,surrogate,774,efpb,confirmatory_core,1.0,0.0863346817597833,57.0,16.008064516129032,47.0,1.0,124.0,309,124,929,confirmatory_core__C_LM__efpb__1026,0,C_LM,1026,124,929,0,0.23999999999999996,38.0,7.3745963401507,23.0,1.0,929.0,39.46350116399981,3
1,surrogate,788,efpb,confirmatory_core,0.9999827829620193,0.08096288989101842,54.0,15.391666666666667,46.0,0.9917355371900827,120.0,308,121,887,confirmatory_core__C_LM__efpb__1027,0,C_LM,1027,120,887,0,0.25,40.0,7.295377677564825,21.0,1.0,887.0,36.19041354700039,3
1,surrogate,784,efpb,confirmatory_core,0.9999732508617116,0.09178987150415722,53.0,16.93877551020408,41.0,0.9865771812080537,147.0,321,149,948,confirmatory_core__C_LM__efpb__1028,0,C_LM,1028,147,945,0,0.18999999999999997,41.0,7.7597883597883595,22.0,0.9968354430379747,945.0,41.55357816600008,3
1,surrogate,779,efpb,confirmatory_core,0.9999987763348046,0.07603700700203173,51.0,14.724409448818898,40.0,1.0,127.0,317,127,905,confirmatory_core__C_LM__efpb__1029,0,C_LM,1029,127,903,0,0.18000000000000002,41.0,7.1207087486157254,22.0,0.9977900552486187,903.0,38.145010899000226,3
1,surrogate,808,efpb,confirmatory_core,0.9999899019650708,0.0895283752496421,57.0,16.584745762711865,45.0,0.9915966386554622,118.0,309,119,961,confirmatory_core__C_LM__efpb__1030,0,C_LM,1030,118,959,0,0.23,42.0,7.631908237747654,22.0,0.9979188345473465,959.0,37.85383767099984,3
1,surrogate,772,equal_bargaining,confirmatory_core,0.9999426111908176,0.049968676767442405,29.0,13.312977099236642,26.0,0.9849624060150376,131.0,313,133,987,confirmatory_core__C_LM__equal_bargaining__1001,0,C_LM,1001,131,987,0,0.020000000000000018,41.0,8.316109422492401,24.0,1.0,987.0,34.56717137099986,3
1,surrogate,777,equal_bargaining,confirmatory_core,0.9999913178701737,0.04514367617600332,45.0,12.35483870967742,26.0,0.992,124.0,310,125,936,confirmatory_core__C_LM__equal_bargaining__1002,0,C_LM,1002,124,934,0,0.03,41.0,7.840471092077088,23.0,0.9978632478632479,934.0,35.37511150199998,3
1,surrogate,787,equal_bargaining,confirmatory_core,1.0,0.06513333333333332,34.0,14.2,26.0,1.0,115.0,310,115,900,confirmatory_core__C_LM__equal_bargaining__1003,0,C_LM,1003,115,900,0,0.03,42.0,7.6866666666666665,23.0,1.0,900.0,33.4597346190003,3
1,surrogate,786,equal_bargaining,confirmatory_core,0.9999974013449483,0.042720520598884426,42.0,12.627272727272727,27.0,1.0,110.0,307,110,932,confirmatory_core__C_LM__equal_bargaining__1004,0,C_LM,1004,110,929,0,0.04000000000000001,41.0,8.355220667384284,23.0,0.9967811158798283,929.0,33.17933781800002,3
1,surrogate,761,equal_bargaining,confirmatory_core,0.9999988312650621,0.048118375876996564,36.0,12.96551724137931,27.0,1.0,145.0,313,145,926,confirmatory_core__C_LM__equal_bargaining__1005,0,C_LM,1005,145,924,0,0.030000000000000027,41.0,8.153679653679653,24.0,0.9978401727861771,924.0,31.371554353999727,3
1,surrogate,777,equal_bargaining,confirmatory_core,0.999991688217666,0.039562301905525635,34.0,12.46896551724138,28.0,0.9931506849315068,145.0,318,146,904,confirmatory_core__C_LM__equal_bargaining__1006,0,C_LM,1006,145,903,0,0.05000000000000002,41.0,8.512735326688816,23.0,0.9988938053097345,903.0,30.611369491000005,3
1,surrogate,749,equal_bargaining,confirmatory_core,1.0,0.0471072079104866,40.0,13.044444444444444,26.0,1.0,135.0,311,135,854,confirmatory_core__C_LM__equal_bargaining__1007,0,C_LM,1007,135,854,0,0.020000000000000018,39.0,8.333723653395785,24.0,1.0,854.0,30.56782497999984,3
1,surrogate,808,equal_bargaining,confirmatory_core,0.9999997087613329,0.05716818480608507,45.0,14.295652173913043,26.0,1.0,115.0,318,115,927,confirmatory_core__C_LM__equal_bargaining__1008,0,C_LM,1008,115,926,0,0.020000000000000018,34.0,8.578833693304535,24.0,0.9989212513484358,926.0,31.625598787999934,3
1,surrogate,790,equal_bargaining,confirmatory_core,0.9999988658556778,0.03925994325336199,31.0,11.78740157480315,26.0,1.0,127.0,310,127,940,confirmatory_core__C_LM__equal_bargaining__1009,0,C_LM,1009,127,938,0,0.03,39.0,7.861407249466951,23.0,0.997872340425532,938.0,35.14438218899977,3
1,surrogate,780,equal_bargaining,confirmatory_core,0.9999954537601949,0.06329970575872215,49.0,14.778688524590164,29.0,1.0,122.0,313,122,940,confirmatory_core__C_LM__equal_bargaining__1010,0,C_LM,1010,122,936,0,0.04999999999999999,40.0,8.448717948717949,24.0,0.9957446808510638,936.0,35.416527350999786,3
1,surrogate,773,equal_bargaining,confirmatory_core,0.9999972978117679,0.04541075032753798,40.0,12.951612903225806,26.0,1.0,124.0,318,124,914,confirmatory_core__C_LM__equal_bargaining__1011,0,C_LM,1011,124,911,0,0.020000000000000018,41.0,8.410537870472009,24.0,0.9967177242888403,911.0,34.397921892999875,3
1,surrogate,798,equal_bargaining,confirmatory_core,1.0,0.04178047491480329,40.0,12.504273504273504,26.0,1.0,117.0,311,117,938,confirmatory_core__C_LM__equal_bargaining__1012,0,C_LM,1012,117,938,0,0.020000000000000018,41.0,8.326226012793176,24.0,1.0,938.0,34.351067591000174,3
1,surrogate,761,equal_bargaining,confirmatory_core,0.999944311410592,0.049147107633949735,43.0,12.947368421052632,26.0,0.9851851851851852,133.0,311,135,888,confirmatory_core__C_LM__equal_bargaining__1013,0,C_LM,1013,133,888,0,0.020000000000000018,41.0,8.032657657657658,24.0,1.0,888.0,35.01503028500019,3
1,surrogate,758,equal_bargaining,confirmatory_core,1.0,0.04039627039627039,37.0,11.615384615384615,28.0,1.0,130.0,304,130,924,confirmatory_core__C_LM__equal_bargaining__1014,0,C_LM,1014,130,924,0,0.05000000000000002,41.0,7.575757575757576,23.0,1.0,924.0,35.07869038300032,3
1,surrogate,792,equal_bargaining,confirmatory_core,0.9999997312580723,0.056847227461335345,30.0,14.381818181818181,28.0,1.0,110.0,317,110,965,confirmatory_core__C_LM__equal_bargaining__1015,0,C_LM,1015,110,964,0,0.040000000000000036,40.0,8.697095435684647,24.0,0.9989637305699481,964.0,35.04379237100011,3
1,surrogate,772,equal_bargaining,confirmatory_core,0.9999997261715886,0.03224852748691098,52.0,11.453125,27.0,1.0,128.0,316,128,956,confirmatory_core__C_LM__equal_bargaining__1016,0,C_LM,1016,128,955,0,0.030000000000000027,37.0,8.228272251308901,24.0,0.9989539748953975,955.0,35.43001918800019,3
1,surrogate,781,equal_bargaining,confirmatory_core,0.9999762052063008,0.053535215354640786,37.0,12.872549019607844,28.0,0.9902912621359223,102.0,305,103,946,confirmatory_core__C_LM__equal_bargaining__1017,0,C_LM,1017,102,946,0,0.060000000000000026,37.0,7.519027484143764,22.0,1.0,946.0,33.61547374800011,3
1,surrogate,786,equal_bargaining,confirmatory_core,1.0,0.0477366722236016,34.0,12.859504132231406,26.0,1.0,121.0,318,121,932,confirmatory_core__C_LM__equal_bargaining__1018,0,C_LM,1018,121,932,0,0.03,36.0,8.085836909871245,23.0,1.0,932.0,35.0083359500004,3
1,surrogate,778,equal_bargaining,confirmatory_core,0.9999954922873036,0.05649874350812531,53.0,13.409448818897637,29.0,1.0,127.0,312,127,944,confirmatory_core__C_LM__equal_bargaining__1019,0,C_LM,1019,127,940,0,0.04999999999999999,41.0,7.759574468085106,24.0,0.9957627118644068,940.0,37.099266389999684,3
1,surrogate,795,equal_bargaining,confirmatory_core,1.0,0.06670809001566728,53.0,14.576271186440678,28.0,1.0,118.0,315,118,952,confirmatory_core__C_LM__equal_bargaining__1020,0,C_LM,1020,118,952,0,0.040000000000000036,40.0,7.90546218487395,24.0,1.0,952.0,36.506946200999664,3
1,surrogate,786,equal_bargaining,confirmatory_core,0.9999988337879617,0.05328566886213944,43.0,13.336134453781513,28.0,1.0,119.0,310,119,927,confirmatory_core__C_LM__equal_bargaining__1021,0,C_LM,1021,119,925,0,0.05000000000000002,41.0,8.007567567567568,23.0,0.9978425026968716,925.0,34.87943167699996,3
1,surrogate,781,equal_bargaining,confirmatory_core,0.9999972437093791,0.05834327009936767,46.0,13.614814814814816,28.0,1.0,135.0,313,135,905,confirmatory_core__C_LM__equal_bargaining__1022,0,C_LM,1022,135,902,0,0.040000000000000036,41.0,7.780487804878049,24.0,0.9966850828729282,902.0,34.45796994699958,3
1,surrogate,780,equal_bargaining,confirmatory_core,1.0,0.05022088963109153,31.0,12.928571428571429,26.0,1.0,126.0,311,126,941,confirmatory_core__C_LM__equal_bargaining__1023,0,C_LM,1023,126,941,0,0.03,39.0,7.9064824654622745,23.0,1.0,941.0,36.10671966300015,3
1,surrogate,780,equal_bargaining,confirmatory_core,0.9999997301400627,0.057067452067452076,38.0,13.803418803418804,32.0,1.0,117.0,311,117,963,confirmatory_core__C_LM__equal_bargaining__1024,0,C_LM,1024,117,962,0,0.08000000000000002,42.0,8.096673596673597,24.0,0.9989615784008308,962.0,35.28029047100017,3
1,surrogate,762,equal_bargaining,confirmatory_core,0.9999996889434964,0.039456015544707096,38.0,12.16546762589928,26.0,1.0,139.0,310,139,897,confirmatory_core__C_LM__equal_bargaining__1025,0,C_LM,1025,139,896,0,0.03,41.0,8.219866071428571,23.0,0.9988851727982163,896.0,34.098707711000316,3
1,surrogate,752,equal_bargaining,confirmatory_core,1.0,0.03945293239348589,42.0,11.82258064516129,25.0,1.0,124.0,316,124,929,confirmatory_core__C_LM__equal_bargaining__1026,0,C_LM,1026,124,929,0,0.01999999999999999,38.0,7.877287405812702,23.0,1.0,929.0,35.10762755299993,3
1,surrogate,779,equal_bargaining,confirmatory_core,0.9999920112124231,0.04250473192031633,39.0,12.140495867768594,27.0,1.0,121.0,313,121,887,confirmatory_core__C_LM__equal_bargaining__1027,0,C_LM,1027,121,882,0,0.030000000000000027,42.0,7.890022675736962,24.0,0.9943630214205186,882.0,33.879227260000334,3
1,surrogate,760,equal_bargaining,confirmatory_core,0.9999732508617116,0.03510506424792138,34.0,11.816326530612244,25.0,0.9865771812080537,147.0,320,149,948,confirmatory_core__C_LM__equal_bargaining__1028,0,C_LM,1028,147,945,0,0.010000000000000009,39.0,8.305820105820105,24.0,0.9968354430379747,945.0,35.76084002400012,3
1,surrogate,774,equal_bargaining,confirmatory_core,0.9999987763348046,0.02868496089151648,28.0,10.73228346456693,25.0,1.0,127.0,317,127,905,confirmatory_core__C_LM__equal_bargaining__1029,0,C_LM,1029,127,903,0,0.01999999999999999,41.0,7.863787375415282,23.0,0.9977900552486187,903.0,34.718753860000106,3
1,surrogate,790,equal_bargaining,confirmatory_core,0.999998914931733,0.05382812979206281,45.0,13.731092436974789,29.0,1.0,119.0,311,119,961,confirmatory_core__C_LM__equal_bargaining__1030,0,C_LM,1030,119,959,0,0.04999999999999999,40.0,8.348279457768509,24.0,0.9979188345473465,959.0,34.259015914999964,3
1,surrogate,280,fixed_time,confirmatory_core,0.9999910258090261,0.10215676173527527,73.0,30.015267175572518,67.0,0.9849624060150376,131.0,140,133,987,confirmatory_core__C_LM__fixed_time__1001,0,C_LM,1001,131,978,0,0.14,59.0,19.79959100204499,53.0,0.9908814589665653,978.0,0.9060002119999808,3
1,surrogate,280,fixed_time,confirmatory_core,0.9999982097981406,0.12535315824122514,73.0,30.879032258064516,68.0,0.992,124.0,140,125,936,confirmatory_core__C_LM__fixed_time__1002,0,C_LM,1002,124,931,0,0.15000000000000002,59.0,18.343716433942,53.0,0.9946581196581197,931.0,0.8775544979998813,3
1,surrogate,280,fixed_time,confirmatory_core,0.9999888145679066,0.12973815776675418,73.0,32.6695652173913,67.0,1.0,115.0,140,115,900,confirmatory_core__C_LM__fixed_time__1003,0,C_LM,1003,115,894,0,0.14,59.0,19.695749440715883,53.0,0.9933333333333333,894.0,0.8479229019999366,3
1,surrogate,280,fixed_time,confirmatory_core,0.9999964783284736,0.14283790069574342,73.0,33.14678899082569,70.0,0.990909090909091,109.0,140,110,932,confirmatory_core__C_LM__fixed_time__1004,0,C_LM,1004,109,927,0,0.16999999999999993,59.0,18.86299892125135,53.0,0.9946351931330472,927.0,0.8499112850004167,3
1,surrogate,280,fixed_time,confirmatory_core,0.9998602629259251,0.09904855309918306,73.0,29.595744680851062,68.0,0.9724137931034482,141.0,140,145,926,confirmatory_core__C_LM__fixed_time__1005,0,C_LM,1005,141,922,0,0.15000000000000002,59.0,19.690889370932755,53.0,0.9956803455723542,922.0,0.9010217960003502,3
1,surrogate,280,fixed_time,confirmatory_core,0.9999968515628523,0.14788740479926518,73.0,33.827586206896555,69.0,0.9931506849315068,145.0,140,146,904,confirmatory_core__C_LM__fixed_time__1006,0,C_LM,1006,145,901,0,0.1499999999999999,59.0,19.038845726970035,54.0,0.9966814159292036,901.0,1.0331101900001158,3
1,surrogate,280,fixed_time,confirmatory_core,0.9999875726653871,0.12039107267645008,73.0,31.214814814814815,69.0,1.0,135.0,140,135,854,confirmatory_core__C_LM__fixed_time__1007,0,C_LM,1007,135,848,0,0.15999999999999992,59.0,19.17570754716981,53.0,0.9929742388758782,848.0,0.9154342060001,3
1,surrogate,280,fixed_time,confirmatory_core,0.9999973731907852,0.12514662149444755,73.0,31.88695652173913,71.0,1.0,115.0,140,115,927,confirmatory_core__C_LM__fixed_time__1008,0,C_LM,1008,115,924,0,0.17999999999999994,59.0,19.372294372294373,53.0,0.9967637540453075,924.0,0.989729853999961,3
1,surrogate,280,fixed_time,confirmatory_core,0.9999966861972382,0.12413156288156288,73.0,31.42063492063492,67.0,0.9921259842519685,126.0,140,127,940,confirmatory_core__C_LM__fixed_time__1009,0,C_LM,1009,126,936,0,0.15000000000000002,59.0,19.007478632478634,52.0,0.9957446808510638,936.0,0.8301729619997786,3
1,surrogate,280,fixed_time,confirmatory_core,0.9999979016332289,0.11770150704910065,71.0,31.330578512396695,68.0,0.9918032786885246,121.0,140,122,940,confirmatory_core__C_LM__fixed_time__1010,0,C_LM,1010,121,935,0,0.15000000000000002,59.0,19.56042780748663,53.0,0.9946808510638298,935.0,0.8845921700003601,3
1,surrogate,280,fixed_time,confirmatory_core,0.9999951908510751,0.11187681673165539,73.0,29.68548387096774,64.0,1.0,124.0,140,124,914,confirmatory_core__C_LM__fixed_time__1011,0,C_LM,1011,124,910,0,0.10999999999999999,59.0,18.497802197802198,53.0,0.9956236323851203,910.0,0.9089406530001725,3
1,surrogate,280,fixed_time,confirmatory_core,0.9999974345364977,0.10386525892408247,72.0,29.5982905982906,68.0,1.0,117.0,140,117,938,confirmatory_core__C_LM__fixed_time__1012,0,C_LM,1012,117,935,0,0.15000000000000002,59.0,19.211764705882352,53.0,0.9968017057569296,935.0,0.8744041999998444,3
1,surrogate,280,fixed_time,confirmatory_core,0.9999666999912726,0.0980799456267788,73.0,29.954887218045112,67.0,0.9851851851851852,133.0,140,135,888,confirmatory_core__C_LM__fixed_time__1013,0,C_LM,1013,133,885,0,0.13,59.0,20.146892655367232,54.0,0.9966216216216216,885.0,0.8994283570000334,3
1,surrogate,280,fixed_time,confirmatory_core,0.9999926398588739,0.10406378170251943,73.0,30.384615384615383,70.0,1.0,130.0,140,130,924,confirmatory_core__C_LM__fixed_time__1014,0,C_LM,1014,130,919,0,0.15999999999999992,59.0,19.97823721436344,54.0,0.9945887445887446,919.0,1.0143330300002162,3
1,surrogate,280,fixed_time,confirmatory_core,0.9999975763046619,0.15580627480627487,72.0,34.872727272727275,70.0,1.0,110.0,140,110,965,confirmatory_core__C_LM__fixed_time__1015,0,C_LM,1015,110,962,0,0.17999999999999994,59.0,19.29209979209979,52.0,0.9968911917098445,962.0,0.9172496539999884,3
1,surrogate,280,fixed_time,confirmatory_core,0.9999975303831473,0.1076573157135362,73.0,29.6796875,66.0,1.0,128.0,140,128,956,confirmatory_core__C_LM__fixed_time__1016,0,C_LM,1016,128,953,0,0.13,59.0,18.91395592864638,53.0,0.9968619246861925,953.0,0.9932219430002078,3
1,surrogate,280,fixed_time,confirmatory_core,0.9999986438437125,0.029997180981018584,71.0,21.558823529411764,64.0,0.9902912621359223,102.0,140,103,946,confirmatory_core__C_LM__fixed_time__1017,0,C_LM,1017,102,939,0,0.12,59.0,18.559105431309906,52.0,0.992600422832981,939.0,0.8334182759999749,3
1,surrogate,280,fixed_time,confirmatory_core,0.9999974013449483,0.0949966639681876,73.0,27.892561983471076,65.0,1.0,121.0,140,121,932,confirmatory_core__C_LM__fixed_time__1018,0,C_LM,1018,121,929,0,0.12,59.0,18.392895586652315,53.0,0.9967811158798283,929.0,0.824188520000007,3
1,surrogate,280,fixed_time,confirmatory_core,0.999982232340086,0.10195696905016008,72.0,29.264,68.0,0.984251968503937,125.0,140,127,944,confirmatory_core__C_LM__fixed_time__1019,0,C_LM,1019,125,937,0,0.15000000000000002,59.0,19.068303094983992,53.0,0.9925847457627118,937.0,0.8278298860000177,3
1,surrogate,280,fixed_time,confirmatory_core,0.999986383813077,0.09592368397453141,73.0,29.78813559322034,66.0,1.0,118.0,140,118,952,confirmatory_core__C_LM__fixed_time__1020,0,C_LM,1020,118,945,0,0.12,59.0,20.195767195767196,54.0,0.9926470588235294,945.0,0.839279488000102,3
1,surrogate,280,fixed_time,confirmatory_core,0.9999194296197178,0.11081034482758617,72.0,30.43103448275862,66.0,0.9747899159663865,116.0,140,119,927,confirmatory_core__C_LM__fixed_time__1021,0,C_LM,1021,116,920,0,0.13,59.0,19.35,53.0,0.9924487594390508,920.0,0.9510098320001816,3
1,surrogate,280,fixed_time,confirmatory_core,0.9999849270561805,0.12601839478676893,73.0,32.60740740740741,70.0,1.0,135.0,140,135,905,confirmatory_core__C_LM__fixed_time__1022,0,C_LM,1022,135,898,0,0.17999999999999994,59.0,20.005567928730514,52.0,0.9922651933701657,898.0,1.0408447989998422,3
1,surrogate,280,fixed_time,confirmatory_core,0.9999942999478719,0.10680588486140724,73.0,29.784,71.0,0.9920634920634921,125.0,140,126,941,confirmatory_core__C_LM__fixed_time__1023,0,C_LM,1023,125,938,0,0.17999999999999994,59.0,19.103411513859275,53.0,0.9968119022316685,938.0,0.9279643700001543,3
1,surrogate,280,fixed_time,confirmatory_core,0.9999697966801206,0.11409967743401023,73.0,31.495652173913044,68.0,0.9829059829059829,115.0,140,117,963,confirmatory_core__C_LM__fixed_time__1024,0,C_LM,1024,115,957,0,0.14,59.0,20.085684430512018,54.0,0.9937694704049844,957.0,0.9949424660003388,3
1,surrogate,280,fixed_time,confirmatory_core,0.9999887393727831,0.15216990044328174,73.0,33.81294964028777,69.0,1.0,139.0,140,139,897,confirmatory_core__C_LM__fixed_time__1025,0,C_LM,1025,139,891,0,0.15999999999999992,59.0,18.595959595959595,53.0,0.9933110367892977,891.0,0.8190761890000431,3
1,surrogate,280,fixed_time,confirmatory_core,0.9999813005688133,0.09306609225596302,73.0,28.29032258064516,69.0,1.0,124.0,140,124,929,confirmatory_core__C_LM__fixed_time__1026,0,C_LM,1026,124,921,0,0.15999999999999992,59.0,18.98371335504886,53.0,0.9913885898815931,921.0,0.808383226999922,3
1,surrogate,280,fixed_time,confirmatory_core,0.9999884831694317,0.0884612714702489,73.0,27.983471074380166,69.0,1.0,121.0,140,121,887,confirmatory_core__C_LM__fixed_time__1027,0,C_LM,1027,121,881,0,0.15999999999999992,59.0,19.13734392735528,53.0,0.9932356257046223,881.0,0.8259063640002751,3
1,surrogate,280,fixed_time,confirmatory_core,0.9999871677898781,0.10101585857272849,73.0,29.244897959183675,67.0,0.9865771812080537,147.0,140,149,948,confirmatory_core__C_LM__fixed_time__1028,0,C_LM,1028,147,942,0,0.13,59.0,19.143312101910826,54.0,0.9936708860759493,942.0,0.8171903170000405,3
1,surrogate,280,fixed_time,confirmatory_core,0.9999947450494283,0.134769647696477,73.0,33.111111111111114,70.0,0.9921259842519685,126.0,140,127,905,confirmatory_core__C_LM__fixed_time__1029,0,C_LM,1029,126,902,0,0.15999999999999992,59.0,19.634146341463413,54.0,0.9966850828729282,902.0,0.9647954840002058,3
1,surrogate,280,fixed_time,confirmatory_core,0.9998968245926789,0.10226374260568458,73.0,30.836206896551722,69.0,0.9747899159663865,116.0,140,119,961,confirmatory_core__C_LM__fixed_time__1030,0,C_LM,1030,116,956,0,0.1499999999999999,59.0,20.609832635983263,54.0,0.9947970863683663,956.0,0.9966816579999431,3
1,surrogate,750,efficiency,confirmatory_core,0.9999958350860679,0.052938521343429315,61.0,14.6006006006006,37.0,1.0,333.0,331,333,1473,confirmatory_core__C_MH__efficiency__1001,0,C_MH,1001,333,1467,0,0.12,49.0,9.306748466257668,25.0,0.9959266802443992,1467.0,1.0944500400000834,3
1,surrogate,779,efficiency,confirmatory_core,0.9999943426493348,0.08894782520940561,92.0,17.674074074074074,50.0,1.0,270.0,327,270,1475,confirmatory_core__C_MH__efficiency__1002,0,C_MH,1002,270,1468,0,0.26,42.0,8.779291553133515,24.0,0.9952542372881356,1468.0,1.0757806560000063,3
1,surrogate,774,efficiency,confirmatory_core,0.9999901074346743,0.0660339041560331,70.0,15.687719298245614,42.0,0.9930313588850174,285.0,328,287,1424,confirmatory_core__C_MH__efficiency__1003,0,C_MH,1003,285,1423,0,0.16999999999999998,45.0,9.084328882642305,25.0,0.9992977528089888,1423.0,1.1022531110002092,3
1,surrogate,757,efficiency,confirmatory_core,0.9999581120928742,0.05952984437586184,97.0,15.010309278350515,39.0,0.9864406779661017,291.0,329,295,1414,confirmatory_core__C_MH__efficiency__1004,0,C_MH,1004,291,1413,0,0.15000000000000002,41.0,9.05732484076433,24.0,0.9992927864214993,1413.0,1.0865179879997413,3
1,surrogate,762,efficiency,confirmatory_core,0.9999997935193212,0.06681059265811587,82.0,15.55921052631579,39.0,0.9967213114754099,304.0,330,305,1434,confirmatory_core__C_MH__efficiency__1005,0,C_MH,1005,304,1428,0,0.14,43.0,8.878151260504202,25.0,0.99581589958159,1428.0,1.1247837820001223,3
1,surrogate,777,efficiency,confirmatory_core,0.9999996026268185,0.06032150543778449,61.0,15.432432432432432,43.0,0.9966329966329966,296.0,329,297,1422,confirmatory_core__C_MH__efficiency__1006,0,C_MH,1006,296,1419,0,0.18,41.0,9.400281888653982,25.0,0.9978902953586498,1419.0,1.0549262810000073,3
1,surrogate,773,efficiency,confirmatory_core,1.0,0.06302687251509306,102.0,15.395189003436426,45.0,1.0,291.0,328,291,1427,confirmatory_core__C_MH__efficiency__1007,0,C_MH,1007,291,1427,1,0.21000000000000002,50.0,9.09250175192712,24.0,1.0,1427.0,1.0723067140002058,3
1,surrogate,778,efficiency,confirmatory_core,0.999999625462133,0.05996133901997486,63.0,15.301003344481606,41.0,0.9966666666666667,299.0,329,300,1420,confirmatory_core__C_MH__efficiency__1008,0,C_MH,1008,299,1417,0,0.15999999999999998,41.0,9.30486944248412,25.0,0.997887323943662,1417.0,1.1487227459997484,3
1,surrogate,765,efficiency,confirmatory_core,0.9999983856385306,0.05209033613445377,68.0,14.375,39.0,0.9932885906040269,296.0,330,298,1434,confirmatory_core__C_MH__efficiency__1009,0,C_MH,1009,296,1428,0,0.14,50.0,9.165966386554622,25.0,0.99581589958159,1428.0,1.1022186810000676,3
1,surrogate,770,efficiency,confirmatory_core,0.9999988567585745,0.07482183593337541,68.0,15.869257950530036,42.0,0.9964788732394366,283.0,327,284,1441,confirmatory_core__C_MH__efficiency__1010,0,C_MH,1010,283,1439,0,0.18,41.0,8.387074357192494,24.0,0.9986120749479528,1439.0,1.1115043170002536,3
1,surrogate,745,efficiency,confirmatory_core,0.9999988577604642,0.0611742293812243,88.0,15.608150470219435,37.0,1.0,319.0,332,319,1405,confirmatory_core__C_MH__efficiency__1011,0,C_MH,1011,319,1402,0,0.12,49.0,9.490727532097004,25.0,0.997864768683274,1402.0,1.1264289340001596,3
1,surrogate,778,efficiency,confirmatory_core,0.9999955864893613,0.06504342864080619,67.0,15.515570934256056,41.0,1.0,289.0,328,289,1431,confirmatory_core__C_MH__efficiency__1012,0,C_MH,1012,289,1425,0,0.14999999999999997,41.0,9.011228070175438,26.0,0.9958071278825996,1425.0,1.0494402320000518,3
1,surrogate,751,efficiency,confirmatory_core,0.9999952153460359,0.05298026794955342,62.0,14.638157894736842,39.0,0.9934640522875817,304.0,331,306,1376,confirmatory_core__C_MH__efficiency__1013,0,C_MH,1013,304,1373,0,0.14,40.0,9.3401310997815,25.0,0.9978197674418605,1373.0,1.0782872109998607,3
1,surrogate,776,efficiency,confirmatory_core,0.9999951880342477,0.06691227918847405,76.0,15.516245487364621,41.0,0.992831541218638,277.0,329,279,1427,confirmatory_core__C_MH__efficiency__1014,0,C_MH,1014,277,1423,0,0.15999999999999998,59.0,8.825017568517216,25.0,0.9971969166082691,1423.0,1.0299044550001781,3
1,surrogate,786,efficiency,confirmatory_core,0.9999901516331604,0.07352409232015118,81.0,15.93305439330544,42.0,0.991701244813278,239.0,326,241,1460,confirmatory_core__C_MH__efficiency__1015,0,C_MH,1015,239,1457,0,0.16999999999999998,47.0,8.580645161290322,25.0,0.9979452054794521,1457.0,1.1100849829999788,3
1,surrogate,760,efficiency,confirmatory_core,0.9999503384349823,0.06791226584055376,94.0,15.604240282685513,41.0,0.9826388888888888,283.0,331,288,1465,confirmatory_core__C_MH__efficiency__1016,0,C_MH,1016,283,1460,0,0.16999999999999998,44.0,8.813013698630137,24.0,0.9965870307167235,1460.0,1.1259769000002962,3
1,surrogate,777,efficiency,confirmatory_core,0.9999987576609439,0.06719510734535261,67.0,15.552727272727273,40.0,0.9963768115942029,275.0,329,276,1429,confirmatory_core__C_MH__efficiency__1017,0,C_MH,1017,275,1427,0,0.15000000000000002,40.0,8.833216538192012,25.0,0.9986004198740378,1427.0,1.0938822119996985,3
1,surrogate,769,efficiency,confirmatory_core,0.9999999925114857,0.06840120585060849,100.0,15.833935018050541,42.0,0.9964028776978417,277.0,328,278,1460,confirmatory_core__C_MH__efficiency__1018,0,C_MH,1018,277,1455,0,0.18,41.0,8.99381443298969,24.0,0.9965753424657534,1455.0,1.139214169999832,3
1,surrogate,772,efficiency,confirmatory_core,0.9999988402616045,0.07096029942652542,86.0,16.54609929078014,42.0,0.9964664310954063,282.0,329,283,1444,confirmatory_core__C_MH__efficiency__1019,0,C_MH,1019,282,1442,0,0.16999999999999998,48.0,9.4500693481276,25.0,0.9986149584487535,1442.0,1.081659940999998,3
1,surrogate,772,efficiency,confirmatory_core,0.9999989111543046,0.06161256733126541,70.0,15.533123028391167,41.0,1.0,317.0,329,317,1439,confirmatory_core__C_MH__efficiency__1020,0,C_MH,1020,317,1436,0,0.15999999999999998,47.0,9.371866295264624,25.0,0.9979152189020153,1436.0,1.1241545430002589,3
1,surrogate,767,efficiency,confirmatory_core,0.9999881095349639,0.07072061519158572,72.0,16.280276816608996,41.0,0.993127147766323,289.0,330,291,1412,confirmatory_core__C_MH__efficiency__1021,0,C_MH,1021,289,1412,0,0.15999999999999998,45.0,9.208215297450424,25.0,1.0,1412.0,1.1093256300000576,3
1,surrogate,771,efficiency,confirmatory_core,0.9999947611780875,0.06311609195402298,87.0,15.423333333333334,39.0,0.9933774834437086,300.0,330,302,1453,confirmatory_core__C_MH__efficiency__1022,0,C_MH,1022,300,1450,0,0.14,41.0,9.111724137931034,25.0,0.9979353062629044,1450.0,1.1366534930002672,3
1,surrogate,758,efficiency,confirmatory_core,0.9999998721752323,0.062277062470195516,90.0,15.11111111111111,38.0,1.0,297.0,330,297,1399,confirmatory_core__C_MH__efficiency__1023,0,C_MH,1023,297,1398,0,0.13,55.0,8.88340486409156,25.0,0.9992852037169406,1398.0,1.0629168870000285,3
1,surrogate,764,efficiency,confirmatory_core,0.9999995397383045,0.06745392491467576,91.0,15.525597269624573,40.0,0.9932203389830508,293.0,330,295,1473,confirmatory_core__C_MH__efficiency__1024,0,C_MH,1024,293,1465,0,0.15000000000000002,47.0,8.780204778156996,25.0,0.9945689069925322,1465.0,1.1098572229998354,3
1,surrogate,774,efficiency,confirmatory_core,0.9999982359196521,0.050604944603534166,65.0,14.107744107744107,35.0,0.9966442953020134,297.0,328,298,1419,confirmatory_core__C_MH__efficiency__1025,0,C_MH,1025,297,1418,0,0.09999999999999998,47.0,9.047249647390691,25.0,0.9992952783650458,1418.0,1.1370768919996408,3
1,surrogate,768,efficiency,confirmatory_core,0.9999793821063844,0.06313375427214274,80.0,15.468852459016393,43.0,0.9902597402597403,305.0,328,308,1416,confirmatory_core__C_MH__efficiency__1026,0,C_MH,1026,305,1415,0,0.18,43.0,9.15547703180212,25.0,0.9992937853107344,1415.0,1.08498964599994,3
1,surrogate,775,efficiency,confirmatory_core,0.9999989817408004,0.07425512313815948,85.0,16.03061224489796,43.0,0.9966101694915255,294.0,328,295,1453,confirmatory_core__C_MH__efficiency__1027,0,C_MH,1027,294,1451,0,0.19,45.0,8.605099931082012,24.0,0.9986235375086029,1451.0,1.0807558520000384,3
1,surrogate,764,efficiency,confirmatory_core,0.9999275925854183,0.07202210884353742,66.0,16.675,39.0,0.9824561403508771,280.0,330,285,1471,confirmatory_core__C_MH__efficiency__1028,0,C_MH,1028,280,1470,0,0.13,41.0,9.47278911564626,26.0,0.9993201903467029,1470.0,1.0457161869999254,3
1,surrogate,788,efficiency,confirmatory_core,0.9999946551023966,0.06741226853248088,91.0,15.979661016949153,43.0,0.9932659932659933,295.0,328,297,1408,confirmatory_core__C_MH__efficiency__1029,0,C_MH,1029,295,1405,0,0.18,47.0,9.238434163701067,25.0,0.9978693181818182,1405.0,1.1307690560001902,3
1,surrogate,783,efficiency,confirmatory_core,0.9999993485663207,0.0680947914145082,104.0,15.757352941176471,40.0,0.9963369963369964,272.0,328,273,1461,confirmatory_core__C_MH__efficiency__1030,0,C_MH,1030,272,1458,1,0.15000000000000002,47.0,8.947873799725652,25.0,0.997946611909651,1458.0,1.0956597050003438,3
1,surrogate,772,efpb,confirmatory_core,0.9999899810583062,0.07273888648224931,56.0,16.384848484848487,44.0,0.990990990990991,330.0,326,333,1473,confirmatory_core__C_MH__efpb__1001,0,C_MH,1001,330,1469,0,0.19,41.0,9.110959836623554,25.0,0.9972844534962662,1469.0,51.499785868000345,3
1,surrogate,769,efpb,confirmatory_core,0.9999971175076818,0.07106198034769462,54.0,15.992592592592592,44.0,1.0,270.0,326,270,1475,confirmatory_core__C_MH__efpb__1002,0,C_MH,1002,270,1470,0,0.19,48.0,8.88639455782313,25.0,0.9966101694915255,1470.0,48.896422809999876,3
1,surrogate,790,efpb,confirmatory_core,0.9999995061557685,0.08787877896862148,56.0,17.972125435540068,44.0,1.0,287.0,326,287,1424,confirmatory_core__C_MH__efpb__1003,0,C_MH,1003,287,1422,0,0.19,49.0,9.18424753867792,25.0,0.9985955056179775,1422.0,48.4840077140002,3
1,surrogate,774,efpb,confirmatory_core,0.9999988722700476,0.0794131581160134,55.0,16.840677966101694,45.0,1.0,295.0,326,295,1414,confirmatory_core__C_MH__efpb__1004,0,C_MH,1004,295,1411,0,0.2,42.0,8.899362154500354,25.0,0.9978783592644979,1411.0,52.45432046999986,3
1,surrogate,775,efpb,confirmatory_core,0.9999980493780442,0.07427914708242579,56.0,16.337704918032788,45.0,1.0,305.0,326,305,1434,confirmatory_core__C_MH__efpb__1005,0,C_MH,1005,305,1430,0,0.2,41.0,8.90979020979021,25.0,0.99721059972106,1430.0,48.365538127000036,3
1,surrogate,790,efpb,confirmatory_core,0.9999999943985108,0.08631906959888612,56.0,17.62837837837838,47.0,0.9966329966329966,296.0,326,297,1422,confirmatory_core__C_MH__efpb__1006,0,C_MH,1006,296,1417,0,0.22999999999999998,41.0,8.996471418489767,24.0,0.9964838255977496,1417.0,47.58846823899967,3
1,surrogate,789,efpb,confirmatory_core,0.9999980301670073,0.06461886581033728,57.0,15.460481099656358,47.0,1.0,291.0,324,291,1427,confirmatory_core__C_MH__efpb__1007,0,C_MH,1007,291,1423,0,0.22999999999999998,41.0,8.998594518622628,24.0,0.9971969166082691,1423.0,48.04303556400009,3
1,surrogate,776,efpb,confirmatory_core,0.999999625462133,0.06465312509588535,53.0,15.508361204013378,36.0,0.9966666666666667,299.0,328,300,1420,confirmatory_core__C_MH__efpb__1008,0,C_MH,1008,299,1417,0,0.10999999999999999,42.0,9.043048694424842,25.0,0.997887323943662,1417.0,50.539459032000195,3
1,surrogate,766,efpb,confirmatory_core,0.9999995130241688,0.07974996250609276,56.0,16.996644295302012,47.0,1.0,298.0,328,298,1434,confirmatory_core__C_MH__efpb__1009,0,C_MH,1009,298,1432,0,0.21999999999999997,41.0,9.021648044692737,25.0,0.99860529986053,1432.0,50.10499168100023,3
1,surrogate,770,efpb,confirmatory_core,0.9999988567585745,0.07841539447545286,55.0,16.540636042402827,43.0,0.9964788732394366,283.0,327,284,1441,confirmatory_core__C_MH__efpb__1010,0,C_MH,1010,283,1439,0,0.19,41.0,8.69909659485754,24.0,0.9986120749479528,1439.0,48.29987620799966,3
1,surrogate,781,efpb,confirmatory_core,0.9999999791653048,0.08831097733424913,57.0,17.871069182389938,48.0,0.9968652037617555,318.0,326,319,1405,confirmatory_core__C_MH__efpb__1011,0,C_MH,1011,318,1401,0,0.24,44.0,9.039971448965025,24.0,0.9971530249110321,1401.0,47.23284545200022,3
1,surrogate,785,efpb,confirmatory_core,0.9999980411793079,0.08133587777004533,54.0,17.07612456747405,48.0,1.0,289.0,326,289,1431,confirmatory_core__C_MH__efpb__1012,0,C_MH,1012,289,1427,0,0.22999999999999998,41.0,8.942536790469516,25.0,0.9972047519217331,1427.0,48.92807586000026,3
1,surrogate,771,efpb,confirmatory_core,0.9999999672181586,0.06717320651914163,56.0,15.672131147540984,43.0,0.9967320261437909,305.0,327,306,1376,confirmatory_core__C_MH__efpb__1013,0,C_MH,1013,305,1372,0,0.18,41.0,8.954810495626822,25.0,0.997093023255814,1372.0,49.033358604000114,3
1,surrogate,780,efpb,confirmatory_core,0.9999988927451432,0.08208723470661672,54.0,17.11111111111111,46.0,1.0,279.0,327,279,1427,confirmatory_core__C_MH__efpb__1014,0,C_MH,1014,279,1424,0,0.22000000000000003,40.0,8.902387640449438,24.0,0.9978976874562018,1424.0,47.50368095700014,3
1,surrogate,803,efpb,confirmatory_core,0.9999853765567944,0.10444762131453596,56.0,18.9163179916318,49.0,0.991701244813278,239.0,324,241,1460,confirmatory_core__C_MH__efpb__1015,0,C_MH,1015,239,1459,0,0.25,40.0,8.471555860178205,24.0,0.9993150684931507,1459.0,47.50419588400018,3
1,surrogate,789,efpb,confirmatory_core,0.9999968496354796,0.08239486540856407,56.0,17.321678321678323,48.0,0.9930555555555556,286.0,327,288,1465,confirmatory_core__C_MH__efpb__1016,0,C_MH,1016,286,1460,0,0.24,41.0,9.082191780821917,24.0,0.9965870307167235,1460.0,49.065985829000056,3
1,surrogate,795,efpb,confirmatory_core,0.9999978541737821,0.09784553093964858,54.0,18.62909090909091,46.0,0.9963768115942029,275.0,327,276,1429,confirmatory_core__C_MH__efpb__1017,0,C_MH,1017,275,1428,0,0.21000000000000002,42.0,8.844537815126051,25.0,0.9993002099370188,1428.0,49.573562763000155,3
1,surrogate,781,efpb,confirmatory_core,0.9999998150477835,0.07274799658824929,55.0,15.776173285198556,42.0,0.9964028776978417,277.0,326,278,1460,confirmatory_core__C_MH__efpb__1018,0,C_MH,1018,277,1456,0,0.18,39.0,8.501373626373626,24.0,0.9972602739726028,1456.0,49.66356649099998,3
1,surrogate,793,efpb,confirmatory_core,0.9999979735606045,0.08513926364990192,57.0,17.624113475177303,43.0,0.9964664310954063,282.0,326,283,1444,confirmatory_core__C_MH__efpb__1019,0,C_MH,1019,282,1443,0,0.18,43.0,9.11018711018711,25.0,0.9993074792243767,1443.0,49.98475029500014,3
1,surrogate,791,efpb,confirmatory_core,0.9999989111543046,0.07350449900266251,57.0,16.394321766561514,46.0,1.0,317.0,325,317,1439,confirmatory_core__C_MH__efpb__1020,0,C_MH,1020,317,1436,0,0.22000000000000003,40.0,9.043871866295264,24.0,0.9979152189020153,1436.0,49.65118407199998,3
1,surrogate,780,efpb,confirmatory_core,0.999999874518937,0.06987226041826494,54.0,16.06872852233677,45.0,1.0,291.0,327,291,1412,confirmatory_core__C_MH__efpb__1021,0,C_MH,1021,291,1411,0,0.2,41.0,9.081502480510276,25.0,0.9992917847025495,1411.0,48.026458757,3
1,surrogate,779,efpb,confirmatory_core,0.9999889627160549,0.06451782518926358,55.0,15.48,43.0,0.9933774834437086,300.0,328,302,1453,confirmatory_core__C_MH__efpb__1022,0,C_MH,1022,300,1453,0,0.18,42.0,9.028217481073641,25.0,1.0,1453.0,49.269469284000024,3
1,surrogate,778,efpb,confirmatory_core,0.9999988479312814,0.08701323164790213,54.0,17.47138047138047,44.0,1.0,297.0,327,297,1399,confirmatory_core__C_MH__efpb__1023,0,C_MH,1023,297,1396,0,0.2,41.0,8.770057306590259,24.0,0.997855611150822,1396.0,48.569428933999916,3
1,surrogate,775,efpb,confirmatory_core,0.9999989608899771,0.07563910988124062,53.0,16.210169491525424,42.0,1.0,295.0,327,295,1473,confirmatory_core__C_MH__efpb__1024,0,C_MH,1024,295,1470,0,0.16999999999999998,41.0,8.646258503401361,25.0,0.9979633401221996,1470.0,49.92801430999998,3
1,surrogate,778,efpb,confirmatory_core,0.9999955113674619,0.07554078380522189,54.0,16.23489932885906,47.0,1.0,298.0,327,298,1419,confirmatory_core__C_MH__efpb__1025,0,C_MH,1025,298,1413,0,0.21999999999999997,47.0,8.680820948336873,25.0,0.9957716701902748,1413.0,49.94426825100027,3
1,surrogate,786,efpb,confirmatory_core,0.9999995005558812,0.06904879773691654,56.0,16.035714285714285,40.0,1.0,308.0,324,308,1416,confirmatory_core__C_MH__efpb__1026,0,C_MH,1026,308,1414,0,0.15000000000000002,41.0,9.13083451202263,25.0,0.998587570621469,1414.0,49.009098273999825,3
1,surrogate,785,efpb,confirmatory_core,0.9999995585989787,0.0804873563218391,54.0,16.666666666666668,44.0,0.9966101694915255,294.0,326,295,1453,confirmatory_core__C_MH__efpb__1027,0,C_MH,1027,294,1450,0,0.19,41.0,8.617931034482758,25.0,0.9979353062629044,1450.0,48.43934009399982,3
1,surrogate,790,efpb,confirmatory_core,0.9999969113113955,0.07905556725806914,55.0,16.883802816901408,47.0,0.9964912280701754,284.0,325,285,1471,confirmatory_core__C_MH__efpb__1028,0,C_MH,1028,284,1471,0,0.21999999999999997,41.0,8.978246091094494,25.0,1.0,1471.0,50.416342519999944,3
1,surrogate,774,efpb,confirmatory_core,0.999992883679556,0.06536550377317549,57.0,15.661016949152541,43.0,0.9932659932659933,295.0,327,297,1408,confirmatory_core__C_MH__efpb__1029,0,C_MH,1029,295,1406,0,0.18,47.0,9.124466571834994,25.0,0.9985795454545454,1406.0,49.664237634000074,3
1,surrogate,791,efpb,confirmatory_core,0.9999977724044979,0.09182987510072523,56.0,18.231617647058822,47.0,0.9963369963369964,272.0,325,273,1461,confirmatory_core__C_MH__efpb__1030,0,C_MH,1030,272,1460,0,0.22999999999999998,41.0,9.0486301369863,24.0,0.999315537303217,1460.0,49.46660216999999,3
1,surrogate,743,equal_bargaining,confirmatory_core,0.9999824832800002,0.029464550395256917,62.0,12.909090909090908,33.0,0.990990990990991,330.0,329,333,1473,confirmatory_core__C_MH__equal_bargaining__1001,0,C_MH,1001,330,1472,0,0.07,41.0,9.962635869565217,26.0,0.9993211133740665,1472.0,43.437938838000264,3
1,surrogate,759,equal_bargaining,confirmatory_core,0.9999971175076818,0.0514973544973545,53.0,15.092592592592593,38.0,1.0,270.0,328,270,1475,confirmatory_core__C_MH__equal_bargaining__1002,0,C_MH,1002,270,1470,0,0.12,41.0,9.942857142857143,26.0,0.9966101694915255,1470.0,45.39925297799982,3
1,surrogate,756,equal_bargaining,confirmatory_core,0.9999988880699043,0.04181836906335283,38.0,13.686411149825783,30.0,1.0,287.0,330,287,1424,confirmatory_core__C_MH__equal_bargaining__1003,0,C_MH,1003,287,1421,0,0.04999999999999999,41.0,9.5045742434905,25.0,0.9978932584269663,1421.0,42.96961944500026,3
1,surrogate,730,equal_bargaining,confirmatory_core,0.9999907120233887,0.03839196732438184,47.0,13.331058020477816,28.0,0.9932203389830508,293.0,330,295,1414,confirmatory_core__C_MH__equal_bargaining__1004,0,C_MH,1004,293,1413,0,0.030000000000000027,42.0,9.491861288039631,25.0,0.9992927864214993,1413.0,42.43706428300038,3
1,surrogate,741,equal_bargaining,confirmatory_core,0.999984827342459,0.024952147574289277,51.0,12.599337748344372,29.0,0.9901639344262295,302.0,331,305,1434,confirmatory_core__C_MH__equal_bargaining__1005,0,C_MH,1005,302,1431,0,0.02999999999999997,42.0,10.104122990915444,26.0,0.997907949790795,1431.0,42.993924642000366,3
1,surrogate,752,equal_bargaining,confirmatory_core,0.9999875492675485,0.037881315515876424,49.0,13.673400673400673,30.0,1.0,297.0,330,297,1422,confirmatory_core__C_MH__equal_bargaining__1006,0,C_MH,1006,297,1412,0,0.04999999999999999,41.0,9.885269121813032,25.0,0.9929676511954993,1412.0,43.98440772499998,3
1,surrogate,750,equal_bargaining,confirmatory_core,1.0,0.04673515437427907,54.0,14.460481099656358,37.0,1.0,291.0,325,291,1427,confirmatory_core__C_MH__equal_bargaining__1007,0,C_MH,1007,291,1427,0,0.12,42.0,9.786965662228452,25.0,1.0,1427.0,43.46984198000018,3
1,surrogate,729,equal_bargaining,confirmatory_core,0.9999988817900504,0.030722841684309582,61.0,12.946666666666667,29.0,1.0,300.0,333,300,1420,confirmatory_core__C_MH__equal_bargaining__1008,0,C_MH,1008,300,1417,0,0.02999999999999997,41.0,9.87438249823571,26.0,0.997887323943662,1417.0,43.615336210999885,3
1,surrogate,752,equal_bargaining,confirmatory_core,0.9999995130241688,0.0249490082861535,67.0,12.936241610738255,33.0,1.0,298.0,330,298,1434,confirmatory_core__C_MH__equal_bargaining__1009,0,C_MH,1009,298,1432,0,0.07,41.0,10.441340782122905,26.0,0.99860529986053,1432.0,42.96405680199996,3
1,surrogate,751,equal_bargaining,confirmatory_core,0.9999969796381705,0.026221114990780336,48.0,12.334507042253522,30.0,1.0,284.0,330,284,1441,confirmatory_core__C_MH__equal_bargaining__1010,0,C_MH,1010,284,1436,0,0.04999999999999999,40.0,9.712395543175488,25.0,0.9965301873698821,1436.0,42.31881153099994,3
1,surrogate,736,equal_bargaining,confirmatory_core,0.9999937634102589,0.04894322834680982,49.0,14.952978056426332,34.0,1.0,319.0,331,319,1405,confirmatory_core__C_MH__equal_bargaining__1011,0,C_MH,1011,319,1398,0,0.08000000000000002,41.0,10.05865522174535,26.0,0.9950177935943061,1398.0,44.627252950000184,3
1,surrogate,759,equal_bargaining,confirmatory_core,0.9999763043832538,0.03975524475524475,50.0,13.874125874125873,33.0,0.9896193771626297,286.0,330,289,1431,confirmatory_core__C_MH__equal_bargaining__1012,0,C_MH,1012,286,1430,0,0.08000000000000002,41.0,9.898601398601398,25.0,0.9993011879804332,1430.0,42.859888927000156,3
1,surrogate,731,equal_bargaining,confirmatory_core,1.0,0.023388670390636856,55.0,12.218954248366012,27.0,1.0,306.0,332,306,1376,confirmatory_core__C_MH__equal_bargaining__1013,0,C_MH,1013,306,1376,0,0.010000000000000009,38.0,9.880087209302326,26.0,1.0,1376.0,42.54441551199989,3
1,surrogate,746,equal_bargaining,confirmatory_core,0.9999995082314677,0.03762988115449914,54.0,13.741935483870968,28.0,1.0,279.0,331,279,1427,confirmatory_core__C_MH__equal_bargaining__1014,0,C_MH,1014,279,1425,0,0.020000000000000018,40.0,9.978947368421053,26.0,0.9985984583041345,1425.0,42.374333063999984,3
1,surrogate,748,equal_bargaining,confirmatory_core,0.9999853765567944,0.035752234722584667,54.0,13.410041841004183,28.0,0.991701244813278,239.0,330,241,1460,confirmatory_core__C_MH__equal_bargaining__1015,0,C_MH,1015,239,1459,0,0.030000000000000027,41.0,9.834818368745717,25.0,0.9993150684931507,1459.0,42.325073860999964,3
1,surrogate,741,equal_bargaining,confirmatory_core,0.9999968496354796,0.03868751796149056,44.0,13.412587412587413,34.0,0.9930555555555556,286.0,331,288,1465,confirmatory_core__C_MH__equal_bargaining__1016,0,C_MH,1016,286,1460,0,0.09000000000000002,41.0,9.543835616438356,25.0,0.9965870307167235,1460.0,43.704898606999905,3
1,surrogate,747,equal_bargaining,confirmatory_core,0.9999738428485541,0.03317065287653523,52.0,12.996336996336996,26.0,0.9891304347826086,273.0,331,276,1429,confirmatory_core__C_MH__equal_bargaining__1017,0,C_MH,1017,273,1428,0,0.010000000000000009,41.0,9.679271708683473,25.0,0.9993002099370188,1428.0,43.49942411699976,3
1,surrogate,757,equal_bargaining,confirmatory_core,0.9999999925114857,0.05039311722306995,53.0,14.931407942238268,33.0,0.9964028776978417,277.0,330,278,1460,confirmatory_core__C_MH__equal_bargaining__1018,0,C_MH,1018,277,1455,0,0.08000000000000002,39.0,9.892096219931272,25.0,0.9965753424657534,1455.0,43.71954349999987,3
1,surrogate,738,equal_bargaining,confirmatory_core,0.9999716068623058,0.021143648595172135,38.0,12.071428571428571,27.0,0.9893992932862191,280.0,332,283,1444,confirmatory_core__C_MH__equal_bargaining__1019,0,C_MH,1019,280,1444,0,0.020000000000000018,39.0,9.957063711911358,25.0,1.0,1444.0,41.945350845999656,3
1,surrogate,745,equal_bargaining,confirmatory_core,0.9999805806569716,0.03666849747083263,50.0,13.4171974522293,32.0,0.9905362776025236,314.0,329,317,1439,confirmatory_core__C_MH__equal_bargaining__1020,0,C_MH,1020,314,1438,0,0.07,41.0,9.750347705146035,25.0,0.9993050729673384,1438.0,43.494197750999774,3
1,surrogate,742,equal_bargaining,confirmatory_core,0.9999799958347801,0.03013874113475179,48.0,12.947916666666666,32.0,0.9896907216494846,288.0,332,291,1412,confirmatory_core__C_MH__equal_bargaining__1021,0,C_MH,1021,288,1410,0,0.07,41.0,9.934042553191489,25.0,0.9985835694050992,1410.0,42.69156864999968,3
1,surrogate,745,equal_bargaining,confirmatory_core,0.9999962212348547,0.033857902001380266,54.0,13.49,35.0,0.9933774834437086,300.0,332,302,1453,confirmatory_core__C_MH__equal_bargaining__1022,0,C_MH,1022,300,1449,0,0.08999999999999997,41.0,10.104209799861973,26.0,0.9972470750172058,1449.0,43.34681694500023,3
1,surrogate,736,equal_bargaining,confirmatory_core,0.9999990570934135,0.0360756882508851,49.0,13.219594594594595,26.0,0.9966329966329966,296.0,333,297,1399,confirmatory_core__C_MH__equal_bargaining__1023,0,C_MH,1023,296,1397,0,0.010000000000000009,41.0,9.612025769506085,25.0,0.9985704074338814,1397.0,43.084366216000035,3
1,surrogate,753,equal_bargaining,confirmatory_core,0.9999989627683773,0.03494656326160647,60.0,12.639455782312925,30.0,0.9966101694915255,294.0,331,295,1473,confirmatory_core__C_MH__equal_bargaining__1024,0,C_MH,1024,294,1471,0,0.04999999999999999,41.0,9.144799456152278,25.0,0.9986422267481331,1471.0,44.10533903600026,3
1,surrogate,743,equal_bargaining,confirmatory_core,0.9999982359196521,0.045301273192669536,53.0,14.168350168350168,34.0,0.9966442953020134,297.0,329,298,1419,confirmatory_core__C_MH__equal_bargaining__1025,0,C_MH,1025,297,1418,0,0.09000000000000002,42.0,9.638222849083215,25.0,0.9992952783650458,1418.0,43.709111896000195,3
1,surrogate,751,equal_bargaining,confirmatory_core,0.9999824671207996,0.0422747930530758,67.0,13.78688524590164,36.0,0.9902597402597403,305.0,330,308,1416,confirmatory_core__C_MH__equal_bargaining__1026,0,C_MH,1026,305,1414,0,0.10999999999999999,42.0,9.55940594059406,25.0,0.998587570621469,1414.0,43.82269901300015,3
1,surrogate,742,equal_bargaining,confirmatory_core,0.9999989817408004,0.035745181601241446,40.0,12.598639455782314,28.0,0.9966101694915255,294.0,331,295,1453,confirmatory_core__C_MH__equal_bargaining__1027,0,C_MH,1027,294,1451,0,0.030000000000000027,40.0,9.024121295658167,25.0,0.9986235375086029,1451.0,42.196059605999835,3
1,surrogate,732,equal_bargaining,confirmatory_core,0.9999720060466939,0.04631777003148339,49.0,14.72695035460993,31.0,0.9894736842105263,282.0,330,285,1471,confirmatory_core__C_MH__equal_bargaining__1028,0,C_MH,1028,282,1471,0,0.04999999999999999,41.0,10.095173351461591,26.0,1.0,1471.0,43.92549186699989,3
1,surrogate,749,equal_bargaining,confirmatory_core,0.9999946551023966,0.03178708004101574,62.0,12.75593220338983,27.0,0.9932659932659933,295.0,331,297,1408,confirmatory_core__C_MH__equal_bargaining__1029,0,C_MH,1029,295,1405,0,0.020000000000000018,41.0,9.577224199288256,25.0,0.9978693181818182,1405.0,44.31081395199999,3
1,surrogate,751,equal_bargaining,confirmatory_core,0.9999981209056296,0.046935521582055564,51.0,14.505494505494505,30.0,1.0,273.0,330,273,1461,confirmatory_core__C_MH__equal_bargaining__1030,0,C_MH,1030,273,1457,0,0.04999999999999999,41.0,9.81194234728895,25.0,0.9972621492128679,1457.0,43.274891759000184,3
1,surrogate,280,fixed_time,confirmatory_core,0.9999911315956418,0.1172280216586111,73.0,31.35258358662614,69.0,0.987987987987988,329.0,140,333,1473,confirmatory_core__C_MH__fixed_time__1001,0,C_MH,1001,329,1464,0,0.16999999999999993,59.0,19.629781420765028,52.0,0.9938900203665988,1464.0,1.0831137420000232,3
1,surrogate,280,fixed_time,confirmatory_core,0.9999966001878648,0.1416302112113956,73.0,33.0749063670412,69.0,0.9888888888888889,267.0,140,270,1475,confirmatory_core__C_MH__fixed_time__1002,0,C_MH,1002,267,1464,0,0.15999999999999992,59.0,18.91188524590164,53.0,0.9925423728813559,1464.0,1.129255030999957,3
1,surrogate,280,fixed_time,confirmatory_core,0.9999759275511682,0.121687216853479,73.0,31.749116607773853,69.0,0.9860627177700348,283.0,140,287,1424,confirmatory_core__C_MH__fixed_time__1003,0,C_MH,1003,283,1418,0,0.1499999999999999,59.0,19.580394922425953,54.0,0.9957865168539326,1418.0,1.1197559530000945,3
1,surrogate,280,fixed_time,confirmatory_core,0.9999867986059632,0.11139959154223383,73.0,30.127147766323024,69.0,0.9864406779661017,291.0,140,295,1414,confirmatory_core__C_MH__fixed_time__1004,0,C_MH,1004,291,1405,0,0.15999999999999992,59.0,18.987188612099644,53.0,0.9936350777934936,1405.0,1.136849256000005,3
1,surrogate,280,fixed_time,confirmatory_core,0.9999953982830081,0.10536795370740182,73.0,30.2682119205298,69.0,0.9901639344262295,302.0,140,305,1434,confirmatory_core__C_MH__fixed_time__1005,0,C_MH,1005,302,1426,0,0.15999999999999992,59.0,19.73141654978962,53.0,0.9944211994421199,1426.0,1.1124075610000546,3
1,surrogate,280,fixed_time,confirmatory_core,0.9999993899491714,0.1253752984433196,73.0,32.20608108108108,68.0,0.9966329966329966,296.0,140,297,1422,confirmatory_core__C_MH__fixed_time__1006,0,C_MH,1006,296,1415,0,0.15000000000000002,59.0,19.668551236749117,53.0,0.9950773558368495,1415.0,1.1375179470001058,3
1,surrogate,280,fixed_time,confirmatory_core,0.9999850298845568,0.1215478478653387,73.0,32.123711340206185,69.0,1.0,291.0,140,291,1427,confirmatory_core__C_MH__fixed_time__1007,0,C_MH,1007,291,1416,0,0.15999999999999992,59.0,19.968926553672315,53.0,0.9922915206727401,1416.0,1.0631858059996375,3
1,surrogate,280,fixed_time,confirmatory_core,0.9999965250283634,0.1227055907398183,73.0,32.80602006688963,69.0,0.9966666666666667,299.0,140,300,1420,confirmatory_core__C_MH__fixed_time__1008,0,C_MH,1008,299,1410,0,0.15999999999999992,59.0,20.5354609929078,53.0,0.9929577464788732,1410.0,1.0710741210000378,3
1,surrogate,280,fixed_time,confirmatory_core,0.9999976332757272,0.13159031214312908,80.0,32.9695945945946,70.0,0.9932885906040269,296.0,140,298,1434,confirmatory_core__C_MH__fixed_time__1009,0,C_MH,1009,296,1420,0,0.16999999999999993,59.0,19.81056338028169,53.0,0.9902370990237099,1420.0,1.126233614999819,3
1,surrogate,280,fixed_time,confirmatory_core,0.9999998959527137,0.13618896590783175,73.0,33.45583038869258,70.0,0.9964788732394366,283.0,140,284,1441,confirmatory_core__C_MH__fixed_time__1010,0,C_MH,1010,283,1435,0,0.16999999999999993,59.0,19.836933797909406,53.0,0.9958362248438585,1435.0,1.1055832319998444,3
1,surrogate,280,fixed_time,confirmatory_core,0.9999972996126915,0.1337036636571696,73.0,32.92767295597484,68.0,0.9968652037617555,318.0,140,319,1405,confirmatory_core__C_MH__fixed_time__1011,0,C_MH,1011,318,1396,0,0.15000000000000002,59.0,19.55730659025788,53.0,0.993594306049822,1396.0,1.111205413999869,3
1,surrogate,280,fixed_time,confirmatory_core,0.9999923924141954,0.12965068061273696,73.0,32.4280701754386,69.0,0.986159169550173,285.0,140,289,1431,confirmatory_core__C_MH__fixed_time__1012,0,C_MH,1012,285,1419,0,0.15999999999999992,59.0,19.463002114164905,53.0,0.9916142557651991,1419.0,1.1175838909998674,3
1,surrogate,280,fixed_time,confirmatory_core,0.9999983637566118,0.1263325505317735,73.0,32.61056105610561,69.0,0.9901960784313726,303.0,140,306,1376,confirmatory_core__C_MH__fixed_time__1013,0,C_MH,1013,303,1366,0,0.15999999999999992,59.0,19.97730600292826,53.0,0.9927325581395349,1366.0,1.163641545000246,3
1,surrogate,280,fixed_time,confirmatory_core,0.99999981191944,0.13464184059513323,72.0,32.94584837545126,69.0,0.992831541218638,277.0,140,279,1427,confirmatory_core__C_MH__fixed_time__1014,0,C_MH,1014,277,1418,0,0.15999999999999992,59.0,19.48166431593794,53.0,0.9936930623686054,1418.0,1.118599033999999,3
1,surrogate,280,fixed_time,confirmatory_core,0.9999850999644848,0.15087584655334949,72.0,34.05042016806723,68.0,0.9875518672199171,238.0,140,241,1460,confirmatory_core__C_MH__fixed_time__1015,0,C_MH,1015,238,1453,0,0.15000000000000002,59.0,18.962835512732276,53.0,0.9952054794520548,1453.0,1.135660026000096,3
1,surrogate,280,fixed_time,confirmatory_core,0.9999677887843451,0.12339707995185029,73.0,31.575971731448764,70.0,0.9826388888888888,283.0,140,288,1465,confirmatory_core__C_MH__fixed_time__1016,0,C_MH,1016,283,1456,0,0.16999999999999993,59.0,19.236263736263737,53.0,0.9938566552901024,1456.0,1.0877097669999785,3
1,surrogate,280,fixed_time,confirmatory_core,0.9999909445421845,0.1288204200862429,73.0,33.443223443223445,70.0,0.9891304347826086,273.0,140,276,1429,confirmatory_core__C_MH__fixed_time__1017,0,C_MH,1017,273,1422,0,0.16999999999999993,59.0,20.561181434599156,53.0,0.9951014695591323,1422.0,1.110733765999612,3
1,surrogate,280,fixed_time,confirmatory_core,0.9999886703945455,0.1107591346755033,73.0,30.54909090909091,68.0,0.9892086330935251,275.0,140,278,1460,confirmatory_core__C_MH__fixed_time__1018,0,C_MH,1018,275,1454,0,0.15000000000000002,59.0,19.473177441540578,53.0,0.9958904109589041,1454.0,1.1249402290000035,3
1,surrogate,280,fixed_time,confirmatory_core,0.9999965627107726,0.13778576409643356,73.0,33.39642857142857,70.0,0.9893992932862191,280.0,140,283,1444,confirmatory_core__C_MH__fixed_time__1019,0,C_MH,1019,280,1434,0,0.16999999999999993,59.0,19.617852161785216,53.0,0.9930747922437673,1434.0,1.1065530220002984,3
1,surrogate,280,fixed_time,confirmatory_core,0.9999896813071238,0.14146051073527116,73.0,33.50479233226837,70.0,0.9873817034700315,313.0,140,317,1439,confirmatory_core__C_MH__fixed_time__1020,0,C_MH,1020,313,1430,0,0.16999999999999993,59.0,19.358741258741258,53.0,0.9937456567060459,1430.0,1.1457247819998884,3
1,surrogate,280,fixed_time,confirmatory_core,0.9999973505448728,0.1272122166745919,73.0,33.548611111111114,67.0,0.9896907216494846,288.0,140,291,1412,confirmatory_core__C_MH__fixed_time__1021,0,C_MH,1021,288,1402,0,0.13,59.0,20.827389443651924,54.0,0.9929178470254958,1402.0,1.078332989000046,3
1,surrogate,280,fixed_time,confirmatory_core,0.9999933586725719,0.10486090102092266,73.0,31.06354515050167,69.0,0.9900662251655629,299.0,140,302,1453,confirmatory_core__C_MH__fixed_time__1022,0,C_MH,1022,299,1446,0,0.15999999999999992,59.0,20.577455048409405,53.0,0.9951823812801102,1446.0,1.1080259379996278,3
1,surrogate,280,fixed_time,confirmatory_core,0.9999551270688073,0.09697077494546097,73.0,29.746575342465754,70.0,0.9831649831649831,292.0,140,297,1399,confirmatory_core__C_MH__fixed_time__1023,0,C_MH,1023,292,1394,0,0.15999999999999992,59.0,20.049497847919657,54.0,0.9964260185847034,1394.0,1.0890024499999527,3
1,surrogate,280,fixed_time,confirmatory_core,0.9999999999513505,0.11053258357291842,73.0,31.174657534246574,67.0,0.9898305084745763,292.0,140,295,1473,confirmatory_core__C_MH__fixed_time__1024,0,C_MH,1024,292,1458,0,0.14,59.0,20.121399176954732,53.0,0.9898167006109979,1458.0,1.0953589000000648,3
1,surrogate,280,fixed_time,confirmatory_core,0.9999999714165065,0.12965746264362302,73.0,33.41216216216216,69.0,0.9932885906040269,296.0,140,298,1419,confirmatory_core__C_MH__fixed_time__1025,0,C_MH,1025,296,1409,0,0.1499999999999999,59.0,20.44641589779986,54.0,0.992952783650458,1409.0,1.1105541529996117,3
1,surrogate,280,fixed_time,confirmatory_core,0.9999737702302401,0.11902946548382287,73.0,31.55592105263158,69.0,0.987012987012987,304.0,140,308,1416,confirmatory_core__C_MH__fixed_time__1026,0,C_MH,1026,304,1412,0,0.15999999999999992,59.0,19.652974504249293,53.0,0.9971751412429378,1412.0,1.089599632000045,3
1,surrogate,280,fixed_time,confirmatory_core,0.9999988705921707,0.1388380528682061,73.0,33.636054421768705,69.0,0.9966101694915255,294.0,140,295,1453,confirmatory_core__C_MH__fixed_time__1027,0,C_MH,1027,294,1445,0,0.1499999999999999,59.0,19.752249134948098,54.0,0.9944941500344116,1445.0,1.1177170959999785,3
1,surrogate,280,fixed_time,confirmatory_core,0.999963442068335,0.13431063155138814,73.0,33.44128113879004,70.0,0.9859649122807017,281.0,140,285,1471,confirmatory_core__C_MH__fixed_time__1028,0,C_MH,1028,281,1468,0,0.16999999999999993,59.0,20.010217983651227,53.0,0.9979605710401088,1468.0,1.1777748159997827,3
1,surrogate,280,fixed_time,confirmatory_core,0.9999997197562329,0.1572116222760291,73.0,34.498305084745766,70.0,0.9932659932659933,295.0,140,297,1408,confirmatory_core__C_MH__fixed_time__1029,0,C_MH,1029,295,1400,0,0.17999999999999994,59.0,18.777142857142856,52.0,0.9943181818181818,1400.0,1.1323888809997698,3
1,surrogate,280,fixed_time,confirmatory_core,0.9999716713549777,0.12281370482504883,73.0,32.33085501858736,69.0,0.9853479853479854,269.0,140,273,1461,confirmatory_core__C_MH__fixed_time__1030,0,C_MH,1030,269,1455,0,0.1499999999999999,59.0,20.049484536082474,54.0,0.9958932238193019,1455.0,1.1063092310000684,3
1,surrogate,582,efficiency,confirmatory_core,0.9999996524749626,0.01376750102892206,38.0,6.698305084745763,17.0,0.9966216216216216,295.0,325,296,454,confirmatory_core__C_ML__efficiency__1001,0,C_ML,1001,295,453,0,0.06999999999999998,56.0,8.07505518763797,24.0,0.9977973568281938,453.0,1.062585481000042,3
1,surrogate,522,efficiency,confirmatory_core,0.9999985793880573,0.011205972532465872,38.0,6.612099644128114,19.0,1.0,281.0,312,281,420,confirmatory_core__C_ML__efficiency__1002,0,C_ML,1002,281,419,0,0.07,60.0,7.7326968973747015,26.0,0.9976190476190476,419.0,1.0904713959998844,3
1,surrogate,537,efficiency,confirmatory_core,1.0,0.010039954337899545,29.0,6.287671232876712,16.0,1.0,292.0,301,292,408,confirmatory_core__C_ML__efficiency__1003,0,C_ML,1003,292,408,0,0.07999999999999999,50.0,7.291666666666667,24.0,1.0,408.0,1.1483674840001186,3
1,surrogate,563,efficiency,confirmatory_core,0.999994616767692,0.015925627446465584,33.0,5.930693069306931,17.0,1.0,303.0,318,303,432,confirmatory_core__C_ML__efficiency__1004,0,C_ML,1004,303,430,0,0.06999999999999998,64.0,7.523255813953488,24.0,0.9953703703703703,430.0,1.0616716109998379,3
1,surrogate,541,efficiency,confirmatory_core,1.0,0.02365484744350725,38.0,5.783505154639175,16.0,1.0,291.0,310,291,396,confirmatory_core__C_ML__efficiency__1005,0,C_ML,1005,291,396,0,0.1,58.0,8.1489898989899,26.0,1.0,396.0,1.1209767310001553,3
1,surrogate,555,efficiency,confirmatory_core,0.9999985307643258,0.025020419170904605,29.0,6.063492063492063,17.0,1.0,315.0,317,315,413,confirmatory_core__C_ML__efficiency__1006,0,C_ML,1006,315,412,0,0.1,55.0,8.565533980582524,27.0,0.9975786924939467,412.0,1.065722204999929,3
1,surrogate,572,efficiency,confirmatory_core,0.999994463698471,0.017383129092913174,38.0,6.563573883161512,20.0,1.0,291.0,315,291,426,confirmatory_core__C_ML__efficiency__1007,0,C_ML,1007,291,424,0,0.03999999999999998,52.0,8.30188679245283,24.0,0.9953051643192489,424.0,1.204000823000115,3
1,surrogate,574,efficiency,confirmatory_core,0.9999972679536426,0.018944249374046263,28.0,6.801324503311259,22.0,0.9966996699669967,302.0,312,303,447,confirmatory_core__C_ML__efficiency__1008,0,C_ML,1008,302,447,0,0.05000000000000002,61.0,8.695749440715884,27.0,1.0,447.0,1.1338031660002343,3
1,surrogate,503,efficiency,confirmatory_core,0.99999841778661,0.022485441453991756,30.0,5.585209003215434,15.0,1.0,311.0,305,311,398,confirmatory_core__C_ML__efficiency__1009,0,C_ML,1009,311,397,0,0.11000000000000001,57.0,7.833753148614609,26.0,0.9974874371859297,397.0,1.0389576580000721,3
1,surrogate,518,efficiency,confirmatory_core,0.9999970978320804,0.02968052638487792,27.0,5.498293515358362,14.0,0.9965986394557823,293.0,312,294,416,confirmatory_core__C_ML__efficiency__1010,0,C_ML,1010,293,416,0,0.13,58.0,8.466346153846153,27.0,1.0,416.0,1.1067596670000057,3
1,surrogate,563,efficiency,confirmatory_core,0.9999856521801511,0.01353199448537483,33.0,6.300380228136882,19.0,0.9924528301886792,263.0,305,265,433,confirmatory_core__C_ML__efficiency__1011,0,C_ML,1011,263,433,0,0.04999999999999999,57.0,7.653579676674365,24.0,1.0,433.0,1.102284002000033,3
1,surrogate,570,efficiency,confirmatory_core,0.9999998830112135,0.02252591463414634,32.0,6.29375,16.0,0.9968847352024922,320.0,320,321,411,confirmatory_core__C_ML__efficiency__1012,0,C_ML,1012,320,410,0,0.1,54.0,8.546341463414635,26.0,0.9975669099756691,410.0,1.1082031149999239,3
1,surrogate,554,efficiency,confirmatory_core,1.0,0.018750779736695228,34.0,6.197183098591549,21.0,1.0,284.0,312,284,429,confirmatory_core__C_ML__efficiency__1013,0,C_ML,1013,284,429,0,0.04000000000000001,56.0,8.072261072261073,25.0,1.0,429.0,1.15236336199996,3
1,surrogate,518,efficiency,confirmatory_core,0.9999931471646393,0.00929500945248976,26.0,5.419580419580419,15.0,1.0,286.0,293,286,383,confirmatory_core__C_ML__efficiency__1014,0,C_ML,1014,286,381,0,0.07,48.0,6.349081364829396,22.0,0.9947780678851175,381.0,1.051022586000272,3
1,surrogate,558,efficiency,confirmatory_core,0.9999986757808259,0.017887318169145745,26.0,6.135231316725979,17.0,1.0,281.0,313,281,435,confirmatory_core__C_ML__efficiency__1015,0,C_ML,1015,281,434,0,0.07999999999999999,65.0,7.923963133640553,25.0,0.9977011494252873,434.0,1.0744234680000773,3
1,surrogate,570,efficiency,confirmatory_core,1.0,0.0205100906303696,40.0,6.253731343283582,19.0,1.0,268.0,308,268,443,confirmatory_core__C_ML__efficiency__1016,0,C_ML,1016,268,443,0,0.07,72.0,8.304740406320542,26.0,1.0,443.0,1.0779645329998857,3
1,surrogate,530,efficiency,confirmatory_core,1.0,0.0232386157592084,35.0,6.010309278350515,19.0,1.0,291.0,298,291,398,confirmatory_core__C_ML__efficiency__1017,0,C_ML,1017,291,398,0,0.06,66.0,8.334170854271356,25.0,1.0,398.0,1.0804368640001485,3
1,surrogate,554,efficiency,confirmatory_core,0.9999755738781626,0.022514033427940727,29.0,6.139072847682119,18.0,0.9901639344262295,302.0,317,305,420,confirmatory_core__C_ML__efficiency__1018,0,C_ML,1018,302,420,0,0.07,56.0,8.39047619047619,25.0,1.0,420.0,1.0625334569999723,3
1,surrogate,551,efficiency,confirmatory_core,1.0,0.02930854712580601,37.0,6.135135135135135,17.0,1.0,296.0,315,296,394,confirmatory_core__C_ML__efficiency__1019,0,C_ML,1019,296,394,0,0.09,71.0,9.065989847715736,26.0,1.0,394.0,1.0728737659997023,3
1,surrogate,533,efficiency,confirmatory_core,0.9999936552249225,0.02364828614008941,28.0,5.5442622950819676,16.0,1.0,305.0,309,305,398,confirmatory_core__C_ML__efficiency__1020,0,C_ML,1020,305,396,0,0.1,56.0,7.909090909090909,26.0,0.9949748743718593,396.0,1.0860402710000017,3
1,surrogate,558,efficiency,confirmatory_core,1.0,0.024889796693900818,26.0,5.64259927797834,16.0,1.0,277.0,313,277,418,confirmatory_core__C_ML__efficiency__1021,0,C_ML,1021,277,418,0,0.1,57.0,8.131578947368421,26.0,1.0,418.0,1.091825620000236,3
1,surrogate,517,efficiency,confirmatory_core,1.0,0.02598740663540039,29.0,5.382838283828383,16.0,1.0,303.0,308,303,380,confirmatory_core__C_ML__efficiency__1022,0,C_ML,1022,303,380,0,0.12999999999999998,49.0,7.981578947368421,29.0,1.0,380.0,1.0823908080001274,3
1,surrogate,566,efficiency,confirmatory_core,0.9999970375812444,0.016653514588859428,36.0,6.541379310344827,20.0,0.9965635738831615,290.0,308,291,416,confirmatory_core__C_ML__efficiency__1023,0,C_ML,1023,290,416,0,0.04999999999999999,58.0,8.20673076923077,25.0,1.0,416.0,1.0804366060001485,3
1,surrogate,556,efficiency,confirmatory_core,0.9999997769743776,0.023441203638470097,30.0,6.185430463576159,18.0,0.9966996699669967,302.0,315,303,424,confirmatory_core__C_ML__efficiency__1024,0,C_ML,1024,302,423,0,0.09000000000000002,67.0,8.529550827423169,27.0,0.9976415094339622,423.0,1.098119466999833,3
1,surrogate,576,efficiency,confirmatory_core,0.9999994772097255,0.021471670108415074,41.0,5.684563758389261,15.0,0.9966555183946488,298.0,312,299,418,confirmatory_core__C_ML__efficiency__1025,0,C_ML,1025,298,416,0,0.1,47.0,7.831730769230769,25.0,0.9952153110047847,416.0,1.0823272459997497,3
1,surrogate,552,efficiency,confirmatory_core,0.9999985928375429,0.018864924782264453,30.0,6.386666666666667,22.0,1.0,300.0,309,300,422,confirmatory_core__C_ML__efficiency__1026,0,C_ML,1026,300,421,0,0.04000000000000001,62.0,8.273159144893112,26.0,0.9976303317535545,421.0,1.096798002000014,3
1,surrogate,560,efficiency,confirmatory_core,1.0,0.020479178642140897,41.0,6.162866449511401,18.0,1.0,307.0,313,307,408,confirmatory_core__C_ML__efficiency__1027,0,C_ML,1027,307,408,0,0.08000000000000002,57.0,8.21078431372549,26.0,1.0,408.0,1.0612948860002689,3
1,surrogate,576,efficiency,confirmatory_core,1.0,0.014586567164179123,36.0,6.31,17.0,1.0,300.0,313,300,402,confirmatory_core__C_ML__efficiency__1028,0,C_ML,1028,300,402,0,0.07999999999999999,47.0,7.768656716417911,25.0,1.0,402.0,1.0928272139999535,3
1,surrogate,557,efficiency,confirmatory_core,0.9999985657448229,0.027381419539692933,33.0,5.662337662337662,15.0,1.0,308.0,320,308,418,confirmatory_core__C_ML__efficiency__1029,0,C_ML,1029,308,417,0,0.09,96.0,8.400479616306955,24.0,0.9976076555023924,417.0,1.068386860999908,3
1,surrogate,545,efficiency,confirmatory_core,0.999996729995749,0.011201804757998354,39.0,6.554347826086956,19.0,0.9963898916967509,276.0,302,277,424,confirmatory_core__C_ML__efficiency__1030,0,C_ML,1030,276,424,0,0.06,59.0,7.6745283018867925,25.0,1.0,424.0,1.0939665060000152,3
1,surrogate,595,efpb,confirmatory_core,0.9999996524749626,0.004289519961088048,38.0,6.827118644067797,21.0,0.9966216216216216,295.0,322,296,454,confirmatory_core__C_ML__efpb__1001,0,C_ML,1001,295,453,0,0.020000000000000018,44.0,7.256070640176601,23.0,0.9977973568281938,453.0,40.07492272399986,3
1,surrogate,558,efpb,confirmatory_core,0.9999985962418656,0.003056455900258964,39.0,7.480286738351254,23.0,0.9928825622775801,279.0,308,281,420,confirmatory_core__C_ML__efpb__1002,0,C_ML,1002,279,418,0,0.009999999999999981,39.0,7.1746411483253585,24.0,0.9952380952380953,418.0,39.956059260000075,3
1,surrogate,565,efpb,confirmatory_core,1.0,0.0009464813322589277,33.0,6.77054794520548,21.0,1.0,292.0,298,292,408,confirmatory_core__C_ML__efpb__1003,0,C_ML,1003,292,408,0,0.03,47.0,6.865196078431373,24.0,1.0,408.0,37.62611013700007,3
1,surrogate,586,efpb,confirmatory_core,1.0,0.007959754308764208,38.0,6.5049504950495045,19.0,1.0,303.0,313,303,432,confirmatory_core__C_ML__efpb__1004,0,C_ML,1004,303,432,0,0.04000000000000001,41.0,7.300925925925926,23.0,1.0,432.0,41.55528350700024,3
1,surrogate,570,efpb,confirmatory_core,1.0,0.004566802041028842,49.0,6.810996563573883,21.0,1.0,291.0,310,291,396,confirmatory_core__C_ML__efpb__1005,0,C_ML,1005,291,396,0,0.010000000000000009,37.0,7.267676767676767,22.0,1.0,396.0,39.198191689000396,3
1,surrogate,559,efpb,confirmatory_core,0.9999898577035813,0.0020327379340754487,29.0,7.4504792332268375,21.0,0.9936507936507937,313.0,308,315,413,confirmatory_core__C_ML__efpb__1006,0,C_ML,1006,313,413,0,0.04000000000000001,42.0,7.653753026634383,25.0,1.0,413.0,39.68097295999996,3
1,surrogate,581,efpb,confirmatory_core,0.9999986191697897,0.0016708308065494226,38.0,7.216494845360825,23.0,1.0,291.0,305,291,426,confirmatory_core__C_ML__efpb__1007,0,C_ML,1007,291,425,0,0.020000000000000018,33.0,7.049411764705883,21.0,0.9976525821596244,425.0,40.18599181299987,3
1,surrogate,603,efpb,confirmatory_core,0.9999972679536426,0.00023349185889742774,35.0,7.927152317880795,25.0,0.9966996699669967,302.0,314,303,447,confirmatory_core__C_ML__efpb__1008,0,C_ML,1008,302,447,0,0.0,47.0,7.903803131991052,25.0,1.0,447.0,40.424467864000235,3
1,surrogate,534,efpb,confirmatory_core,0.99999841778661,0.002754663189354245,30.0,6.92604501607717,22.0,1.0,311.0,298,311,398,confirmatory_core__C_ML__efpb__1009,0,C_ML,1009,311,397,0,0.01999999999999999,37.0,7.2015113350125946,24.0,0.9974874371859297,397.0,41.10117596600003,3
1,surrogate,542,efpb,confirmatory_core,0.9999970978320804,0.0006514997374638953,32.0,7.706484641638225,22.0,0.9965986394557823,293.0,307,294,416,confirmatory_core__C_ML__efpb__1010,0,C_ML,1010,293,416,0,0.01999999999999999,48.0,7.771634615384615,24.0,1.0,416.0,36.94039415499992,3
1,surrogate,599,efpb,confirmatory_core,0.9999964265549846,0.006749947512072224,31.0,7.818181818181818,22.0,0.9962264150943396,264.0,306,265,433,confirmatory_core__C_ML__efpb__1011,0,C_ML,1011,264,433,0,0.0,41.0,7.143187066974596,22.0,1.0,433.0,39.39300926599981,3
1,surrogate,585,efpb,confirmatory_core,0.9999975662112237,0.0016911496350364846,37.0,7.18125,21.0,0.9968847352024922,320.0,311,321,411,confirmatory_core__C_ML__efpb__1012,0,C_ML,1012,320,411,0,0.020000000000000018,40.0,7.350364963503649,23.0,1.0,411.0,41.733365204000165,3
1,surrogate,602,efpb,confirmatory_core,0.9999497032491701,0.004276806526806523,34.0,7.775,24.0,0.9859154929577465,280.0,310,284,429,confirmatory_core__C_ML__efpb__1013,0,C_ML,1013,280,429,0,0.01999999999999999,43.0,7.347319347319347,22.0,1.0,429.0,39.0875144810002,3
1,surrogate,526,efpb,confirmatory_core,0.9999931471646393,0.0009792045225116078,26.0,6.076923076923077,18.0,1.0,286.0,290,286,383,confirmatory_core__C_ML__efpb__1014,0,C_ML,1014,286,381,0,0.020000000000000018,39.0,5.979002624671916,20.0,0.9947780678851175,381.0,41.578394306000064,3
1,surrogate,592,efpb,confirmatory_core,0.9999986757808259,0.001967135149318594,38.0,7.629893238434164,24.0,1.0,281.0,309,281,435,confirmatory_core__C_ML__efpb__1015,0,C_ML,1015,281,434,0,0.01999999999999999,49.0,7.433179723502304,22.0,0.9977011494252873,434.0,41.78799406799999,3
1,surrogate,597,efpb,confirmatory_core,1.0,0.0009722549779319911,40.0,7.526119402985074,25.0,1.0,268.0,301,268,443,confirmatory_core__C_ML__efpb__1016,0,C_ML,1016,268,443,0,0.03,47.0,7.428893905191874,22.0,1.0,443.0,37.09887558899982,3
1,surrogate,539,efpb,confirmatory_core,1.0,0.01336899272997289,27.0,6.158075601374571,20.0,1.0,291.0,298,291,398,confirmatory_core__C_ML__efpb__1017,0,C_ML,1017,291,398,0,0.03999999999999998,47.0,7.494974874371859,24.0,1.0,398.0,38.87508180099985,3
1,surrogate,591,efpb,confirmatory_core,0.9999755738781626,0.0028136234626300743,35.0,7.490066225165563,23.0,0.9901639344262295,302.0,305,305,420,confirmatory_core__C_ML__efpb__1018,0,C_ML,1018,302,420,0,0.01999999999999999,47.0,7.771428571428571,25.0,1.0,420.0,42.83448142500038,3
1,surrogate,575,efpb,confirmatory_core,1.0,0.00578645904788036,40.0,7.47972972972973,23.0,1.0,296.0,315,296,394,confirmatory_core__C_ML__efpb__1019,0,C_ML,1019,296,394,0,0.0,35.0,8.058375634517766,23.0,1.0,394.0,40.515175308999915,3
1,surrogate,560,efpb,confirmatory_core,0.9999958725353619,0.0004011106400312603,40.0,6.798679867986799,21.0,0.9934426229508196,303.0,303,305,398,confirmatory_core__C_ML__efpb__1020,0,C_ML,1020,303,397,0,0.04000000000000001,42.0,6.838790931989925,25.0,0.9974874371859297,397.0,42.726035196999874,3
1,surrogate,595,efpb,confirmatory_core,1.0,0.0021480144404332074,39.0,7.285198555956678,24.0,1.0,277.0,312,277,418,confirmatory_core__C_ML__efpb__1021,0,C_ML,1021,277,418,0,0.009999999999999981,40.0,7.5,23.0,1.0,418.0,37.89731648899988,3
1,surrogate,534,efpb,confirmatory_core,1.0,0.006211742226854264,39.0,6.363036303630363,21.0,1.0,303.0,303,303,380,confirmatory_core__C_ML__efpb__1022,0,C_ML,1022,303,380,0,0.020000000000000018,35.0,6.984210526315789,23.0,1.0,380.0,40.083865155999774,3
1,surrogate,575,efpb,confirmatory_core,0.9999970375812444,0.006186505305039794,29.0,7.124137931034483,23.0,0.9965635738831615,290.0,302,291,416,confirmatory_core__C_ML__efpb__1023,0,C_ML,1023,290,416,0,0.010000000000000009,46.0,7.742788461538462,22.0,1.0,416.0,40.909142214999974,3
1,surrogate,570,efpb,confirmatory_core,0.999998606096932,0.008945766917117237,38.0,7.1716171617161715,22.0,1.0,303.0,309,303,424,confirmatory_core__C_ML__efpb__1024,0,C_ML,1024,303,423,0,0.01999999999999999,50.0,8.066193853427896,24.0,0.9976415094339622,423.0,38.283333847999984,3
1,surrogate,599,efpb,confirmatory_core,0.9999994772097255,0.0055367514197212225,37.0,6.60738255033557,22.0,0.9966555183946488,298.0,306,299,418,confirmatory_core__C_ML__efpb__1025,0,C_ML,1025,298,416,0,0.0,38.0,7.1610576923076925,22.0,0.9952153110047847,416.0,41.577055224000105,3
1,surrogate,571,efpb,confirmatory_core,0.9999985928375429,0.002911163895486943,37.0,7.36,24.0,1.0,300.0,300,300,422,confirmatory_core__C_ML__efpb__1026,0,C_ML,1026,300,421,0,0.009999999999999981,34.0,7.068883610451306,23.0,0.9976303317535545,421.0,42.35291329799975,3
1,surrogate,579,efpb,confirmatory_core,1.0,0.004022801302931589,30.0,7.09771986970684,23.0,1.0,307.0,306,307,408,confirmatory_core__C_ML__efpb__1027,0,C_ML,1027,307,408,0,0.010000000000000009,40.0,7.5,22.0,1.0,408.0,39.05694989500034,3
1,surrogate,573,efpb,confirmatory_core,1.0,0.000549253731343291,36.0,6.96,22.0,1.0,300.0,306,300,402,confirmatory_core__C_ML__efpb__1028,0,C_ML,1028,300,402,0,0.010000000000000009,42.0,7.014925373134329,23.0,1.0,402.0,40.899717965000036,3
1,surrogate,564,efpb,confirmatory_core,0.9999985657448229,0.0050117568283035985,38.0,6.633116883116883,19.0,1.0,308.0,308,308,418,confirmatory_core__C_ML__efpb__1029,0,C_ML,1029,308,417,0,0.04999999999999999,49.0,7.134292565947242,24.0,0.9976076555023924,417.0,40.40112927099972,3
1,surrogate,566,efpb,confirmatory_core,0.999996729995749,0.0026732977850697365,39.0,7.184782608695652,23.0,0.9963898916967509,276.0,296,277,424,confirmatory_core__C_ML__efpb__1030,0,C_ML,1030,276,424,0,0.0,41.0,6.9174528301886795,23.0,1.0,424.0,38.17610522199993,3
1,surrogate,599,equal_bargaining,confirmatory_core,0.9999996524749626,0.0005994687020615813,27.0,7.366101694915254,22.0,0.9966216216216216,295.0,320,296,454,confirmatory_core__C_ML__equal_bargaining__1001,0,C_ML,1001,295,453,0,0.01999999999999999,39.0,7.4260485651214125,24.0,0.9977973568281938,453.0,30.894804902000033,3
1,surrogate,556,equal_bargaining,confirmatory_core,0.9999985962418656,0.002267067963163033,29.0,7.473118279569892,23.0,0.9928825622775801,279.0,311,281,420,confirmatory_core__C_ML__equal_bargaining__1002,0,C_ML,1002,279,418,0,0.009999999999999981,41.0,7.246411483253588,24.0,0.9952380952380953,418.0,30.603051761999723,3
1,surrogate,572,equal_bargaining,confirmatory_core,1.0,0.007778337362342194,28.0,7.304794520547945,23.0,1.0,292.0,300,292,408,confirmatory_core__C_ML__equal_bargaining__1003,0,C_ML,1003,292,408,0,0.0,42.0,6.526960784313726,23.0,1.0,408.0,29.733354944999974,3
1,surrogate,587,equal_bargaining,confirmatory_core,1.0,0.004615878254492112,29.0,6.973597359735973,22.0,1.0,303.0,312,303,432,confirmatory_core__C_ML__equal_bargaining__1004,0,C_ML,1004,303,432,0,0.010000000000000009,38.0,7.435185185185185,23.0,1.0,432.0,30.394854398999996,3
1,surrogate,571,equal_bargaining,confirmatory_core,1.0,0.0024989586587524787,25.0,7.171821305841925,22.0,1.0,291.0,309,291,396,confirmatory_core__C_ML__equal_bargaining__1005,0,C_ML,1005,291,396,0,0.010000000000000009,40.0,7.421717171717172,23.0,1.0,396.0,29.302745780999885,3
1,surrogate,560,equal_bargaining,confirmatory_core,0.9999898577035813,0.0007357525779575907,27.0,7.833865814696486,24.0,0.9936507936507937,313.0,307,315,413,confirmatory_core__C_ML__equal_bargaining__1006,0,C_ML,1006,313,413,0,0.0,38.0,7.760290556900727,24.0,1.0,413.0,31.149334099000043,3
1,surrogate,586,equal_bargaining,confirmatory_core,0.9999986191697897,0.0008207802708712353,27.0,7.120274914089347,23.0,1.0,291.0,305,291,426,confirmatory_core__C_ML__equal_bargaining__1007,0,C_ML,1007,291,425,0,0.020000000000000018,33.0,7.20235294117647,21.0,0.9976525821596244,425.0,30.80806966199998,3
1,surrogate,598,equal_bargaining,confirmatory_core,0.9999972679536426,0.0064262856126938855,28.0,8.374172185430464,24.0,0.9966996699669967,302.0,310,303,447,confirmatory_core__C_ML__equal_bargaining__1008,0,C_ML,1008,302,447,0,0.0,36.0,7.731543624161074,24.0,1.0,447.0,32.13996644500003,3
1,surrogate,557,equal_bargaining,confirmatory_core,0.99999841778661,0.0032886520284772375,29.0,7.704180064308682,24.0,1.0,311.0,300,311,398,confirmatory_core__C_ML__equal_bargaining__1009,0,C_ML,1009,311,397,0,0.009999999999999981,31.0,7.375314861460957,23.0,0.9974874371859297,397.0,28.9998021790002,3
1,surrogate,560,equal_bargaining,confirmatory_core,0.9999970978320804,0.013586161065896565,29.0,8.928327645051194,23.0,0.9965986394557823,293.0,306,294,416,confirmatory_core__C_ML__equal_bargaining__1010,0,C_ML,1010,293,416,0,0.009999999999999981,36.0,7.569711538461538,24.0,1.0,416.0,29.904780332000428,3
1,surrogate,584,equal_bargaining,confirmatory_core,0.9999964265549846,0.006734113653859619,28.0,7.678030303030303,23.0,0.9962264150943396,264.0,306,265,433,confirmatory_core__C_ML__equal_bargaining__1011,0,C_ML,1011,264,433,0,0.020000000000000018,34.0,7.0046189376443415,21.0,1.0,433.0,30.572338076999586,3
1,surrogate,586,equal_bargaining,confirmatory_core,0.9999975662112237,0.008603938564476887,33.0,6.784375,21.0,0.9968847352024922,320.0,315,321,411,confirmatory_core__C_ML__equal_bargaining__1012,0,C_ML,1012,320,411,0,0.020000000000000018,40.0,7.644768856447689,23.0,1.0,411.0,30.626671465000072,3
1,surrogate,588,equal_bargaining,confirmatory_core,1.0,0.0035134935487048102,28.0,7.257042253521127,22.0,1.0,284.0,310,284,429,confirmatory_core__C_ML__equal_bargaining__1013,0,C_ML,1013,284,429,0,0.010000000000000009,37.0,7.608391608391608,23.0,1.0,429.0,30.932436922000306,3
1,surrogate,526,equal_bargaining,confirmatory_core,0.999950409124721,0.00496213173342222,26.0,6.673758865248227,23.0,0.986013986013986,282.0,292,286,383,confirmatory_core__C_ML__equal_bargaining__1014,0,C_ML,1014,282,383,0,0.03,39.0,6.177545691906006,20.0,1.0,383.0,28.90848684599996,3
1,surrogate,588,equal_bargaining,confirmatory_core,0.9999986757808259,0.00858832018629975,26.0,7.9786476868327405,23.0,1.0,281.0,308,281,435,confirmatory_core__C_ML__equal_bargaining__1015,0,C_ML,1015,281,434,0,0.010000000000000009,40.0,7.119815668202765,22.0,0.9977011494252873,434.0,30.033908755000084,3
1,surrogate,588,equal_bargaining,confirmatory_core,1.0,0.006636063474950313,28.0,8.097014925373134,24.0,1.0,268.0,300,268,443,confirmatory_core__C_ML__equal_bargaining__1016,0,C_ML,1016,268,443,0,0.01999999999999999,41.0,7.433408577878104,22.0,1.0,443.0,29.691388576999998,3
1,surrogate,548,equal_bargaining,confirmatory_core,1.0,0.0052724101607695,27.0,6.74914089347079,21.0,1.0,291.0,299,291,398,confirmatory_core__C_ML__equal_bargaining__1017,0,C_ML,1017,291,398,0,0.03,29.0,7.276381909547739,24.0,1.0,398.0,28.236612896000224,3
1,surrogate,580,equal_bargaining,confirmatory_core,0.9999755738781626,0.0009763481551561121,26.0,7.788079470198675,23.0,0.9901639344262295,302.0,306,305,420,confirmatory_core__C_ML__equal_bargaining__1018,0,C_ML,1018,302,420,0,0.009999999999999981,38.0,7.885714285714286,24.0,1.0,420.0,32.42087966100007,3
1,surrogate,573,equal_bargaining,confirmatory_core,1.0,0.003870215393058027,40.0,7.77027027027027,23.0,1.0,296.0,312,296,394,confirmatory_core__C_ML__equal_bargaining__1019,0,C_ML,1019,296,394,0,0.020000000000000018,27.0,7.383248730964467,21.0,1.0,394.0,31.869043620999946,3
1,surrogate,560,equal_bargaining,confirmatory_core,0.9999958725353619,0.004003707675553456,28.0,6.468646864686469,21.0,0.9934426229508196,303.0,303,305,398,confirmatory_core__C_ML__equal_bargaining__1020,0,C_ML,1020,303,397,0,0.03,42.0,6.869017632241814,24.0,0.9974874371859297,397.0,29.084347729,3
1,surrogate,584,equal_bargaining,confirmatory_core,1.0,0.0001868101497590341,26.0,7.5234657039711195,24.0,1.0,277.0,313,277,418,confirmatory_core__C_ML__equal_bargaining__1021,0,C_ML,1021,277,418,0,0.01999999999999999,34.0,7.5047846889952154,22.0,1.0,418.0,30.61096604400018,3
1,surrogate,531,equal_bargaining,confirmatory_core,1.0,0.0026828209136703224,29.0,6.442244224422442,20.0,1.0,303.0,300,303,380,confirmatory_core__C_ML__equal_bargaining__1022,0,C_ML,1022,303,380,0,0.03,35.0,6.7105263157894735,23.0,1.0,380.0,29.8271506039996,3
1,surrogate,571,equal_bargaining,confirmatory_core,0.9999970375812444,0.003816976127320959,26.0,7.541379310344827,23.0,0.9965635738831615,290.0,302,291,416,confirmatory_core__C_ML__equal_bargaining__1023,0,C_ML,1023,290,416,0,0.0,39.0,7.923076923076923,23.0,1.0,416.0,31.306787273999817,3
1,surrogate,576,equal_bargaining,confirmatory_core,0.999998606096932,0.006925777684151396,38.0,7.633663366336633,22.0,1.0,303.0,313,303,424,confirmatory_core__C_ML__equal_bargaining__1024,0,C_ML,1024,303,423,0,0.01999999999999999,39.0,8.326241134751774,24.0,0.9976415094339622,423.0,30.45006054700025,3
1,surrogate,604,equal_bargaining,confirmatory_core,0.9999870297940043,0.005686344038360797,32.0,8.060200668896321,24.0,1.0,299.0,307,299,418,confirmatory_core__C_ML__equal_bargaining__1025,0,C_ML,1025,299,415,0,0.01999999999999999,37.0,7.491566265060241,22.0,0.992822966507177,415.0,31.36466986000005,3
1,surrogate,568,equal_bargaining,confirmatory_core,0.9999985928375429,0.01033990498812351,28.0,8.11,24.0,1.0,300.0,299,300,422,confirmatory_core__C_ML__equal_bargaining__1026,0,C_ML,1026,300,421,0,0.01999999999999999,38.0,7.076009501187649,22.0,0.9976303317535545,421.0,30.88941669099995,3
1,surrogate,595,equal_bargaining,confirmatory_core,1.0,0.0004383821932681803,30.0,7.335504885993485,23.0,1.0,307.0,305,307,408,confirmatory_core__C_ML__equal_bargaining__1027,0,C_ML,1027,307,408,0,0.010000000000000009,31.0,7.291666666666667,22.0,1.0,408.0,30.182708546999947,3
1,surrogate,574,equal_bargaining,confirmatory_core,1.0,0.004245273631840796,28.0,7.33,22.0,1.0,300.0,305,300,402,confirmatory_core__C_ML__equal_bargaining__1028,0,C_ML,1028,300,402,0,0.010000000000000009,38.0,6.9054726368159205,23.0,1.0,402.0,29.728427723000095,3
1,surrogate,582,equal_bargaining,confirmatory_core,0.9999985657448229,0.0026646734560403645,33.0,7.402597402597403,22.0,1.0,308.0,311,308,418,confirmatory_core__C_ML__equal_bargaining__1029,0,C_ML,1029,308,417,0,0.010000000000000009,35.0,7.669064748201439,23.0,0.9976076555023924,417.0,30.586167092000323,3
1,surrogate,564,equal_bargaining,confirmatory_core,0.999996729995749,0.0010384194695105264,30.0,7.202898550724638,23.0,0.9963898916967509,276.0,299,277,424,confirmatory_core__C_ML__equal_bargaining__1030,0,C_ML,1030,276,424,0,0.0,41.0,7.099056603773585,23.0,1.0,424.0,29.300595462000274,3
1,surrogate,280,fixed_time,confirmatory_core,0.9999925321231306,0.09640112994350283,73.0,31.406779661016948,66.0,0.9966216216216216,295.0,140,296,454,confirmatory_core__C_ML__fixed_time__1001,0,C_ML,1001,295,450,0,0.10999999999999999,59.0,21.766666666666666,55.0,0.9911894273127754,450.0,1.1225805580002088,3
1,surrogate,280,fixed_time,confirmatory_core,0.9999486158391676,0.12566537734227262,73.0,31.32129963898917,68.0,0.9857651245551602,277.0,140,281,420,confirmatory_core__C_ML__fixed_time__1002,0,C_ML,1002,277,420,0,0.15000000000000002,58.0,18.754761904761907,53.0,1.0,420.0,1.1001371629999994,3
1,surrogate,280,fixed_time,confirmatory_core,0.9999678566029016,0.08965704340704336,73.0,28.958333333333332,67.0,0.9863013698630136,288.0,140,292,408,confirmatory_core__C_ML__fixed_time__1003,0,C_ML,1003,288,407,0,0.13,59.0,19.992628992628994,54.0,0.9975490196078431,407.0,1.0988172150000537,3
1,surrogate,280,fixed_time,confirmatory_core,0.9999990177608483,0.13679401993355483,73.0,31.9468438538206,70.0,0.9933993399339934,301.0,140,303,432,confirmatory_core__C_ML__fixed_time__1004,0,C_ML,1004,301,430,0,0.16999999999999993,59.0,18.267441860465116,53.0,0.9953703703703703,430.0,1.1167552500000966,3
1,surrogate,280,fixed_time,confirmatory_core,0.9999970375812444,0.1486128526645768,73.0,32.793103448275865,70.0,0.9965635738831615,290.0,140,291,396,confirmatory_core__C_ML__fixed_time__1005,0,C_ML,1005,290,396,0,0.17999999999999994,59.0,17.931818181818183,52.0,1.0,396.0,1.0882255609999447,3
1,surrogate,280,fixed_time,confirmatory_core,0.9999731921905978,0.12480285955108797,73.0,31.29581993569132,69.0,0.9873015873015873,311.0,140,315,413,confirmatory_core__C_ML__fixed_time__1006,0,C_ML,1006,311,412,0,0.16999999999999993,59.0,18.815533980582526,52.0,0.9975786924939467,412.0,1.1734999209998023,3
1,surrogate,280,fixed_time,confirmatory_core,0.9999839499508385,0.13492843137254906,73.0,31.791666666666668,69.0,0.9896907216494846,288.0,140,291,426,confirmatory_core__C_ML__fixed_time__1007,0,C_ML,1007,288,425,0,0.17999999999999994,59.0,18.298823529411763,51.0,0.9976525821596244,425.0,1.1431639359998371,3
1,surrogate,280,fixed_time,confirmatory_core,0.9999307912497994,0.12436241610738252,73.0,32.51006711409396,69.0,0.9834983498349835,298.0,140,303,447,confirmatory_core__C_ML__fixed_time__1008,0,C_ML,1008,298,447,0,0.1499999999999999,59.0,20.073825503355703,54.0,1.0,447.0,1.1519000669995876,3
1,surrogate,280,fixed_time,confirmatory_core,0.9999895942810169,0.14943577108845196,73.0,32.96116504854369,69.0,0.9935691318327974,309.0,140,311,398,confirmatory_core__C_ML__fixed_time__1009,0,C_ML,1009,309,398,0,0.16999999999999993,59.0,18.017587939698494,52.0,1.0,398.0,1.0785511550002411,3
1,surrogate,280,fixed_time,confirmatory_core,0.9999997497909151,0.1534245651548172,73.0,34.56655290102389,70.0,0.9965986394557823,293.0,140,294,416,confirmatory_core__C_ML__fixed_time__1010,0,C_ML,1010,293,415,0,0.17999999999999994,59.0,19.22409638554217,52.0,0.9975961538461539,415.0,1.087288470999738,3
1,surrogate,280,fixed_time,confirmatory_core,0.99998859039929,0.12777182479941912,72.0,32.06488549618321,68.0,0.9886792452830189,262.0,140,265,433,confirmatory_core__C_ML__fixed_time__1011,0,C_ML,1011,262,431,0,0.16000000000000003,59.0,19.2877030162413,52.0,0.9953810623556582,431.0,1.0519072460001553,3
1,surrogate,280,fixed_time,confirmatory_core,0.999951070986541,0.12713183529320446,73.0,31.815873015873017,71.0,0.9813084112149533,315.0,140,321,411,confirmatory_core__C_ML__fixed_time__1012,0,C_ML,1012,315,409,0,0.17999999999999994,59.0,19.102689486552567,53.0,0.9951338199513382,409.0,1.0528440840002986,3
1,surrogate,280,fixed_time,confirmatory_core,0.9999095792238489,0.10035332481678214,73.0,29.64748201438849,68.0,0.9788732394366197,278.0,140,284,429,confirmatory_core__C_ML__fixed_time__1013,0,C_ML,1013,278,428,0,0.16000000000000003,58.0,19.61214953271028,52.0,0.9976689976689976,428.0,1.1048787629997605,3
1,surrogate,280,fixed_time,confirmatory_core,0.9999362737413592,0.1381992875890514,73.0,31.964285714285715,70.0,0.9790209790209791,280.0,140,286,383,confirmatory_core__C_ML__fixed_time__1014,0,C_ML,1014,280,381,0,0.17999999999999994,59.0,18.144356955380577,52.0,0.9947780678851175,381.0,1.0898676689998865,3
1,surrogate,280,fixed_time,confirmatory_core,0.9999968225926373,0.16048973727422006,73.0,34.65357142857143,69.0,0.99644128113879,280.0,140,281,435,confirmatory_core__C_ML__fixed_time__1015,0,C_ML,1015,280,435,0,0.17999999999999994,59.0,18.604597701149427,51.0,1.0,435.0,1.1582048020000002,3
1,surrogate,280,fixed_time,confirmatory_core,0.9999886693830465,0.1145721986907971,73.0,30.049056603773586,68.0,0.9888059701492538,265.0,140,268,443,confirmatory_core__C_ML__fixed_time__1016,0,C_ML,1016,265,441,0,0.17000000000000004,59.0,18.591836734693878,51.0,0.9954853273137697,441.0,1.071672844999739,3
1,surrogate,280,fixed_time,confirmatory_core,0.9999881095349639,0.16654127036566918,73.0,33.94809688581315,69.0,0.993127147766323,289.0,140,291,398,confirmatory_core__C_ML__fixed_time__1017,0,C_ML,1017,289,398,0,0.16999999999999993,58.0,17.29396984924623,52.0,1.0,398.0,1.0960064770001736,3
1,surrogate,280,fixed_time,confirmatory_core,0.9998915005393484,0.12398079479745638,73.0,30.7751677852349,67.0,0.9770491803278688,298.0,140,305,420,confirmatory_core__C_ML__fixed_time__1018,0,C_ML,1018,298,419,0,0.15000000000000002,59.0,18.37708830548926,52.0,0.9976190476190476,419.0,1.0564968869998665,3
1,surrogate,280,fixed_time,confirmatory_core,0.9999885091811642,0.16804965641078767,73.0,35.91156462585034,70.0,0.9932432432432432,294.0,140,296,394,confirmatory_core__C_ML__fixed_time__1019,0,C_ML,1019,294,394,0,0.15999999999999992,59.0,19.106598984771573,54.0,1.0,394.0,1.0488537749997704,3
1,surrogate,280,fixed_time,confirmatory_core,0.9999621678132227,0.1608799796790991,73.0,33.247491638795985,68.0,0.980327868852459,299.0,140,305,398,confirmatory_core__C_ML__fixed_time__1020,0,C_ML,1020,299,395,0,0.15000000000000002,59.0,17.159493670886075,53.0,0.992462311557789,395.0,1.0913762300001508,3
1,surrogate,280,fixed_time,confirmatory_core,0.999996729995749,0.14201546356008599,73.0,31.31159420289855,69.0,0.9963898916967509,276.0,140,277,418,confirmatory_core__C_ML__fixed_time__1021,0,C_ML,1021,276,418,0,0.18999999999999995,59.0,17.11004784688995,50.0,1.0,418.0,1.042886580999948,3
1,surrogate,280,fixed_time,confirmatory_core,0.9999890352079523,0.13970888150609082,73.0,31.93355481727575,70.0,0.9933993399339934,301.0,140,303,380,confirmatory_core__C_ML__fixed_time__1022,0,C_ML,1022,301,375,0,0.19999999999999996,59.0,17.962666666666667,50.0,0.9868421052631579,375.0,1.0853401379999923,3
1,surrogate,280,fixed_time,confirmatory_core,0.9999997318811255,0.1455463232239302,73.0,32.641379310344824,71.0,0.9965635738831615,290.0,140,291,416,confirmatory_core__C_ML__fixed_time__1023,0,C_ML,1023,290,415,0,0.17999999999999994,59.0,18.086746987951805,53.0,0.9975961538461539,415.0,1.0894008189998203,3
1,surrogate,280,fixed_time,confirmatory_core,0.9999931822612662,0.13410126382306478,73.0,31.836666666666666,68.0,0.9900990099009901,300.0,140,303,424,confirmatory_core__C_ML__fixed_time__1024,0,C_ML,1024,300,422,0,0.15000000000000002,59.0,18.42654028436019,53.0,0.9952830188679245,422.0,1.0414972869998564,3
1,surrogate,280,fixed_time,confirmatory_core,0.9999107712521764,0.15506882244467857,73.0,33.61986301369863,70.0,0.9765886287625418,292.0,140,299,418,confirmatory_core__C_ML__fixed_time__1025,0,C_ML,1025,292,416,0,0.16999999999999993,59.0,18.11298076923077,53.0,0.9952153110047847,416.0,1.1026866840002185,3
1,surrogate,280,fixed_time,confirmatory_core,0.9999985928375429,0.1342425178147268,73.0,32.41,70.0,1.0,300.0,140,300,422,confirmatory_core__C_ML__fixed_time__1026,0,C_ML,1026,300,421,0,0.15999999999999992,59.0,18.985748218527316,54.0,0.9976303317535545,421.0,1.0750026669998078,3
1,surrogate,280,fixed_time,confirmatory_core,0.999932597477528,0.12161082976236859,73.0,31.072847682119207,69.0,0.9837133550488599,302.0,140,307,408,confirmatory_core__C_ML__fixed_time__1027,0,C_ML,1027,302,408,0,0.15999999999999992,59.0,18.91176470588235,53.0,1.0,408.0,1.052716839000368,3
1,surrogate,280,fixed_time,confirmatory_core,0.9999888145679066,0.16170122541654147,73.0,34.869127516778526,69.0,0.9933333333333333,298.0,140,300,402,confirmatory_core__C_ML__fixed_time__1028,0,C_ML,1028,298,402,0,0.1399999999999999,59.0,18.699004975124378,55.0,1.0,402.0,1.0755132360000061,3
1,surrogate,280,fixed_time,confirmatory_core,0.9999957575211196,0.14987421827244088,73.0,32.89869281045752,69.0,0.9935064935064936,306.0,140,308,418,confirmatory_core__C_ML__fixed_time__1029,0,C_ML,1029,306,417,0,0.15999999999999992,59.0,17.91127098321343,53.0,0.9976076555023924,417.0,1.147992855999746,3
1,surrogate,280,fixed_time,confirmatory_core,0.9999996911416932,0.1433559997252559,73.0,32.70289855072464,71.0,0.9963898916967509,276.0,140,277,424,confirmatory_core__C_ML__fixed_time__1030,0,C_ML,1030,276,422,0,0.16999999999999993,59.0,18.36729857819905,54.0,0.9952830188679245,422.0,1.0790584759997728,3
1,surrogate,694,efficiency,confirmatory_core,0.9999997420660818,0.023925529788084765,64.0,10.859016393442623,27.0,1.0,305.0,335,305,985,confirmatory_core__C_MM__efficiency__1001,0,C_MM,1001,305,984,0,0.030000000000000027,50.0,8.466463414634147,24.0,0.9989847715736041,984.0,1.0872720860002119,3
1,surrogate,714,efficiency,confirmatory_core,0.9999935255598477,0.012469937954829896,56.0,10.444043321299638,29.0,0.992831541218638,277.0,329,279,951,confirmatory_core__C_MM__efficiency__1002,0,C_MM,1002,277,949,0,0.02999999999999997,49.0,9.197049525816649,26.0,0.9978969505783386,949.0,1.1286494129999483,3
1,surrogate,709,efficiency,confirmatory_core,0.9999988337879617,0.008477433835219289,70.0,9.813148788927336,29.0,1.0,289.0,333,289,927,confirmatory_core__C_MM__efficiency__1003,0,C_MM,1003,289,925,0,0.02999999999999997,47.0,8.965405405405406,26.0,0.9978425026968716,925.0,1.0605404819998512,3
1,surrogate,693,efficiency,confirmatory_core,0.9999999920344637,0.01969631843469112,53.0,10.938144329896907,30.0,0.9965753424657534,291.0,332,292,924,confirmatory_core__C_MM__efficiency__1004,0,C_MM,1004,291,921,0,0.03999999999999998,49.0,8.968512486427796,26.0,0.9967532467532467,921.0,1.1615438720000384,3
1,surrogate,699,efficiency,confirmatory_core,0.9999951161680478,0.013708320998212786,54.0,10.356435643564357,29.0,1.0,303.0,335,303,907,confirmatory_core__C_MM__efficiency__1005,0,C_MM,1005,303,903,0,0.02999999999999997,48.0,8.985603543743078,26.0,0.9955898566703418,903.0,1.0731819869997707,3
1,surrogate,708,efficiency,confirmatory_core,0.9999852609724533,0.02237699177970026,50.0,11.544554455445544,31.0,0.9901960784313726,303.0,334,306,921,confirmatory_core__C_MM__efficiency__1006,0,C_MM,1006,303,919,0,0.03999999999999998,62.0,9.306855277475517,27.0,0.997828447339848,919.0,1.0599838150001233,3
1,surrogate,698,efficiency,confirmatory_core,0.9999871534647106,0.018891529870026638,66.0,11.122302158273381,34.0,0.9928571428571429,278.0,328,280,905,confirmatory_core__C_MM__efficiency__1007,0,C_MM,1007,278,905,0,0.08000000000000002,47.0,9.233149171270718,26.0,1.0,905.0,1.0952957399999832,3
1,surrogate,704,efficiency,confirmatory_core,1.0,0.011529774239882482,42.0,10.17607973421927,26.0,1.0,301.0,332,301,909,confirmatory_core__C_MM__efficiency__1008,0,C_MM,1008,301,909,0,0.0,50.0,9.023102310231023,26.0,1.0,909.0,1.1184201529999882,3
1,surrogate,705,efficiency,confirmatory_core,0.9999996708086483,0.0265296154425171,40.0,11.223642172523961,30.0,0.9936507936507937,313.0,333,315,960,confirmatory_core__C_MM__efficiency__1009,0,C_MM,1009,313,955,0,0.04999999999999999,51.0,8.570680628272251,25.0,0.9947916666666666,955.0,1.060260750999987,3
1,surrogate,729,efficiency,confirmatory_core,0.9999997179674478,0.03376795732256277,64.0,12.172757475083056,33.0,1.0,301.0,330,301,942,confirmatory_core__C_MM__efficiency__1010,0,C_MM,1010,301,941,0,0.08000000000000002,45.0,8.79596174282678,25.0,0.9989384288747346,941.0,1.0655542879999302,3
1,surrogate,695,efficiency,confirmatory_core,0.9999987817313303,0.022784274267315496,49.0,11.02317880794702,29.0,1.0,302.0,332,302,907,confirmatory_core__C_MM__efficiency__1011,0,C_MM,1011,302,905,0,0.03999999999999998,49.0,8.744751381215469,25.0,0.9977949283351709,905.0,1.1042286900001272,3
1,surrogate,733,efficiency,confirmatory_core,0.9999999711443301,0.016527464384297613,56.0,10.83859649122807,31.0,0.9965034965034965,285.0,334,286,950,confirmatory_core__C_MM__efficiency__1012,0,C_MM,1012,285,947,0,0.04999999999999999,50.0,9.18585005279831,26.0,0.9968421052631579,947.0,1.1805723410002429,3
1,surrogate,690,efficiency,confirmatory_core,0.9999949840304068,0.015097154035701513,68.0,10.548821548821548,28.0,0.9933110367892977,297.0,332,299,897,confirmatory_core__C_MM__efficiency__1013,0,C_MM,1013,297,895,0,0.030000000000000027,43.0,9.039106145251397,25.0,0.9977703455964325,895.0,1.119778387000224,3
1,surrogate,687,efficiency,confirmatory_core,0.9999986798095469,0.01921439988375473,60.0,10.712837837837839,30.0,0.9966329966329966,296.0,326,297,931,confirmatory_core__C_MM__efficiency__1014,0,C_MM,1014,296,930,0,0.04999999999999999,50.0,8.791397849462365,25.0,0.9989258861439313,930.0,1.0833882500000982,3
1,surrogate,731,efficiency,confirmatory_core,0.9999998634401732,0.02223958333333334,78.0,11.390625,29.0,0.9961089494163424,256.0,332,257,951,confirmatory_core__C_MM__efficiency__1015,0,C_MM,1015,256,948,0,0.02999999999999997,47.0,9.166666666666666,26.0,0.9968454258675079,948.0,1.1006298580000475,3
1,surrogate,729,efficiency,confirmatory_core,1.0,0.029961808331112894,54.0,12.212230215827338,32.0,1.0,278.0,332,278,972,confirmatory_core__C_MM__efficiency__1016,0,C_MM,1016,278,972,0,0.07,72.0,9.216049382716049,25.0,1.0,972.0,1.0975746030003393,3
1,surrogate,709,efficiency,confirmatory_core,0.9999997131127554,0.026163764686849084,42.0,11.19622641509434,30.0,1.0,265.0,329,265,934,confirmatory_core__C_MM__efficiency__1017,0,C_MM,1017,265,933,0,0.03999999999999998,44.0,8.579849946409432,26.0,0.9989293361884368,933.0,1.0859579800003303,3
1,surrogate,735,efficiency,confirmatory_core,0.9999956809800788,0.03579458450046685,58.0,12.058823529411764,34.0,0.9927007299270073,272.0,329,274,948,confirmatory_core__C_MM__efficiency__1018,0,C_MM,1018,272,945,0,0.09000000000000002,40.0,8.47936507936508,25.0,0.9968354430379747,945.0,1.0724263440001778,3
1,surrogate,695,efficiency,confirmatory_core,0.9999925755438412,0.014589965226030802,39.0,10.81090909090909,27.0,1.0,275.0,330,275,920,confirmatory_core__C_MM__efficiency__1019,0,C_MM,1019,275,915,0,0.010000000000000009,49.0,9.35191256830601,26.0,0.9945652173913043,915.0,1.0875446539998848,3
1,surrogate,700,efficiency,confirmatory_core,0.9999997124971177,0.020094249497383546,41.0,10.92358803986711,32.0,1.0,301.0,334,301,933,confirmatory_core__C_MM__efficiency__1020,0,C_MM,1020,301,932,0,0.06,70.0,8.914163090128755,26.0,0.9989281886387996,932.0,1.082226843999706,3
1,surrogate,713,efficiency,confirmatory_core,0.9999987589832946,0.02659823102367563,57.0,11.647840531561462,35.0,0.9966887417218543,301.0,336,302,919,confirmatory_core__C_MM__efficiency__1021,0,C_MM,1021,301,918,0,0.09999999999999998,59.0,8.9880174291939,25.0,0.998911860718172,918.0,1.0569300049996855,3
1,surrogate,707,efficiency,confirmatory_core,1.0,0.017709554831704666,50.0,10.716666666666667,31.0,1.0,300.0,332,300,921,confirmatory_core__C_MM__efficiency__1022,0,C_MM,1022,300,921,0,0.04999999999999999,44.0,8.9457111834962,26.0,1.0,921.0,1.0870055970003705,3
1,surrogate,713,efficiency,confirmatory_core,1.0,0.03138894841573549,53.0,11.892086330935252,34.0,1.0,278.0,329,278,940,confirmatory_core__C_MM__efficiency__1023,0,C_MM,1023,278,940,0,0.08000000000000002,48.0,8.753191489361702,26.0,1.0,940.0,1.0786465080000198,3
1,surrogate,715,efficiency,confirmatory_core,0.9999951598745005,0.031224916451178766,68.0,12.130597014925373,34.0,0.9925925925925926,268.0,326,270,990,confirmatory_core__C_MM__efficiency__1024,0,C_MM,1024,268,987,0,0.09000000000000002,49.0,9.008105369807497,25.0,0.996969696969697,987.0,1.070035598999766,3
1,surrogate,694,efficiency,confirmatory_core,0.9999988447217736,0.010596314249530545,50.0,9.872549019607844,25.0,0.996742671009772,306.0,332,307,899,confirmatory_core__C_MM__efficiency__1025,0,C_MM,1025,306,898,0,0.0,50.0,8.812917594654788,25.0,0.9988876529477196,898.0,1.075498515000163,3
1,surrogate,691,efficiency,confirmatory_core,0.9999989887794151,0.005051249387555107,59.0,9.944615384615384,27.0,0.9969325153374233,325.0,332,326,943,confirmatory_core__C_MM__efficiency__1026,0,C_MM,1026,325,942,0,0.010000000000000009,51.0,9.439490445859873,26.0,0.9989395546129375,942.0,1.0612312550001661,3
1,surrogate,702,efficiency,confirmatory_core,0.9999996782672762,0.01442642419444097,43.0,9.814946619217082,31.0,1.0,281.0,330,281,882,confirmatory_core__C_MM__efficiency__1027,0,C_MM,1027,281,881,0,0.07,57.0,8.372304199772985,24.0,0.9988662131519275,881.0,1.0894389449999835,3
1,surrogate,703,efficiency,confirmatory_core,0.9999827617291437,0.0154454326747831,66.0,10.714733542319749,26.0,0.9906832298136646,319.0,335,322,947,confirmatory_core__C_MM__efficiency__1028,0,C_MM,1028,319,946,0,0.0,48.0,9.170190274841438,26.0,0.9989440337909187,946.0,1.1236066060000667,3
1,surrogate,700,efficiency,confirmatory_core,0.9999926159151747,0.014219379727267695,68.0,10.62214983713355,27.0,0.9935275080906149,307.0,334,309,945,confirmatory_core__C_MM__efficiency__1029,0,C_MM,1029,307,944,0,0.010000000000000009,56.0,9.20021186440678,26.0,0.9989417989417989,944.0,1.0887540230000923,3
1,surrogate,727,efficiency,confirmatory_core,0.9999813941392182,0.03679701240009797,99.0,12.229390681003585,34.0,0.9893617021276596,279.0,329,282,968,confirmatory_core__C_MM__efficiency__1030,0,C_MM,1030,279,966,0,0.10000000000000003,49.0,8.549689440993788,24.0,0.9979338842975206,966.0,1.0495344290002322,3
1,surrogate,719,efpb,confirmatory_core,0.9999999863411247,0.04282948333154679,52.0,12.94078947368421,32.0,0.9967213114754099,304.0,331,305,985,confirmatory_core__C_MM__efpb__1001,0,C_MM,1001,304,982,0,0.08000000000000002,41.0,8.657841140529532,24.0,0.9969543147208122,982.0,45.567379032999725,3
1,surrogate,732,efpb,confirmatory_core,0.9999905685001628,0.04048687060611819,54.0,12.884476534296029,32.0,0.992831541218638,277.0,330,279,951,confirmatory_core__C_MM__efpb__1002,0,C_MM,1002,277,950,0,0.07,41.0,8.83578947368421,25.0,0.9989484752891693,950.0,42.83069121900007,3
1,surrogate,734,efpb,confirmatory_core,0.9999997087613329,0.028807573594804445,54.0,11.484429065743944,37.0,1.0,289.0,327,289,927,confirmatory_core__C_MM__efpb__1003,0,C_MM,1003,289,926,0,0.13,43.0,8.6036717062635,24.0,0.9989212513484358,926.0,40.97576953399994,3
1,surrogate,719,efpb,confirmatory_core,0.9999952946047939,0.04040708755211435,45.0,12.51027397260274,33.0,1.0,292.0,328,292,924,confirmatory_core__C_MM__efpb__1004,0,C_MM,1004,292,920,0,0.08000000000000002,43.0,8.469565217391304,25.0,0.9956709956709957,920.0,43.64155240299988,3
1,surrogate,738,efpb,confirmatory_core,0.9999951161680478,0.03688102365053782,42.0,11.94059405940594,33.0,1.0,303.0,329,303,907,confirmatory_core__C_MM__efpb__1005,0,C_MM,1005,303,903,0,0.09000000000000002,41.0,8.252491694352159,24.0,0.9955898566703418,903.0,43.81615035300001,3
1,surrogate,722,efpb,confirmatory_core,0.9999852609724533,0.043348596013028956,53.0,12.973597359735974,35.0,0.9901960784313726,303.0,329,306,921,confirmatory_core__C_MM__efpb__1006,0,C_MM,1006,303,919,0,0.08999999999999997,42.0,8.638737758433079,26.0,0.997828447339848,919.0,42.68688024400035,3
1,surrogate,726,efpb,confirmatory_core,0.999999694421543,0.02685651074589128,48.0,11.528571428571428,33.0,1.0,280.0,324,280,905,confirmatory_core__C_MM__efpb__1007,0,C_MM,1007,280,904,0,0.08000000000000002,41.0,8.8429203539823,25.0,0.9988950276243094,904.0,42.29440533500019,3
1,surrogate,741,efpb,confirmatory_core,1.0,0.039822483909520534,44.0,12.81063122923588,32.0,1.0,301.0,327,301,909,confirmatory_core__C_MM__efpb__1008,0,C_MM,1008,301,909,0,0.07,38.0,8.828382838283828,25.0,1.0,909.0,43.50807970999995,3
1,surrogate,725,efpb,confirmatory_core,0.9999585907479767,0.03938719789665286,53.0,12.161290322580646,34.0,0.9841269841269841,310.0,330,315,960,confirmatory_core__C_MM__efpb__1009,0,C_MM,1009,310,957,0,0.10000000000000003,48.0,8.22257053291536,24.0,0.996875,957.0,44.4434607889998,3
1,surrogate,734,efpb,confirmatory_core,0.9999974563121612,0.027250061031917044,54.0,11.827242524916944,33.0,1.0,301.0,325,301,942,confirmatory_core__C_MM__efpb__1010,0,C_MM,1010,301,939,0,0.08000000000000002,44.0,9.10223642172524,25.0,0.9968152866242038,939.0,41.61275103299977,3
1,surrogate,713,efpb,confirmatory_core,0.9999987817313303,0.034987779444586725,49.0,11.605960264900663,28.0,1.0,302.0,328,302,907,confirmatory_core__C_MM__efpb__1011,0,C_MM,1011,302,905,0,0.030000000000000027,38.0,8.10718232044199,25.0,0.9977949283351709,905.0,42.12409971599982,3
1,surrogate,756,efpb,confirmatory_core,0.9999974990399092,0.04873978186544185,54.0,13.58041958041958,36.0,1.0,286.0,326,286,950,confirmatory_core__C_MM__efpb__1012,0,C_MM,1012,286,947,0,0.10999999999999999,42.0,8.706441393875396,25.0,0.9968421052631579,947.0,43.20890544000031,3
1,surrogate,719,efpb,confirmatory_core,0.9999971753487031,0.03278726865975187,57.0,12.06060606060606,35.0,0.9933110367892977,297.0,328,299,897,confirmatory_core__C_MM__efpb__1013,0,C_MM,1013,297,894,0,0.10999999999999999,38.0,8.781879194630873,24.0,0.9966555183946488,894.0,43.420361202000095,3
1,surrogate,722,efpb,confirmatory_core,0.9999996265900116,0.029005142117359564,56.0,11.550675675675675,34.0,0.9966329966329966,296.0,321,297,931,confirmatory_core__C_MM__efpb__1014,0,C_MM,1014,296,929,0,0.10000000000000003,41.0,8.65016146393972,24.0,0.9978517722878625,929.0,41.83265295599995,3
1,surrogate,747,efpb,confirmatory_core,0.9999998634401732,0.042962321993670866,53.0,12.66015625,38.0,0.9961089494163424,256.0,326,257,951,confirmatory_core__C_MM__efpb__1015,0,C_MM,1015,256,948,0,0.13,43.0,8.363924050632912,25.0,0.9968454258675079,948.0,41.936441749000096,3
1,surrogate,755,efpb,confirmatory_core,0.9999997351168795,0.04338029473434643,53.0,12.636690647482014,35.0,1.0,278.0,327,278,972,confirmatory_core__C_MM__efpb__1016,0,C_MM,1016,278,971,0,0.10999999999999999,50.0,8.298661174047373,24.0,0.9989711934156379,971.0,43.81869038199966,3
1,surrogate,748,efpb,confirmatory_core,0.9999974124800114,0.04951101473359949,56.0,13.135849056603774,36.0,1.0,265.0,323,265,934,confirmatory_core__C_MM__efpb__1017,0,C_MM,1017,265,931,0,0.12,44.0,8.184747583243825,24.0,0.9967880085653105,931.0,42.49762105400032,3
1,surrogate,751,efpb,confirmatory_core,0.9999865825841944,0.050843726731198816,53.0,13.628676470588236,36.0,0.9927007299270073,272.0,325,274,948,confirmatory_core__C_MM__efpb__1018,0,C_MM,1018,272,948,0,0.12,40.0,8.544303797468354,24.0,1.0,948.0,43.58248989099957,3
1,surrogate,724,efpb,confirmatory_core,0.9999890714688783,0.03155920883637296,55.0,11.338235294117647,31.0,0.9890909090909091,272.0,324,275,920,confirmatory_core__C_MM__efpb__1019,0,C_MM,1019,272,916,0,0.07,45.0,8.18231441048035,24.0,0.9956521739130435,916.0,41.06154833100027,3
1,surrogate,735,efpb,confirmatory_core,0.9999997124971177,0.031214478205694896,50.0,11.282392026578073,32.0,1.0,301.0,326,301,933,confirmatory_core__C_MM__efpb__1020,0,C_MM,1020,301,932,0,0.09,41.0,8.160944206008583,23.0,0.9989281886387996,932.0,44.12934649099998,3
1,surrogate,722,efpb,confirmatory_core,0.9999987589832946,0.031890756302521,52.0,11.571428571428571,28.0,0.9966887417218543,301.0,331,302,919,confirmatory_core__C_MM__efpb__1021,0,C_MM,1021,301,918,0,0.040000000000000036,42.0,8.382352941176471,24.0,0.998911860718172,918.0,41.92177853000021,3
1,surrogate,739,efpb,confirmatory_core,1.0,0.040268403908794784,56.0,12.653333333333334,36.0,1.0,300.0,328,300,921,confirmatory_core__C_MM__efpb__1022,0,C_MM,1022,300,921,0,0.12,42.0,8.626492942453854,24.0,1.0,921.0,43.053596075000314,3
1,surrogate,726,efpb,confirmatory_core,0.9999974454591334,0.03378235298634091,49.0,11.974820143884893,33.0,1.0,278.0,329,278,940,confirmatory_core__C_MM__efpb__1023,0,C_MM,1023,278,937,0,0.08000000000000002,41.0,8.596584845250801,25.0,0.9968085106382979,937.0,42.89438284100015,3
1,surrogate,738,efpb,confirmatory_core,0.9999981775488831,0.04437673140606148,56.0,13.197026022304833,38.0,0.9962962962962963,269.0,324,270,990,confirmatory_core__C_MM__efpb__1024,0,C_MM,1024,269,989,0,0.13,42.0,8.759352881698685,25.0,0.998989898989899,989.0,42.39793214400015,3
1,surrogate,709,efpb,confirmatory_core,0.9999988447217736,0.03281846368837066,52.0,11.745098039215685,29.0,0.996742671009772,306.0,327,307,899,confirmatory_core__C_MM__efpb__1025,0,C_MM,1025,306,898,0,0.03999999999999998,42.0,8.46325167037862,25.0,0.9988876529477196,898.0,44.857649735999985,3
1,surrogate,728,efpb,confirmatory_core,0.9999929342324004,0.0314515939147383,56.0,12.04601226993865,36.0,1.0,326.0,329,326,943,confirmatory_core__C_MM__efpb__1026,0,C_MM,1026,326,938,0,0.10999999999999999,47.0,8.90085287846482,25.0,0.9946977730646872,938.0,43.28374666899981,3
1,surrogate,728,efpb,confirmatory_core,0.9999987116091745,0.04041928178582982,54.0,12.078291814946619,35.0,1.0,281.0,327,281,882,confirmatory_core__C_MM__efpb__1027,0,C_MM,1027,281,880,0,0.10999999999999999,39.0,8.036363636363637,24.0,0.9977324263038548,880.0,40.811872279,3
1,surrogate,722,efpb,confirmatory_core,0.9999730339782054,0.029463911350703823,49.0,11.628930817610064,27.0,0.9875776397515528,318.0,331,322,947,confirmatory_core__C_MM__efpb__1028,0,C_MM,1028,318,945,0,0.030000000000000027,41.0,8.682539682539682,24.0,0.9978880675818373,945.0,44.530148484000165,3
1,surrogate,714,efpb,confirmatory_core,0.9999988089219899,0.030188889500330177,54.0,11.441558441558442,29.0,0.9967637540453075,308.0,328,309,945,confirmatory_core__C_MM__efpb__1029,0,C_MM,1029,308,944,0,0.03999999999999998,41.0,8.422669491525424,25.0,0.9989417989417989,944.0,44.11384089400008,3
1,surrogate,732,efpb,confirmatory_core,0.9999975913274943,0.044609341123727636,45.0,12.645390070921986,32.0,1.0,282.0,325,282,968,confirmatory_core__C_MM__efpb__1030,0,C_MM,1030,282,965,0,0.08000000000000002,58.0,8.184455958549222,24.0,0.996900826446281,965.0,43.33891535800012,3
1,surrogate,684,equal_bargaining,confirmatory_core,0.9999989672163485,0.03185827927221786,48.0,12.00983606557377,26.0,1.0,305.0,333,305,985,confirmatory_core__C_MM__equal_bargaining__1001,0,C_MM,1001,305,983,0,0.010000000000000009,41.0,8.824008138351983,25.0,0.9979695431472081,983.0,38.47925436700007,3
1,surrogate,714,equal_bargaining,confirmatory_core,0.9999983888943006,0.023986065884134794,39.0,11.557553956834532,26.0,0.996415770609319,278.0,328,279,951,confirmatory_core__C_MM__equal_bargaining__1002,0,C_MM,1002,278,950,0,0.010000000000000009,41.0,9.158947368421053,25.0,0.9989484752891693,950.0,40.525569636,3
1,surrogate,704,equal_bargaining,confirmatory_core,0.9999973731907852,0.01054363456612592,50.0,10.460207612456747,26.0,1.0,289.0,333,289,927,confirmatory_core__C_MM__equal_bargaining__1003,0,C_MM,1003,289,924,0,0.010000000000000009,38.0,9.405844155844155,25.0,0.9967637540453075,924.0,38.191201106000335,3
1,surrogate,706,equal_bargaining,confirmatory_core,0.999998622081739,0.016115312014832836,43.0,10.628865979381443,26.0,0.9965753424657534,291.0,329,292,924,confirmatory_core__C_MM__equal_bargaining__1004,0,C_MM,1004,291,923,0,0.010000000000000009,41.0,9.017334777898158,25.0,0.9989177489177489,923.0,37.582573677000255,3
1,surrogate,712,equal_bargaining,confirmatory_core,0.9999996896906878,0.024358576635644252,41.0,11.473509933774835,26.0,0.9966996699669967,302.0,332,303,907,confirmatory_core__C_MM__equal_bargaining__1005,0,C_MM,1005,302,903,0,0.010000000000000009,40.0,9.03765227021041,25.0,0.9955898566703418,903.0,38.38251389600009,3
1,surrogate,706,equal_bargaining,confirmatory_core,0.9999952638340447,0.028207568014483153,38.0,11.366013071895425,25.0,1.0,306.0,330,306,921,confirmatory_core__C_MM__equal_bargaining__1006,0,C_MM,1006,306,917,0,0.0,42.0,8.54525627044711,25.0,0.995656894679696,917.0,39.11631553999996,3
1,surrogate,691,equal_bargaining,confirmatory_core,0.9999908104329399,0.020226093461513966,33.0,10.877697841726619,26.0,0.9928571428571429,278.0,327,280,905,confirmatory_core__C_MM__equal_bargaining__1007,0,C_MM,1007,278,904,0,0.010000000000000009,41.0,8.855088495575222,25.0,0.9988950276243094,904.0,37.30887364,3
1,surrogate,703,equal_bargaining,confirmatory_core,1.0,0.011299043525615005,40.0,10.847176079734218,25.0,1.0,301.0,331,301,909,confirmatory_core__C_MM__equal_bargaining__1008,0,C_MM,1008,301,909,0,0.0,37.0,9.717271727172717,25.0,1.0,909.0,37.24709279200033,3
1,surrogate,701,equal_bargaining,confirmatory_core,0.9999859979703555,0.03280258016166157,39.0,12.294871794871796,27.0,0.9904761904761905,312.0,333,315,960,confirmatory_core__C_MM__equal_bargaining__1009,0,C_MM,1009,312,958,0,0.030000000000000027,39.0,9.014613778705638,24.0,0.9979166666666667,958.0,38.53130300800012,3
1,surrogate,706,equal_bargaining,confirmatory_core,0.9999974563121612,0.020423225386447016,39.0,11.159468438538205,26.0,1.0,301.0,328,301,942,confirmatory_core__C_MM__equal_bargaining__1010,0,C_MM,1010,301,939,0,0.010000000000000009,40.0,9.117145899893504,25.0,0.9968152866242038,939.0,38.17168797500017,3
1,surrogate,692,equal_bargaining,confirmatory_core,0.9999951161680478,0.024649952696310318,34.0,11.036423841059603,26.0,1.0,302.0,331,302,907,confirmatory_core__C_MM__equal_bargaining__1011,0,C_MM,1011,302,903,0,0.020000000000000018,38.0,8.571428571428571,24.0,0.9955898566703418,903.0,36.772553548999895,3
1,surrogate,712,equal_bargaining,confirmatory_core,0.9999974990399092,0.01867398704779906,39.0,11.195804195804195,26.0,1.0,286.0,331,286,950,confirmatory_core__C_MM__equal_bargaining__1012,0,C_MM,1012,286,947,0,0.020000000000000018,42.0,9.328405491024288,24.0,0.9968421052631579,947.0,37.4312570080001,3
1,surrogate,692,equal_bargaining,confirmatory_core,0.9999996868511947,0.019650300247262442,42.0,11.228187919463087,26.0,0.9966555183946488,298.0,331,299,897,confirmatory_core__C_MM__equal_bargaining__1013,0,C_MM,1013,298,893,0,0.010000000000000009,41.0,9.263157894736842,25.0,0.9955406911928651,893.0,38.542273961999854,3
1,surrogate,716,equal_bargaining,confirmatory_core,0.9999973957504434,0.0029679699291768336,30.0,9.57912457912458,25.0,1.0,297.0,324,297,931,confirmatory_core__C_MM__equal_bargaining__1014,0,C_MM,1014,297,928,0,0.0,41.0,9.282327586206897,25.0,0.9967776584317938,928.0,36.40025933900006,3
1,surrogate,733,equal_bargaining,confirmatory_core,0.999999974984001,0.02000461985216473,38.0,11.8125,26.0,0.9961089494163424,256.0,329,257,951,confirmatory_core__C_MM__equal_bargaining__1015,0,C_MM,1015,256,947,0,0.010000000000000009,40.0,9.812038014783527,25.0,0.9957939011566772,947.0,38.44967557300015,3
1,surrogate,735,equal_bargaining,confirmatory_core,0.9999997351168795,0.017801161748253302,54.0,11.003597122302159,27.0,1.0,278.0,327,278,972,confirmatory_core__C_MM__equal_bargaining__1016,0,C_MM,1016,278,971,0,0.030000000000000027,41.0,9.223480947476828,24.0,0.9989711934156379,971.0,38.476113824000095,3
1,surrogate,729,equal_bargaining,confirmatory_core,0.9999974124800114,0.027848489147396807,39.0,11.769811320754718,27.0,1.0,265.0,327,265,934,confirmatory_core__C_MM__equal_bargaining__1017,0,C_MM,1017,265,931,0,0.020000000000000018,41.0,8.984962406015038,25.0,0.9967880085653105,931.0,38.77170461600008,3
1,surrogate,724,equal_bargaining,confirmatory_core,0.9999865825841944,0.0344831223628692,61.0,12.5,26.0,0.9927007299270073,272.0,329,274,948,confirmatory_core__C_MM__equal_bargaining__1018,0,C_MM,1018,272,948,0,0.010000000000000009,40.0,9.05168776371308,25.0,1.0,948.0,40.31240667100019,3
1,surrogate,719,equal_bargaining,confirmatory_core,0.9999890714688783,0.024590290264577458,38.0,11.514705882352942,26.0,0.9890909090909091,272.0,328,275,920,confirmatory_core__C_MM__equal_bargaining__1019,0,C_MM,1019,272,916,0,0.010000000000000009,41.0,9.055676855895197,25.0,0.9956521739130435,916.0,38.54610314199999,3
1,surrogate,728,equal_bargaining,confirmatory_core,0.9999974069214453,0.031343121494659384,44.0,11.996677740863788,27.0,1.0,301.0,329,301,933,confirmatory_core__C_MM__equal_bargaining__1020,0,C_MM,1020,301,930,0,0.020000000000000018,41.0,8.86236559139785,25.0,0.9967845659163987,930.0,39.481125948000226,3
1,surrogate,712,equal_bargaining,confirmatory_core,0.9999987589832946,0.024553557857251426,39.0,11.667774086378737,25.0,0.9966887417218543,301.0,332,302,919,confirmatory_core__C_MM__equal_bargaining__1021,0,C_MM,1021,301,918,0,0.0,40.0,9.212418300653594,25.0,0.998911860718172,918.0,38.89417422800034,3
1,surrogate,703,equal_bargaining,confirmatory_core,1.0,0.02802931596091207,38.0,11.833333333333334,26.0,1.0,300.0,330,300,921,confirmatory_core__C_MM__equal_bargaining__1022,0,C_MM,1022,300,921,0,0.020000000000000018,42.0,9.030401737242128,24.0,1.0,921.0,37.056978427000104,3
1,surrogate,722,equal_bargaining,confirmatory_core,1.0,0.03298821368437166,38.0,12.366906474820144,27.0,1.0,278.0,329,278,940,confirmatory_core__C_MM__equal_bargaining__1023,0,C_MM,1023,278,940,0,0.020000000000000018,41.0,9.068085106382979,25.0,1.0,940.0,37.32782287500004,3
1,surrogate,716,equal_bargaining,confirmatory_core,0.9999998858656083,0.02253560223424969,53.0,11.895910780669144,26.0,0.9962962962962963,269.0,327,270,990,confirmatory_core__C_MM__equal_bargaining__1024,0,C_MM,1024,269,987,0,0.010000000000000009,42.0,9.642350557244175,25.0,0.996969696969697,987.0,37.88125475300012,3
1,surrogate,709,equal_bargaining,confirmatory_core,0.9999973387976687,0.02338437043337914,45.0,11.03921568627451,26.0,0.996742671009772,306.0,328,307,899,confirmatory_core__C_MM__equal_bargaining__1025,0,C_MM,1025,306,899,0,0.010000000000000009,42.0,8.700778642936596,25.0,1.0,899.0,37.4035279589998,3
1,surrogate,699,equal_bargaining,confirmatory_core,0.9999997185656077,0.016168119000169318,39.0,11.16564417177914,26.0,1.0,326.0,329,326,943,confirmatory_core__C_MM__equal_bargaining__1026,0,C_MM,1026,326,942,0,0.010000000000000009,41.0,9.548832271762208,25.0,0.9989395546129375,942.0,38.66686372699996,3
1,surrogate,713,equal_bargaining,confirmatory_core,0.9999987116091745,0.021918958265933347,36.0,10.99644128113879,26.0,1.0,281.0,327,281,882,confirmatory_core__C_MM__equal_bargaining__1027,0,C_MM,1027,281,880,0,0.020000000000000018,36.0,8.804545454545455,24.0,0.9977324263038548,880.0,37.28489772800003,3
1,surrogate,717,equal_bargaining,confirmatory_core,0.9999730339782054,0.021023959269242304,52.0,11.248427672955975,26.0,0.9875776397515528,318.0,331,322,947,confirmatory_core__C_MM__equal_bargaining__1028,0,C_MM,1028,318,945,0,0.010000000000000009,41.0,9.146031746031746,25.0,0.9978880675818373,945.0,39.06502806200024,3
1,surrogate,705,equal_bargaining,confirmatory_core,0.9999988778380878,0.035076787914354465,43.0,11.983818770226538,26.0,1.0,309.0,332,309,945,confirmatory_core__C_MM__equal_bargaining__1029,0,C_MM,1029,309,943,0,0.010000000000000009,41.0,8.476139978791092,25.0,0.9978835978835979,943.0,39.012074261999715,3
1,surrogate,730,equal_bargaining,confirmatory_core,0.9999932954049923,0.043362939395947944,67.0,12.964539007092199,32.0,1.0,282.0,327,282,968,confirmatory_core__C_MM__equal_bargaining__1030,0,C_MM,1030,282,963,0,0.07,40.0,8.628245067497405,25.0,0.9948347107438017,963.0,39.93365652700004,3
1,surrogate,280,fixed_time,confirmatory_core,0.9999980035458204,0.12435006854470187,73.0,31.43092105263158,69.0,0.9967213114754099,304.0,140,305,985,confirmatory_core__C_MM__fixed_time__1001,0,C_MM,1001,304,979,0,0.1499999999999999,59.0,18.99591419816139,54.0,0.9939086294416244,979.0,1.0892150399999991,3
1,surrogate,280,fixed_time,confirmatory_core,0.9999923287973652,0.1161925881668045,73.0,31.634057971014492,69.0,0.989247311827957,276.0,140,279,951,confirmatory_core__C_MM__fixed_time__1002,0,C_MM,1002,276,946,0,0.15999999999999992,59.0,20.01479915433404,53.0,0.9947423764458465,946.0,1.0807129449999593,3
1,surrogate,280,fixed_time,confirmatory_core,0.9999979622766942,0.1261288385527516,73.0,32.59440559440559,68.0,0.9896193771626297,286.0,140,289,927,confirmatory_core__C_MM__fixed_time__1003,0,C_MM,1003,286,920,0,0.15000000000000002,59.0,19.981521739130436,53.0,0.9924487594390508,920.0,1.080925451999974,3
1,surrogate,280,fixed_time,confirmatory_core,0.9999861211008514,0.14005504297412533,73.0,33.1958762886598,70.0,0.9965753424657534,291.0,140,292,924,confirmatory_core__C_MM__fixed_time__1004,0,C_MM,1004,291,914,0,0.17999999999999994,59.0,19.190371991247265,52.0,0.9891774891774892,914.0,1.1043663789996572,3
1,surrogate,280,fixed_time,confirmatory_core,0.9999803343668832,0.1318066867409638,73.0,32.19063545150502,68.0,0.9867986798679867,299.0,140,303,907,confirmatory_core__C_MM__fixed_time__1005,0,C_MM,1005,299,903,0,0.15000000000000002,59.0,19.00996677740864,53.0,0.9955898566703418,903.0,1.106497268000112,3
1,surrogate,280,fixed_time,confirmatory_core,0.9999804404844117,0.11399143627732503,73.0,31.983388704318937,68.0,0.9836601307189542,301.0,140,306,921,confirmatory_core__C_MM__fixed_time__1006,0,C_MM,1006,301,914,0,0.14,59.0,20.584245076586434,54.0,0.992399565689468,914.0,1.1378439720001552,3
1,surrogate,280,fixed_time,confirmatory_core,0.9999981247448628,0.10879849727321364,73.0,30.802158273381295,69.0,0.9928571428571429,278.0,140,280,905,confirmatory_core__C_MM__fixed_time__1007,0,C_MM,1007,278,901,0,0.15999999999999992,59.0,19.922308546059934,53.0,0.9955801104972376,901.0,1.1074504189996333,3
1,surrogate,280,fixed_time,confirmatory_core,0.9999972679536426,0.12213115956377929,73.0,31.694352159468437,67.0,1.0,301.0,140,301,909,confirmatory_core__C_MM__fixed_time__1008,0,C_MM,1008,301,906,0,0.13,59.0,19.481236203090507,54.0,0.9966996699669967,906.0,1.0654348439998103,3
1,surrogate,280,fixed_time,confirmatory_core,0.9999763291654132,0.10636038412118753,73.0,29.574193548387097,68.0,0.9841269841269841,310.0,140,315,960,confirmatory_core__C_MM__fixed_time__1009,0,C_MM,1009,310,954,0,0.15000000000000002,59.0,18.938155136268342,53.0,0.99375,954.0,1.0778439910000088,3
1,surrogate,280,fixed_time,confirmatory_core,0.9999673473063806,0.13376745074850732,73.0,32.4695945945946,70.0,0.9833887043189369,296.0,140,301,942,confirmatory_core__C_MM__fixed_time__1010,0,C_MM,1010,296,937,0,0.17999999999999994,59.0,19.092849519743865,52.0,0.994692144373673,937.0,1.1249256560004142,3
1,surrogate,280,fixed_time,confirmatory_core,0.9999887899725786,0.1536614052991084,73.0,35.12751677852349,70.0,0.9867549668874173,298.0,140,302,907,confirmatory_core__C_MM__fixed_time__1011,0,C_MM,1011,298,901,0,0.17999999999999994,59.0,19.761376248612653,52.0,0.9933847850055126,901.0,1.129696954999872,3
1,surrogate,280,fixed_time,confirmatory_core,0.9999930625033069,0.10810484790696803,73.0,30.14487632508834,69.0,0.9895104895104895,283.0,140,286,950,confirmatory_core__C_MM__fixed_time__1012,0,C_MM,1012,283,945,0,0.15999999999999992,59.0,19.334391534391536,53.0,0.9947368421052631,945.0,1.079340568999669,3
1,surrogate,280,fixed_time,confirmatory_core,0.9999921185024145,0.10922206501013892,73.0,29.70608108108108,67.0,0.9899665551839465,296.0,140,299,897,confirmatory_core__C_MM__fixed_time__1013,0,C_MM,1013,296,893,0,0.14,59.0,18.783874580067188,53.0,0.9955406911928651,893.0,1.1169304939999165,3
1,surrogate,280,fixed_time,confirmatory_core,0.9999914542641515,0.1319558373511217,73.0,33.34013605442177,69.0,0.98989898989899,294.0,140,297,931,confirmatory_core__C_MM__fixed_time__1014,0,C_MM,1014,294,927,0,0.16999999999999993,59.0,20.1445523193096,52.0,0.9957035445757251,927.0,1.1097111990002304,3
1,surrogate,280,fixed_time,confirmatory_core,0.9999918568612512,0.14055740821091345,73.0,32.94509803921569,69.0,0.9922178988326849,255.0,140,257,951,confirmatory_core__C_MM__fixed_time__1015,0,C_MM,1015,255,949,0,0.1499999999999999,59.0,18.889357218124342,54.0,0.9978969505783386,949.0,1.118349018999652,3
1,surrogate,280,fixed_time,confirmatory_core,0.999982924955178,0.12991790799725367,73.0,32.32374100719424,70.0,1.0,278.0,140,278,972,confirmatory_core__C_MM__fixed_time__1016,0,C_MM,1016,278,964,0,0.16999999999999993,59.0,19.33195020746888,53.0,0.9917695473251029,964.0,1.1067235129999062,3
1,surrogate,280,fixed_time,confirmatory_core,0.9999874209340578,0.1383628006238201,73.0,33.095419847328245,70.0,0.9886792452830189,262.0,140,265,934,confirmatory_core__C_MM__fixed_time__1017,0,C_MM,1017,262,930,0,0.17999999999999994,59.0,19.259139784946235,52.0,0.9957173447537473,930.0,1.2003540430000612,3
1,surrogate,280,fixed_time,confirmatory_core,0.999997312849905,0.12251144487645804,73.0,32.81617647058823,68.0,0.9927007299270073,272.0,140,274,948,confirmatory_core__C_MM__fixed_time__1018,0,C_MM,1018,272,938,0,0.15000000000000002,59.0,20.56503198294243,53.0,0.989451476793249,938.0,1.0881246870003451,3
1,surrogate,280,fixed_time,confirmatory_core,0.9999972257196414,0.12374702016622643,73.0,32.279411764705884,67.0,0.9890909090909091,272.0,140,275,920,confirmatory_core__C_MM__fixed_time__1019,0,C_MM,1019,272,913,0,0.14,59.0,19.904709748083242,53.0,0.9923913043478261,913.0,1.088219879999997,3
1,surrogate,280,fixed_time,confirmatory_core,0.9999895942810169,0.14750253559691354,73.0,33.93687707641196,69.0,1.0,301.0,140,301,933,confirmatory_core__C_MM__fixed_time__1020,0,C_MM,1020,301,927,0,0.1499999999999999,59.0,19.186623516720605,54.0,0.9935691318327974,927.0,1.0744718900000407,3
1,surrogate,280,fixed_time,confirmatory_core,0.999999726834774,0.11055654194579084,73.0,30.910299003322258,65.0,0.9966887417218543,301.0,140,302,919,confirmatory_core__C_MM__fixed_time__1021,0,C_MM,1021,301,915,0,0.12,59.0,19.85464480874317,53.0,0.9956474428726877,915.0,1.1049128760000713,3
1,surrogate,280,fixed_time,confirmatory_core,0.9999741928065702,0.12842798681033973,73.0,31.222972972972972,68.0,0.9866666666666667,296.0,140,300,921,confirmatory_core__C_MM__fixed_time__1022,0,C_MM,1022,296,918,0,0.15000000000000002,59.0,18.380174291939,53.0,0.996742671009772,918.0,1.1360215999998218,3
1,surrogate,280,fixed_time,confirmatory_core,0.9999938906301314,0.12878445484265813,73.0,32.27436823104693,67.0,0.9964028776978417,277.0,140,278,940,confirmatory_core__C_MM__fixed_time__1023,0,C_MM,1023,277,932,0,0.14,59.0,19.395922746781117,53.0,0.9914893617021276,932.0,1.104781229999844,3
1,surrogate,280,fixed_time,confirmatory_core,0.9999771541455261,0.15305629603985155,73.0,34.445283018867926,70.0,0.9814814814814815,265.0,140,270,990,confirmatory_core__C_MM__fixed_time__1024,0,C_MM,1024,265,981,0,0.17999999999999994,59.0,19.139653414882773,52.0,0.990909090909091,981.0,1.0998633119997976,3
1,surrogate,280,fixed_time,confirmatory_core,0.9999986606438871,0.11720774663332895,73.0,31.026143790849673,67.0,0.996742671009772,306.0,140,307,899,confirmatory_core__C_MM__fixed_time__1025,0,C_MM,1025,306,894,0,0.14,59.0,19.30536912751678,53.0,0.9944382647385984,894.0,1.110274587999811,3
1,surrogate,280,fixed_time,confirmatory_core,0.9999998684832658,0.11262482409231633,73.0,30.928792569659443,70.0,0.99079754601227,323.0,140,326,943,confirmatory_core__C_MM__fixed_time__1026,0,C_MM,1026,323,935,0,0.15999999999999992,59.0,19.66631016042781,54.0,0.9915164369034994,935.0,1.1567911870001808,3
1,surrogate,280,fixed_time,confirmatory_core,0.9999904270281548,0.12899764015666737,73.0,32.431654676258994,67.0,0.9893238434163701,278.0,140,281,882,confirmatory_core__C_MM__fixed_time__1027,0,C_MM,1027,278,878,0,0.12,59.0,19.531890660592254,55.0,0.9954648526077098,878.0,1.077747551000357,3
1,surrogate,280,fixed_time,confirmatory_core,0.9999905623218905,0.11597250349220356,73.0,30.38364779874214,70.0,0.9875776397515528,318.0,140,322,947,confirmatory_core__C_MM__fixed_time__1028,0,C_MM,1028,318,941,0,0.16999999999999993,59.0,18.786397449521786,53.0,0.9936642027455121,941.0,1.1067368320000242,3
1,surrogate,280,fixed_time,confirmatory_core,0.9999972545683751,0.1315220578573553,73.0,32.20846905537459,70.0,0.9935275080906149,307.0,140,309,945,confirmatory_core__C_MM__fixed_time__1029,0,C_MM,1029,307,942,0,0.17999999999999994,59.0,19.056263269639064,52.0,0.9968253968253968,942.0,1.1460526810001284,3
1,surrogate,280,fixed_time,confirmatory_core,0.9999246200831375,0.08370918275302178,73.0,28.717391304347824,66.0,0.9787234042553191,276.0,140,282,968,confirmatory_core__C_MM__fixed_time__1030,0,C_MM,1030,276,964,0,0.13,59.0,20.346473029045644,53.0,0.9958677685950413,964.0,1.1261860310000884,3
1,surrogate,585,efficiency,robustness,0.9999984414013673,0.0003969696969697012,32.0,6.53030303030303,16.0,1.0,132.0,269,132,401,robustness__S10_low_demand__efficiency__2001,0,S10_low_demand,2001,132,400,0,0.07,52.0,6.57,23.0,0.9975062344139651,400.0,1.055279217000134,3
1,surrogate,594,efficiency,robustness,0.9999887645218556,0.0005258420346306164,69.0,7.7299270072992705,17.0,1.0,137.0,287,137,449,robustness__S10_low_demand__efficiency__2002,0,S10_low_demand,2002,137,446,0,0.09,50.0,7.7825112107623315,26.0,0.9933184855233853,446.0,1.098756246999983,3
1,surrogate,590,efficiency,robustness,1.0,0.010517311956336359,38.0,7.792307692307692,23.0,1.0,130.0,277,130,451,robustness__S10_low_demand__efficiency__2003,0,S10_low_demand,2003,130,451,0,0.009999999999999981,43.0,6.740576496674057,24.0,1.0,451.0,0.9735685530004048,3
1,surrogate,548,efficiency,robustness,0.9999859727872071,0.0004004615856187249,35.0,5.87218045112782,16.0,0.9925373134328358,133.0,261,134,417,robustness__S10_low_demand__efficiency__2004,0,S10_low_demand,2004,133,417,0,0.04000000000000001,48.0,5.832134292565947,20.0,1.0,417.0,0.9580539580001641,3
1,surrogate,565,efficiency,robustness,0.9999983264438606,0.005907486671172177,28.0,6.927536231884058,21.0,1.0,138.0,273,138,387,robustness__S10_low_demand__efficiency__2005,0,S10_low_demand,2005,138,386,0,0.020000000000000018,46.0,6.33678756476684,23.0,0.9974160206718347,386.0,0.8988871060000747,3
1,surrogate,589,efficiency,robustness,1.0,0.004127063890882993,37.0,6.057142857142857,16.0,1.0,140.0,277,140,398,robustness__S10_low_demand__efficiency__2006,0,S10_low_demand,2006,140,398,0,0.06,60.0,6.469849246231155,22.0,1.0,398.0,0.9021723239993662,3
1,surrogate,567,efficiency,robustness,0.9999952118745512,0.01470077972709552,39.0,8.281481481481482,21.0,1.0,135.0,271,135,458,robustness__S10_low_demand__efficiency__2007,0,S10_low_demand,2007,135,456,0,0.0,43.0,6.81140350877193,21.0,0.9956331877729258,456.0,1.058660122999754,3
1,surrogate,559,efficiency,robustness,0.9999985793880573,0.0063842482100238684,42.0,7.5,24.0,1.0,140.0,274,140,420,robustness__S10_low_demand__efficiency__2008,0,S10_low_demand,2008,140,419,0,0.0,57.0,6.861575178997613,24.0,0.9976190476190476,419.0,1.0461224820001007,3
1,surrogate,569,efficiency,robustness,1.0,0.008597413793103456,31.0,6.517241379310345,15.0,1.0,116.0,259,116,400,robustness__S10_low_demand__efficiency__2009,0,S10_low_demand,2009,116,400,0,0.05000000000000002,49.0,5.6575,20.0,1.0,400.0,1.0515710829995442,3
1,surrogate,546,efficiency,robustness,0.9999833405524272,0.001863606557377051,41.0,5.901639344262295,20.0,0.991869918699187,122.0,254,123,375,robustness__S10_low_demand__efficiency__2010,0,S10_low_demand,2010,122,375,0,0.03,48.0,6.088,23.0,1.0,375.0,1.0247831619999488,3
1,surrogate,586,efpb,robustness,0.9999984414013673,0.020775000000000002,41.0,8.25,24.0,1.0,132.0,268,132,401,robustness__S10_low_demand__efpb__2001,0,S10_low_demand,2001,132,400,0,0.03,35.0,6.1725,21.0,0.9975062344139651,400.0,29.44239548099995,3
1,surrogate,634,efpb,robustness,0.9999459371790019,0.019057823970964283,55.0,8.97037037037037,23.0,0.9854014598540146,135.0,285,137,449,robustness__S10_low_demand__efpb__2002,0,S10_low_demand,2002,135,449,0,0.0,35.0,7.064587973273942,23.0,1.0,449.0,26.15147211600015,3
1,surrogate,604,efpb,robustness,1.0,0.027712945590994367,38.0,9.161538461538461,25.0,1.0,130.0,277,130,451,robustness__S10_low_demand__efpb__2003,0,S10_low_demand,2003,130,451,0,0.03,33.0,6.390243902439025,22.0,1.0,451.0,33.67463124599999,3
1,surrogate,556,efpb,robustness,0.9999859727872071,0.016695335460954544,31.0,7.2330827067669174,21.0,0.9925373134328358,133.0,264,134,417,robustness__S10_low_demand__efpb__2004,0,S10_low_demand,2004,133,417,0,0.01999999999999999,35.0,5.563549160671463,19.0,1.0,417.0,31.621994936000192,3
1,surrogate,564,efpb,robustness,1.0,0.02104201775081451,35.0,7.8768115942028984,24.0,1.0,138.0,267,138,387,robustness__S10_low_demand__efpb__2005,0,S10_low_demand,2005,138,387,0,0.04999999999999999,34.0,5.772609819121447,19.0,1.0,387.0,31.333918977000394,3
1,surrogate,600,efpb,robustness,1.0,0.018987437185929656,37.0,8.15,23.0,1.0,140.0,277,140,398,robustness__S10_low_demand__efpb__2006,0,S10_low_demand,2006,140,398,0,0.020000000000000018,37.0,6.251256281407035,21.0,1.0,398.0,32.80077370900017,3
1,surrogate,578,efpb,robustness,0.9999952118745512,0.02390253411306044,38.0,8.881481481481481,21.0,1.0,135.0,270,135,458,robustness__S10_low_demand__efpb__2007,0,S10_low_demand,2007,135,456,0,0.0,36.0,6.491228070175438,21.0,0.9956331877729258,456.0,26.906806228999812,3
1,surrogate,575,efpb,robustness,0.9999985793880573,0.020602454824411878,42.0,8.757142857142858,26.0,1.0,140.0,271,140,420,robustness__S10_low_demand__efpb__2008,0,S10_low_demand,2008,140,419,0,0.03,41.0,6.6968973747016705,23.0,0.9976190476190476,419.0,30.375753739000174,3
1,surrogate,583,efpb,robustness,1.0,0.02852413793103449,48.0,8.422413793103448,22.0,1.0,116.0,260,116,400,robustness__S10_low_demand__efpb__2009,0,S10_low_demand,2009,116,400,0,0.03,41.0,5.57,19.0,1.0,400.0,26.727362080999228,3
1,surrogate,572,efpb,robustness,0.9999833405524272,0.010130273224043716,41.0,7.098360655737705,22.0,0.991869918699187,122.0,253,123,375,robustness__S10_low_demand__efpb__2010,0,S10_low_demand,2010,122,375,0,0.01999999999999999,27.0,6.085333333333334,20.0,1.0,375.0,26.53668320199995,3
1,surrogate,591,equal_bargaining,robustness,0.9999984414013673,0.01101212121212121,26.0,7.871212121212121,21.0,1.0,132.0,268,132,401,robustness__S10_low_demand__equal_bargaining__2001,0,S10_low_demand,2001,132,400,0,0.020000000000000018,29.0,6.77,23.0,0.9975062344139651,400.0,20.350182260999645,3
1,surrogate,632,equal_bargaining,robustness,0.999780569422349,0.01822127702329321,28.0,9.082706766917294,23.0,0.9708029197080292,133.0,283,137,449,robustness__S10_low_demand__equal_bargaining__2002,0,S10_low_demand,2002,133,449,0,0.0,35.0,7.260579064587973,23.0,1.0,449.0,21.8473902730002,3
1,surrogate,603,equal_bargaining,robustness,1.0,0.02153095684803001,24.0,8.738461538461538,23.0,1.0,130.0,277,130,451,robustness__S10_low_demand__equal_bargaining__2003,0,S10_low_demand,2003,130,451,0,0.010000000000000009,36.0,6.585365853658536,22.0,1.0,451.0,22.8308618760002,3
1,surrogate,556,equal_bargaining,robustness,0.9999859727872071,0.012352644200429128,29.0,6.894736842105263,20.0,0.9925373134328358,133.0,264,134,417,robustness__S10_low_demand__equal_bargaining__2004,0,S10_low_demand,2004,133,417,0,0.020000000000000018,35.0,5.6594724220623505,18.0,1.0,417.0,19.794752642000276,3
1,surrogate,558,equal_bargaining,robustness,1.0,0.01736434108527133,26.0,7.666666666666667,23.0,1.0,138.0,268,138,387,robustness__S10_low_demand__equal_bargaining__2005,0,S10_low_demand,2005,138,387,0,0.020000000000000018,27.0,5.930232558139535,21.0,1.0,387.0,22.985264060999725,3
1,surrogate,604,equal_bargaining,robustness,1.0,0.025908829863603725,27.0,9.128571428571428,24.0,1.0,140.0,278,140,398,robustness__S10_low_demand__equal_bargaining__2006,0,S10_low_demand,2006,140,398,0,0.03999999999999998,37.0,6.5376884422110555,20.0,1.0,398.0,24.92972015899977,3
1,surrogate,571,equal_bargaining,robustness,0.9999952118745512,0.021155945419103317,26.0,8.562962962962963,21.0,1.0,135.0,267,135,458,robustness__S10_low_demand__equal_bargaining__2007,0,S10_low_demand,2007,135,456,0,0.01999999999999999,38.0,6.447368421052632,19.0,0.9956331877729258,456.0,24.404553100999692,3
1,surrogate,575,equal_bargaining,robustness,0.9999985793880573,0.01724224343675418,28.0,8.55,25.0,1.0,140.0,271,140,420,robustness__S10_low_demand__equal_bargaining__2008,0,S10_low_demand,2008,140,419,0,0.01999999999999999,41.0,6.825775656324582,23.0,0.9976190476190476,419.0,26.12481144600042,3
1,surrogate,583,equal_bargaining,robustness,1.0,0.028483620689655174,30.0,8.525862068965518,22.0,1.0,116.0,260,116,400,robustness__S10_low_demand__equal_bargaining__2009,0,S10_low_demand,2009,116,400,0,0.03,32.0,5.6775,19.0,1.0,400.0,20.694389956999657,3
1,surrogate,570,equal_bargaining,robustness,1.0,0.010714796747967485,27.0,7.300813008130081,22.0,1.0,123.0,254,123,375,robustness__S10_low_demand__equal_bargaining__2010,0,S10_low_demand,2010,123,375,0,0.010000000000000009,27.0,6.229333333333333,21.0,1.0,375.0,19.03782392100038,3
1,surrogate,280,fixed_time,robustness,0.99999830403387,0.11571447703227539,73.0,32.16793893129771,69.0,0.9924242424242424,131.0,140,132,401,robustness__S10_low_demand__fixed_time__2001,0,S10_low_demand,2001,131,399,0,0.15999999999999992,58.0,20.596491228070175,53.0,0.9950124688279302,399.0,1.0477954440002577,3
1,surrogate,280,fixed_time,robustness,0.9999515707170357,0.08606079678835096,73.0,28.834586466165412,67.0,0.9708029197080292,133.0,140,137,449,robustness__S10_low_demand__fixed_time__2002,0,S10_low_demand,2002,133,442,0,0.13,59.0,20.228506787330318,54.0,0.9844097995545658,442.0,1.0791199039995263,3
1,surrogate,280,fixed_time,robustness,0.9999558842251514,0.08682812499999998,73.0,27.3828125,67.0,0.9846153846153847,128.0,140,130,451,robustness__S10_low_demand__fixed_time__2003,0,S10_low_demand,2003,128,450,0,0.13,59.0,18.7,54.0,0.9977827050997783,450.0,1.1219386330003545,3
1,surrogate,280,fixed_time,robustness,0.9999935237824443,0.09158943030653557,73.0,28.654135338345863,66.0,0.9925373134328358,133.0,140,134,417,robustness__S10_low_demand__fixed_time__2004,0,S10_low_demand,2004,133,416,0,0.13,59.0,19.495192307692307,53.0,0.9976019184652278,416.0,1.1329887029996826,3
1,surrogate,280,fixed_time,robustness,0.9999989065128888,0.17117091667456633,73.0,34.34306569343066,71.0,0.9927536231884058,137.0,140,138,387,robustness__S10_low_demand__fixed_time__2005,0,S10_low_demand,2005,137,385,0,0.17999999999999994,58.0,17.225974025974025,53.0,0.9948320413436692,385.0,1.0363893339999777,3
1,surrogate,280,fixed_time,robustness,0.9999936552249225,0.12311399711399712,73.0,30.27857142857143,70.0,1.0,140.0,140,140,398,robustness__S10_low_demand__fixed_time__2006,0,S10_low_demand,2006,140,396,0,0.19999999999999996,59.0,17.967171717171716,50.0,0.9949748743718593,396.0,0.9613066210004035,3
1,surrogate,280,fixed_time,robustness,0.9999998137157471,0.10204887649663769,72.0,30.62686567164179,70.0,0.9925925925925926,134.0,140,135,458,robustness__S10_low_demand__fixed_time__2007,0,S10_low_demand,2007,134,455,0,0.15999999999999992,59.0,20.42197802197802,54.0,0.9934497816593887,455.0,0.9488043420005852,3
1,surrogate,280,fixed_time,robustness,0.9999871534647106,0.09038900308324768,73.0,27.446043165467625,70.0,0.9928571428571429,139.0,140,140,420,robustness__S10_low_demand__fixed_time__2008,0,S10_low_demand,2008,139,420,0,0.17999999999999994,59.0,18.40714285714286,52.0,1.0,420.0,0.9514266639998823,3
1,surrogate,280,fixed_time,robustness,0.9999812600727109,0.09745434782608697,73.0,29.930434782608696,70.0,0.9913793103448276,115.0,140,116,400,robustness__S10_low_demand__fixed_time__2009,0,S10_low_demand,2009,115,400,0,0.15999999999999992,59.0,20.185,54.0,1.0,400.0,1.0947052420006003,3
1,surrogate,280,fixed_time,robustness,0.9998787781466568,0.09033021390374332,73.0,29.025,68.0,0.975609756097561,120.0,140,123,375,robustness__S10_low_demand__fixed_time__2010,0,S10_low_demand,2010,120,374,0,0.16000000000000003,59.0,19.99197860962567,52.0,0.9973333333333333,374.0,1.057315431000461,3
1,surrogate,0,efficiency,robustness,0.5,0.0,0.0,0.0,0.0,1.0,305.0,0,305,906,robustness__S11_accessibility__efficiency__2001,0,S11_accessibility,2001,305,0,0,0.0,0.0,0.0,0.0,0.0,0.0,1.6144413410002016,3
1,surrogate,0,efficiency,robustness,0.5,0.0,0.0,0.0,0.0,1.0,297.0,0,297,921,robustness__S11_accessibility__efficiency__2002,0,S11_accessibility,2002,297,0,0,0.0,0.0,0.0,0.0,0.0,0.0,1.5605418630002532,3
1,surrogate,0,efficiency,robustness,0.5,0.0,0.0,0.0,0.0,1.0,289.0,0,289,963,robustness__S11_accessibility__efficiency__2003,0,S11_accessibility,2003,289,0,0,0.0,0.0,0.0,0.0,0.0,0.0,1.3471691189997728,3
1,surrogate,0,efficiency,robustness,0.5,0.0,0.0,0.0,0.0,1.0,300.0,0,300,922,robustness__S11_accessibility__efficiency__2004,0,S11_accessibility,2004,300,0,0,0.0,0.0,0.0,0.0,0.0,0.0,1.380618936999781,3
1,surrogate,0,efficiency,robustness,0.5,0.0,0.0,0.0,0.0,1.0,283.0,0,283,922,robustness__S11_accessibility__efficiency__2005,0,S11_accessibility,2005,283,0,0,0.0,0.0,0.0,0.0,0.0,0.0,1.3657953009997073,3
1,surrogate,0,efficiency,robustness,0.5,0.0,0.0,0.0,0.0,1.0,275.0,0,275,922,robustness__S11_accessibility__efficiency__2006,0,S11_accessibility,2006,275,0,0,0.0,0.0,0.0,0.0,0.0,0.0,1.4131593709998924,3
1,surrogate,0,efficiency,robustness,0.5,0.0,0.0,0.0,0.0,1.0,338.0,0,338,927,robustness__S11_accessibility__efficiency__2007,0,S11_accessibility,2007,338,0,0,0.0,0.0,0.0,0.0,0.0,0.0,1.5658366699999533,3
1,surrogate,0,efficiency,robustness,0.5,0.0,0.0,0.0,0.0,1.0,319.0,0,319,889,robustness__S11_accessibility__efficiency__2008,0,S11_accessibility,2008,319,0,0,0.0,0.0,0.0,0.0,0.0,0.0,1.6997398370003793,3
1,surrogate,0,efficiency,robustness,0.5,0.0,0.0,0.0,0.0,1.0,274.0,0,274,917,robustness__S11_accessibility__efficiency__2009,0,S11_accessibility,2009,274,0,0,0.0,0.0,0.0,0.0,0.0,0.0,1.641427001000011,3
1,surrogate,0,efficiency,robustness,0.5,0.0,0.0,0.0,0.0,1.0,276.0,0,276,910,robustness__S11_accessibility__efficiency__2010,0,S11_accessibility,2010,276,0,0,0.0,0.0,0.0,0.0,0.0,0.0,1.5458600799993292,3
1,surrogate,0,efpb,robustness,0.5,0.0,0.0,0.0,0.0,1.0,305.0,0,305,906,robustness__S11_accessibility__efpb__2001,0,S11_accessibility,2001,305,0,0,0.0,0.0,0.0,0.0,0.0,0.0,62.534478372000194,3
1,surrogate,0,efpb,robustness,0.5,0.0,0.0,0.0,0.0,1.0,297.0,0,297,921,robustness__S11_accessibility__efpb__2002,0,S11_accessibility,2002,297,0,0,0.0,0.0,0.0,0.0,0.0,0.0,64.93332254300003,3
1,surrogate,0,efpb,robustness,0.5,0.0,0.0,0.0,0.0,1.0,289.0,0,289,963,robustness__S11_accessibility__efpb__2003,0,S11_accessibility,2003,289,0,0,0.0,0.0,0.0,0.0,0.0,0.0,79.280348796,3
1,surrogate,0,efpb,robustness,0.5,0.0,0.0,0.0,0.0,1.0,300.0,0,300,922,robustness__S11_accessibility__efpb__2004,0,S11_accessibility,2004,300,0,0,0.0,0.0,0.0,0.0,0.0,0.0,78.79633919400021,3
1,surrogate,0,efpb,robustness,0.5,0.0,0.0,0.0,0.0,1.0,283.0,0,283,922,robustness__S11_accessibility__efpb__2005,0,S11_accessibility,2005,283,0,0,0.0,0.0,0.0,0.0,0.0,0.0,79.79132353400018,3
1,surrogate,0,efpb,robustness,0.5,0.0,0.0,0.0,0.0,1.0,275.0,0,275,922,robustness__S11_accessibility__efpb__2006,0,S11_accessibility,2006,275,0,0,0.0,0.0,0.0,0.0,0.0,0.0,78.91148340900054,3
1,surrogate,0,efpb,robustness,0.5,0.0,0.0,0.0,0.0,1.0,338.0,0,338,927,robustness__S11_accessibility__efpb__2007,0,S11_accessibility,2007,338,0,0,0.0,0.0,0.0,0.0,0.0,0.0,61.29041512200001,3
1,surrogate,0,efpb,robustness,0.5,0.0,0.0,0.0,0.0,1.0,319.0,0,319,889,robustness__S11_accessibility__efpb__2008,0,S11_accessibility,2008,319,0,0,0.0,0.0,0.0,0.0,0.0,0.0,59.078474326000105,3
1,surrogate,0,efpb,robustness,0.5,0.0,0.0,0.0,0.0,1.0,274.0,0,274,917,robustness__S11_accessibility__efpb__2009,0,S11_accessibility,2009,274,0,0,0.0,0.0,0.0,0.0,0.0,0.0,59.11619602100018,3
1,surrogate,0,efpb,robustness,0.5,0.0,0.0,0.0,0.0,1.0,276.0,0,276,910,robustness__S11_accessibility__efpb__2010,0,S11_accessibility,2010,276,0,0,0.0,0.0,0.0,0.0,0.0,0.0,58.27238722400034,3
1,surrogate,0,equal_bargaining,robustness,0.5,0.0,0.0,0.0,0.0,1.0,305.0,0,305,906,robustness__S11_accessibility__equal_bargaining__2001,0,S11_accessibility,2001,305,0,0,0.0,0.0,0.0,0.0,0.0,0.0,59.056182690999776,3
1,surrogate,0,equal_bargaining,robustness,0.5,0.0,0.0,0.0,0.0,1.0,297.0,0,297,921,robustness__S11_accessibility__equal_bargaining__2002,0,S11_accessibility,2002,297,0,0,0.0,0.0,0.0,0.0,0.0,0.0,57.865774607000276,3
1,surrogate,0,equal_bargaining,robustness,0.5,0.0,0.0,0.0,0.0,1.0,289.0,0,289,963,robustness__S11_accessibility__equal_bargaining__2003,0,S11_accessibility,2003,289,0,0,0.0,0.0,0.0,0.0,0.0,0.0,58.48165135599993,3
1,surrogate,0,equal_bargaining,robustness,0.5,0.0,0.0,0.0,0.0,1.0,300.0,0,300,922,robustness__S11_accessibility__equal_bargaining__2004,0,S11_accessibility,2004,300,0,0,0.0,0.0,0.0,0.0,0.0,0.0,58.171964457000286,3
1,surrogate,0,equal_bargaining,robustness,0.5,0.0,0.0,0.0,0.0,1.0,283.0,0,283,922,robustness__S11_accessibility__equal_bargaining__2005,0,S11_accessibility,2005,283,0,0,0.0,0.0,0.0,0.0,0.0,0.0,67.89274570199996,3
1,surrogate,0,equal_bargaining,robustness,0.5,0.0,0.0,0.0,0.0,1.0,275.0,0,275,922,robustness__S11_accessibility__equal_bargaining__2006,0,S11_accessibility,2006,275,0,0,0.0,0.0,0.0,0.0,0.0,0.0,67.72587457999998,3
1,surrogate,0,equal_bargaining,robustness,0.5,0.0,0.0,0.0,0.0,1.0,338.0,0,338,927,robustness__S11_accessibility__equal_bargaining__2007,0,S11_accessibility,2007,338,0,0,0.0,0.0,0.0,0.0,0.0,0.0,67.42819991799934,3
1,surrogate,0,equal_bargaining,robustness,0.5,0.0,0.0,0.0,0.0,1.0,319.0,0,319,889,robustness__S11_accessibility__equal_bargaining__2008,0,S11_accessibility,2008,319,0,0,0.0,0.0,0.0,0.0,0.0,0.0,68.16709728200021,3
1,surrogate,0,equal_bargaining,robustness,0.5,0.0,0.0,0.0,0.0,1.0,274.0,0,274,917,robustness__S11_accessibility__equal_bargaining__2009,0,S11_accessibility,2009,274,0,0,0.0,0.0,0.0,0.0,0.0,0.0,59.45229002799988,3
1,surrogate,0,equal_bargaining,robustness,0.5,0.0,0.0,0.0,0.0,1.0,276.0,0,276,910,robustness__S11_accessibility__equal_bargaining__2010,0,S11_accessibility,2010,276,0,0,0.0,0.0,0.0,0.0,0.0,0.0,50.113313756000025,3
1,surrogate,0,fixed_time,robustness,0.5,0.0,0.0,0.0,0.0,1.0,305.0,0,305,906,robustness__S11_accessibility__fixed_time__2001,0,S11_accessibility,2001,305,0,0,0.0,0.0,0.0,0.0,0.0,0.0,1.5515605729997333,3
1,surrogate,0,fixed_time,robustness,0.5,0.0,0.0,0.0,0.0,1.0,297.0,0,297,921,robustness__S11_accessibility__fixed_time__2002,0,S11_accessibility,2002,297,0,0,0.0,0.0,0.0,0.0,0.0,0.0,1.5564849869997488,3
1,surrogate,0,fixed_time,robustness,0.5,0.0,0.0,0.0,0.0,1.0,289.0,0,289,963,robustness__S11_accessibility__fixed_time__2003,0,S11_accessibility,2003,289,0,0,0.0,0.0,0.0,0.0,0.0,0.0,1.5867410350001592,3
1,surrogate,0,fixed_time,robustness,0.5,0.0,0.0,0.0,0.0,1.0,300.0,0,300,922,robustness__S11_accessibility__fixed_time__2004,0,S11_accessibility,2004,300,0,0,0.0,0.0,0.0,0.0,0.0,0.0,1.5338161889994808,3
1,surrogate,0,fixed_time,robustness,0.5,0.0,0.0,0.0,0.0,1.0,283.0,0,283,922,robustness__S11_accessibility__fixed_time__2005,0,S11_accessibility,2005,283,0,0,0.0,0.0,0.0,0.0,0.0,0.0,1.3810855310002808,3
1,surrogate,0,fixed_time,robustness,0.5,0.0,0.0,0.0,0.0,1.0,275.0,0,275,922,robustness__S11_accessibility__fixed_time__2006,0,S11_accessibility,2006,275,0,0,0.0,0.0,0.0,0.0,0.0,0.0,1.368081675999747,3
1,surrogate,0,fixed_time,robustness,0.5,0.0,0.0,0.0,0.0,1.0,338.0,0,338,927,robustness__S11_accessibility__fixed_time__2007,0,S11_accessibility,2007,338,0,0,0.0,0.0,0.0,0.0,0.0,0.0,1.3809945330003757,3
1,surrogate,0,fixed_time,robustness,0.5,0.0,0.0,0.0,0.0,1.0,319.0,0,319,889,robustness__S11_accessibility__fixed_time__2008,0,S11_accessibility,2008,319,0,0,0.0,0.0,0.0,0.0,0.0,0.0,1.3399424950002867,3
1,surrogate,0,fixed_time,robustness,0.5,0.0,0.0,0.0,0.0,1.0,274.0,0,274,917,robustness__S11_accessibility__fixed_time__2009,0,S11_accessibility,2009,274,0,0,0.0,0.0,0.0,0.0,0.0,0.0,1.6382487390001188,3
1,surrogate,0,fixed_time,robustness,0.5,0.0,0.0,0.0,0.0,1.0,276.0,0,276,910,robustness__S11_accessibility__fixed_time__2010,0,S11_accessibility,2010,276,0,0,0.0,0.0,0.0,0.0,0.0,0.0,1.5537475669998457,3
1,surrogate,280,efficiency,robustness,0.9999971768277999,0.09699005847953215,72.0,29.407894736842106,68.0,0.9967213114754099,304.0,140,305,906,robustness__S12_sensor_error__efficiency__2001,0,S12_sensor_error,2001,304,900,0,0.15000000000000002,59.0,19.70888888888889,53.0,0.9933774834437086,900.0,1.0725482180005201,3
1,surrogate,280,efficiency,robustness,0.9999876676589083,0.13002525224267517,73.0,32.70307167235495,69.0,0.9865319865319865,293.0,140,297,921,robustness__S12_sensor_error__efficiency__2002,0,S12_sensor_error,2002,293,915,0,0.16999999999999993,59.0,19.700546448087433,52.0,0.993485342019544,915.0,1.0804501840002558,3
1,surrogate,280,efficiency,robustness,0.999968628033152,0.1537975186542452,73.0,34.71830985915493,69.0,0.9826989619377162,284.0,140,289,963,robustness__S12_sensor_error__efficiency__2003,0,S12_sensor_error,2003,284,957,0,0.1499999999999999,59.0,19.338557993730408,54.0,0.9937694704049844,957.0,0.8186075120001988,3
1,surrogate,280,efficiency,robustness,0.9999999935896544,0.12998212244658716,73.0,32.10738255033557,70.0,0.9933333333333333,298.0,140,300,922,robustness__S12_sensor_error__efficiency__2004,0,S12_sensor_error,2004,298,916,0,0.16999999999999993,59.0,19.109170305676855,53.0,0.9934924078091106,916.0,0.8009488140005487,3
1,surrogate,280,efficiency,robustness,0.9999770945655342,0.1399269427640763,73.0,33.84285714285714,69.0,0.9893992932862191,280.0,140,283,922,robustness__S12_sensor_error__efficiency__2005,0,S12_sensor_error,2005,280,921,0,0.15999999999999992,59.0,19.850162866449512,53.0,0.9989154013015185,921.0,0.8308939480002664,3
1,surrogate,280,efficiency,robustness,0.9999309355059969,0.10420787844636423,73.0,30.026022304832715,67.0,0.9781818181818182,269.0,140,275,922,robustness__S12_sensor_error__efficiency__2006,0,S12_sensor_error,2006,269,917,0,0.14,59.0,19.605234460196293,53.0,0.9945770065075922,917.0,0.812750111999776,3
1,surrogate,280,efficiency,robustness,0.9999479194984624,0.16043601628336462,73.0,35.38670694864048,70.0,0.9792899408284024,331.0,140,338,927,robustness__S12_sensor_error__efficiency__2007,0,S12_sensor_error,2007,331,921,0,0.16999999999999993,59.0,19.343105320304016,53.0,0.9935275080906149,921.0,1.109999956000138,3
1,surrogate,280,efficiency,robustness,0.9999981089950186,0.13848462279385704,73.0,33.86435331230284,71.0,0.9937304075235109,317.0,140,319,889,robustness__S12_sensor_error__efficiency__2008,0,S12_sensor_error,2008,317,881,0,0.16999999999999993,59.0,20.01589103291714,54.0,0.9910011248593926,881.0,1.1151815470002475,3
1,surrogate,280,efficiency,robustness,0.999980526599098,0.13153263565422543,73.0,33.96309963099631,70.0,0.9890510948905109,271.0,140,274,917,robustness__S12_sensor_error__efficiency__2009,0,S12_sensor_error,2009,271,915,0,0.15999999999999992,59.0,20.80983606557377,54.0,0.9978189749182116,915.0,1.0677399320002223,3
1,surrogate,280,efficiency,robustness,0.9999988985611293,0.12213993323749414,73.0,32.747252747252745,68.0,0.9891304347826086,273.0,140,276,910,robustness__S12_sensor_error__efficiency__2010,0,S12_sensor_error,2010,273,902,0,0.14,59.0,20.533259423503328,54.0,0.9912087912087912,902.0,1.1352637350000805,3
1,surrogate,280,efpb,robustness,0.9999971768277999,0.09699005847953215,72.0,29.407894736842106,68.0,0.9967213114754099,304.0,140,305,906,robustness__S12_sensor_error__efpb__2001,0,S12_sensor_error,2001,304,900,0,0.15000000000000002,59.0,19.70888888888889,53.0,0.9933774834437086,900.0,44.611291246999826,3
1,surrogate,280,efpb,robustness,0.9999876676589083,0.13002525224267517,73.0,32.70307167235495,69.0,0.9865319865319865,293.0,140,297,921,robustness__S12_sensor_error__efpb__2002,0,S12_sensor_error,2002,293,915,0,0.16999999999999993,59.0,19.700546448087433,52.0,0.993485342019544,915.0,44.074483123999926,3
1,surrogate,280,efpb,robustness,0.999968628033152,0.1537975186542452,73.0,34.71830985915493,69.0,0.9826989619377162,284.0,140,289,963,robustness__S12_sensor_error__efpb__2003,0,S12_sensor_error,2003,284,957,0,0.1499999999999999,59.0,19.338557993730408,54.0,0.9937694704049844,957.0,58.87860389799971,3
1,surrogate,280,efpb,robustness,0.9999999935896544,0.12998212244658716,73.0,32.10738255033557,70.0,0.9933333333333333,298.0,140,300,922,robustness__S12_sensor_error__efpb__2004,0,S12_sensor_error,2004,298,916,0,0.16999999999999993,59.0,19.109170305676855,53.0,0.9934924078091106,916.0,58.85078227900067,3
1,surrogate,280,efpb,robustness,0.9999770945655342,0.1399269427640763,73.0,33.84285714285714,69.0,0.9893992932862191,280.0,140,283,922,robustness__S12_sensor_error__efpb__2005,0,S12_sensor_error,2005,280,921,0,0.15999999999999992,59.0,19.850162866449512,53.0,0.9989154013015185,921.0,60.40945811399979,3
1,surrogate,280,efpb,robustness,0.9999309355059969,0.10420787844636423,73.0,30.026022304832715,67.0,0.9781818181818182,269.0,140,275,922,robustness__S12_sensor_error__efpb__2006,0,S12_sensor_error,2006,269,917,0,0.14,59.0,19.605234460196293,53.0,0.9945770065075922,917.0,60.11211423900022,3
1,surrogate,280,efpb,robustness,0.9999479194984624,0.16043601628336462,73.0,35.38670694864048,70.0,0.9792899408284024,331.0,140,338,927,robustness__S12_sensor_error__efpb__2007,0,S12_sensor_error,2007,331,921,0,0.16999999999999993,59.0,19.343105320304016,53.0,0.9935275080906149,921.0,44.69477709600051,3
1,surrogate,280,efpb,robustness,0.9999981089950186,0.13848462279385704,73.0,33.86435331230284,71.0,0.9937304075235109,317.0,140,319,889,robustness__S12_sensor_error__efpb__2008,0,S12_sensor_error,2008,317,881,0,0.16999999999999993,59.0,20.01589103291714,54.0,0.9910011248593926,881.0,44.72898075100056,3
1,surrogate,280,efpb,robustness,0.999980526599098,0.13153263565422543,73.0,33.96309963099631,70.0,0.9890510948905109,271.0,140,274,917,robustness__S12_sensor_error__efpb__2009,0,S12_sensor_error,2009,271,915,0,0.15999999999999992,59.0,20.80983606557377,54.0,0.9978189749182116,915.0,44.53866750999987,3
1,surrogate,280,efpb,robustness,0.9999988985611293,0.12213993323749414,73.0,32.747252747252745,68.0,0.9891304347826086,273.0,140,276,910,robustness__S12_sensor_error__efpb__2010,0,S12_sensor_error,2010,273,902,0,0.14,59.0,20.533259423503328,54.0,0.9912087912087912,902.0,43.71423455000058,3
1,surrogate,280,equal_bargaining,robustness,0.9999971768277999,0.09699005847953215,72.0,29.407894736842106,68.0,0.9967213114754099,304.0,140,305,906,robustness__S12_sensor_error__equal_bargaining__2001,0,S12_sensor_error,2001,304,900,0,0.15000000000000002,59.0,19.70888888888889,53.0,0.9933774834437086,900.0,42.8098445250007,3
1,surrogate,280,equal_bargaining,robustness,0.9999876676589083,0.13002525224267517,73.0,32.70307167235495,69.0,0.9865319865319865,293.0,140,297,921,robustness__S12_sensor_error__equal_bargaining__2002,0,S12_sensor_error,2002,293,915,0,0.16999999999999993,59.0,19.700546448087433,52.0,0.993485342019544,915.0,42.858342950000406,3
1,surrogate,280,equal_bargaining,robustness,0.999968628033152,0.1537975186542452,73.0,34.71830985915493,69.0,0.9826989619377162,284.0,140,289,963,robustness__S12_sensor_error__equal_bargaining__2003,0,S12_sensor_error,2003,284,957,0,0.1499999999999999,59.0,19.338557993730408,54.0,0.9937694704049844,957.0,43.02584768700035,3
1,surrogate,280,equal_bargaining,robustness,0.9999999935896544,0.12998212244658716,73.0,32.10738255033557,70.0,0.9933333333333333,298.0,140,300,922,robustness__S12_sensor_error__equal_bargaining__2004,0,S12_sensor_error,2004,298,916,0,0.16999999999999993,59.0,19.109170305676855,53.0,0.9934924078091106,916.0,42.5786328690001,3
1,surrogate,280,equal_bargaining,robustness,0.9999770945655342,0.1399269427640763,73.0,33.84285714285714,69.0,0.9893992932862191,280.0,140,283,922,robustness__S12_sensor_error__equal_bargaining__2005,0,S12_sensor_error,2005,280,921,0,0.15999999999999992,59.0,19.850162866449512,53.0,0.9989154013015185,921.0,57.478038879999986,3
1,surrogate,280,equal_bargaining,robustness,0.9999309355059969,0.10420787844636423,73.0,30.026022304832715,67.0,0.9781818181818182,269.0,140,275,922,robustness__S12_sensor_error__equal_bargaining__2006,0,S12_sensor_error,2006,269,917,0,0.14,59.0,19.605234460196293,53.0,0.9945770065075922,917.0,56.86744230600016,3
1,surrogate,280,equal_bargaining,robustness,0.9999479194984624,0.16043601628336462,73.0,35.38670694864048,70.0,0.9792899408284024,331.0,140,338,927,robustness__S12_sensor_error__equal_bargaining__2007,0,S12_sensor_error,2007,331,921,0,0.16999999999999993,59.0,19.343105320304016,53.0,0.9935275080906149,921.0,58.104806516999815,3
1,surrogate,280,equal_bargaining,robustness,0.9999981089950186,0.13848462279385704,73.0,33.86435331230284,71.0,0.9937304075235109,317.0,140,319,889,robustness__S12_sensor_error__equal_bargaining__2008,0,S12_sensor_error,2008,317,881,0,0.16999999999999993,59.0,20.01589103291714,54.0,0.9910011248593926,881.0,57.48097753100046,3
1,surrogate,280,equal_bargaining,robustness,0.999980526599098,0.13153263565422543,73.0,33.96309963099631,70.0,0.9890510948905109,271.0,140,274,917,robustness__S12_sensor_error__equal_bargaining__2009,0,S12_sensor_error,2009,271,915,0,0.15999999999999992,59.0,20.80983606557377,54.0,0.9978189749182116,915.0,42.889898838999216,3
1,surrogate,280,equal_bargaining,robustness,0.9999988985611293,0.12213993323749414,73.0,32.747252747252745,68.0,0.9891304347826086,273.0,140,276,910,robustness__S12_sensor_error__equal_bargaining__2010,0,S12_sensor_error,2010,273,902,0,0.14,59.0,20.533259423503328,54.0,0.9912087912087912,902.0,42.91326300199944,3
1,surrogate,280,fixed_time,robustness,0.9999971768277999,0.09699005847953215,72.0,29.407894736842106,68.0,0.9967213114754099,304.0,140,305,906,robustness__S12_sensor_error__fixed_time__2001,0,S12_sensor_error,2001,304,900,0,0.15000000000000002,59.0,19.70888888888889,53.0,0.9933774834437086,900.0,1.1202596939992873,3
1,surrogate,280,fixed_time,robustness,0.9999876676589083,0.13002525224267517,73.0,32.70307167235495,69.0,0.9865319865319865,293.0,140,297,921,robustness__S12_sensor_error__fixed_time__2002,0,S12_sensor_error,2002,293,915,0,0.16999999999999993,59.0,19.700546448087433,52.0,0.993485342019544,915.0,1.0933258169998226,3
1,surrogate,280,fixed_time,robustness,0.999968628033152,0.1537975186542452,73.0,34.71830985915493,69.0,0.9826989619377162,284.0,140,289,963,robustness__S12_sensor_error__fixed_time__2003,0,S12_sensor_error,2003,284,957,0,0.1499999999999999,59.0,19.338557993730408,54.0,0.9937694704049844,957.0,1.1211807870004122,3
1,surrogate,280,fixed_time,robustness,0.9999999935896544,0.12998212244658716,73.0,32.10738255033557,70.0,0.9933333333333333,298.0,140,300,922,robustness__S12_sensor_error__fixed_time__2004,0,S12_sensor_error,2004,298,916,0,0.16999999999999993,59.0,19.109170305676855,53.0,0.9934924078091106,916.0,1.0740408159999788,3
1,surrogate,280,fixed_time,robustness,0.9999770945655342,0.1399269427640763,73.0,33.84285714285714,69.0,0.9893992932862191,280.0,140,283,922,robustness__S12_sensor_error__fixed_time__2005,0,S12_sensor_error,2005,280,921,0,0.15999999999999992,59.0,19.850162866449512,53.0,0.9989154013015185,921.0,0.8230485049998606,3
1,surrogate,280,fixed_time,robustness,0.9999309355059969,0.10420787844636423,73.0,30.026022304832715,67.0,0.9781818181818182,269.0,140,275,922,robustness__S12_sensor_error__fixed_time__2006,0,S12_sensor_error,2006,269,917,0,0.14,59.0,19.605234460196293,53.0,0.9945770065075922,917.0,0.8095275069999843,3
1,surrogate,280,fixed_time,robustness,0.9999479194984624,0.16043601628336462,73.0,35.38670694864048,70.0,0.9792899408284024,331.0,140,338,927,robustness__S12_sensor_error__fixed_time__2007,0,S12_sensor_error,2007,331,921,0,0.16999999999999993,59.0,19.343105320304016,53.0,0.9935275080906149,921.0,0.823356160000003,3
1,surrogate,280,fixed_time,robustness,0.9999981089950186,0.13848462279385704,73.0,33.86435331230284,71.0,0.9937304075235109,317.0,140,319,889,robustness__S12_sensor_error__fixed_time__2008,0,S12_sensor_error,2008,317,881,0,0.16999999999999993,59.0,20.01589103291714,54.0,0.9910011248593926,881.0,0.8081513309998627,3
1,surrogate,280,fixed_time,robustness,0.999980526599098,0.13153263565422543,73.0,33.96309963099631,70.0,0.9890510948905109,271.0,140,274,917,robustness__S12_sensor_error__fixed_time__2009,0,S12_sensor_error,2009,271,915,0,0.15999999999999992,59.0,20.80983606557377,54.0,0.9978189749182116,915.0,1.090491705000204,3
1,surrogate,280,fixed_time,robustness,0.9999988985611293,0.12213993323749414,73.0,32.747252747252745,68.0,0.9891304347826086,273.0,140,276,910,robustness__S12_sensor_error__fixed_time__2010,0,S12_sensor_error,2010,273,902,0,0.14,59.0,20.533259423503328,54.0,0.9912087912087912,902.0,1.082430946000386,3
1,surrogate,764,efficiency,robustness,0.999999694421543,0.06162057522123894,74.0,14.0625,40.0,1.0,128.0,317,128,905,robustness__S4_tail_wait__efficiency__2001,0,S4_tail_wait,2001,128,904,0,0.17,41.0,7.900442477876106,23.0,0.9988950276243094,904.0,1.0136432110002715,3
1,surrogate,779,efficiency,robustness,0.9999987897594284,0.08595118942731278,83.0,16.496,49.0,1.0,125.0,315,125,910,robustness__S4_tail_wait__efficiency__2002,0,S4_tail_wait,2002,125,908,0,0.26,56.0,7.900881057268722,23.0,0.9978021978021978,908.0,1.0854480059997513,3
1,surrogate,759,efficiency,robustness,0.9999956416000558,0.06797260567324481,57.0,14.48031496062992,42.0,1.0,127.0,315,127,960,robustness__S4_tail_wait__efficiency__2003,0,S4_tail_wait,2003,127,956,0,0.18,41.0,7.683054393305439,24.0,0.9958333333333333,956.0,1.0419207949998963,3
1,surrogate,762,efficiency,robustness,0.9999996997561419,0.048804824561403504,72.0,12.31578947368421,36.0,1.0,133.0,315,133,913,robustness__S4_tail_wait__efficiency__2004,0,S4_tail_wait,2004,133,912,0,0.12,50.0,7.43530701754386,24.0,0.9989047097480832,912.0,1.1181627360001585,3
1,surrogate,800,efficiency,robustness,0.999999708131628,0.07291840411840413,74.0,14.952380952380953,48.0,1.0,126.0,314,126,926,robustness__S4_tail_wait__efficiency__2005,0,S4_tail_wait,2005,126,925,0,0.24999999999999997,41.0,7.6605405405405405,23.0,0.9989200863930886,925.0,1.0697749769997245,3
1,surrogate,808,efficiency,robustness,0.9999486379576333,0.07977362187952627,55.0,15.520661157024794,45.0,0.983739837398374,121.0,317,123,972,robustness__S4_tail_wait__efficiency__2006,0,S4_tail_wait,2006,121,970,0,0.24000000000000002,41.0,7.543298969072165,21.0,0.9979423868312757,970.0,1.0306218120003905,3
1,surrogate,777,efficiency,robustness,0.9999997203487139,0.06155107855107855,115.0,13.930769230769231,41.0,1.0,130.0,312,130,946,robustness__S4_tail_wait__efficiency__2007,0,S4_tail_wait,2007,130,945,2,0.16999999999999998,42.0,7.775661375661375,24.0,0.9989429175475687,945.0,1.0416585479997593,3
1,surrogate,756,efficiency,robustness,0.9999996738423523,0.05747293650793649,66.0,13.534722222222221,38.0,1.0,144.0,319,144,876,robustness__S4_tail_wait__efficiency__2008,0,S4_tail_wait,2008,144,875,0,0.14,42.0,7.787428571428571,24.0,0.9988584474885844,875.0,1.0097850090005522,3
1,surrogate,782,efficiency,robustness,0.9999997124971177,0.07423742411939838,80.0,15.18018018018018,44.0,1.0,111.0,309,111,933,robustness__S4_tail_wait__efficiency__2009,0,S4_tail_wait,2009,111,932,0,0.22,49.0,7.756437768240343,22.0,0.9989281886387996,932.0,1.064660735999496,3
1,surrogate,781,efficiency,robustness,0.9999962139082844,0.05611314012247533,67.0,13.546762589928058,37.0,0.9928571428571429,139.0,313,140,917,robustness__S4_tail_wait__efficiency__2010,0,S4_tail_wait,2010,139,914,0,0.13999999999999999,39.0,7.935448577680525,23.0,0.9967284623773174,914.0,1.0552778100000069,3
1,surrogate,767,efpb,robustness,0.999999694421543,0.06789684734513274,57.0,14.484375,43.0,1.0,128.0,316,128,905,robustness__S4_tail_wait__efpb__2001,0,S4_tail_wait,2001,128,904,0,0.19999999999999998,41.0,7.6946902654867255,23.0,0.9988950276243094,904.0,36.89863297800002,3
1,surrogate,787,efpb,robustness,0.9999987897594284,0.086224140969163,55.0,15.944,44.0,1.0,125.0,312,125,910,robustness__S4_tail_wait__efpb__2002,0,S4_tail_wait,2002,125,908,0,0.22,56.0,7.3215859030837,22.0,0.9978021978021978,908.0,37.926295091999236,3
1,surrogate,795,efpb,robustness,0.9999956416000558,0.10574160708990873,53.0,17.68503937007874,44.0,1.0,127.0,311,127,960,robustness__S4_tail_wait__efpb__2003,0,S4_tail_wait,2003,127,956,0,0.24,34.0,7.110878661087866,20.0,0.9958333333333333,956.0,39.22973217700019,3
1,surrogate,789,efpb,robustness,0.9999996997561419,0.06825971177944863,53.0,14.406015037593985,39.0,1.0,133.0,312,133,913,robustness__S4_tail_wait__efpb__2004,0,S4_tail_wait,2004,133,912,0,0.17,41.0,7.580043859649122,22.0,0.9989047097480832,912.0,38.88206992999949,3
1,surrogate,812,efpb,robustness,0.999999708131628,0.07768013728013727,57.0,15.079365079365079,46.0,1.0,126.0,312,126,926,robustness__S4_tail_wait__efpb__2005,0,S4_tail_wait,2005,126,925,0,0.24000000000000002,41.0,7.311351351351352,22.0,0.9989200863930886,925.0,36.05172689200026,3
1,surrogate,800,efpb,robustness,0.9999486379576333,0.0892526199199114,55.0,16.75206611570248,46.0,0.983739837398374,121.0,315,123,972,robustness__S4_tail_wait__efpb__2006,0,S4_tail_wait,2006,121,970,0,0.24000000000000002,40.0,7.82680412371134,22.0,0.9979423868312757,970.0,39.393228437999824,3
1,surrogate,817,efpb,robustness,0.9999850928714111,0.07713883016208598,57.0,15.4031007751938,44.0,0.9923076923076923,129.0,314,130,946,robustness__S4_tail_wait__efpb__2007,0,S4_tail_wait,2007,129,946,0,0.22,40.0,7.689217758985201,22.0,1.0,946.0,39.14707979200011,3
1,surrogate,768,efpb,robustness,0.9999996738423523,0.07523412698412699,52.0,15.180555555555555,39.0,1.0,144.0,317,144,876,robustness__S4_tail_wait__efpb__2008,0,S4_tail_wait,2008,144,875,0,0.16,38.0,7.6571428571428575,23.0,0.9988584474885844,875.0,36.59458597000048,3
1,surrogate,798,efpb,robustness,0.9999997124971177,0.08369514364149556,55.0,15.531531531531531,40.0,1.0,111.0,309,111,933,robustness__S4_tail_wait__efpb__2009,0,S4_tail_wait,2009,111,932,0,0.2,41.0,7.162017167381975,20.0,0.9989281886387996,932.0,38.061480063999625,3
1,surrogate,808,efpb,robustness,0.9999992766444166,0.07516455256847156,53.0,15.29496402877698,43.0,0.9928571428571429,139.0,311,140,917,robustness__S4_tail_wait__efpb__2010,0,S4_tail_wait,2010,139,912,0,0.21,40.0,7.7785087719298245,22.0,0.9945474372955289,912.0,37.75059928199971,3
1,surrogate,761,equal_bargaining,robustness,0.999999694421543,0.0570132743362832,43.0,13.625,27.0,1.0,128.0,317,128,905,robustness__S4_tail_wait__equal_bargaining__2001,0,S4_tail_wait,2001,128,904,0,0.030000000000000027,41.0,7.923672566371682,24.0,0.9988950276243094,904.0,35.06761850300063,3
1,surrogate,770,equal_bargaining,robustness,0.9999987897594284,0.054015594713656384,42.0,13.352,27.0,1.0,125.0,314,125,910,robustness__S4_tail_wait__equal_bargaining__2002,0,S4_tail_wait,2002,125,908,0,0.020000000000000018,41.0,7.950440528634362,25.0,0.9978021978021978,908.0,35.48227934099941,3
1,surrogate,768,equal_bargaining,robustness,0.9999975509524347,0.04453944824295082,37.0,13.094488188976378,28.0,1.0,127.0,318,127,960,robustness__S4_tail_wait__equal_bargaining__2003,0,S4_tail_wait,2003,127,957,0,0.030000000000000027,42.0,8.640543364681296,25.0,0.996875,957.0,34.39974616299969,3
1,surrogate,768,equal_bargaining,robustness,0.9999996997561419,0.03225720551378444,39.0,10.954887218045112,25.0,1.0,133.0,313,133,913,robustness__S4_tail_wait__equal_bargaining__2004,0,S4_tail_wait,2004,133,912,0,0.010000000000000009,41.0,7.729166666666667,24.0,0.9989047097480832,912.0,34.28056306200051,3
1,surrogate,767,equal_bargaining,robustness,0.999999708131628,0.04896833976833978,29.0,12.571428571428571,26.0,1.0,126.0,312,126,926,robustness__S4_tail_wait__equal_bargaining__2005,0,S4_tail_wait,2005,126,925,0,0.020000000000000018,41.0,7.674594594594595,24.0,0.9989200863930886,925.0,32.666239012000005,3
1,surrogate,781,equal_bargaining,robustness,0.9999486379576333,0.06460160177217349,51.0,14.677685950413224,31.0,0.983739837398374,121.0,313,123,972,robustness__S4_tail_wait__equal_bargaining__2006,0,S4_tail_wait,2006,121,970,0,0.07,39.0,8.217525773195876,24.0,0.9979423868312757,970.0,36.32554420100041,3
1,surrogate,792,equal_bargaining,robustness,0.9999850928714111,0.043442565186751214,36.0,12.643410852713178,25.0,0.9923076923076923,129.0,314,130,946,robustness__S4_tail_wait__equal_bargaining__2007,0,S4_tail_wait,2007,129,946,0,0.010000000000000009,40.0,8.299154334038056,24.0,1.0,946.0,34.43951348700011,3
1,surrogate,728,equal_bargaining,robustness,0.9999996738423523,0.03747626984126984,37.0,11.743055555555555,25.0,1.0,144.0,314,144,876,robustness__S4_tail_wait__equal_bargaining__2008,0,S4_tail_wait,2008,144,875,0,0.010000000000000009,40.0,7.9954285714285716,24.0,0.9988584474885844,875.0,33.89444113199988,3
1,surrogate,799,equal_bargaining,robustness,0.9999997124971177,0.05058287901635543,39.0,13.18918918918919,28.0,1.0,111.0,312,111,933,robustness__S4_tail_wait__equal_bargaining__2009,0,S4_tail_wait,2009,111,932,0,0.060000000000000026,43.0,8.130901287553648,22.0,0.9989281886387996,932.0,34.61451611400025,3
1,surrogate,781,equal_bargaining,robustness,0.9999937873024529,0.039305735739277425,39.0,12.302158273381295,28.0,0.9928571428571429,139.0,313,140,917,robustness__S4_tail_wait__equal_bargaining__2010,0,S4_tail_wait,2010,139,915,0,0.05000000000000002,39.0,8.371584699453551,23.0,0.9978189749182116,915.0,33.73033538599975,3
1,surrogate,280,fixed_time,robustness,0.9999802911247238,0.12632272505574135,73.0,32.1484375,67.0,1.0,128.0,140,128,905,robustness__S4_tail_wait__fixed_time__2001,0,S4_tail_wait,2001,128,897,0,0.14,59.0,19.516164994425864,53.0,0.9911602209944751,897.0,1.0749792650003656,3
1,surrogate,280,fixed_time,robustness,0.999958868346265,0.12963463934529096,73.0,33.10569105691057,69.0,0.984,123.0,140,125,910,robustness__S4_tail_wait__fixed_time__2002,0,S4_tail_wait,2002,123,907,0,0.15999999999999992,59.0,20.142227122381477,53.0,0.9967032967032967,907.0,1.132781618000081,3
1,surrogate,280,fixed_time,robustness,0.9999956416000558,0.1318439692946331,73.0,32.79527559055118,69.0,1.0,127.0,140,127,960,robustness__S4_tail_wait__fixed_time__2003,0,S4_tail_wait,2003,127,956,0,0.15999999999999992,59.0,19.610878661087867,53.0,0.9958333333333333,956.0,1.0860368029998426,3
1,surrogate,280,fixed_time,robustness,0.9999954718107278,0.1177835497835498,73.0,31.12121212121212,70.0,0.9924812030075187,132.0,140,133,913,robustness__S4_tail_wait__fixed_time__2004,0,S4_tail_wait,2004,132,910,0,0.16999999999999993,59.0,19.34285714285714,53.0,0.9967141292442497,910.0,1.1038175999992745,3
1,surrogate,280,fixed_time,robustness,0.9999811786848606,0.10760971055088703,72.0,30.182539682539684,67.0,1.0,126.0,140,126,926,robustness__S4_tail_wait__fixed_time__2005,0,S4_tail_wait,2005,126,918,0,0.15000000000000002,59.0,19.42156862745098,52.0,0.9913606911447084,918.0,1.1375520789997609,3
1,surrogate,280,fixed_time,robustness,0.9999834790755934,0.1435135969274031,72.0,33.32231404958678,67.0,0.983739837398374,121.0,140,123,972,robustness__S4_tail_wait__fixed_time__2006,0,S4_tail_wait,2006,121,964,0,0.13,59.0,18.970954356846473,54.0,0.9917695473251029,964.0,1.0757604320006067,3
1,surrogate,280,fixed_time,robustness,0.9999985327357572,0.11974412838066056,72.0,30.68217054263566,66.0,0.9923076923076923,129.0,140,130,946,robustness__S4_tail_wait__fixed_time__2007,0,S4_tail_wait,2007,129,941,0,0.13,59.0,18.707757704569605,53.0,0.9947145877378436,941.0,1.123458708999351,3
1,surrogate,280,fixed_time,robustness,0.9999996127708185,0.10382110426886546,72.0,29.524475524475523,67.0,0.9930555555555556,143.0,140,144,876,robustness__S4_tail_wait__fixed_time__2008,0,S4_tail_wait,2008,143,871,0,0.14,59.0,19.14236509758898,53.0,0.9942922374429224,871.0,1.101590168000257,3
1,surrogate,280,fixed_time,robustness,0.9999927815470935,0.11278725924200061,73.0,30.44144144144144,69.0,1.0,111.0,140,111,933,robustness__S4_tail_wait__fixed_time__2009,0,S4_tail_wait,2009,111,928,0,0.15999999999999992,59.0,19.16271551724138,53.0,0.9946409431939979,928.0,1.0585052429996722,3
1,surrogate,280,fixed_time,robustness,0.9999963966065762,0.10884249601421397,73.0,30.575539568345324,68.0,0.9928571428571429,139.0,140,140,917,robustness__S4_tail_wait__fixed_time__2010,0,S4_tail_wait,2010,139,907,0,0.15000000000000002,59.0,19.691289966923925,53.0,0.9890948745910578,907.0,1.0459638539996376,3
1,surrogate,694,efficiency,robustness,0.9999987790375396,0.022943021906281738,55.0,11.540983606557377,27.0,1.0,305.0,334,305,906,robustness__S5_ns_wait__efficiency__2001,0,S5_ns_wait,2001,305,904,0,0.010000000000000009,73.0,9.246681415929203,26.0,0.9977924944812362,904.0,1.0344747890003418,3
1,surrogate,685,efficiency,robustness,0.9999969477674836,0.02235951405044126,65.0,10.715254237288136,35.0,0.9932659932659933,295.0,331,297,921,robustness__S5_ns_wait__efficiency__2002,0,S5_ns_wait,2002,295,918,0,0.08999999999999997,79.0,8.47930283224401,26.0,0.996742671009772,918.0,1.0912023739992947,3
1,surrogate,731,efficiency,robustness,0.9999912813609995,0.03192057777423632,82.0,12.017421602787456,36.0,0.9930795847750865,287.0,332,289,963,robustness__S5_ns_wait__efficiency__2003,0,S5_ns_wait,2003,287,962,0,0.10999999999999999,50.0,8.825363825363825,25.0,0.9989615784008308,962.0,1.1416722220001247,3
1,surrogate,720,efficiency,robustness,0.9999952741244135,0.026727886710239665,56.0,11.423333333333334,34.0,1.0,300.0,331,300,922,robustness__S5_ns_wait__efficiency__2004,0,S5_ns_wait,2004,300,918,0,0.09000000000000002,52.0,8.750544662309368,25.0,0.9956616052060737,918.0,1.1019832130004943,3
1,surrogate,717,efficiency,robustness,0.9999909790002142,0.01953790750422138,54.0,11.05693950177936,32.0,0.9929328621908127,281.0,331,283,922,robustness__S5_ns_wait__efficiency__2005,0,S5_ns_wait,2005,281,921,0,0.07,41.0,9.103148751357221,25.0,0.9989154013015185,921.0,1.1023041589996865,3
1,surrogate,697,efficiency,robustness,0.999997344576593,0.015896725689979227,56.0,10.818181818181818,29.0,1.0,275.0,330,275,922,robustness__S5_ns_wait__efficiency__2006,0,S5_ns_wait,2006,275,919,0,0.02999999999999997,51.0,9.228509249183896,26.0,0.9967462039045553,919.0,1.0505551609994654,3
1,surrogate,713,efficiency,robustness,0.9999995366710573,0.016048397208174872,51.0,10.928783382789318,30.0,0.9970414201183432,337.0,332,338,927,robustness__S5_ns_wait__efficiency__2007,0,S5_ns_wait,2007,337,923,0,0.03999999999999998,47.0,9.32394366197183,26.0,0.9956850053937433,923.0,1.0855290809995495,3
1,surrogate,667,efficiency,robustness,0.9999971434320837,0.021062327957712096,44.0,10.899686520376175,30.0,1.0,319.0,332,319,889,robustness__S5_ns_wait__efficiency__2008,0,S5_ns_wait,2008,319,886,0,0.03999999999999998,49.0,8.793453724604966,26.0,0.9966254218222722,886.0,1.0670901699995738,3
1,surrogate,727,efficiency,robustness,0.9999865825841944,0.023699042594136896,62.0,10.922794117647058,32.0,0.9927007299270073,272.0,328,274,917,robustness__S5_ns_wait__efficiency__2009,0,S5_ns_wait,2009,272,917,0,0.07,61.0,8.55288985823337,25.0,1.0,917.0,1.03381280999929,3
1,surrogate,711,efficiency,robustness,0.9999924110192001,0.030303146769156866,55.0,11.304347826086957,28.0,1.0,276.0,330,276,910,robustness__S5_ns_wait__efficiency__2010,0,S5_ns_wait,2010,276,905,0,0.030000000000000027,46.0,8.27403314917127,25.0,0.9945054945054945,905.0,1.1155184970002665,3
1,surrogate,716,efpb,robustness,0.9999987790375396,0.026652074568402725,56.0,11.422950819672131,28.0,1.0,305.0,331,305,906,robustness__S5_ns_wait__efpb__2001,0,S5_ns_wait,2001,305,904,0,0.030000000000000027,41.0,8.757743362831858,25.0,0.9977924944812362,904.0,43.068260461000136,3
1,surrogate,724,efpb,robustness,0.9999881331542079,0.03849628740385043,51.0,12.387755102040817,35.0,0.98989898989899,294.0,327,297,921,robustness__S5_ns_wait__efpb__2002,0,S5_ns_wait,2002,294,918,0,0.08999999999999997,42.0,8.538126361655774,26.0,0.996742671009772,918.0,42.09032242699959,3
1,surrogate,744,efpb,robustness,0.9999825453482724,0.03609901544865124,54.0,11.884615384615385,32.0,0.9896193771626297,286.0,331,289,963,robustness__S5_ns_wait__efpb__2003,0,S5_ns_wait,2003,286,961,0,0.08000000000000002,46.0,8.27471383975026,24.0,0.9979231568016614,961.0,43.705827537000005,3
1,surrogate,723,efpb,robustness,0.9999952741244135,0.04131350762527233,53.0,12.476666666666667,35.0,1.0,300.0,327,300,922,robustness__S5_ns_wait__efpb__2004,0,S5_ns_wait,2004,300,918,0,0.10999999999999999,49.0,8.345315904139433,24.0,0.9956616052060737,918.0,41.92281126399939,3
1,surrogate,746,efpb,robustness,0.9999863169961217,0.03470624125602363,57.0,11.639285714285714,31.0,0.9893992932862191,280.0,326,283,922,robustness__S5_ns_wait__efpb__2005,0,S5_ns_wait,2005,280,919,0,0.07,39.0,8.168661588683351,24.0,0.9967462039045553,919.0,41.307833076999486,3
1,surrogate,734,efpb,robustness,0.9999999631571043,0.03918385582551645,54.0,12.587591240875913,31.0,0.9963636363636363,274.0,326,275,922,robustness__S5_ns_wait__efpb__2006,0,S5_ns_wait,2006,274,919,0,0.07,42.0,8.669205658324266,24.0,0.9967462039045553,919.0,42.55751276599949,3
1,surrogate,719,efpb,robustness,0.9999991129818514,0.029806769167665406,54.0,11.857566765578635,28.0,0.9970414201183432,337.0,327,338,927,robustness__S5_ns_wait__efpb__2007,0,S5_ns_wait,2007,337,926,0,0.030000000000000027,51.0,8.876889848812095,25.0,0.9989212513484358,926.0,45.51879659499991,3
1,surrogate,703,efpb,robustness,0.9999998031007342,0.028451993505066192,50.0,11.855345911949685,29.0,0.9968652037617555,318.0,329,319,889,robustness__S5_ns_wait__efpb__2008,0,S5_ns_wait,2008,318,887,0,0.02999999999999997,40.0,9.010146561443067,26.0,0.9977502812148481,887.0,41.875854634999996,3
1,surrogate,736,efpb,robustness,0.9999865825841944,0.03899488421322728,54.0,11.919117647058824,33.0,0.9927007299270073,272.0,326,274,917,robustness__S5_ns_wait__efpb__2009,0,S5_ns_wait,2009,272,917,0,0.1,50.0,8.019629225736097,23.0,1.0,917.0,43.72115347599993,3
1,surrogate,742,efpb,robustness,0.9999758458844097,0.043768179015703776,55.0,12.805860805860807,31.0,0.9891304347826086,273.0,325,276,910,robustness__S5_ns_wait__efpb__2010,0,S5_ns_wait,2010,273,909,0,0.07,41.0,8.429042904290428,24.0,0.9989010989010989,909.0,41.28120628399938,3
1,surrogate,694,equal_bargaining,robustness,0.9999987790375396,0.024627157986362988,38.0,11.245901639344263,25.0,1.0,305.0,329,305,906,robustness__S5_ns_wait__equal_bargaining__2001,0,S5_ns_wait,2001,305,904,0,0.0,42.0,8.783185840707965,25.0,0.9977924944812362,904.0,39.51439229300013,3
1,surrogate,704,equal_bargaining,robustness,0.9999969477674836,0.011961375133857685,39.0,10.24406779661017,26.0,0.9932659932659933,295.0,328,297,921,robustness__S5_ns_wait__equal_bargaining__2002,0,S5_ns_wait,2002,295,918,0,0.010000000000000009,42.0,9.047930283224401,25.0,0.996742671009772,918.0,37.59748167500038,3
1,surrogate,723,equal_bargaining,robustness,0.9999995189158546,0.016167873453578438,40.0,10.399305555555555,26.0,0.9965397923875432,288.0,329,289,963,robustness__S5_ns_wait__equal_bargaining__2003,0,S5_ns_wait,2003,288,961,0,0.010000000000000009,40.0,8.782518210197711,25.0,0.9979231568016614,961.0,38.29368891700051,3
1,surrogate,711,equal_bargaining,robustness,0.9999952741244135,0.020272984749455325,38.0,11.17,25.0,1.0,300.0,330,300,922,robustness__S5_ns_wait__equal_bargaining__2004,0,S5_ns_wait,2004,300,918,0,0.010000000000000009,38.0,9.142701525054466,24.0,0.9956616052060737,918.0,35.78916910699991,3
1,surrogate,718,equal_bargaining,robustness,0.9999909790002142,0.018317201247290388,37.0,10.743772241992882,25.0,0.9929328621908127,281.0,329,283,922,robustness__S5_ns_wait__equal_bargaining__2005,0,S5_ns_wait,2005,281,921,0,0.0,42.0,8.912052117263844,25.0,0.9989154013015185,921.0,37.55631113399977,3
1,surrogate,713,equal_bargaining,robustness,0.9999999631571043,0.018226531536182616,30.0,11.062043795620438,25.0,0.9963636363636363,274.0,328,275,922,robustness__S5_ns_wait__equal_bargaining__2006,0,S5_ns_wait,2006,274,919,0,0.0,42.0,9.239390642002176,25.0,0.9967462039045553,919.0,37.1679901589996,3
1,surrogate,709,equal_bargaining,robustness,0.9999997087613329,0.02218008358147916,39.0,11.535502958579881,26.0,1.0,338.0,331,338,927,robustness__S5_ns_wait__equal_bargaining__2007,0,S5_ns_wait,2007,338,926,0,0.010000000000000009,39.0,9.317494600431965,25.0,0.9989212513484358,926.0,38.17240357999981,3
1,surrogate,685,equal_bargaining,robustness,0.9999949159414471,0.021451747161858215,29.0,10.86833855799373,26.0,1.0,319.0,328,319,889,robustness__S5_ns_wait__equal_bargaining__2008,0,S5_ns_wait,2008,319,885,0,0.020000000000000018,39.0,8.72316384180791,24.0,0.9955005624296963,885.0,36.80330193000009,3
1,surrogate,722,equal_bargaining,robustness,1.0,0.02656520389400535,37.0,11.18978102189781,26.0,1.0,274.0,329,274,917,robustness__S5_ns_wait__equal_bargaining__2009,0,S5_ns_wait,2009,274,917,0,0.010000000000000009,42.0,8.533260632497274,25.0,1.0,917.0,39.5029373010002,3
1,surrogate,709,equal_bargaining,robustness,0.9999924110192001,0.031777524221314746,40.0,11.764492753623188,25.0,1.0,276.0,329,276,910,robustness__S5_ns_wait__equal_bargaining__2010,0,S5_ns_wait,2010,276,905,0,0.0,40.0,8.586740331491713,25.0,0.9945054945054945,905.0,36.7325708190001,3
1,surrogate,280,fixed_time,robustness,0.9999971768277999,0.09699005847953215,72.0,29.407894736842106,68.0,0.9967213114754099,304.0,140,305,906,robustness__S5_ns_wait__fixed_time__2001,0,S5_ns_wait,2001,304,900,0,0.15000000000000002,59.0,19.70888888888889,53.0,0.9933774834437086,900.0,1.0538372089995391,3
1,surrogate,280,fixed_time,robustness,0.9999876676589083,0.13002525224267517,73.0,32.70307167235495,69.0,0.9865319865319865,293.0,140,297,921,robustness__S5_ns_wait__fixed_time__2002,0,S5_ns_wait,2002,293,915,0,0.16999999999999993,59.0,19.700546448087433,52.0,0.993485342019544,915.0,1.0816660949994912,3
1,surrogate,280,fixed_time,robustness,0.999968628033152,0.1537975186542452,73.0,34.71830985915493,69.0,0.9826989619377162,284.0,140,289,963,robustness__S5_ns_wait__fixed_time__2003,0,S5_ns_wait,2003,284,957,0,0.1499999999999999,59.0,19.338557993730408,54.0,0.9937694704049844,957.0,1.0759190909993777,3
1,surrogate,280,fixed_time,robustness,0.9999999935896544,0.12998212244658716,73.0,32.10738255033557,70.0,0.9933333333333333,298.0,140,300,922,robustness__S5_ns_wait__fixed_time__2004,0,S5_ns_wait,2004,298,916,0,0.16999999999999993,59.0,19.109170305676855,53.0,0.9934924078091106,916.0,1.0881543180003064,3
1,surrogate,280,fixed_time,robustness,0.9999770945655342,0.1399269427640763,73.0,33.84285714285714,69.0,0.9893992932862191,280.0,140,283,922,robustness__S5_ns_wait__fixed_time__2005,0,S5_ns_wait,2005,280,921,0,0.15999999999999992,59.0,19.850162866449512,53.0,0.9989154013015185,921.0,1.0929587780001384,3
1,surrogate,280,fixed_time,robustness,0.9999309355059969,0.10420787844636423,73.0,30.026022304832715,67.0,0.9781818181818182,269.0,140,275,922,robustness__S5_ns_wait__fixed_time__2006,0,S5_ns_wait,2006,269,917,0,0.14,59.0,19.605234460196293,53.0,0.9945770065075922,917.0,1.0908147950003695,3
1,surrogate,280,fixed_time,robustness,0.9999479194984624,0.16043601628336462,73.0,35.38670694864048,70.0,0.9792899408284024,331.0,140,338,927,robustness__S5_ns_wait__fixed_time__2007,0,S5_ns_wait,2007,331,921,0,0.16999999999999993,59.0,19.343105320304016,53.0,0.9935275080906149,921.0,1.1211099550000654,3
1,surrogate,280,fixed_time,robustness,0.9999981089950186,0.13848462279385704,73.0,33.86435331230284,71.0,0.9937304075235109,317.0,140,319,889,robustness__S5_ns_wait__fixed_time__2008,0,S5_ns_wait,2008,317,881,0,0.16999999999999993,59.0,20.01589103291714,54.0,0.9910011248593926,881.0,1.1107644900002924,3
1,surrogate,280,fixed_time,robustness,0.999980526599098,0.13153263565422543,73.0,33.96309963099631,70.0,0.9890510948905109,271.0,140,274,917,robustness__S5_ns_wait__fixed_time__2009,0,S5_ns_wait,2009,271,915,0,0.15999999999999992,59.0,20.80983606557377,54.0,0.9978189749182116,915.0,1.0825206219997199,3
1,surrogate,280,fixed_time,robustness,0.9999988985611293,0.12213993323749414,73.0,32.747252747252745,68.0,0.9891304347826086,273.0,140,276,910,robustness__S5_ns_wait__fixed_time__2010,0,S5_ns_wait,2010,273,902,0,0.14,59.0,20.533259423503328,54.0,0.9912087912087912,902.0,1.085834739999882,3
1,surrogate,723,efficiency,robustness,0.9999945625820217,0.03466063767788109,63.0,13.460496613995485,36.0,0.9932735426008968,443.0,335,446,1440,robustness__S6_conflict__efficiency__2001,0,S6_conflict,2001,443,1437,0,0.09999999999999998,50.0,9.994432846207376,26.0,0.9979166666666667,1437.0,1.0658763100000215,3
1,surrogate,720,efficiency,robustness,0.9999940053315847,0.0377291141221581,77.0,13.791845493562231,40.0,1.0,466.0,335,466,1433,robustness__S6_conflict__efficiency__2002,0,S6_conflict,2002,466,1426,0,0.14,64.0,10.018934081346423,26.0,0.9951151430565248,1426.0,1.1036755169998287,3
1,surrogate,723,efficiency,robustness,0.999999775501492,0.031872836933744125,80.0,12.83442265795207,34.0,0.9956616052060737,459.0,335,461,1473,robustness__S6_conflict__efficiency__2003,0,S6_conflict,2003,459,1468,0,0.08000000000000002,54.0,9.647138964577657,26.0,0.9966055668703326,1468.0,1.0964396200006377,3
1,surrogate,708,efficiency,robustness,0.9999998711554471,0.03538600628930817,53.0,13.50943396226415,36.0,0.9958246346555324,477.0,337,479,1445,robustness__S6_conflict__efficiency__2004,0,S6_conflict,2004,477,1440,0,0.09999999999999998,47.0,9.970833333333333,26.0,0.9965397923875432,1440.0,1.046128425000461,3
1,surrogate,736,efficiency,robustness,0.9999999214285296,0.03623179489106289,53.0,13.483221476510067,34.0,0.9977678571428571,447.0,335,448,1433,robustness__S6_conflict__efficiency__2005,0,S6_conflict,2005,447,1429,0,0.09000000000000002,62.0,9.860041987403779,25.0,0.9972086531751571,1429.0,1.0557663489998959,3
1,surrogate,734,efficiency,robustness,0.9999998003314778,0.037737603305785114,57.0,13.238636363636363,33.0,0.9977324263038548,440.0,334,441,1454,robustness__S6_conflict__efficiency__2006,0,S6_conflict,2006,440,1452,0,0.08000000000000002,41.0,9.464876033057852,25.0,0.9986244841815681,1452.0,1.0723517739997988,3
1,surrogate,702,efficiency,robustness,0.9999974070949698,0.02429265177866277,53.0,12.473895582329318,29.0,0.9940119760479041,498.0,336,501,1438,robustness__S6_conflict__efficiency__2007,0,S6_conflict,2007,498,1434,0,0.02999999999999997,49.0,10.04463040446304,26.0,0.9972183588317107,1434.0,1.0699007800003528,3
1,surrogate,697,efficiency,robustness,0.9999998730843672,0.0250620913506093,63.0,12.236786469344608,32.0,1.0,473.0,337,473,1404,robustness__S6_conflict__efficiency__2008,0,S6_conflict,2008,473,1403,0,0.06,46.0,9.730577334283678,26.0,0.9992877492877493,1403.0,1.0720119460002024,3
1,surrogate,703,efficiency,robustness,0.9999994991648554,0.025279840057292904,65.0,12.184322033898304,30.0,0.9957805907172996,472.0,337,474,1424,robustness__S6_conflict__efficiency__2009,0,S6_conflict,2009,472,1420,0,0.04999999999999999,47.0,9.656338028169014,25.0,0.9971910112359551,1420.0,1.0887918329999593,3
1,surrogate,735,efficiency,robustness,0.9999996653375773,0.03738363306210565,58.0,13.4364896073903,36.0,0.9976958525345622,433.0,334,434,1446,robustness__S6_conflict__efficiency__2010,0,S6_conflict,2010,433,1441,0,0.09999999999999998,48.0,9.698126301179736,26.0,0.9965421853388658,1441.0,1.0876622539999516,3
1,surrogate,755,efpb,robustness,0.9999999936667561,0.05407432775836052,57.0,15.083146067415731,40.0,0.9977578475336323,445.0,329,446,1440,robustness__S6_conflict__efpb__2001,0,S6_conflict,2001,445,1437,0,0.15000000000000002,42.0,9.67571329157968,25.0,0.9979166666666667,1437.0,51.590237778999835,3
1,surrogate,741,efpb,robustness,0.9999978047285537,0.05433865122722957,56.0,15.142548596112311,41.0,0.9935622317596566,463.0,330,466,1433,robustness__S6_conflict__efpb__2002,0,S6_conflict,2002,463,1428,0,0.14999999999999997,50.0,9.708683473389355,26.0,0.9965108164689462,1428.0,51.6089789130001,3
1,surrogate,747,efpb,robustness,0.9999999250098084,0.051308402640068654,54.0,14.665217391304347,39.0,0.9978308026030369,460.0,330,461,1473,robustness__S6_conflict__efpb__2003,0,S6_conflict,2003,460,1469,0,0.13,42.0,9.534377127297482,26.0,0.9972844534962662,1469.0,51.07955158200002,3
1,surrogate,736,efpb,robustness,0.9999980413155256,0.04789244977924223,55.0,14.40670859538784,38.0,0.9958246346555324,477.0,331,479,1445,robustness__S6_conflict__efpb__2004,0,S6_conflict,2004,477,1443,0,0.12,41.0,9.617463617463617,26.0,0.9986159169550173,1443.0,51.18897838400062,3
1,surrogate,752,efpb,robustness,0.9999946564474478,0.05283303213640292,53.0,14.853932584269662,37.0,0.9933035714285714,445.0,331,448,1433,robustness__S6_conflict__efpb__2005,0,S6_conflict,2005,445,1430,0,0.12,42.0,9.570629370629371,25.0,0.9979064898813678,1430.0,50.82687929399981,3
1,surrogate,749,efpb,robustness,0.9999996550981489,0.06029350963046616,54.0,14.856818181818182,39.0,0.9977324263038548,440.0,330,441,1454,robustness__S6_conflict__efpb__2006,0,S6_conflict,2006,440,1449,0,0.13,41.0,8.827467218771567,26.0,0.9965612104539202,1449.0,51.24209209899982,3
1,surrogate,734,efpb,robustness,0.99999486310211,0.0438513425283031,54.0,14.156941649899396,36.0,0.9920159680638723,497.0,332,501,1438,robustness__S6_conflict__efpb__2007,0,S6_conflict,2007,497,1433,0,0.09999999999999998,42.0,9.771807397069086,26.0,0.9965229485396384,1433.0,53.915081506000206,3
1,surrogate,742,efpb,robustness,0.9999995072677089,0.04851574108750015,54.0,14.326271186440678,38.0,0.9978858350951374,472.0,330,473,1404,robustness__S6_conflict__efpb__2008,0,S6_conflict,2008,472,1403,0,0.13,41.0,9.474697077690664,25.0,0.9992877492877493,1403.0,51.512707702000625,3
1,surrogate,736,efpb,robustness,0.9999979952156705,0.05597388490145121,54.0,14.949044585987261,40.0,0.9936708860759493,471.0,330,474,1424,robustness__S6_conflict__efpb__2009,0,S6_conflict,2009,471,1419,0,0.15000000000000002,43.0,9.351656095842142,25.0,0.9964887640449438,1419.0,51.204725497000254,3
1,surrogate,757,efpb,robustness,0.9999986696643564,0.05892959474092743,54.0,15.457274826789838,40.0,0.9976958525345622,433.0,330,434,1446,robustness__S6_conflict__efpb__2010,0,S6_conflict,2010,433,1446,0,0.14,41.0,9.564315352697095,26.0,1.0,1446.0,49.82083685799989,3
1,surrogate,719,equal_bargaining,robustness,0.9999945625820217,0.02605343148112367,44.0,12.498871331828443,29.0,0.9932735426008968,443.0,334,446,1440,robustness__S6_conflict__equal_bargaining__2001,0,S6_conflict,2001,443,1437,0,0.02999999999999997,40.0,9.893528183716075,26.0,0.9979166666666667,1437.0,45.730148783000004,3
1,surrogate,717,equal_bargaining,robustness,0.9999940053315847,0.025101035941948735,39.0,12.693133047210301,27.0,1.0,466.0,334,466,1433,robustness__S6_conflict__equal_bargaining__2002,0,S6_conflict,2002,466,1426,0,0.010000000000000009,40.0,10.183029453015427,26.0,0.9951151430565248,1426.0,44.715424608999456,3
1,surrogate,715,equal_bargaining,robustness,0.9999983204139702,0.028247701524408336,60.0,13.547826086956523,34.0,0.9978308026030369,460.0,333,461,1473,robustness__S6_conflict__equal_bargaining__2003,0,S6_conflict,2003,460,1466,0,0.08000000000000002,42.0,10.723055934515688,26.0,0.9952477936184657,1466.0,44.9412916149995,3
1,surrogate,715,equal_bargaining,robustness,0.9999980413155256,0.02720733796205492,52.0,12.918238993710691,35.0,0.9958246346555324,477.0,333,479,1445,robustness__S6_conflict__equal_bargaining__2004,0,S6_conflict,2004,477,1443,0,0.08999999999999997,41.0,10.197505197505198,26.0,0.9986159169550173,1443.0,45.808074204999684,3
1,surrogate,713,equal_bargaining,robustness,0.9999996026924681,0.038412761077585386,52.0,14.10738255033557,33.0,0.9977678571428571,447.0,335,448,1433,robustness__S6_conflict__equal_bargaining__2005,0,S6_conflict,2005,447,1428,0,0.07,41.0,10.266106442577032,26.0,0.9965108164689462,1428.0,44.75507387899961,3
1,surrogate,728,equal_bargaining,robustness,0.9999999895200429,0.020974797944990922,44.0,12.056818181818182,26.0,0.9977324263038548,440.0,335,441,1454,robustness__S6_conflict__equal_bargaining__2006,0,S6_conflict,2006,440,1451,0,0.010000000000000009,41.0,9.95933838731909,25.0,0.9979367262723521,1451.0,45.20843722900008,3
1,surrogate,714,equal_bargaining,robustness,0.9999677808585797,0.029690137280951476,41.0,13.115151515151515,34.0,0.9880239520958084,495.0,333,501,1438,robustness__S6_conflict__equal_bargaining__2007,0,S6_conflict,2007,495,1437,0,0.09000000000000002,41.0,10.146137787056368,25.0,0.9993045897079277,1437.0,44.940328636999766,3
1,surrogate,717,equal_bargaining,robustness,0.9999968180567387,0.028640844336108404,50.0,13.357293868921776,33.0,1.0,473.0,334,473,1404,robustness__S6_conflict__equal_bargaining__2008,0,S6_conflict,2008,473,1399,0,0.07,42.0,10.493209435310936,26.0,0.9964387464387464,1399.0,45.92718343700017,3
1,surrogate,708,equal_bargaining,robustness,0.9999994991648554,0.02377667701121987,41.0,13.072033898305085,30.0,0.9957805907172996,472.0,334,474,1424,robustness__S6_conflict__equal_bargaining__2009,0,S6_conflict,2009,472,1420,0,0.03999999999999998,41.0,10.694366197183099,26.0,0.9971910112359551,1420.0,43.49248324000018,3
1,surrogate,727,equal_bargaining,robustness,0.9999986696643564,0.02454491006487597,54.0,12.572748267898383,32.0,0.9976958525345622,433.0,332,434,1446,robustness__S6_conflict__equal_bargaining__2010,0,S6_conflict,2010,433,1446,0,0.06,41.0,10.118257261410788,26.0,1.0,1446.0,44.29544136700042,3
1,surrogate,280,fixed_time,robustness,0.9999874023607598,0.13503866260590713,73.0,33.39229024943311,68.0,0.9887892376681614,441.0,140,446,1440,robustness__S6_conflict__fixed_time__2001,0,S6_conflict,2001,441,1434,0,0.14,59.0,19.888423988842398,54.0,0.9958333333333333,1434.0,1.0863404620004076,3
1,surrogate,280,fixed_time,robustness,0.9999993455898477,0.15010475703729392,86.0,34.67316017316017,71.0,0.9914163090128756,462.0,140,466,1433,robustness__S6_conflict__fixed_time__2002,0,S6_conflict,2002,462,1423,0,0.18999999999999995,59.0,19.66268446943078,52.0,0.9930216329378926,1423.0,1.118161847999545,3
1,surrogate,280,fixed_time,robustness,0.9999989590593787,0.13298125450612835,73.0,33.828947368421055,69.0,0.9891540130151844,456.0,140,461,1473,robustness__S6_conflict__fixed_time__2003,0,S6_conflict,2003,456,1460,0,0.15999999999999992,59.0,20.53082191780822,53.0,0.991174473862865,1460.0,1.0994915990004301,3
1,surrogate,280,fixed_time,robustness,0.9999980951011685,0.13770319724760588,73.0,33.35220125786164,71.0,0.9958246346555324,477.0,140,479,1445,robustness__S6_conflict__fixed_time__2004,0,S6_conflict,2004,477,1435,0,0.17999999999999994,59.0,19.581881533101047,53.0,0.9930795847750865,1435.0,1.087446927000201,3
1,surrogate,280,fixed_time,robustness,0.999994916736482,0.1284433801432049,73.0,32.2247191011236,68.0,0.9933035714285714,445.0,140,448,1433,robustness__S6_conflict__fixed_time__2005,0,S6_conflict,2005,445,1417,0,0.14,59.0,19.380381086803105,54.0,0.988834612700628,1417.0,1.1866723250004725,3
1,surrogate,280,fixed_time,robustness,0.9999909484875209,0.14109361997226078,78.0,34.35,70.0,0.9977324263038548,440.0,140,441,1454,robustness__S6_conflict__fixed_time__2006,0,S6_conflict,2006,440,1442,0,0.16999999999999993,59.0,20.240638002773924,53.0,0.9917469050894085,1442.0,1.0833346939998592,3
1,surrogate,280,fixed_time,robustness,0.9999250055367156,0.17116958313723815,84.0,35.83673469387755,71.0,0.9780439121756487,490.0,140,501,1438,robustness__S6_conflict__fixed_time__2007,0,S6_conflict,2007,490,1431,0,0.17999999999999994,59.0,18.71977638015374,53.0,0.9951321279554938,1431.0,1.1142674779994195,3
1,surrogate,280,fixed_time,robustness,0.9999678406636408,0.14153013955400398,79.0,34.066523605150216,70.0,0.985200845665962,466.0,140,473,1404,robustness__S6_conflict__fixed_time__2008,0,S6_conflict,2008,466,1399,0,0.15999999999999992,59.0,19.91350964974982,54.0,0.9964387464387464,1399.0,1.1023864870003308,3
1,surrogate,280,fixed_time,robustness,0.9999898171545478,0.15146917036818724,75.0,36.02985074626866,70.0,0.989451476793249,469.0,140,474,1424,robustness__S6_conflict__fixed_time__2009,0,S6_conflict,2009,469,1418,0,0.15999999999999992,59.0,20.88293370944993,54.0,0.9957865168539326,1418.0,1.1127863070005333,3
1,surrogate,280,fixed_time,robustness,0.9999999867793524,0.1399367016688033,73.0,34.40184757505774,70.0,0.9976958525345622,433.0,140,434,1446,robustness__S6_conflict__fixed_time__2010,0,S6_conflict,2010,433,1443,0,0.16999999999999993,59.0,20.40817740817741,53.0,0.9979253112033195,1443.0,1.1529581600007077,3
1,surrogate,694,efficiency,robustness,0.9999987790375396,0.022943021906281738,55.0,11.540983606557377,27.0,1.0,305.0,334,305,906,robustness__S7_emergency__efficiency__2001,0,S7_emergency,2001,305,904,0,0.010000000000000009,73.0,9.246681415929203,26.0,0.9977924944812362,904.0,1.1029151210004784,3
1,surrogate,685,efficiency,robustness,0.9999969477674836,0.02235951405044126,65.0,10.715254237288136,35.0,0.9932659932659933,295.0,331,297,921,robustness__S7_emergency__efficiency__2002,0,S7_emergency,2002,295,918,0,0.08999999999999997,79.0,8.47930283224401,26.0,0.996742671009772,918.0,1.0803161710000495,3
1,surrogate,731,efficiency,robustness,0.9999912813609995,0.03192057777423632,82.0,12.017421602787456,36.0,0.9930795847750865,287.0,332,289,963,robustness__S7_emergency__efficiency__2003,0,S7_emergency,2003,287,962,0,0.10999999999999999,50.0,8.825363825363825,25.0,0.9989615784008308,962.0,1.0766977519997454,3
1,surrogate,720,efficiency,robustness,0.9999952741244135,0.026727886710239665,56.0,11.423333333333334,34.0,1.0,300.0,331,300,922,robustness__S7_emergency__efficiency__2004,0,S7_emergency,2004,300,918,0,0.09000000000000002,52.0,8.750544662309368,25.0,0.9956616052060737,918.0,1.1738274750005075,3
1,surrogate,717,efficiency,robustness,0.9999909790002142,0.01953790750422138,54.0,11.05693950177936,32.0,0.9929328621908127,281.0,331,283,922,robustness__S7_emergency__efficiency__2005,0,S7_emergency,2005,281,921,0,0.07,41.0,9.103148751357221,25.0,0.9989154013015185,921.0,1.084512261000782,3
1,surrogate,697,efficiency,robustness,0.999997344576593,0.015896725689979227,56.0,10.818181818181818,29.0,1.0,275.0,330,275,922,robustness__S7_emergency__efficiency__2006,0,S7_emergency,2006,275,919,0,0.02999999999999997,51.0,9.228509249183896,26.0,0.9967462039045553,919.0,1.0767630659993301,3
1,surrogate,713,efficiency,robustness,0.9999995366710573,0.016048397208174872,51.0,10.928783382789318,30.0,0.9970414201183432,337.0,332,338,927,robustness__S7_emergency__efficiency__2007,0,S7_emergency,2007,337,923,0,0.03999999999999998,47.0,9.32394366197183,26.0,0.9956850053937433,923.0,1.0645562649997373,3
1,surrogate,667,efficiency,robustness,0.9999971434320837,0.021062327957712096,44.0,10.899686520376175,30.0,1.0,319.0,332,319,889,robustness__S7_emergency__efficiency__2008,0,S7_emergency,2008,319,886,0,0.03999999999999998,49.0,8.793453724604966,26.0,0.9966254218222722,886.0,1.1014565739997124,3
1,surrogate,727,efficiency,robustness,0.9999865825841944,0.023699042594136896,62.0,10.922794117647058,32.0,0.9927007299270073,272.0,328,274,917,robustness__S7_emergency__efficiency__2009,0,S7_emergency,2009,272,917,0,0.07,61.0,8.55288985823337,25.0,1.0,917.0,1.0459838050001053,3
1,surrogate,711,efficiency,robustness,0.9999924110192001,0.030303146769156866,55.0,11.304347826086957,28.0,1.0,276.0,330,276,910,robustness__S7_emergency__efficiency__2010,0,S7_emergency,2010,276,905,0,0.030000000000000027,46.0,8.27403314917127,25.0,0.9945054945054945,905.0,1.1053745270000945,3
1,surrogate,716,efpb,robustness,0.9999987790375396,0.026652074568402725,56.0,11.422950819672131,28.0,1.0,305.0,331,305,906,robustness__S7_emergency__efpb__2001,0,S7_emergency,2001,305,904,0,0.030000000000000027,41.0,8.757743362831858,25.0,0.9977924944812362,904.0,43.13847097500002,3
1,surrogate,724,efpb,robustness,0.9999881331542079,0.03849628740385043,51.0,12.387755102040817,35.0,0.98989898989899,294.0,327,297,921,robustness__S7_emergency__efpb__2002,0,S7_emergency,2002,294,918,0,0.08999999999999997,42.0,8.538126361655774,26.0,0.996742671009772,918.0,41.932016220999685,3
1,surrogate,744,efpb,robustness,0.9999825453482724,0.03609901544865124,54.0,11.884615384615385,32.0,0.9896193771626297,286.0,331,289,963,robustness__S7_emergency__efpb__2003,0,S7_emergency,2003,286,961,0,0.08000000000000002,46.0,8.27471383975026,24.0,0.9979231568016614,961.0,42.89452935300051,3
1,surrogate,723,efpb,robustness,0.9999952741244135,0.04131350762527233,53.0,12.476666666666667,35.0,1.0,300.0,327,300,922,robustness__S7_emergency__efpb__2004,0,S7_emergency,2004,300,918,0,0.10999999999999999,49.0,8.345315904139433,24.0,0.9956616052060737,918.0,41.28830869400008,3
1,surrogate,746,efpb,robustness,0.9999863169961217,0.03470624125602363,57.0,11.639285714285714,31.0,0.9893992932862191,280.0,326,283,922,robustness__S7_emergency__efpb__2005,0,S7_emergency,2005,280,919,0,0.07,39.0,8.168661588683351,24.0,0.9967462039045553,919.0,40.84099396199963,3
1,surrogate,734,efpb,robustness,0.9999999631571043,0.03918385582551645,54.0,12.587591240875913,31.0,0.9963636363636363,274.0,326,275,922,robustness__S7_emergency__efpb__2006,0,S7_emergency,2006,274,919,0,0.07,42.0,8.669205658324266,24.0,0.9967462039045553,919.0,42.19810260599934,3
1,surrogate,719,efpb,robustness,0.9999991129818514,0.029806769167665406,54.0,11.857566765578635,28.0,0.9970414201183432,337.0,327,338,927,robustness__S7_emergency__efpb__2007,0,S7_emergency,2007,337,926,0,0.030000000000000027,51.0,8.876889848812095,25.0,0.9989212513484358,926.0,45.508662449999974,3
1,surrogate,699,efpb,robustness,0.9999998031007342,0.028280047932044278,50.0,11.635220125786164,29.0,0.9968652037617555,318.0,328,319,889,robustness__S7_emergency__efpb__2008,0,S7_emergency,2008,318,887,0,0.02999999999999997,40.0,8.807215332581736,26.0,0.9977502812148481,887.0,40.308555092999995,3
1,surrogate,736,efpb,robustness,0.9999865825841944,0.03899488421322728,54.0,11.919117647058824,33.0,0.9927007299270073,272.0,326,274,917,robustness__S7_emergency__efpb__2009,0,S7_emergency,2009,272,917,0,0.1,50.0,8.019629225736097,23.0,1.0,917.0,43.61289795999983,3
1,surrogate,742,efpb,robustness,0.9999758458844097,0.043768179015703776,55.0,12.805860805860807,31.0,0.9891304347826086,273.0,325,276,910,robustness__S7_emergency__efpb__2010,0,S7_emergency,2010,273,909,0,0.07,41.0,8.429042904290428,24.0,0.9989010989010989,909.0,41.59064466499967,3
1,surrogate,694,equal_bargaining,robustness,0.9999987790375396,0.024627157986362988,38.0,11.245901639344263,25.0,1.0,305.0,329,305,906,robustness__S7_emergency__equal_bargaining__2001,0,S7_emergency,2001,305,904,0,0.0,42.0,8.783185840707965,25.0,0.9977924944812362,904.0,38.9841062330006,3
1,surrogate,704,equal_bargaining,robustness,0.9999969477674836,0.011961375133857685,39.0,10.24406779661017,26.0,0.9932659932659933,295.0,328,297,921,robustness__S7_emergency__equal_bargaining__2002,0,S7_emergency,2002,295,918,0,0.010000000000000009,42.0,9.047930283224401,25.0,0.996742671009772,918.0,36.58327263999945,3
1,surrogate,723,equal_bargaining,robustness,0.9999995189158546,0.016167873453578438,40.0,10.399305555555555,26.0,0.9965397923875432,288.0,329,289,963,robustness__S7_emergency__equal_bargaining__2003,0,S7_emergency,2003,288,961,0,0.010000000000000009,40.0,8.782518210197711,25.0,0.9979231568016614,961.0,37.37456985799963,3
1,surrogate,711,equal_bargaining,robustness,0.9999952741244135,0.020272984749455325,38.0,11.17,25.0,1.0,300.0,330,300,922,robustness__S7_emergency__equal_bargaining__2004,0,S7_emergency,2004,300,918,0,0.010000000000000009,38.0,9.142701525054466,24.0,0.9956616052060737,918.0,36.383591132999754,3
1,surrogate,718,equal_bargaining,robustness,0.9999909790002142,0.018317201247290388,37.0,10.743772241992882,25.0,0.9929328621908127,281.0,329,283,922,robustness__S7_emergency__equal_bargaining__2005,0,S7_emergency,2005,281,921,0,0.0,42.0,8.912052117263844,25.0,0.9989154013015185,921.0,36.82781836599952,3
1,surrogate,713,equal_bargaining,robustness,0.9999999631571043,0.018226531536182616,30.0,11.062043795620438,25.0,0.9963636363636363,274.0,328,275,922,robustness__S7_emergency__equal_bargaining__2006,0,S7_emergency,2006,274,919,0,0.0,42.0,9.239390642002176,25.0,0.9967462039045553,919.0,36.32658450100007,3
1,surrogate,709,equal_bargaining,robustness,0.9999997087613329,0.02218008358147916,39.0,11.535502958579881,26.0,1.0,338.0,331,338,927,robustness__S7_emergency__equal_bargaining__2007,0,S7_emergency,2007,338,926,0,0.010000000000000009,39.0,9.317494600431965,25.0,0.9989212513484358,926.0,38.47267472599924,3
1,surrogate,685,equal_bargaining,robustness,0.9999949159414471,0.021451747161858215,29.0,10.86833855799373,26.0,1.0,319.0,328,319,889,robustness__S7_emergency__equal_bargaining__2008,0,S7_emergency,2008,319,885,0,0.020000000000000018,39.0,8.72316384180791,24.0,0.9955005624296963,885.0,37.07581559800019,3
1,surrogate,722,equal_bargaining,robustness,1.0,0.02656520389400535,37.0,11.18978102189781,26.0,1.0,274.0,329,274,917,robustness__S7_emergency__equal_bargaining__2009,0,S7_emergency,2009,274,917,0,0.010000000000000009,42.0,8.533260632497274,25.0,1.0,917.0,39.52241968599992,3
1,surrogate,709,equal_bargaining,robustness,0.9999924110192001,0.031777524221314746,40.0,11.764492753623188,25.0,1.0,276.0,329,276,910,robustness__S7_emergency__equal_bargaining__2010,0,S7_emergency,2010,276,905,0,0.0,40.0,8.586740331491713,25.0,0.9945054945054945,905.0,36.585172237000734,3
1,surrogate,284,fixed_time,robustness,0.9999971768277999,0.10473669590643275,83.0,30.14144736842105,68.0,0.9967213114754099,304.0,141,305,906,robustness__S7_emergency__fixed_time__2001,0,S7_emergency,2001,304,900,0,0.15000000000000002,59.0,19.66777777777778,53.0,0.9933774834437086,900.0,1.059961193000163,3
1,surrogate,284,fixed_time,robustness,0.9999876676589083,0.1283768440291688,86.0,32.430034129692835,69.0,0.9865319865319865,293.0,141,297,921,robustness__S7_emergency__fixed_time__2002,0,S7_emergency,2002,293,915,0,0.16999999999999993,59.0,19.592349726775957,52.0,0.993485342019544,915.0,1.0923419459995785,3
1,surrogate,284,fixed_time,robustness,0.999968628033152,0.157502796297114,87.0,34.90492957746479,70.0,0.9826989619377162,284.0,141,289,963,robustness__S7_emergency__fixed_time__2003,0,S7_emergency,2003,284,957,0,0.15999999999999992,59.0,19.154649947753395,54.0,0.9937694704049844,957.0,1.0868848669997533,3
1,surrogate,284,fixed_time,robustness,0.9999999935896544,0.13329218076844168,86.0,32.38926174496644,71.0,0.9933333333333333,298.0,141,300,922,robustness__S7_emergency__fixed_time__2004,0,S7_emergency,2004,298,916,0,0.17999999999999994,59.0,19.060043668122272,53.0,0.9934924078091106,916.0,1.128249549999964,3
1,surrogate,284,fixed_time,robustness,0.9999770945655342,0.14621587560105476,84.0,34.339285714285715,69.0,0.9893992932862191,280.0,141,283,922,robustness__S7_emergency__fixed_time__2005,0,S7_emergency,2005,280,921,0,0.15999999999999992,59.0,19.71769815418024,53.0,0.9989154013015185,921.0,1.1273747400000502,3
1,surrogate,284,fixed_time,robustness,0.9999309355059969,0.1064161055324255,77.0,30.148698884758364,68.0,0.9781818181818182,269.0,141,275,922,robustness__S7_emergency__fixed_time__2006,0,S7_emergency,2006,269,917,0,0.15000000000000002,59.0,19.507088331515813,53.0,0.9945770065075922,917.0,1.0879801050004971,3
1,surrogate,284,fixed_time,robustness,0.9999479194984624,0.16515471492630826,73.0,35.76737160120846,70.0,0.9792899408284024,331.0,141,338,927,robustness__S7_emergency__fixed_time__2007,0,S7_emergency,2007,331,921,0,0.16999999999999993,59.0,19.251900108577633,53.0,0.9935275080906149,921.0,1.0550681149998127,3
1,surrogate,284,fixed_time,robustness,0.9999981089950186,0.13707598549110742,86.0,33.63722397476341,71.0,0.9937304075235109,317.0,141,319,889,robustness__S7_emergency__fixed_time__2008,0,S7_emergency,2008,317,881,0,0.16999999999999993,59.0,19.929625425652667,54.0,0.9910011248593926,881.0,1.0813097709997237,3
1,surrogate,284,fixed_time,robustness,0.999980526599098,0.1354285483838445,86.0,34.23247232472325,70.0,0.9890510948905109,271.0,141,274,917,robustness__S7_emergency__fixed_time__2009,0,S7_emergency,2009,271,915,0,0.15999999999999992,59.0,20.689617486338797,54.0,0.9978189749182116,915.0,1.0731763840003623,3
1,surrogate,284,fixed_time,robustness,0.9999988985611293,0.12452921062677158,73.0,32.84981684981685,68.0,0.9891304347826086,273.0,141,276,910,robustness__S7_emergency__fixed_time__2010,0,S7_emergency,2010,273,902,0,0.14,59.0,20.39689578713969,54.0,0.9912087912087912,902.0,1.0842195390005145,3
1,surrogate,692,efficiency,robustness,0.9999977755327358,0.06041954968239567,58.0,16.346642468239565,36.0,0.9981884057971014,551.0,328,552,1672,robustness__S8_repeated_imbalance__efficiency__2001,0,S8_repeated_imbalance,2001,551,1664,0,0.09999999999999998,45.0,10.3046875,26.0,0.9952153110047847,1664.0,1.0609540679997735,3
1,surrogate,694,efficiency,robustness,0.9999995715845728,0.04855579246624023,51.0,15.380952380952381,35.0,0.994535519125683,546.0,327,549,1682,robustness__S8_repeated_imbalance__efficiency__2002,0,S8_repeated_imbalance,2002,546,1675,0,0.08999999999999997,43.0,10.525373134328358,26.0,0.9958382877526754,1675.0,1.1078858789996957,3
1,surrogate,693,efficiency,robustness,0.9999529155527102,0.05738035076496614,47.0,16.17117117117117,37.0,0.9823008849557522,555.0,326,565,1697,robustness__S8_repeated_imbalance__efficiency__2003,0,S8_repeated_imbalance,2003,555,1690,0,0.10999999999999999,55.0,10.433136094674555,26.0,0.995875073659399,1690.0,1.1238237440002194,3
1,surrogate,690,efficiency,robustness,0.9999884340923945,0.03944437563265325,54.0,14.416058394160585,34.0,0.9891696750902527,548.0,332,554,1716,robustness__S8_repeated_imbalance__efficiency__2004,0,S8_repeated_imbalance,2004,548,1709,0,0.09000000000000002,62.0,10.47162083089526,25.0,0.995920745920746,1709.0,1.0691309809999439,3
1,surrogate,697,efficiency,robustness,0.9999885751735585,0.052444788565169986,53.0,15.63899613899614,38.0,0.9885496183206107,518.0,324,524,1686,robustness__S8_repeated_imbalance__efficiency__2005,0,S8_repeated_imbalance,2005,518,1678,0,0.12,47.0,10.394517282479141,26.0,0.9952550415183867,1678.0,1.0928087669999513,3
1,surrogate,707,efficiency,robustness,0.9999752449875338,0.06112769614960219,54.0,16.142023346303503,38.0,0.9865642994241842,514.0,324,521,1681,robustness__S8_repeated_imbalance__efficiency__2006,0,S8_repeated_imbalance,2006,514,1675,0,0.13,40.0,10.029253731343283,25.0,0.9964306960142773,1675.0,1.0638911509995523,3
1,surrogate,683,efficiency,robustness,0.9999979633697791,0.05416454930429522,45.0,15.809437386569872,35.0,0.9981884057971014,551.0,328,552,1718,robustness__S8_repeated_imbalance__efficiency__2007,0,S8_repeated_imbalance,2007,551,1710,0,0.09999999999999998,40.0,10.39298245614035,25.0,0.9953434225844005,1710.0,1.066986454000471,3
1,surrogate,697,efficiency,robustness,0.9999349777157875,0.047861260977164755,62.0,15.47191011235955,36.0,0.9798165137614679,534.0,330,545,1646,robustness__S8_repeated_imbalance__efficiency__2008,0,S8_repeated_imbalance,2008,534,1639,0,0.09999999999999998,58.0,10.685784014643074,26.0,0.9957472660996355,1639.0,1.0687420280000879,3
1,surrogate,680,efficiency,robustness,0.9999973344828524,0.04700152220317037,53.0,14.897058823529411,33.0,0.9890909090909091,544.0,328,550,1694,robustness__S8_repeated_imbalance__efficiency__2009,0,S8_repeated_imbalance,2009,544,1681,0,0.07,43.0,10.196906603212373,26.0,0.9923258559622196,1681.0,1.0775443239999731,3
1,surrogate,692,efficiency,robustness,0.9999991600833243,0.03651159177385711,51.0,14.22768670309654,34.0,0.9909747292418772,549.0,327,554,1665,robustness__S8_repeated_imbalance__efficiency__2010,0,S8_repeated_imbalance,2010,549,1653,0,0.08000000000000002,46.0,10.576527525710828,26.0,0.9927927927927928,1653.0,1.0733841199999006,3
1,surrogate,729,efpb,robustness,0.9999984936232784,0.05756860649727975,53.0,16.384335154826957,43.0,0.9945652173913043,549.0,318,552,1672,robustness__S8_repeated_imbalance__efpb__2001,0,S8_repeated_imbalance,2001,549,1667,0,0.15999999999999998,39.0,10.62747450509898,27.0,0.9970095693779905,1667.0,52.48481453600016,3
1,surrogate,725,efpb,robustness,0.9999969194712536,0.0745855674391619,57.0,17.751371115173676,44.0,0.9963570127504554,547.0,319,549,1682,robustness__S8_repeated_imbalance__efpb__2002,0,S8_repeated_imbalance,2002,547,1670,0,0.16999999999999998,41.0,10.292814371257485,27.0,0.9928656361474435,1670.0,51.12614446200041,3
1,surrogate,715,efpb,robustness,0.999991192598262,0.07013969774218587,54.0,17.444839857651246,40.0,0.9946902654867257,562.0,318,565,1697,robustness__S8_repeated_imbalance__efpb__2003,0,S8_repeated_imbalance,2003,562,1678,0,0.13,44.0,10.430870083432659,27.0,0.9888037713612257,1678.0,51.85233315499954,3
1,surrogate,737,efpb,robustness,0.9999999926623354,0.08717710888335314,56.0,19.243194192377494,43.0,0.9945848375451264,551.0,321,554,1716,robustness__S8_repeated_imbalance__efpb__2004,0,S8_repeated_imbalance,2004,551,1707,0,0.15999999999999998,46.0,10.52548330404218,27.0,0.9947552447552448,1707.0,50.08206674599933,3
1,surrogate,734,efpb,robustness,0.9999992655388505,0.07242716174040756,57.0,17.782692307692308,43.0,0.9923664122137404,520.0,316,524,1686,robustness__S8_repeated_imbalance__efpb__2005,0,S8_repeated_imbalance,2005,520,1676,0,0.15999999999999998,41.0,10.539976133651551,27.0,0.9940688018979834,1676.0,49.77688402300009,3
1,surrogate,724,efpb,robustness,0.9999741717856876,0.07571083022663516,54.0,17.34932821497121,40.0,1.0,521.0,312,521,1681,robustness__S8_repeated_imbalance__efpb__2006,0,S8_repeated_imbalance,2006,521,1664,0,0.14,38.0,9.778245192307692,26.0,0.9898869720404521,1664.0,49.53613325900005,3
1,surrogate,722,efpb,robustness,0.9999937089605901,0.06903037341986522,53.0,17.444241316270567,41.0,0.9909420289855072,547.0,318,552,1718,robustness__S8_repeated_imbalance__efpb__2007,0,S8_repeated_imbalance,2007,547,1711,0,0.14999999999999997,44.0,10.541203974284045,26.0,0.9959254947613504,1711.0,51.223801051999544,3
1,surrogate,711,efpb,robustness,0.999803536889241,0.06857797487065778,57.0,17.24621212121212,40.0,0.9688073394495413,528.0,320,545,1646,robustness__S8_repeated_imbalance__efpb__2008,0,S8_repeated_imbalance,2008,528,1640,0,0.14,47.0,10.388414634146342,26.0,0.9963547995139733,1640.0,52.108009331000176,3
1,surrogate,716,efpb,robustness,0.9999536587864353,0.08717345459338342,54.0,18.87037037037037,42.0,0.9818181818181818,540.0,320,550,1694,robustness__S8_repeated_imbalance__efpb__2009,0,S8_repeated_imbalance,2009,540,1686,0,0.15999999999999998,40.0,10.153024911032029,26.0,0.9952774498229043,1686.0,51.884432642999855,3
1,surrogate,706,efpb,robustness,0.9999553049389289,0.06779512545595226,56.0,17.159633027522936,43.0,0.983754512635379,545.0,312,554,1665,robustness__S8_repeated_imbalance__efpb__2010,0,S8_repeated_imbalance,2010,545,1660,0,0.15999999999999998,43.0,10.38012048192771,27.0,0.996996996996997,1660.0,48.735788717000105,3
1,surrogate,709,equal_bargaining,robustness,0.9999891079403115,0.037746948319939966,68.0,14.753623188405797,40.0,1.0,552.0,322,552,1672,robustness__S8_repeated_imbalance__equal_bargaining__2001,0,S8_repeated_imbalance,2001,552,1661,0,0.14,40.0,10.9789283564118,26.0,0.993421052631579,1661.0,48.269447251999736,3
1,surrogate,700,equal_bargaining,robustness,0.9999969194712536,0.06188844979145913,68.0,17.012797074954296,46.0,0.9963570127504554,547.0,319,549,1682,robustness__S8_repeated_imbalance__equal_bargaining__2002,0,S8_repeated_imbalance,2002,547,1670,0,0.19,37.0,10.823952095808384,27.0,0.9928656361474435,1670.0,45.38184815399927,3
1,surrogate,697,equal_bargaining,robustness,0.9999986027850685,0.060735706441800805,68.0,16.94316163410302,47.0,0.9964601769911504,563.0,321,565,1697,robustness__S8_repeated_imbalance__equal_bargaining__2003,0,S8_repeated_imbalance,2003,563,1687,0,0.19999999999999996,38.0,10.86959098992294,27.0,0.9941072480848556,1687.0,46.336951637999846,3
1,surrogate,706,equal_bargaining,robustness,0.9999903389558388,0.0602362860903605,66.0,16.614963503649633,40.0,0.9891696750902527,548.0,324,554,1716,robustness__S8_repeated_imbalance__equal_bargaining__2004,0,S8_repeated_imbalance,2004,548,1708,0,0.14,41.0,10.591334894613583,26.0,0.9953379953379954,1708.0,47.00258766500065,3
1,surrogate,709,equal_bargaining,robustness,0.9999911529040062,0.07048752937747088,69.0,17.862595419847327,43.0,1.0,524.0,323,524,1686,robustness__S8_repeated_imbalance__equal_bargaining__2005,0,S8_repeated_imbalance,2005,524,1676,0,0.16999999999999998,40.0,10.813842482100238,26.0,0.9940688018979834,1676.0,47.31159215000025,3
1,surrogate,694,equal_bargaining,robustness,0.9999741717856876,0.03364677533958363,54.0,14.305182341650672,38.0,1.0,521.0,319,521,1681,robustness__S8_repeated_imbalance__equal_bargaining__2006,0,S8_repeated_imbalance,2006,521,1664,0,0.10999999999999999,45.0,10.940504807692308,27.0,0.9898869720404521,1664.0,43.95474833500066,3
1,surrogate,698,equal_bargaining,robustness,0.9999994851718533,0.0333490316073779,52.0,14.468978102189782,38.0,0.9927536231884058,548.0,324,552,1718,robustness__S8_repeated_imbalance__equal_bargaining__2007,0,S8_repeated_imbalance,2007,548,1708,0,0.12,40.0,11.13407494145199,26.0,0.9941792782305006,1708.0,46.36567384400041,3
1,surrogate,693,equal_bargaining,robustness,0.99992477405772,0.051723257262973374,68.0,16.584269662921347,41.0,0.9798165137614679,534.0,321,545,1646,robustness__S8_repeated_imbalance__equal_bargaining__2008,0,S8_repeated_imbalance,2008,534,1641,0,0.13999999999999996,50.0,11.41194393662401,27.0,0.996962332928311,1641.0,45.689573376000226,3
1,surrogate,719,equal_bargaining,robustness,0.9999536587864353,0.046554567022538546,54.0,15.683333333333334,37.0,0.9818181818181818,540.0,322,550,1694,robustness__S8_repeated_imbalance__equal_bargaining__2009,0,S8_repeated_imbalance,2009,540,1686,0,0.10999999999999999,39.0,11.027876631079478,26.0,0.9952774498229043,1686.0,48.39895219199934,3
1,surrogate,693,equal_bargaining,robustness,0.9999819260676518,0.06151146841087364,70.0,16.917733089579524,45.0,0.9873646209386282,547.0,311,554,1665,robustness__S8_repeated_imbalance__equal_bargaining__2010,0,S8_repeated_imbalance,2010,547,1658,0,0.18,42.0,10.766586248492159,27.0,0.9957957957957958,1658.0,46.404662762000044,3
1,surrogate,280,fixed_time,robustness,0.9999999333805659,0.16253094392779235,99.0,37.074954296160875,71.0,0.9909420289855072,547.0,140,552,1672,robustness__S8_repeated_imbalance__fixed_time__2001,0,S8_repeated_imbalance,2001,547,1656,0,0.17999999999999994,59.0,20.821859903381643,53.0,0.9904306220095693,1656.0,1.1029636040002515,3
1,surrogate,280,fixed_time,robustness,0.9999981540791915,0.1453158455505359,99.0,35.781885397412196,71.0,0.9854280510018215,541.0,140,549,1682,robustness__S8_repeated_imbalance__fixed_time__2002,0,S8_repeated_imbalance,2002,541,1662,0,0.16999999999999993,59.0,21.250300842358605,54.0,0.9881093935790726,1662.0,1.107705727999928,3
1,surrogate,280,fixed_time,robustness,0.9999293907507302,0.15068822095191264,114.0,34.827586206896555,71.0,0.9752212389380531,551.0,140,565,1697,robustness__S8_repeated_imbalance__fixed_time__2003,0,S8_repeated_imbalance,2003,551,1683,4,0.18999999999999995,59.0,19.75876411170529,52.0,0.9917501473187978,1683.0,1.1347702650000429,3
1,surrogate,280,fixed_time,robustness,0.9999971975122312,0.14281529196687814,104.0,35.16270566727605,72.0,0.9873646209386282,547.0,140,554,1716,robustness__S8_repeated_imbalance__fixed_time__2004,0,S8_repeated_imbalance,2004,547,1700,4,0.18999999999999995,59.0,20.881176470588237,53.0,0.9906759906759907,1700.0,1.1373974250000174,3
1,surrogate,280,fixed_time,robustness,0.9999367314041232,0.1218162616178026,99.0,33.12573673870334,68.0,0.9713740458015268,509.0,140,524,1686,robustness__S8_repeated_imbalance__fixed_time__2005,0,S8_repeated_imbalance,2005,509,1664,0,0.14,59.0,20.944110576923077,54.0,0.9869513641755635,1664.0,1.165217501999905,3
1,surrogate,280,fixed_time,robustness,0.9999720507209318,0.15994893471519697,101.0,36.319607843137256,72.0,0.9788867562380038,510.0,140,521,1681,robustness__S8_repeated_imbalance__fixed_time__2006,0,S8_repeated_imbalance,2006,510,1663,1,0.17999999999999994,59.0,20.32471437161756,54.0,0.9892920880428316,1663.0,1.1269967329999417,3
1,surrogate,280,fixed_time,robustness,0.9999998213812765,0.13610230351648184,77.0,34.283363802559414,71.0,0.9909420289855072,547.0,140,552,1718,robustness__S8_repeated_imbalance__fixed_time__2007,0,S8_repeated_imbalance,2007,547,1701,0,0.16999999999999993,59.0,20.67313345091123,54.0,0.990104772991851,1701.0,1.1154287130002558,3
1,surrogate,280,fixed_time,robustness,0.9999605144899817,0.1498223214865529,98.0,35.133709981167605,72.0,0.9743119266055046,531.0,140,545,1646,robustness__S8_repeated_imbalance__fixed_time__2008,0,S8_repeated_imbalance,2008,531,1624,0,0.17999999999999994,59.0,20.151477832512317,54.0,0.9866342648845686,1624.0,1.089270888000101,3
1,surrogate,280,fixed_time,robustness,0.9999872888133989,0.1384513231129773,103.0,34.69202226345084,71.0,0.98,539.0,140,550,1694,robustness__S8_repeated_imbalance__fixed_time__2009,0,S8_repeated_imbalance,2009,539,1672,3,0.17999999999999994,59.0,20.84688995215311,53.0,0.987012987012987,1672.0,1.0626018530001602,3
1,surrogate,280,fixed_time,robustness,0.9999759225817662,0.14920457833757664,103.0,35.27121771217712,71.0,0.9783393501805054,542.0,140,554,1665,robustness__S8_repeated_imbalance__fixed_time__2010,0,S8_repeated_imbalance,2010,542,1645,1,0.16999999999999993,59.0,20.350759878419453,54.0,0.987987987987988,1645.0,1.1070720670004448,3
1,surrogate,716,efficiency,robustness,0.9999939100903786,0.03708809414142013,55.0,14.230524642289348,35.0,1.0,629.0,337,629,1828,robustness__S9_saturation__efficiency__2001,0,S9_saturation,2001,629,1819,0,0.07999999999999996,49.0,10.521715228147334,27.0,0.9950765864332604,1819.0,1.0533192580005561,3
1,surrogate,723,efficiency,robustness,0.9999946536764548,0.033507197791362645,55.0,13.818181818181818,32.0,0.9937694704049844,638.0,336,642,1847,robustness__S9_saturation__efficiency__2002,0,S9_saturation,2002,638,1844,0,0.06,41.0,10.467462039045554,26.0,0.9983757444504602,1844.0,1.090729750999344,3
1,surrogate,728,efficiency,robustness,0.9999982152406588,0.043513270355375624,52.0,14.538461538461538,35.0,0.9952153110047847,624.0,335,627,1885,robustness__S9_saturation__efficiency__2003,0,S9_saturation,2003,624,1881,0,0.08999999999999997,47.0,10.187134502923977,26.0,0.9978779840848806,1881.0,1.0833124529999623,3
1,surrogate,731,efficiency,robustness,0.9999999357110765,0.04254527563926959,69.0,15.009508716323296,36.0,0.9984177215189873,631.0,335,632,1859,robustness__S9_saturation__efficiency__2004,0,S9_saturation,2004,631,1857,0,0.09999999999999998,54.0,10.754981152396338,26.0,0.9989241527703067,1857.0,1.0714189209993492,3
1,surrogate,711,efficiency,robustness,0.9999996749542558,0.03059208776741637,63.0,13.2512,31.0,0.9984025559105432,625.0,337,626,1828,robustness__S9_saturation__efficiency__2005,0,S9_saturation,2005,625,1823,0,0.04999999999999999,49.0,10.191991223258364,26.0,0.9972647702407003,1823.0,1.0743572319997838,3
1,surrogate,727,efficiency,robustness,0.999999954296317,0.04424985667638774,55.0,14.883720930232558,38.0,0.9966887417218543,602.0,335,604,1873,robustness__S9_saturation__efficiency__2006,0,S9_saturation,2006,602,1866,0,0.12,47.0,10.458735262593784,26.0,0.996262680192205,1866.0,1.0676086789999317,3
1,surrogate,719,efficiency,robustness,0.9999772166588585,0.029432920925228617,55.0,13.235384615384616,33.0,0.9878419452887538,650.0,336,658,1864,robustness__S9_saturation__efficiency__2007,0,S9_saturation,2007,650,1859,0,0.06,43.0,10.292092522861754,27.0,0.9973175965665236,1859.0,1.1260459269997227,3
1,surrogate,711,efficiency,robustness,0.9999956568744514,0.03718869179640644,51.0,14.101777059773829,34.0,0.9919871794871795,619.0,337,624,1809,robustness__S9_saturation__efficiency__2008,0,S9_saturation,2008,619,1802,0,0.08000000000000002,49.0,10.382907880133185,26.0,0.996130458817026,1802.0,1.082524738999382,3
1,surrogate,711,efficiency,robustness,0.9999953552534405,0.034662020513073474,55.0,13.954323001631321,32.0,1.0,613.0,336,613,1860,robustness__S9_saturation__efficiency__2009,0,S9_saturation,2009,613,1852,0,0.06,50.0,10.488120950323975,26.0,0.9956989247311828,1852.0,1.0867188170004738,3
1,surrogate,719,efficiency,robustness,0.9999999999874777,0.04349247869791446,65.0,14.501633986928105,36.0,0.99836867862969,612.0,336,613,1847,robustness__S9_saturation__efficiency__2010,0,S9_saturation,2010,612,1844,0,0.09999999999999998,49.0,10.15238611713666,26.0,0.9983757444504602,1844.0,1.096442212000511,3
1,surrogate,747,efpb,robustness,0.9999975376220887,0.06299918595999826,54.0,16.578274760383387,42.0,0.9952305246422893,626.0,329,629,1828,robustness__S9_saturation__efpb__2001,0,S9_saturation,2001,626,1825,0,0.15999999999999998,43.0,10.278356164383561,26.0,0.9983588621444202,1825.0,56.55727982500048,3
1,surrogate,743,efpb,robustness,0.9999958343523792,0.06024830035532225,54.0,16.144200626959247,38.0,0.9937694704049844,638.0,329,642,1847,robustness__S9_saturation__efpb__2002,0,S9_saturation,2002,638,1843,0,0.12,42.0,10.119370591427021,26.0,0.9978343259339469,1843.0,57.618027927000185,3
1,surrogate,737,efpb,robustness,0.9999942736766856,0.05715086563083421,53.0,15.89952153110048,39.0,1.0,627.0,330,627,1885,robustness__S9_saturation__efpb__2003,0,S9_saturation,2003,627,1876,0,0.13,43.0,10.184434968017058,26.0,0.9952254641909815,1876.0,56.760433094999826,3
1,surrogate,743,efpb,robustness,0.9999981866179074,0.04861319350566,57.0,15.145569620253164,39.0,1.0,632.0,330,632,1859,robustness__S9_saturation__efpb__2004,0,S9_saturation,2004,632,1854,0,0.13,42.0,10.284250269687163,26.0,0.9973103819257665,1854.0,56.75930640199931,3
1,surrogate,747,efpb,robustness,0.9999996749542558,0.05087590126165663,57.0,15.1216,37.0,0.9984025559105432,625.0,329,626,1828,robustness__S9_saturation__efpb__2005,0,S9_saturation,2005,625,1823,0,0.10999999999999999,41.0,10.03400987383434,26.0,0.9972647702407003,1823.0,59.06022515799941,3
1,surrogate,739,efpb,robustness,0.9999978971859188,0.05208199356913183,55.0,15.416666666666666,37.0,0.9933774834437086,600.0,330,604,1873,robustness__S9_saturation__efpb__2006,0,S9_saturation,2006,600,1866,0,0.10999999999999999,41.0,10.208467309753484,26.0,0.996262680192205,1866.0,58.243595068000104,3
1,surrogate,739,efpb,robustness,0.9999772166588585,0.05614943518020442,54.0,15.943076923076923,41.0,0.9878419452887538,650.0,329,658,1864,robustness__S9_saturation__efpb__2007,0,S9_saturation,2007,650,1859,0,0.14999999999999997,42.0,10.328133405056482,26.0,0.9973175965665236,1859.0,60.49798245300008,3
1,surrogate,754,efpb,robustness,0.9999989478370765,0.0648132348583038,54.0,16.486312399355878,40.0,0.9951923076923077,621.0,329,624,1809,robustness__S9_saturation__efpb__2008,0,S9_saturation,2008,621,1804,0,0.15000000000000002,42.0,10.0049889135255,25.0,0.9972360420121614,1804.0,50.66597047899995,3
1,surrogate,750,efpb,robustness,0.9999938520599586,0.059960008232555484,54.0,16.286184210526315,40.0,0.9918433931484503,608.0,330,613,1860,robustness__S9_saturation__efpb__2009,0,S9_saturation,2009,608,1854,0,0.14,41.0,10.290183387270766,26.0,0.9967741935483871,1854.0,53.16669563800042,3
1,surrogate,746,efpb,robustness,0.9999988069343764,0.06018213511104015,56.0,15.800327332242226,38.0,0.9967373572593801,611.0,330,613,1847,robustness__S9_saturation__efpb__2010,0,S9_saturation,2010,611,1845,0,0.13,48.0,9.78211382113821,25.0,0.9989171629669734,1845.0,55.58743193999999,3
1,surrogate,713,equal_bargaining,robustness,0.9999997529241575,0.030334928229665048,51.0,13.910685805422647,35.0,0.9968203497615262,627.0,334,629,1828,robustness__S9_saturation__equal_bargaining__2001,0,S9_saturation,2001,627,1824,0,0.08999999999999997,41.0,10.87719298245614,26.0,0.9978118161925602,1824.0,50.04614790999949,3
1,surrogate,716,equal_bargaining,robustness,0.9999886594024462,0.032881188497913244,53.0,14.400313971742543,35.0,0.9922118380062306,637.0,332,642,1847,robustness__S9_saturation__equal_bargaining__2002,0,S9_saturation,2002,637,1845,0,0.08999999999999997,43.0,11.112195121951219,26.0,0.9989171629669734,1845.0,49.357065334000254,3
1,surrogate,715,equal_bargaining,robustness,0.9999999999971275,0.04391054652619572,82.0,15.241214057507987,36.0,0.9984051036682615,626.0,332,627,1885,robustness__S9_saturation__equal_bargaining__2003,0,S9_saturation,2003,626,1882,0,0.09999999999999998,41.0,10.850159404888416,26.0,0.9984084880636604,1882.0,50.203558907000115,3
1,surrogate,724,equal_bargaining,robustness,0.999991194857797,0.05231437339032276,93.0,15.88132911392405,40.0,1.0,632.0,330,632,1859,robustness__S9_saturation__equal_bargaining__2004,0,S9_saturation,2004,632,1848,0,0.14,52.0,10.649891774891774,26.0,0.9940828402366864,1848.0,51.09062558200003,3
1,surrogate,719,equal_bargaining,robustness,0.9999987478965298,0.04211156068094454,54.0,14.7312,34.0,0.9984025559105432,625.0,331,626,1828,robustness__S9_saturation__equal_bargaining__2005,0,S9_saturation,2005,625,1821,0,0.08000000000000002,44.0,10.520043931905546,26.0,0.9961706783369803,1821.0,50.08255758999985,3
1,surrogate,719,equal_bargaining,robustness,0.9999979816631775,0.04312782601496168,54.0,14.81198003327787,35.0,0.9950331125827815,601.0,333,604,1873,robustness__S9_saturation__equal_bargaining__2006,0,S9_saturation,2006,601,1869,0,0.08999999999999997,42.0,10.4991974317817,26.0,0.99786438868126,1869.0,49.695695182000236,3
1,surrogate,710,equal_bargaining,robustness,0.9999912421713335,0.04485097689280669,63.0,15.083586626139818,36.0,1.0,658.0,332,658,1864,robustness__S9_saturation__equal_bargaining__2007,0,S9_saturation,2007,658,1853,0,0.09999999999999998,42.0,10.598488936859148,26.0,0.994098712446352,1853.0,51.22263070699955,3
1,surrogate,715,equal_bargaining,robustness,0.9999962421497359,0.04424903597142775,68.0,14.818910256410257,38.0,1.0,624.0,331,624,1809,robustness__S9_saturation__equal_bargaining__2008,0,S9_saturation,2008,624,1802,0,0.12,43.0,10.39400665926748,26.0,0.996130458817026,1802.0,51.59033189599995,3
1,surrogate,705,equal_bargaining,robustness,0.999996445777286,0.024913728366063953,53.0,13.536704730831975,32.0,1.0,613.0,333,613,1860,robustness__S9_saturation__equal_bargaining__2009,0,S9_saturation,2009,613,1853,0,0.06,41.0,11.04533189422558,26.0,0.9962365591397849,1853.0,49.70097906299998,3
1,surrogate,713,equal_bargaining,robustness,0.9999999245866938,0.028871592539454788,67.0,13.312091503267974,33.0,0.99836867862969,612.0,334,613,1847,robustness__S9_saturation__equal_bargaining__2010,0,S9_saturation,2010,612,1845,0,0.07,41.0,10.424932249322493,26.0,0.9989171629669734,1845.0,48.51109666499997,3
1,surrogate,280,fixed_time,robustness,0.9999933553291943,0.16495665269241727,88.0,36.92604501607717,72.0,0.9888712241653418,622.0,140,629,1828,robustness__S9_saturation__fixed_time__2001,0,S9_saturation,2001,622,1817,0,0.18999999999999995,59.0,20.430379746835442,53.0,0.9939824945295405,1817.0,1.1251118159998441,3
1,surrogate,280,fixed_time,robustness,0.9999789294735215,0.2202156123891974,139.0,43.302215189873415,97.0,0.9844236760124611,632.0,140,642,1847,robustness__S9_saturation__fixed_time__2002,0,S9_saturation,2002,632,1835,32,0.42999999999999994,59.0,21.280653950953678,54.0,0.9935029778018408,1835.0,1.1475925200002166,3
1,surrogate,280,fixed_time,robustness,0.9999860750683183,0.2038005315691895,107.0,40.70607028753994,79.0,0.9984051036682615,626.0,140,627,1885,robustness__S9_saturation__fixed_time__2003,0,S9_saturation,2003,626,1868,5,0.25,59.0,20.326017130620986,54.0,0.9909814323607427,1868.0,1.1164104569998017,3
1,surrogate,280,fixed_time,robustness,0.9999910722887116,0.23238268503128773,140.0,43.69572107765452,95.0,0.9984177215189873,631.0,140,632,1859,robustness__S9_saturation__fixed_time__2004,0,S9_saturation,2004,631,1845,30,0.41999999999999993,59.0,20.457452574525746,53.0,0.9924690693921463,1845.0,1.13833894399977,3
1,surrogate,280,fixed_time,robustness,0.9999997861858149,0.1978118599641314,98.0,40.22508038585209,72.0,0.9936102236421726,622.0,140,626,1828,robustness__S9_saturation__fixed_time__2005,0,S9_saturation,2005,622,1818,0,0.18999999999999995,59.0,20.443894389438945,53.0,0.9945295404814004,1818.0,1.1236128629998348,3
1,surrogate,280,fixed_time,robustness,0.9999977221606379,0.1886302909339375,112.0,39.97324414715719,74.0,0.9900662251655629,598.0,140,604,1873,robustness__S9_saturation__fixed_time__2006,0,S9_saturation,2006,598,1860,7,0.20999999999999996,59.0,21.11021505376344,53.0,0.993059263214095,1860.0,1.1039700490000541,3
1,surrogate,280,fixed_time,robustness,0.9999997541284484,0.1651186856457188,92.0,37.384024577572966,72.0,0.9893617021276596,651.0,140,658,1864,robustness__S9_saturation__fixed_time__2007,0,S9_saturation,2007,651,1846,0,0.18999999999999995,59.0,20.872156013001085,53.0,0.990343347639485,1846.0,1.1404058689995509,3
1,surrogate,280,fixed_time,robustness,0.9999990534424481,0.16011329227772378,96.0,36.23101777059774,73.0,0.9919871794871795,619.0,140,624,1809,robustness__S9_saturation__fixed_time__2008,0,S9_saturation,2008,619,1798,0,0.20999999999999996,59.0,20.219688542825363,52.0,0.9939192924267551,1798.0,1.1870614609997574,3
1,surrogate,280,fixed_time,robustness,0.9999987247760874,0.15102275234123708,92.0,35.80427631578947,70.0,0.9918433931484503,608.0,140,613,1860,robustness__S9_saturation__fixed_time__2009,0,S9_saturation,2009,608,1849,0,0.16999999999999993,59.0,20.702001081665767,53.0,0.9940860215053764,1849.0,1.1072101110003132,3
1,surrogate,280,fixed_time,robustness,0.9999851486589914,0.1344720146483892,81.0,33.93223140495868,71.0,0.9869494290375204,605.0,140,613,1847,robustness__S9_saturation__fixed_time__2010,0,S9_saturation,2010,605,1837,0,0.17999999999999994,59.0,20.48502994011976,53.0,0.9945858148348673,1837.0,1.175333108999439,3
