backend,controller,experiment_id,jain,mean_wait_disparity,ped_max_wait_s,ped_mean_wait_s,ped_p95_wait_s,ped_service_ratio,ped_throughput_h,phase_switches,requested_p,requested_v,run_id,safety_violations,scenario_id,seed,served_p,served_v,starvation_violations,tail_wait_disparity,veh_max_wait_s,veh_mean_wait_s,veh_p95_wait_s,veh_service_ratio,veh_throughput_h,wall_time_s
surrogate,efficiency,ablations,0.9999952327604702,0.015290044753460047,39.0,7.8512035010940915,21.0,0.9956427015250545,457.0,418,459,1437,ablations__A1_efficiency_only__efficiency__3001,0,A1_efficiency_only,3001,457,1437,0,0.01999999999999999,54.0,6.322199025748087,19.0,1.0,1437.0,1.0924913539993213
surrogate,efficiency,ablations,0.9999979908836346,0.017539466162107983,63.0,7.86892177589852,20.0,1.0,473.0,417,473,1413,ablations__A1_efficiency_only__efficiency__3002,0,A1_efficiency_only,3002,473,1409,0,0.010000000000000009,40.0,6.114975159687722,19.0,0.997169143665959,1409.0,1.137803437999537
surrogate,efficiency,ablations,0.999999408032119,0.018928095670602482,58.0,8.344444444444445,25.0,0.9977827050997783,450.0,415,451,1469,ablations__A1_efficiency_only__efficiency__3003,0,A1_efficiency_only,3003,450,1468,0,0.06,56.0,6.451634877384196,19.0,0.9993192648059904,1468.0,1.1308335539997643
surrogate,efficiency,ablations,0.9999998806828664,0.017615316956712937,45.0,8.172727272727272,24.0,1.0,440.0,417,440,1448,ablations__A1_efficiency_only__efficiency__3004,0,A1_efficiency_only,3004,440,1447,0,0.03999999999999998,54.0,6.411195577055978,20.0,0.9993093922651933,1447.0,1.1299871020000865
surrogate,efficiency,ablations,0.9999949106333175,0.011612779581529578,41.0,7.703125,20.0,0.9933481152993349,448.0,417,451,1389,ablations__A1_efficiency_only__efficiency__3005,0,A1_efficiency_only,3005,448,1386,0,0.0,42.0,6.541847041847042,20.0,0.9978401727861771,1386.0,0.8597448330001498
surrogate,efficiency,ablations,0.9999879287770227,0.010653528456837286,68.0,7.649159663865547,20.0,0.9916666666666667,476.0,419,480,1410,ablations__A1_efficiency_only__efficiency__3006,0,A1_efficiency_only,3006,476,1408,0,0.010000000000000009,48.0,6.583806818181818,19.0,0.9985815602836879,1408.0,0.8631680589996904
surrogate,efficiency,ablations,0.9999994493289286,0.01402553551367658,46.0,7.704845814977974,20.0,0.9978021978021978,454.0,418,455,1397,ablations__A1_efficiency_only__efficiency__3007,0,A1_efficiency_only,3007,454,1396,0,0.010000000000000009,59.0,6.302292263610315,19.0,0.9992841803865425,1396.0,0.8559373059997597
surrogate,efficiency,ablations,0.9999983143919835,0.012482751623376614,34.0,7.571428571428571,20.0,0.9959919839679359,497.0,416,499,1410,ablations__A1_efficiency_only__efficiency__3008,0,A1_efficiency_only,3008,497,1408,0,0.010000000000000009,44.0,6.323153409090909,19.0,0.9985815602836879,1408.0,0.8779326769999898
surrogate,efficiency,ablations,0.9999994941413987,0.013488150223366413,40.0,7.782978723404256,23.0,1.0,470.0,418,470,1407,ablations__A1_efficiency_only__efficiency__3009,0,A1_efficiency_only,3009,470,1405,0,0.04000000000000001,53.0,6.434163701067615,19.0,0.9985785358919688,1405.0,1.096511486000054
surrogate,efficiency,ablations,0.9999969627706141,0.011700140900776188,41.0,7.4402654867256635,20.0,1.0,452.0,419,452,1437,ablations__A1_efficiency_only__efficiency__3010,0,A1_efficiency_only,3010,452,1432,0,0.010000000000000009,40.0,6.270251396648045,19.0,0.9965205288796103,1432.0,1.1230526870003814
surrogate,efpb,ablations,0.9999952327604702,0.02774964253573501,49.0,8.87308533916849,24.0,0.9956427015250545,457.0,415,459,1437,ablations__A1_efficiency_only__efpb__3001,0,A1_efficiency_only,3001,457,1437,0,0.04999999999999999,38.0,6.09812108559499,19.0,1.0,1437.0,42.53669414599972
surrogate,efpb,ablations,0.9999994984313438,0.022573857174750495,39.0,8.103594080338267,22.0,1.0,473.0,415,473,1413,ablations__A1_efficiency_only__efpb__3002,0,A1_efficiency_only,3002,473,1411,0,0.03,41.0,5.8462083628632175,19.0,0.9985845718329794,1411.0,44.22648705899974
surrogate,efpb,ablations,0.999999408032119,0.031096366939146226,43.0,9.126666666666667,28.0,0.9977827050997783,450.0,414,451,1469,ablations__A1_efficiency_only__efpb__3003,0,A1_efficiency_only,3003,450,1468,0,0.09000000000000002,42.0,6.017029972752043,19.0,0.9993192648059904,1468.0,31.913319346999742
surrogate,efpb,ablations,0.9999998005736892,0.03180045810136832,39.0,9.056947608200456,27.0,0.9977272727272727,439.0,415,440,1448,ablations__A1_efficiency_only__efpb__3004,0,A1_efficiency_only,3004,439,1446,0,0.09000000000000002,35.0,5.876901798063624,18.0,0.9986187845303868,1446.0,32.52312338699994
surrogate,efpb,ablations,0.9999993911889988,0.029578493724522203,50.0,8.779510022271715,25.0,0.9955654101995566,449.0,415,451,1389,ablations__A1_efficiency_only__efpb__3005,0,A1_efficiency_only,3005,449,1385,0,0.06,31.0,5.821660649819495,19.0,0.9971202303815695,1385.0,31.324657934000243
surrogate,efpb,ablations,0.9999688689228315,0.023330756137322592,41.0,8.50210970464135,24.0,0.9875,474.0,415,480,1410,ablations__A1_efficiency_only__efpb__3006,0,A1_efficiency_only,3006,474,1408,0,0.04999999999999999,31.0,6.169034090909091,19.0,0.9985815602836879,1408.0,31.51980557800016
surrogate,efpb,ablations,0.9999953685716416,0.0230941768511862,36.0,8.169230769230769,24.0,1.0,455.0,415,455,1397,ablations__A1_efficiency_only__efpb__3007,0,A1_efficiency_only,3007,455,1391,0,0.06,37.0,5.859813084112149,18.0,0.9957050823192556,1391.0,41.85737565999989
surrogate,efpb,ablations,0.9999983143919835,0.025095716343515637,48.0,8.138832997987928,22.0,0.9959919839679359,497.0,412,499,1410,ablations__A1_efficiency_only__efpb__3008,0,A1_efficiency_only,3008,497,1408,0,0.04000000000000001,32.0,5.629261363636363,18.0,0.9985815602836879,1408.0,44.069378815000164
surrogate,efpb,ablations,0.9999994941413987,0.03331748315287348,39.0,9.37872340425532,24.0,1.0,470.0,416,470,1407,ablations__A1_efficiency_only__efpb__3009,0,A1_efficiency_only,3009,470,1405,0,0.04999999999999999,31.0,6.046975088967971,19.0,0.9985785358919688,1405.0,41.677708473000166
surrogate,efpb,ablations,0.9999956233450773,0.023088161629654366,45.0,8.252212389380531,23.0,1.0,452.0,415,452,1437,ablations__A1_efficiency_only__efpb__3010,0,A1_efficiency_only,3010,452,1431,0,0.04000000000000001,32.0,5.943396226415095,19.0,0.9958246346555324,1431.0,45.16826538700025
surrogate,efficiency,ablations,0.9999952327604702,0.015290044753460047,39.0,7.8512035010940915,21.0,0.9956427015250545,457.0,418,459,1437,ablations__A2_no_starvation__efficiency__3001,0,A2_no_starvation,3001,457,1437,0,0.01999999999999999,54.0,6.322199025748087,19.0,1.0,1437.0,0.8248038029996678
surrogate,efficiency,ablations,0.9999979908836346,0.017539466162107983,63.0,7.86892177589852,20.0,1.0,473.0,417,473,1413,ablations__A2_no_starvation__efficiency__3002,0,A2_no_starvation,3002,473,1409,0,0.010000000000000009,40.0,6.114975159687722,19.0,0.997169143665959,1409.0,0.8217847779997101
surrogate,efficiency,ablations,0.999999408032119,0.018928095670602482,58.0,8.344444444444445,25.0,0.9977827050997783,450.0,415,451,1469,ablations__A2_no_starvation__efficiency__3003,0,A2_no_starvation,3003,450,1468,0,0.06,56.0,6.451634877384196,19.0,0.9993192648059904,1468.0,0.8161433289997149
surrogate,efficiency,ablations,0.9999998806828664,0.017615316956712937,45.0,8.172727272727272,24.0,1.0,440.0,417,440,1448,ablations__A2_no_starvation__efficiency__3004,0,A2_no_starvation,3004,440,1447,0,0.03999999999999998,54.0,6.411195577055978,20.0,0.9993093922651933,1447.0,0.8261035449995688
surrogate,efficiency,ablations,0.9999949106333175,0.011612779581529578,41.0,7.703125,20.0,0.9933481152993349,448.0,417,451,1389,ablations__A2_no_starvation__efficiency__3005,0,A2_no_starvation,3005,448,1386,0,0.0,42.0,6.541847041847042,20.0,0.9978401727861771,1386.0,1.0697230790001413
surrogate,efficiency,ablations,0.9999879287770227,0.010653528456837286,68.0,7.649159663865547,20.0,0.9916666666666667,476.0,419,480,1410,ablations__A2_no_starvation__efficiency__3006,0,A2_no_starvation,3006,476,1408,0,0.010000000000000009,48.0,6.583806818181818,19.0,0.9985815602836879,1408.0,1.1298971449996316
surrogate,efficiency,ablations,0.9999994493289286,0.01402553551367658,46.0,7.704845814977974,20.0,0.9978021978021978,454.0,418,455,1397,ablations__A2_no_starvation__efficiency__3007,0,A2_no_starvation,3007,454,1396,0,0.010000000000000009,59.0,6.302292263610315,19.0,0.9992841803865425,1396.0,1.0831721739996283
surrogate,efficiency,ablations,0.9999983143919835,0.012482751623376614,34.0,7.571428571428571,20.0,0.9959919839679359,497.0,416,499,1410,ablations__A2_no_starvation__efficiency__3008,0,A2_no_starvation,3008,497,1408,0,0.010000000000000009,44.0,6.323153409090909,19.0,0.9985815602836879,1408.0,1.127381642999353
surrogate,efficiency,ablations,0.9999994941413987,0.013488150223366413,40.0,7.782978723404256,23.0,1.0,470.0,418,470,1407,ablations__A2_no_starvation__efficiency__3009,0,A2_no_starvation,3009,470,1405,0,0.04000000000000001,53.0,6.434163701067615,19.0,0.9985785358919688,1405.0,0.8216195120003249
surrogate,efficiency,ablations,0.9999969627706141,0.011700140900776188,41.0,7.4402654867256635,20.0,1.0,452.0,419,452,1437,ablations__A2_no_starvation__efficiency__3010,0,A2_no_starvation,3010,452,1432,0,0.010000000000000009,40.0,6.270251396648045,19.0,0.9965205288796103,1432.0,0.8282760249994681
surrogate,efpb,ablations,0.9999952327604702,0.02774964253573501,49.0,8.87308533916849,24.0,0.9956427015250545,457.0,415,459,1437,ablations__A2_no_starvation__efpb__3001,0,A2_no_starvation,3001,457,1437,0,0.04999999999999999,38.0,6.09812108559499,19.0,1.0,1437.0,31.639659555000435
surrogate,efpb,ablations,0.9999994984313438,0.022573857174750495,39.0,8.103594080338267,22.0,1.0,473.0,415,473,1413,ablations__A2_no_starvation__efpb__3002,0,A2_no_starvation,3002,473,1411,0,0.03,41.0,5.8462083628632175,19.0,0.9985845718329794,1411.0,32.412203666000096
surrogate,efpb,ablations,0.999999408032119,0.031096366939146226,43.0,9.126666666666667,28.0,0.9977827050997783,450.0,414,451,1469,ablations__A2_no_starvation__efpb__3003,0,A2_no_starvation,3003,450,1468,0,0.09000000000000002,42.0,6.017029972752043,19.0,0.9993192648059904,1468.0,42.803365727999335
surrogate,efpb,ablations,0.9999998005736892,0.03180045810136832,39.0,9.056947608200456,27.0,0.9977272727272727,439.0,415,440,1448,ablations__A2_no_starvation__efpb__3004,0,A2_no_starvation,3004,439,1446,0,0.09000000000000002,35.0,5.876901798063624,18.0,0.9986187845303868,1446.0,44.24310007999975
surrogate,efpb,ablations,0.9999993911889988,0.029578493724522203,50.0,8.779510022271715,25.0,0.9955654101995566,449.0,415,451,1389,ablations__A2_no_starvation__efpb__3005,0,A2_no_starvation,3005,449,1385,0,0.06,31.0,5.821660649819495,19.0,0.9971202303815695,1385.0,41.9048491829999
surrogate,efpb,ablations,0.9999688689228315,0.023330756137322592,41.0,8.50210970464135,24.0,0.9875,474.0,415,480,1410,ablations__A2_no_starvation__efpb__3006,0,A2_no_starvation,3006,474,1408,0,0.04999999999999999,31.0,6.169034090909091,19.0,0.9985815602836879,1408.0,43.37322354800017
surrogate,efpb,ablations,0.9999953685716416,0.0230941768511862,36.0,8.169230769230769,24.0,1.0,455.0,415,455,1397,ablations__A2_no_starvation__efpb__3007,0,A2_no_starvation,3007,455,1391,0,0.06,37.0,5.859813084112149,18.0,0.9957050823192556,1391.0,31.148700306000137
surrogate,efpb,ablations,0.9999983143919835,0.025095716343515637,48.0,8.138832997987928,22.0,0.9959919839679359,497.0,412,499,1410,ablations__A2_no_starvation__efpb__3008,0,A2_no_starvation,3008,497,1408,0,0.04000000000000001,32.0,5.629261363636363,18.0,0.9985815602836879,1408.0,32.018573114999526
surrogate,efpb,ablations,0.9999994941413987,0.03331748315287348,39.0,9.37872340425532,24.0,1.0,470.0,416,470,1407,ablations__A2_no_starvation__efpb__3009,0,A2_no_starvation,3009,470,1405,0,0.04999999999999999,31.0,6.046975088967971,19.0,0.9985785358919688,1405.0,31.696545730999787
surrogate,efpb,ablations,0.9999956233450773,0.023088161629654366,45.0,8.252212389380531,23.0,1.0,452.0,415,452,1437,ablations__A2_no_starvation__efpb__3010,0,A2_no_starvation,3010,452,1431,0,0.04000000000000001,32.0,5.943396226415095,19.0,0.9958246346555324,1431.0,33.80873300900021
surrogate,efficiency,ablations,0.9999952327604702,0.015290044753460047,39.0,7.8512035010940915,21.0,0.9956427015250545,457.0,418,459,1437,ablations__A3_no_efficiency_filter__efficiency__3001,0,A3_no_efficiency_filter,3001,457,1437,0,0.01999999999999999,54.0,6.322199025748087,19.0,1.0,1437.0,1.0563787760002015
surrogate,efficiency,ablations,0.9999979908836346,0.017539466162107983,63.0,7.86892177589852,20.0,1.0,473.0,417,473,1413,ablations__A3_no_efficiency_filter__efficiency__3002,0,A3_no_efficiency_filter,3002,473,1409,0,0.010000000000000009,40.0,6.114975159687722,19.0,0.997169143665959,1409.0,1.1075274520007952
surrogate,efficiency,ablations,0.999999408032119,0.018928095670602482,58.0,8.344444444444445,25.0,0.9977827050997783,450.0,415,451,1469,ablations__A3_no_efficiency_filter__efficiency__3003,0,A3_no_efficiency_filter,3003,450,1468,0,0.06,56.0,6.451634877384196,19.0,0.9993192648059904,1468.0,1.1224828360000174
surrogate,efficiency,ablations,0.9999998806828664,0.017615316956712937,45.0,8.172727272727272,24.0,1.0,440.0,417,440,1448,ablations__A3_no_efficiency_filter__efficiency__3004,0,A3_no_efficiency_filter,3004,440,1447,0,0.03999999999999998,54.0,6.411195577055978,20.0,0.9993093922651933,1447.0,1.0800785560004442
surrogate,efficiency,ablations,0.9999949106333175,0.011612779581529578,41.0,7.703125,20.0,0.9933481152993349,448.0,417,451,1389,ablations__A3_no_efficiency_filter__efficiency__3005,0,A3_no_efficiency_filter,3005,448,1386,0,0.0,42.0,6.541847041847042,20.0,0.9978401727861771,1386.0,0.8374552939994828
surrogate,efficiency,ablations,0.9999879287770227,0.010653528456837286,68.0,7.649159663865547,20.0,0.9916666666666667,476.0,419,480,1410,ablations__A3_no_efficiency_filter__efficiency__3006,0,A3_no_efficiency_filter,3006,476,1408,0,0.010000000000000009,48.0,6.583806818181818,19.0,0.9985815602836879,1408.0,0.8182315699996252
surrogate,efficiency,ablations,0.9999994493289286,0.01402553551367658,46.0,7.704845814977974,20.0,0.9978021978021978,454.0,418,455,1397,ablations__A3_no_efficiency_filter__efficiency__3007,0,A3_no_efficiency_filter,3007,454,1396,0,0.010000000000000009,59.0,6.302292263610315,19.0,0.9992841803865425,1396.0,0.8394074070001807
surrogate,efficiency,ablations,0.9999983143919835,0.012482751623376614,34.0,7.571428571428571,20.0,0.9959919839679359,497.0,416,499,1410,ablations__A3_no_efficiency_filter__efficiency__3008,0,A3_no_efficiency_filter,3008,497,1408,0,0.010000000000000009,44.0,6.323153409090909,19.0,0.9985815602836879,1408.0,0.8562536789995647
surrogate,efficiency,ablations,0.9999994941413987,0.013488150223366413,40.0,7.782978723404256,23.0,1.0,470.0,418,470,1407,ablations__A3_no_efficiency_filter__efficiency__3009,0,A3_no_efficiency_filter,3009,470,1405,0,0.04000000000000001,53.0,6.434163701067615,19.0,0.9985785358919688,1405.0,1.1160141710006428
surrogate,efficiency,ablations,0.9999969627706141,0.011700140900776188,41.0,7.4402654867256635,20.0,1.0,452.0,419,452,1437,ablations__A3_no_efficiency_filter__efficiency__3010,0,A3_no_efficiency_filter,3010,452,1432,0,0.010000000000000009,40.0,6.270251396648045,19.0,0.9965205288796103,1432.0,1.141910647000259
surrogate,efpb,ablations,0.9999952327604702,0.02774964253573501,49.0,8.87308533916849,24.0,0.9956427015250545,457.0,415,459,1437,ablations__A3_no_efficiency_filter__efpb__3001,0,A3_no_efficiency_filter,3001,457,1437,0,0.04999999999999999,38.0,6.09812108559499,19.0,1.0,1437.0,42.08222799899977
surrogate,efpb,ablations,0.9999994984313438,0.022573857174750495,39.0,8.103594080338267,22.0,1.0,473.0,415,473,1413,ablations__A3_no_efficiency_filter__efpb__3002,0,A3_no_efficiency_filter,3002,473,1411,0,0.03,41.0,5.8462083628632175,19.0,0.9985845718329794,1411.0,39.91392559399992
surrogate,efpb,ablations,0.999999408032119,0.031096366939146226,43.0,9.126666666666667,28.0,0.9977827050997783,450.0,414,451,1469,ablations__A3_no_efficiency_filter__efpb__3003,0,A3_no_efficiency_filter,3003,450,1468,0,0.09000000000000002,42.0,6.017029972752043,19.0,0.9993192648059904,1468.0,31.98270282699923
surrogate,efpb,ablations,0.9999998005736892,0.03180045810136832,39.0,9.056947608200456,27.0,0.9977272727272727,439.0,415,440,1448,ablations__A3_no_efficiency_filter__efpb__3004,0,A3_no_efficiency_filter,3004,439,1446,0,0.09000000000000002,35.0,5.876901798063624,18.0,0.9986187845303868,1446.0,32.154643137000676
surrogate,efpb,ablations,0.9999993911889988,0.029578493724522203,50.0,8.779510022271715,25.0,0.9955654101995566,449.0,415,451,1389,ablations__A3_no_efficiency_filter__efpb__3005,0,A3_no_efficiency_filter,3005,449,1385,0,0.06,31.0,5.821660649819495,19.0,0.9971202303815695,1385.0,30.78114463899965
surrogate,efpb,ablations,0.9999688689228315,0.023330756137322592,41.0,8.50210970464135,24.0,0.9875,474.0,415,480,1410,ablations__A3_no_efficiency_filter__efpb__3006,0,A3_no_efficiency_filter,3006,474,1408,0,0.04999999999999999,31.0,6.169034090909091,19.0,0.9985815602836879,1408.0,29.641823201999614
surrogate,efpb,ablations,0.9999953685716416,0.0230941768511862,36.0,8.169230769230769,24.0,1.0,455.0,415,455,1397,ablations__A3_no_efficiency_filter__efpb__3007,0,A3_no_efficiency_filter,3007,455,1391,0,0.06,37.0,5.859813084112149,18.0,0.9957050823192556,1391.0,41.58883909300039
surrogate,efpb,ablations,0.9999983143919835,0.025095716343515637,48.0,8.138832997987928,22.0,0.9959919839679359,497.0,412,499,1410,ablations__A3_no_efficiency_filter__efpb__3008,0,A3_no_efficiency_filter,3008,497,1408,0,0.04000000000000001,32.0,5.629261363636363,18.0,0.9985815602836879,1408.0,44.21312846000001
surrogate,efpb,ablations,0.9999994941413987,0.03331748315287348,39.0,9.37872340425532,24.0,1.0,470.0,416,470,1407,ablations__A3_no_efficiency_filter__efpb__3009,0,A3_no_efficiency_filter,3009,470,1405,0,0.04999999999999999,31.0,6.046975088967971,19.0,0.9985785358919688,1405.0,37.69373053900017
surrogate,efpb,ablations,0.9999956233450773,0.023088161629654366,45.0,8.252212389380531,23.0,1.0,452.0,415,452,1437,ablations__A3_no_efficiency_filter__efpb__3010,0,A3_no_efficiency_filter,3010,452,1431,0,0.04000000000000001,32.0,5.943396226415095,19.0,0.9958246346555324,1431.0,39.73456430799979
surrogate,efficiency,ablations,0.9999952327604702,0.015290044753460047,39.0,7.8512035010940915,21.0,0.9956427015250545,457.0,418,459,1437,ablations__A4_static_weights__efficiency__3001,0,A4_static_weights,3001,457,1437,0,0.01999999999999999,54.0,6.322199025748087,19.0,1.0,1437.0,0.844441332000315
surrogate,efficiency,ablations,0.9999979908836346,0.017539466162107983,63.0,7.86892177589852,20.0,1.0,473.0,417,473,1413,ablations__A4_static_weights__efficiency__3002,0,A4_static_weights,3002,473,1409,0,0.010000000000000009,40.0,6.114975159687722,19.0,0.997169143665959,1409.0,0.8348370020003131
surrogate,efficiency,ablations,0.999999408032119,0.018928095670602482,58.0,8.344444444444445,25.0,0.9977827050997783,450.0,415,451,1469,ablations__A4_static_weights__efficiency__3003,0,A4_static_weights,3003,450,1468,0,0.06,56.0,6.451634877384196,19.0,0.9993192648059904,1468.0,0.6837606979997872
surrogate,efficiency,ablations,0.9999998806828664,0.017615316956712937,45.0,8.172727272727272,24.0,1.0,440.0,417,440,1448,ablations__A4_static_weights__efficiency__3004,0,A4_static_weights,3004,440,1447,0,0.03999999999999998,54.0,6.411195577055978,20.0,0.9993093922651933,1447.0,0.6994442020004499
surrogate,efficiency,ablations,0.9999949106333175,0.011612779581529578,41.0,7.703125,20.0,0.9933481152993349,448.0,417,451,1389,ablations__A4_static_weights__efficiency__3005,0,A4_static_weights,3005,448,1386,0,0.0,42.0,6.541847041847042,20.0,0.9978401727861771,1386.0,1.0869470339994223
surrogate,efficiency,ablations,0.9999879287770227,0.010653528456837286,68.0,7.649159663865547,20.0,0.9916666666666667,476.0,419,480,1410,ablations__A4_static_weights__efficiency__3006,0,A4_static_weights,3006,476,1408,0,0.010000000000000009,48.0,6.583806818181818,19.0,0.9985815602836879,1408.0,1.1014319760006401
surrogate,efficiency,ablations,0.9999994493289286,0.01402553551367658,46.0,7.704845814977974,20.0,0.9978021978021978,454.0,418,455,1397,ablations__A4_static_weights__efficiency__3007,0,A4_static_weights,3007,454,1396,0,0.010000000000000009,59.0,6.302292263610315,19.0,0.9992841803865425,1396.0,0.9638892459997805
surrogate,efficiency,ablations,0.9999983143919835,0.012482751623376614,34.0,7.571428571428571,20.0,0.9959919839679359,497.0,416,499,1410,ablations__A4_static_weights__efficiency__3008,0,A4_static_weights,3008,497,1408,0,0.010000000000000009,44.0,6.323153409090909,19.0,0.9985815602836879,1408.0,0.987251804999687
surrogate,efficiency,ablations,0.9999994941413987,0.013488150223366413,40.0,7.782978723404256,23.0,1.0,470.0,418,470,1407,ablations__A4_static_weights__efficiency__3009,0,A4_static_weights,3009,470,1405,0,0.04000000000000001,53.0,6.434163701067615,19.0,0.9985785358919688,1405.0,0.8372061419995589
surrogate,efficiency,ablations,0.9999969627706141,0.011700140900776188,41.0,7.4402654867256635,20.0,1.0,452.0,419,452,1437,ablations__A4_static_weights__efficiency__3010,0,A4_static_weights,3010,452,1432,0,0.010000000000000009,40.0,6.270251396648045,19.0,0.9965205288796103,1432.0,0.8446584319999602
surrogate,efpb,ablations,0.9999952327604702,0.02774964253573501,49.0,8.87308533916849,24.0,0.9956427015250545,457.0,415,459,1437,ablations__A4_static_weights__efpb__3001,0,A4_static_weights,3001,457,1437,0,0.04999999999999999,38.0,6.09812108559499,19.0,1.0,1437.0,25.671537689000616
surrogate,efpb,ablations,0.9999994984313438,0.022573857174750495,39.0,8.103594080338267,22.0,1.0,473.0,415,473,1413,ablations__A4_static_weights__efpb__3002,0,A4_static_weights,3002,473,1411,0,0.03,41.0,5.8462083628632175,19.0,0.9985845718329794,1411.0,26.242047421999814
surrogate,efpb,ablations,0.999999408032119,0.031096366939146226,43.0,9.126666666666667,28.0,0.9977827050997783,450.0,414,451,1469,ablations__A4_static_weights__efpb__3003,0,A4_static_weights,3003,450,1468,0,0.09000000000000002,42.0,6.017029972752043,19.0,0.9993192648059904,1468.0,43.04385491799985
surrogate,efpb,ablations,0.9999998005736892,0.03180045810136832,39.0,9.056947608200456,27.0,0.9977272727272727,439.0,415,440,1448,ablations__A4_static_weights__efpb__3004,0,A4_static_weights,3004,439,1446,0,0.09000000000000002,35.0,5.876901798063624,18.0,0.9986187845303868,1446.0,44.05086539399963
surrogate,efpb,ablations,0.9999993911889988,0.029578493724522203,50.0,8.779510022271715,25.0,0.9955654101995566,449.0,415,451,1389,ablations__A4_static_weights__efpb__3005,0,A4_static_weights,3005,449,1385,0,0.06,31.0,5.821660649819495,19.0,0.9971202303815695,1385.0,36.592905366000195
surrogate,efpb,ablations,0.9999688689228315,0.023330756137322592,41.0,8.50210970464135,24.0,0.9875,474.0,415,480,1410,ablations__A4_static_weights__efpb__3006,0,A4_static_weights,3006,474,1408,0,0.04999999999999999,31.0,6.169034090909091,19.0,0.9985815602836879,1408.0,38.625487548999445
surrogate,efpb,ablations,0.9999953685716416,0.0230941768511862,36.0,8.169230769230769,24.0,1.0,455.0,415,455,1397,ablations__A4_static_weights__efpb__3007,0,A4_static_weights,3007,455,1391,0,0.06,37.0,5.859813084112149,18.0,0.9957050823192556,1391.0,31.33715753999968
surrogate,efpb,ablations,0.9999983143919835,0.025095716343515637,48.0,8.138832997987928,22.0,0.9959919839679359,497.0,412,499,1410,ablations__A4_static_weights__efpb__3008,0,A4_static_weights,3008,497,1408,0,0.04000000000000001,32.0,5.629261363636363,18.0,0.9985815602836879,1408.0,32.13713583899971
surrogate,efpb,ablations,0.9999994941413987,0.03331748315287348,39.0,9.37872340425532,24.0,1.0,470.0,416,470,1407,ablations__A4_static_weights__efpb__3009,0,A4_static_weights,3009,470,1405,0,0.04999999999999999,31.0,6.046975088967971,19.0,0.9985785358919688,1405.0,26.09117539500039
surrogate,efpb,ablations,0.9999956233450773,0.023088161629654366,45.0,8.252212389380531,23.0,1.0,452.0,415,452,1437,ablations__A4_static_weights__efpb__3010,0,A4_static_weights,3010,452,1431,0,0.04000000000000001,32.0,5.943396226415095,19.0,0.9958246346555324,1431.0,27.037576551999337
surrogate,efficiency,ablations,0.9999952327604702,0.015290044753460047,39.0,7.8512035010940915,21.0,0.9956427015250545,457.0,418,459,1437,ablations__A5_weighted_sum__efficiency__3001,0,A5_weighted_sum,3001,457,1437,0,0.01999999999999999,54.0,6.322199025748087,19.0,1.0,1437.0,1.096010465999825
surrogate,efficiency,ablations,0.9999979908836346,0.017539466162107983,63.0,7.86892177589852,20.0,1.0,473.0,417,473,1413,ablations__A5_weighted_sum__efficiency__3002,0,A5_weighted_sum,3002,473,1409,0,0.010000000000000009,40.0,6.114975159687722,19.0,0.997169143665959,1409.0,1.094786128999658
surrogate,efficiency,ablations,0.999999408032119,0.018928095670602482,58.0,8.344444444444445,25.0,0.9977827050997783,450.0,415,451,1469,ablations__A5_weighted_sum__efficiency__3003,0,A5_weighted_sum,3003,450,1468,0,0.06,56.0,6.451634877384196,19.0,0.9993192648059904,1468.0,0.9852844550005102
surrogate,efficiency,ablations,0.9999998806828664,0.017615316956712937,45.0,8.172727272727272,24.0,1.0,440.0,417,440,1448,ablations__A5_weighted_sum__efficiency__3004,0,A5_weighted_sum,3004,440,1447,0,0.03999999999999998,54.0,6.411195577055978,20.0,0.9993093922651933,1447.0,1.0084515750004357
surrogate,efficiency,ablations,0.9999949106333175,0.011612779581529578,41.0,7.703125,20.0,0.9933481152993349,448.0,417,451,1389,ablations__A5_weighted_sum__efficiency__3005,0,A5_weighted_sum,3005,448,1386,0,0.0,42.0,6.541847041847042,20.0,0.9978401727861771,1386.0,0.8422428859994397
surrogate,efficiency,ablations,0.9999879287770227,0.010653528456837286,68.0,7.649159663865547,20.0,0.9916666666666667,476.0,419,480,1410,ablations__A5_weighted_sum__efficiency__3006,0,A5_weighted_sum,3006,476,1408,0,0.010000000000000009,48.0,6.583806818181818,19.0,0.9985815602836879,1408.0,0.8300642009999137
surrogate,efficiency,ablations,0.9999994493289286,0.01402553551367658,46.0,7.704845814977974,20.0,0.9978021978021978,454.0,418,455,1397,ablations__A5_weighted_sum__efficiency__3007,0,A5_weighted_sum,3007,454,1396,0,0.010000000000000009,59.0,6.302292263610315,19.0,0.9992841803865425,1396.0,0.692814527000337
surrogate,efficiency,ablations,0.9999983143919835,0.012482751623376614,34.0,7.571428571428571,20.0,0.9959919839679359,497.0,416,499,1410,ablations__A5_weighted_sum__efficiency__3008,0,A5_weighted_sum,3008,497,1408,0,0.010000000000000009,44.0,6.323153409090909,19.0,0.9985815602836879,1408.0,0.708145906000027
surrogate,efficiency,ablations,0.9999994941413987,0.013488150223366413,40.0,7.782978723404256,23.0,1.0,470.0,418,470,1407,ablations__A5_weighted_sum__efficiency__3009,0,A5_weighted_sum,3009,470,1405,0,0.04000000000000001,53.0,6.434163701067615,19.0,0.9985785358919688,1405.0,1.1464463759994032
surrogate,efficiency,ablations,0.9999969627706141,0.011700140900776188,41.0,7.4402654867256635,20.0,1.0,452.0,419,452,1437,ablations__A5_weighted_sum__efficiency__3010,0,A5_weighted_sum,3010,452,1432,0,0.010000000000000009,40.0,6.270251396648045,19.0,0.9965205288796103,1432.0,1.0861076330002106
surrogate,efpb,ablations,0.9999952327604702,0.02774964253573501,49.0,8.87308533916849,24.0,0.9956427015250545,457.0,415,459,1437,ablations__A5_weighted_sum__efpb__3001,0,A5_weighted_sum,3001,457,1437,0,0.04999999999999999,38.0,6.09812108559499,19.0,1.0,1437.0,36.95193853599994
surrogate,efpb,ablations,0.9999994984313438,0.022573857174750495,39.0,8.103594080338267,22.0,1.0,473.0,415,473,1413,ablations__A5_weighted_sum__efpb__3002,0,A5_weighted_sum,3002,473,1411,0,0.03,41.0,5.8462083628632175,19.0,0.9985845718329794,1411.0,38.60714490600003
surrogate,efpb,ablations,0.999999408032119,0.031096366939146226,43.0,9.126666666666667,28.0,0.9977827050997783,450.0,414,451,1469,ablations__A5_weighted_sum__efpb__3003,0,A5_weighted_sum,3003,450,1468,0,0.09000000000000002,42.0,6.017029972752043,19.0,0.9993192648059904,1468.0,32.15181414699964
surrogate,efpb,ablations,0.9999998005736892,0.03180045810136832,39.0,9.056947608200456,27.0,0.9977272727272727,439.0,415,440,1448,ablations__A5_weighted_sum__efpb__3004,0,A5_weighted_sum,3004,439,1446,0,0.09000000000000002,35.0,5.876901798063624,18.0,0.9986187845303868,1446.0,31.65105901700008
surrogate,efpb,ablations,0.9999993911889988,0.029578493724522203,50.0,8.779510022271715,25.0,0.9955654101995566,449.0,415,451,1389,ablations__A5_weighted_sum__efpb__3005,0,A5_weighted_sum,3005,449,1385,0,0.06,31.0,5.821660649819495,19.0,0.9971202303815695,1385.0,25.3479420449994
surrogate,efpb,ablations,0.9999688689228315,0.023330756137322592,41.0,8.50210970464135,24.0,0.9875,474.0,415,480,1410,ablations__A5_weighted_sum__efpb__3006,0,A5_weighted_sum,3006,474,1408,0,0.04999999999999999,31.0,6.169034090909091,19.0,0.9985815602836879,1408.0,24.80854483300027
surrogate,efpb,ablations,0.9999953685716416,0.0230941768511862,36.0,8.169230769230769,24.0,1.0,455.0,415,455,1397,ablations__A5_weighted_sum__efpb__3007,0,A5_weighted_sum,3007,455,1391,0,0.06,37.0,5.859813084112149,18.0,0.9957050823192556,1391.0,40.797551865999594
surrogate,efpb,ablations,0.9999983143919835,0.025095716343515637,48.0,8.138832997987928,22.0,0.9959919839679359,497.0,412,499,1410,ablations__A5_weighted_sum__efpb__3008,0,A5_weighted_sum,3008,497,1408,0,0.04000000000000001,32.0,5.629261363636363,18.0,0.9985815602836879,1408.0,42.05167988100038
surrogate,efpb,ablations,0.9999994941413987,0.03331748315287348,39.0,9.37872340425532,24.0,1.0,470.0,416,470,1407,ablations__A5_weighted_sum__efpb__3009,0,A5_weighted_sum,3009,470,1405,0,0.04999999999999999,31.0,6.046975088967971,19.0,0.9985785358919688,1405.0,36.90184816100009
surrogate,efpb,ablations,0.9999956233450773,0.023088161629654366,45.0,8.252212389380531,23.0,1.0,452.0,415,452,1437,ablations__A5_weighted_sum__efpb__3010,0,A5_weighted_sum,3010,452,1431,0,0.04000000000000001,32.0,5.943396226415095,19.0,0.9958246346555324,1431.0,37.29840578299991
surrogate,efficiency,confirmatory_core,0.9999998821528784,0.013378039283551094,40.0,7.840551181102362,21.0,1.0,508.0,418,508,1457,confirmatory_core__C_HH__efficiency__1001,0,C_HH,1001,508,1456,0,0.009999999999999981,53.0,6.502747252747253,20.0,0.9993136582017845,1456.0,1.096833605000029
surrogate,efficiency,confirmatory_core,0.9999989408318046,0.019900920268072733,37.0,8.242152466367713,23.0,1.0,446.0,416,446,1459,confirmatory_core__C_HH__efficiency__1002,0,C_HH,1002,446,1456,0,0.04000000000000001,40.0,6.25206043956044,19.0,0.997943797121316,1456.0,1.1348895020000782
surrogate,efficiency,confirmatory_core,0.9999972503365682,0.022389993058558266,50.0,8.31678486997636,23.0,0.9952941176470588,423.0,417,425,1429,confirmatory_core__C_HH__efficiency__1003,0,C_HH,1003,423,1427,0,0.04000000000000001,40.0,6.077785564120533,19.0,0.9986004198740378,1427.0,1.209862902000168
surrogate,efficiency,confirmatory_core,0.9999980466508609,0.01380653720550501,39.0,8.004166666666666,22.0,1.0,480.0,417,480,1433,confirmatory_core__C_HH__efficiency__1004,0,C_HH,1004,480,1429,0,0.03,44.0,6.623512946116165,19.0,0.9972086531751571,1429.0,1.0837789679999332
surrogate,efficiency,confirmatory_core,0.9999993564839089,0.018186214963782796,62.0,8.112903225806452,22.0,0.9977011494252873,434.0,418,435,1435,confirmatory_core__C_HH__efficiency__1005,0,C_HH,1005,434,1434,0,0.01999999999999999,36.0,6.294281729428173,20.0,0.9993031358885017,1434.0,1.11040320300026
surrogate,efficiency,confirmatory_core,0.9999980493780442,0.011576423576423564,56.0,7.714285714285714,21.0,1.0,455.0,417,455,1434,confirmatory_core__C_HH__efficiency__1006,0,C_HH,1006,455,1430,0,0.01999999999999999,57.0,6.556643356643357,19.0,0.99721059972106,1430.0,1.1406780980000804
surrogate,efficiency,confirmatory_core,0.9999994512063062,0.008605916386711446,38.0,7.629385964912281,20.0,0.9978118161925602,456.0,418,457,1411,confirmatory_core__C_HH__efficiency__1007,0,C_HH,1007,456,1410,0,0.0,40.0,6.768794326241135,20.0,0.9992912827781715,1410.0,1.128850586000226
surrogate,efficiency,confirmatory_core,0.9999973475039208,0.015791968609306054,40.0,7.979757085020243,20.0,0.993963782696177,494.0,419,497,1432,confirmatory_core__C_HH__efficiency__1008,0,C_HH,1008,494,1428,0,0.0,47.0,6.400560224089636,20.0,0.9972067039106145,1428.0,1.078806794999764
surrogate,efficiency,confirmatory_core,0.9999987736230851,0.015732565967942688,43.0,7.758314855875832,21.0,0.9977876106194691,451.0,418,452,1459,confirmatory_core__C_HH__efficiency__1009,0,C_HH,1009,451,1459,0,0.01999999999999999,56.0,6.185058259081563,19.0,1.0,1459.0,1.1085735080000632
surrogate,efficiency,confirmatory_core,0.9999981209056296,0.012961549260622693,48.0,7.879545454545455,25.0,1.0,440.0,418,440,1461,confirmatory_core__C_HH__efficiency__1010,0,C_HH,1010,440,1457,0,0.04999999999999999,39.0,6.583390528483185,20.0,0.9972621492128679,1457.0,1.1748662629997852
surrogate,efficiency,confirmatory_core,0.999999491975757,0.00999233680338596,49.0,7.421487603305785,20.0,1.0,484.0,415,484,1404,confirmatory_core__C_HH__efficiency__1011,0,C_HH,1011,484,1402,0,0.010000000000000009,36.0,6.422253922967189,19.0,0.9985754985754985,1402.0,1.119812085000376
surrogate,efficiency,confirmatory_core,0.9999965796849657,0.014791519434628975,34.0,8.0,22.0,0.9956043956043956,453.0,418,455,1416,confirmatory_core__C_HH__efficiency__1012,0,C_HH,1012,453,1415,0,0.01999999999999999,48.0,6.520848056537102,20.0,0.9992937853107344,1415.0,1.2053429150000738
surrogate,efficiency,confirmatory_core,0.999996758195347,0.005964280653659407,45.0,7.156312625250501,20.0,1.0,499.0,417,499,1391,confirmatory_core__C_HH__efficiency__1013,0,C_HH,1013,499,1386,0,0.0,42.0,6.55988455988456,20.0,0.9964054636951833,1386.0,1.1667099979999875
surrogate,efficiency,confirmatory_core,0.9999995019647491,0.01004068919070604,54.0,7.364238410596027,20.0,1.0,453.0,417,453,1418,confirmatory_core__C_HH__efficiency__1014,0,C_HH,1014,453,1416,0,0.010000000000000009,39.0,6.360169491525424,19.0,0.998589562764457,1416.0,1.109029615000054
surrogate,efficiency,confirmatory_core,0.9999980050472305,0.0159114367035159,55.0,7.916461916461916,23.0,1.0,407.0,417,407,1418,confirmatory_core__C_HH__efficiency__1015,0,C_HH,1015,407,1414,0,0.04000000000000001,40.0,6.325318246110325,19.0,0.997179125528914,1414.0,1.0971460299997489
surrogate,efficiency,confirmatory_core,0.9999989408318046,0.007322612732095488,39.0,7.174568965517241,19.0,1.0,464.0,418,464,1459,confirmatory_core__C_HH__efficiency__1016,0,C_HH,1016,464,1456,0,0.0,40.0,6.4423076923076925,19.0,0.997943797121316,1456.0,1.1119934200000898
surrogate,efficiency,confirmatory_core,0.9999949501580601,0.00917352271795939,39.0,7.328828828828829,20.0,0.9955156950672646,444.0,418,446,1429,confirmatory_core__C_HH__efficiency__1017,0,C_HH,1017,444,1429,0,0.0,48.0,6.41147655703289,20.0,1.0,1429.0,1.0907134409999344
surrogate,efficiency,confirmatory_core,0.9999971139954931,0.024406395855563798,54.0,8.64200477326969,24.0,0.995249406175772,419.0,418,421,1467,confirmatory_core__C_HH__efficiency__1018,0,C_HH,1018,419,1465,0,0.04999999999999999,37.0,6.201365187713311,19.0,0.9986366734832992,1465.0,1.1625435240002844
surrogate,efficiency,confirmatory_core,0.9999990866953391,0.017252036853963232,40.0,8.050691244239632,22.0,0.9954128440366973,434.0,415,436,1491,confirmatory_core__C_HH__efficiency__1019,0,C_HH,1019,434,1487,0,0.03,48.0,6.325487558843308,19.0,0.9973172367538564,1487.0,1.1039140389998465
surrogate,efficiency,confirmatory_core,0.9999988817900504,0.013960526546014457,40.0,7.851239669421488,21.0,1.0,484.0,417,484,1420,confirmatory_core__C_HH__efficiency__1020,0,C_HH,1020,484,1417,0,0.01999999999999999,48.0,6.4551870148200425,19.0,0.997887323943662,1417.0,1.2119722070001444
surrogate,efficiency,confirmatory_core,0.9999939885222486,0.017817738602608803,39.0,7.926436781609195,20.0,1.0,435.0,416,435,1431,confirmatory_core__C_HH__efficiency__1021,0,C_HH,1021,435,1424,0,0.010000000000000009,50.0,6.144662921348314,19.0,0.9951083158630328,1424.0,1.1647836079996523
surrogate,efficiency,confirmatory_core,0.9999948347374239,0.011407610420513345,36.0,7.56492027334852,21.0,0.9954648526077098,439.0,418,441,1457,confirmatory_core__C_HH__efficiency__1022,0,C_HH,1022,439,1457,0,0.01999999999999999,43.0,6.424159231297186,19.0,1.0,1457.0,1.2083306069998798
surrogate,efficiency,confirmatory_core,0.9999980190793384,0.006701627789897635,49.0,7.194915254237288,19.0,0.9957805907172996,472.0,417,474,1416,confirmatory_core__C_HH__efficiency__1023,0,C_HH,1023,472,1414,0,0.0,48.0,6.524752475247524,19.0,0.998587570621469,1414.0,1.1570105820001118
surrogate,efficiency,confirmatory_core,0.9999978812090379,0.01776903980695449,51.0,8.102564102564102,22.0,0.9957446808510638,468.0,417,470,1479,confirmatory_core__C_HH__efficiency__1024,0,C_HH,1024,468,1477,0,0.01999999999999999,37.0,6.325660121868653,20.0,0.9986477349560514,1477.0,1.0819863130000158
surrogate,efficiency,confirmatory_core,0.9999994955774754,0.009786765638317013,44.0,7.641078838174274,20.0,1.0,482.0,417,482,1409,confirmatory_core__C_HH__efficiency__1025,0,C_HH,1025,482,1407,0,0.0,48.0,6.662402274342573,20.0,0.9985805535841022,1407.0,1.0968240219999643
surrogate,efficiency,confirmatory_core,1.0,0.01182898953861039,39.0,7.517391304347826,21.0,1.0,460.0,417,460,1438,confirmatory_core__C_HH__efficiency__1026,0,C_HH,1026,460,1438,0,0.009999999999999981,39.0,6.334492350486787,20.0,1.0,1438.0,1.097048671000266
surrogate,efficiency,confirmatory_core,0.9999988770451815,0.012835987946620747,38.0,7.3826086956521735,21.0,1.0,460.0,416,460,1417,confirmatory_core__C_HH__efficiency__1027,0,C_HH,1027,460,1414,0,0.01999999999999999,42.0,6.099009900990099,19.0,0.9978828510938603,1414.0,1.0635280389997206
surrogate,efficiency,confirmatory_core,0.999999530869051,0.010185581936219212,42.0,7.3393258426966295,20.0,1.0,445.0,417,445,1461,confirmatory_core__C_HH__efficiency__1028,0,C_HH,1028,445,1459,0,0.010000000000000009,37.0,6.320767649074709,19.0,0.998631074606434,1459.0,1.1011827890001769
surrogate,efficiency,confirmatory_core,0.9999978843019969,0.007541980906734344,36.0,6.931182795698925,20.0,1.0,465.0,416,465,1377,confirmatory_core__C_HH__efficiency__1029,0,C_HH,1029,465,1373,0,0.0,35.0,6.176984705025491,20.0,0.9970951343500363,1373.0,1.157369221999943
surrogate,efficiency,confirmatory_core,0.9999927271276708,0.01723884375756775,39.0,8.124716553287982,23.0,0.9932432432432432,441.0,416,444,1444,confirmatory_core__C_HH__efficiency__1030,0,C_HH,1030,441,1442,0,0.04000000000000001,46.0,6.400832177531207,19.0,0.9986149584487535,1442.0,1.069817108999814
surrogate,efpb,confirmatory_core,0.9999989379190058,0.03106970724257818,49.0,9.263779527559056,27.0,1.0,508.0,415,508,1457,confirmatory_core__C_HH__efpb__1001,0,C_HH,1001,508,1454,0,0.08000000000000002,38.0,6.156808803301238,19.0,0.9979409746053535,1454.0,44.19000816200014
surrogate,efpb,confirmatory_core,0.9999989408318046,0.023865033509091804,48.0,8.269058295964125,24.0,1.0,446.0,414,446,1459,confirmatory_core__C_HH__efpb__1002,0,C_HH,1002,446,1456,0,0.04999999999999999,32.0,5.882554945054945,19.0,0.997943797121316,1456.0,42.0905346149998
surrogate,efpb,confirmatory_core,0.9999993146828248,0.028853258284445862,39.0,8.834905660377359,26.0,0.9976470588235294,424.0,414,425,1429,confirmatory_core__C_HH__efpb__1003,0,C_HH,1003,424,1428,0,0.07,30.0,5.949579831932773,19.0,0.9993002099370188,1428.0,41.596237982000275
surrogate,efpb,confirmatory_core,0.9999921647632752,0.024646052631578944,41.0,8.595833333333333,23.0,1.0,480.0,414,480,1433,confirmatory_core__C_HH__efpb__1004,0,C_HH,1004,480,1425,0,0.04000000000000001,37.0,6.131228070175439,19.0,0.994417306350314,1425.0,44.00505340499967
surrogate,efpb,confirmatory_core,0.999994690932644,0.02525168382003845,47.0,8.806004618937644,26.0,0.9954022988505747,433.0,415,435,1435,confirmatory_core__C_HH__efpb__1005,0,C_HH,1005,433,1435,0,0.07,37.0,6.280836236933798,19.0,1.0,1435.0,42.88933421499996
surrogate,efpb,confirmatory_core,0.9999980493780442,0.02571528471528471,49.0,8.604395604395604,25.0,1.0,455.0,413,455,1434,confirmatory_core__C_HH__efpb__1006,0,C_HH,1006,455,1430,0,0.07,39.0,6.032867132867133,18.0,0.99721059972106,1430.0,42.30433215699986
surrogate,efpb,confirmatory_core,0.9999998743409497,0.025512050529975003,46.0,8.671772428884026,26.0,1.0,457.0,414,457,1411,confirmatory_core__C_HH__efpb__1007,0,C_HH,1007,457,1410,0,0.07,37.0,6.120567375886525,19.0,0.9992912827781715,1410.0,42.683129761000146
surrogate,efpb,confirmatory_core,0.9999781512772553,0.025163489020862934,46.0,8.54786150712831,20.0,0.9879275653923542,491.0,414,497,1432,confirmatory_core__C_HH__efpb__1008,0,C_HH,1008,491,1428,0,0.010000000000000009,38.0,6.031512605042017,19.0,0.9972067039106145,1428.0,44.6558598900001
surrogate,efpb,confirmatory_core,0.9999987736230851,0.020923178862295194,39.0,8.119733924611973,21.0,0.9977876106194691,451.0,413,452,1459,confirmatory_core__C_HH__efpb__1009,0,C_HH,1009,451,1459,0,0.01999999999999999,33.0,6.027416038382453,19.0,1.0,1459.0,42.426909905999764
surrogate,efpb,confirmatory_core,0.9999981209056296,0.02728632931927373,38.0,8.763636363636364,24.0,1.0,440.0,416,440,1461,confirmatory_core__C_HH__efpb__1010,0,C_HH,1010,440,1457,0,0.04999999999999999,34.0,6.035003431708991,19.0,0.9972621492128679,1457.0,42.727169510000294
surrogate,efpb,confirmatory_core,0.999999491975757,0.026363872154301422,46.0,8.615702479338843,23.0,1.0,484.0,411,484,1404,confirmatory_core__C_HH__efpb__1011,0,C_HH,1011,484,1402,0,0.04000000000000001,46.0,5.979315263908702,19.0,0.9985754985754985,1402.0,42.671277872000246
surrogate,efpb,confirmatory_core,0.999995148386596,0.025337626744490582,48.0,8.487858719646798,26.0,0.9956043956043956,453.0,415,455,1416,confirmatory_core__C_HH__efpb__1012,0,C_HH,1012,453,1416,0,0.07,38.0,5.9540960451977405,19.0,1.0,1416.0,42.702478918
surrogate,efpb,confirmatory_core,0.9999998707001665,0.02078000605527601,42.0,8.108216432865731,23.0,1.0,499.0,415,499,1391,confirmatory_core__C_HH__efpb__1013,0,C_HH,1013,499,1390,0,0.04000000000000001,35.0,6.03021582733813,19.0,0.9992810927390366,1390.0,41.93310358200006
surrogate,efpb,confirmatory_core,0.9999995019647491,0.029565514273955186,45.0,8.938189845474614,26.0,1.0,453.0,415,453,1418,confirmatory_core__C_HH__efpb__1014,0,C_HH,1014,453,1416,0,0.08000000000000002,33.0,5.981638418079096,18.0,0.998589562764457,1416.0,43.701467688999855
surrogate,efpb,confirmatory_core,0.9999997251133047,0.02515940274414851,44.0,8.285714285714286,24.0,0.9975429975429976,406.0,415,407,1418,confirmatory_core__C_HH__efpb__1015,0,C_HH,1015,406,1416,0,0.04999999999999999,43.0,5.769774011299435,19.0,0.998589562764457,1416.0,41.35945315300023
surrogate,efpb,confirmatory_core,0.9999966984833958,0.025370904815349267,47.0,8.417748917748918,26.0,0.9956896551724138,462.0,416,464,1459,confirmatory_core__C_HH__efpb__1016,0,C_HH,1016,462,1458,0,0.08000000000000002,36.0,5.8806584362139915,18.0,0.9993145990404386,1458.0,44.80281531599985
surrogate,efpb,confirmatory_core,0.9999995096080052,0.022078335496400307,50.0,8.10762331838565,23.0,1.0,446.0,415,446,1429,confirmatory_core__C_HH__efpb__1017,0,C_HH,1017,446,1427,0,0.05000000000000002,29.0,5.89978976874562,18.0,0.9986004198740378,1427.0,43.19919561699999
surrogate,efpb,confirmatory_core,0.9999971139954931,0.02568616973616688,48.0,8.317422434367542,25.0,0.995249406175772,419.0,415,421,1467,confirmatory_core__C_HH__efpb__1018,0,C_HH,1018,419,1465,0,0.07,32.0,5.748805460750853,18.0,0.9986366734832992,1465.0,44.12266039999986
surrogate,efpb,confirmatory_core,0.9999998874680099,0.03696598115879564,48.0,9.543577981651376,28.0,1.0,436.0,413,436,1491,confirmatory_core__C_HH__efpb__1019,0,C_HH,1019,436,1490,0,0.09000000000000002,36.0,5.846979865771812,19.0,0.9993293091884641,1490.0,42.242765108000185
surrogate,efpb,confirmatory_core,0.999998010670762,0.03223479011999813,46.0,8.987603305785123,27.0,1.0,484.0,412,484,1420,confirmatory_core__C_HH__efpb__1020,0,C_HH,1020,484,1416,0,0.08000000000000002,44.0,5.7641242937853105,19.0,0.9971830985915493,1416.0,45.35762232700017
surrogate,efpb,confirmatory_core,0.9999988989330663,0.02895146334395826,48.0,8.790804597701149,23.0,1.0,435.0,414,435,1431,confirmatory_core__C_HH__efpb__1021,0,C_HH,1021,435,1428,0,0.04000000000000001,41.0,5.8956582633053225,19.0,0.9979035639412998,1428.0,40.99574140899995
surrogate,efpb,confirmatory_core,0.9999948347374239,0.02866557331428045,36.0,8.804100227790434,24.0,0.9954648526077098,439.0,415,441,1457,confirmatory_core__C_HH__efpb__1022,0,C_HH,1022,439,1457,0,0.06,33.0,5.937542896362388,18.0,1.0,1457.0,43.85855579300005
surrogate,efpb,confirmatory_core,0.9999968991205475,0.022288674612205794,44.0,8.152542372881356,22.0,0.9957805907172996,472.0,415,474,1416,confirmatory_core__C_HH__efpb__1023,0,C_HH,1023,472,1415,0,0.03,34.0,5.923674911660777,19.0,0.9992937853107344,1415.0,42.67212470599998
surrogate,efpb,confirmatory_core,0.9999989693123045,0.03459309231390187,48.0,9.302127659574468,23.0,1.0,470.0,414,470,1479,confirmatory_core__C_HH__efpb__1024,0,C_HH,1024,470,1476,0,0.04000000000000001,34.0,5.842818428184282,19.0,0.9979716024340771,1476.0,46.62592528799996
surrogate,efpb,confirmatory_core,0.9999994955774754,0.022149875990527514,42.0,8.346473029045644,24.0,1.0,482.0,415,482,1409,confirmatory_core__C_HH__efpb__1025,0,C_HH,1025,482,1407,0,0.04999999999999999,40.0,6.1314854299928925,19.0,0.9985805535841022,1407.0,42.863985605999915
surrogate,efpb,confirmatory_core,0.999999879017028,0.024745287585852177,45.0,8.454347826086957,25.0,1.0,460.0,411,460,1438,confirmatory_core__C_HH__efpb__1026,0,C_HH,1026,460,1437,0,0.06,37.0,5.979819067501739,19.0,0.9993045897079277,1437.0,42.44631777599989
surrogate,efpb,confirmatory_core,0.9999988770451815,0.022093936412274758,42.0,8.384782608695652,23.0,1.0,460.0,416,460,1417,confirmatory_core__C_HH__efpb__1027,0,C_HH,1027,460,1414,0,0.05000000000000002,33.0,6.175388967468176,18.0,0.9978828510938603,1414.0,43.46258903499984
surrogate,efpb,confirmatory_core,0.999999530869051,0.033098443600742385,49.0,9.161797752808988,26.0,1.0,445.0,416,445,1461,confirmatory_core__C_HH__efpb__1028,0,C_HH,1028,445,1459,0,0.08000000000000002,34.0,5.85195339273475,18.0,0.998631074606434,1459.0,43.75741783300009
surrogate,efpb,confirmatory_core,0.9999895268218095,0.01912953060011883,41.0,7.651515151515151,19.0,0.9935483870967742,462.0,416,465,1377,confirmatory_core__C_HH__efpb__1029,0,C_HH,1029,462,1377,0,0.010000000000000009,30.0,5.738562091503268,18.0,1.0,1377.0,42.767870867000056
surrogate,efpb,confirmatory_core,0.9999998800206842,0.03550762300762301,45.0,9.493243243243244,28.0,1.0,444.0,416,444,1444,confirmatory_core__C_HH__efpb__1030,0,C_HH,1030,444,1443,0,0.10000000000000003,31.0,5.942480942480943,18.0,0.9993074792243767,1443.0,43.22497396000017
surrogate,equal_bargaining,confirmatory_core,0.9999989379190058,0.014557235538129945,39.0,8.01968503937008,19.0,1.0,508.0,414,508,1457,confirmatory_core__C_HH__equal_bargaining__1001,0,C_HH,1001,508,1454,0,0.0,30.0,6.563961485557084,19.0,0.9979409746053535,1454.0,34.995149931000014
surrogate,equal_bargaining,confirmatory_core,0.9999989408318046,0.015843086285911398,38.0,8.192825112107624,21.0,1.0,446.0,414,446,1459,confirmatory_core__C_HH__equal_bargaining__1002,0,C_HH,1002,446,1456,0,0.01999999999999999,31.0,6.608516483516484,19.0,0.997943797121316,1456.0,34.05711194700007
surrogate,equal_bargaining,confirmatory_core,0.9999988958456069,0.01722752248164343,39.0,7.99764705882353,19.0,1.0,425.0,415,425,1429,confirmatory_core__C_HH__equal_bargaining__1003,0,C_HH,1003,425,1426,0,0.0,30.0,6.274894810659187,19.0,0.9979006298110566,1426.0,31.777200543000163
surrogate,equal_bargaining,confirmatory_core,0.9999955988261581,0.02292355758000468,37.0,8.908333333333333,21.0,1.0,480.0,414,480,1433,confirmatory_core__C_HH__equal_bargaining__1004,0,C_HH,1004,480,1427,0,0.01999999999999999,30.0,6.615977575332866,19.0,0.9958129797627355,1427.0,33.20553032399994
surrogate,equal_bargaining,confirmatory_core,0.9999989050692617,0.009014415976369358,26.0,7.581609195402299,18.0,1.0,435.0,416,435,1435,confirmatory_core__C_HH__equal_bargaining__1005,0,C_HH,1005,435,1432,0,0.010000000000000009,30.0,6.680167597765363,19.0,0.9979094076655052,1432.0,31.383767179000188
surrogate,equal_bargaining,confirmatory_core,0.9999969500270471,0.016914387222294838,29.0,8.219780219780219,19.0,1.0,455.0,416,455,1434,confirmatory_core__C_HH__equal_bargaining__1006,0,C_HH,1006,455,1429,0,0.0,31.0,6.528341497550735,19.0,0.9965132496513249,1429.0,33.86824064600023
surrogate,equal_bargaining,confirmatory_core,1.0,0.015384576018063756,39.0,8.094091903719912,19.0,1.0,457.0,415,457,1411,confirmatory_core__C_HH__equal_bargaining__1007,0,C_HH,1007,457,1411,0,0.0,30.0,6.555634301913536,19.0,1.0,1411.0,31.317892003999987
surrogate,equal_bargaining,confirmatory_core,0.9999711200414699,0.012265349721561541,38.0,7.4663951120162935,19.0,0.9879275653923542,491.0,415,497,1432,confirmatory_core__C_HH__equal_bargaining__1008,0,C_HH,1008,491,1430,0,0.0,32.0,6.23986013986014,19.0,0.9986033519553073,1430.0,33.60540307000019
surrogate,equal_bargaining,confirmatory_core,0.9999989408318046,0.00802155256248177,29.0,7.639380530973451,19.0,1.0,452.0,415,452,1459,confirmatory_core__C_HH__equal_bargaining__1009,0,C_HH,1009,452,1456,0,0.0,31.0,6.837225274725275,19.0,0.997943797121316,1456.0,32.875422856000114
surrogate,equal_bargaining,confirmatory_core,0.999992463015783,0.016967105674779465,32.0,8.220454545454546,19.0,1.0,440.0,415,440,1461,confirmatory_core__C_HH__equal_bargaining__1010,0,C_HH,1010,440,1453,0,0.0,30.0,6.5237439779766,19.0,0.9945242984257358,1453.0,33.508310920999975
surrogate,equal_bargaining,confirmatory_core,0.9999998730843672,0.0180328016116586,28.0,8.163223140495868,19.0,1.0,484.0,415,484,1404,confirmatory_core__C_HH__equal_bargaining__1011,0,C_HH,1011,484,1403,0,0.0,31.0,6.3599429793300075,19.0,0.9992877492877493,1403.0,35.09124110699986
surrogate,equal_bargaining,confirmatory_core,0.999995148386596,0.0130667957496165,28.0,8.022075055187639,19.0,0.9956043956043956,453.0,415,455,1416,confirmatory_core__C_HH__equal_bargaining__1012,0,C_HH,1012,453,1416,0,0.0,33.0,6.715395480225989,19.0,1.0,1416.0,32.94528635500001
surrogate,equal_bargaining,confirmatory_core,0.9999998707001665,0.011483715632704256,33.0,7.68937875751503,19.0,1.0,499.0,413,499,1391,confirmatory_core__C_HH__equal_bargaining__1013,0,C_HH,1013,499,1390,0,0.0,30.0,6.541007194244604,19.0,0.9992810927390366,1390.0,33.373621903000185
surrogate,equal_bargaining,confirmatory_core,0.9999911819756917,0.01384508743040852,37.0,8.102222222222222,19.0,0.9933774834437086,450.0,414,453,1418,confirmatory_core__C_HH__equal_bargaining__1014,0,C_HH,1014,450,1417,0,0.0,31.0,6.717713479181369,19.0,0.9992947813822285,1417.0,34.23937272400008
surrogate,equal_bargaining,confirmatory_core,0.9999997251133047,0.019229808521889172,36.0,8.711822660098521,21.0,0.9975429975429976,406.0,414,407,1418,confirmatory_core__C_HH__equal_bargaining__1015,0,C_HH,1015,406,1416,0,0.01999999999999999,31.0,6.788841807909605,19.0,0.998589562764457,1416.0,31.112174621000122
surrogate,equal_bargaining,confirmatory_core,0.9999998824758576,0.010847169008088547,31.0,7.689655172413793,19.0,1.0,464.0,415,464,1459,confirmatory_core__C_HH__equal_bargaining__1016,0,C_HH,1016,464,1458,0,0.0,30.0,6.604938271604938,19.0,0.9993145990404386,1458.0,33.64865351699973
surrogate,equal_bargaining,confirmatory_core,0.9999995096080052,0.015202846449480077,32.0,7.7690582959641254,18.0,1.0,446.0,415,446,1429,confirmatory_core__C_HH__equal_bargaining__1017,0,C_HH,1017,446,1427,0,0.010000000000000009,30.0,6.248773651016117,19.0,0.9986004198740378,1427.0,32.16754435199982
surrogate,equal_bargaining,confirmatory_core,0.9999981574299883,0.02384750316261719,33.0,8.890214797136037,20.0,0.995249406175772,419.0,415,421,1467,confirmatory_core__C_HH__equal_bargaining__1018,0,C_HH,1018,419,1464,0,0.010000000000000009,31.0,6.505464480874317,19.0,0.9979550102249489,1464.0,32.91403411600004
surrogate,equal_bargaining,confirmatory_core,0.9999971791427167,0.024945423339548314,39.0,8.802752293577981,23.0,1.0,436.0,413,436,1491,confirmatory_core__C_HH__equal_bargaining__1019,0,C_HH,1019,436,1486,0,0.04000000000000001,30.0,6.30820995962315,19.0,0.9966465459423206,1486.0,35.074253104000036
surrogate,equal_bargaining,confirmatory_core,0.9999988817900504,0.009142700502166728,29.0,7.785123966942149,19.0,1.0,484.0,414,484,1420,confirmatory_core__C_HH__equal_bargaining__1020,0,C_HH,1020,484,1417,0,0.0,30.0,6.870853916725476,19.0,0.997887323943662,1417.0,32.59071741600019
surrogate,equal_bargaining,confirmatory_core,0.9999969372031077,0.009876158694846121,35.0,7.374712643678161,19.0,1.0,435.0,413,435,1431,confirmatory_core__C_HH__equal_bargaining__1021,0,C_HH,1021,435,1426,0,0.0,31.0,6.387096774193548,19.0,0.9965059399021663,1426.0,33.30107838699996
surrogate,equal_bargaining,confirmatory_core,0.9999989379190058,0.007500678400658739,28.0,7.462585034013605,19.0,1.0,441.0,416,441,1457,confirmatory_core__C_HH__equal_bargaining__1022,0,C_HH,1022,441,1454,0,0.0,32.0,6.712517193947731,19.0,0.9979409746053535,1454.0,32.896279822999986
surrogate,equal_bargaining,confirmatory_core,0.9999919749618811,0.01501060845799769,39.0,8.10759493670886,20.0,1.0,474.0,414,474,1416,confirmatory_core__C_HH__equal_bargaining__1023,0,C_HH,1023,474,1408,0,0.010000000000000009,30.0,6.606534090909091,19.0,0.9943502824858758,1408.0,33.64991946200007
surrogate,equal_bargaining,confirmatory_core,0.9999943732811236,0.014376416512488444,32.0,7.987234042553191,19.0,1.0,470.0,415,470,1479,confirmatory_core__C_HH__equal_bargaining__1024,0,C_HH,1024,470,1472,0,0.0,30.0,6.549592391304348,19.0,0.9952670723461798,1472.0,34.22194395199995
surrogate,equal_bargaining,confirmatory_core,0.9999994955774754,0.01026661299312566,35.0,7.653526970954357,19.0,1.0,482.0,414,482,1409,confirmatory_core__C_HH__equal_bargaining__1025,0,C_HH,1025,482,1407,0,0.0,31.0,6.626865671641791,19.0,0.9985805535841022,1407.0,32.44851282200034
surrogate,equal_bargaining,confirmatory_core,0.9999989096378084,0.015127935161339201,29.0,8.306521739130435,19.0,1.0,460.0,413,460,1438,confirmatory_core__C_HH__equal_bargaining__1026,0,C_HH,1026,460,1435,0,0.0,30.0,6.793728222996515,19.0,0.997913769123783,1435.0,32.82647485799998
surrogate,equal_bargaining,confirmatory_core,1.0,0.009203952011291455,29.0,7.6,19.0,1.0,460.0,413,460,1417,confirmatory_core__C_HH__equal_bargaining__1027,0,C_HH,1027,460,1417,0,0.0,31.0,6.679604798870854,19.0,1.0,1417.0,31.5351176260001
surrogate,equal_bargaining,confirmatory_core,0.9999981209056296,0.023398641197473632,35.0,8.714606741573034,21.0,1.0,445.0,413,445,1461,confirmatory_core__C_HH__equal_bargaining__1028,0,C_HH,1028,445,1457,0,0.01999999999999999,30.0,6.3747426218256695,19.0,0.9972621492128679,1457.0,34.140526577999935
surrogate,equal_bargaining,confirmatory_core,0.9999953958168175,0.01696364770600578,37.0,8.0995670995671,19.0,0.9935483870967742,462.0,415,465,1377,confirmatory_core__C_HH__equal_bargaining__1029,0,C_HH,1029,462,1374,0,0.0,31.0,6.403202328966521,19.0,0.9978213507625272,1374.0,32.693316656000206
surrogate,equal_bargaining,confirmatory_core,0.9999885091811642,0.014710052072537227,29.0,8.430839002267573,19.0,0.9932432432432432,441.0,415,444,1444,confirmatory_core__C_HH__equal_bargaining__1030,0,C_HH,1030,441,1444,0,0.0,33.0,6.95983379501385,19.0,1.0,1444.0,32.41335341100012
surrogate,fixed_time,confirmatory_core,0.9999723983231767,0.10620185922974765,70.0,30.286852589641434,66.0,0.9881889763779528,502.0,140,508,1457,confirmatory_core__C_HH__fixed_time__1001,0,C_HH,1001,502,1455,0,0.14,55.0,19.666666666666668,52.0,0.9986273164035689,1455.0,1.1782983009998134
surrogate,fixed_time,confirmatory_core,0.9999901916727082,0.12509388751535508,70.0,31.42760180995475,67.0,0.9910313901345291,442.0,140,446,1459,confirmatory_core__C_HH__fixed_time__1002,0,C_HH,1002,442,1455,0,0.16000000000000003,55.0,18.918213058419244,51.0,0.9972583961617546,1455.0,1.1976519139998345
surrogate,fixed_time,confirmatory_core,0.9999972503365682,0.11927098295122271,70.0,30.44917257683215,67.0,0.9952941176470588,423.0,140,425,1429,confirmatory_core__C_HH__fixed_time__1003,0,C_HH,1003,423,1427,0,0.16000000000000003,55.0,18.52207428170988,51.0,0.9986004198740378,1427.0,1.1504917790002764
surrogate,fixed_time,confirmatory_core,0.9999878340505829,0.12398232345569807,70.0,31.225263157894737,65.0,0.9895833333333334,475.0,140,480,1433,confirmatory_core__C_HH__fixed_time__1004,0,C_HH,1004,475,1428,0,0.14,55.0,18.82703081232493,51.0,0.9965108164689462,1428.0,1.19076366399986
surrogate,fixed_time,confirmatory_core,0.9999896105416802,0.1179905830621586,70.0,31.155452436194896,67.0,0.9908045977011494,431.0,140,435,1435,confirmatory_core__C_HH__fixed_time__1005,0,C_HH,1005,431,1431,0,0.16000000000000003,55.0,19.356394129979037,51.0,0.997212543554007,1431.0,1.1680127849999735
surrogate,fixed_time,confirmatory_core,0.9999995822821752,0.10722053868420972,70.0,30.7136563876652,65.0,0.9978021978021978,454.0,140,455,1434,confirmatory_core__C_HH__fixed_time__1006,0,C_HH,1006,454,1429,0,0.13,55.0,19.99160251924423,52.0,0.9965132496513249,1429.0,1.136990957999842
surrogate,fixed_time,confirmatory_core,0.9999864106689853,0.10705203226812185,70.0,29.77262693156733,65.0,0.9912472647702407,453.0,140,457,1411,confirmatory_core__C_HH__fixed_time__1007,0,C_HH,1007,453,1409,0,0.14,55.0,19.067423704755146,51.0,0.9985825655563431,1409.0,1.1479351579996546
surrogate,fixed_time,confirmatory_core,0.9999750715437453,0.1187966053181441,70.0,31.559183673469388,67.0,0.9859154929577465,490.0,140,497,1432,confirmatory_core__C_HH__fixed_time__1008,0,C_HH,1008,490,1426,0,0.16000000000000003,55.0,19.67952314165498,51.0,0.9958100558659218,1426.0,1.2186269250000805
surrogate,fixed_time,confirmatory_core,0.9999990917498488,0.10756488219953209,70.0,30.20177383592018,67.0,0.9977876106194691,451.0,140,452,1459,confirmatory_core__C_HH__fixed_time__1009,0,C_HH,1009,451,1453,0,0.15000000000000002,55.0,19.445285615966966,52.0,0.995887594242632,1453.0,1.1570094770004289
surrogate,fixed_time,confirmatory_core,0.9999984371073537,0.12904391453858735,70.0,31.698630136986303,67.0,0.9954545454545455,438.0,140,440,1461,confirmatory_core__C_HH__fixed_time__1010,0,C_HH,1010,438,1458,0,0.16000000000000003,55.0,18.79423868312757,51.0,0.997946611909651,1458.0,1.1429852530000062
surrogate,fixed_time,confirmatory_core,0.9999995404867983,0.1334181855208227,70.0,30.987577639751553,65.0,0.9979338842975206,483.0,140,484,1404,confirmatory_core__C_HH__fixed_time__1011,0,C_HH,1011,483,1403,0,0.14,55.0,17.64575908766928,51.0,0.9992877492877493,1403.0,1.1126781500001925
surrogate,fixed_time,confirmatory_core,0.999994950252526,0.1349942224226368,70.0,32.11725663716814,67.0,0.9934065934065934,452.0,140,455,1416,confirmatory_core__C_HH__fixed_time__1012,0,C_HH,1012,452,1413,0,0.15000000000000002,55.0,18.61783439490446,52.0,0.9978813559322034,1413.0,1.0923785919999318
surrogate,fixed_time,confirmatory_core,0.9999972826185476,0.11721669585860486,70.0,30.424547283702214,66.0,0.9959919839679359,497.0,140,499,1391,confirmatory_core__C_HH__fixed_time__1013,0,C_HH,1013,497,1390,0,0.14,55.0,18.70287769784173,52.0,0.9992810927390366,1390.0,1.1443950809998569
surrogate,fixed_time,confirmatory_core,0.9999833386761409,0.13471638534939248,70.0,32.00445434298441,68.0,0.9911699779249448,449.0,140,453,1418,confirmatory_core__C_HH__fixed_time__1014,0,C_HH,1014,449,1417,0,0.17000000000000004,55.0,18.532815808045164,51.0,0.9992947813822285,1417.0,1.1657627939998747
surrogate,fixed_time,confirmatory_core,0.9999420117346647,0.13564620141342754,70.0,30.9625,66.0,0.9828009828009828,400.0,140,407,1418,confirmatory_core__C_HH__fixed_time__1015,0,C_HH,1015,400,1415,0,0.16000000000000003,55.0,17.397879858657245,50.0,0.9978843441466855,1415.0,1.1741998200000126
surrogate,fixed_time,confirmatory_core,0.9999841105235777,0.11236333273692373,70.0,29.930434782608696,66.0,0.9913793103448276,460.0,140,464,1459,confirmatory_core__C_HH__fixed_time__1016,0,C_HH,1016,460,1458,0,0.14,55.0,18.694101508916322,52.0,0.9993145990404386,1458.0,1.1437155399999028
surrogate,fixed_time,confirmatory_core,0.9999797098508674,0.12332612433464529,76.0,31.226244343891402,67.0,0.9910313901345291,442.0,140,446,1429,confirmatory_core__C_HH__fixed_time__1017,0,C_HH,1017,442,1429,0,0.15000000000000002,55.0,18.893631910426873,52.0,1.0,1429.0,1.1259334110000054
surrogate,fixed_time,confirmatory_core,0.999998968216497,0.10129215966799188,70.0,28.844868735083534,66.0,0.995249406175772,419.0,140,421,1467,confirmatory_core__C_HH__fixed_time__1018,0,C_HH,1018,419,1463,0,0.16000000000000003,55.0,18.715652768284347,50.0,0.9972733469665985,1463.0,1.149433856000087
surrogate,fixed_time,confirmatory_core,0.9999398318157845,0.11547887235806703,70.0,29.57808857808858,67.0,0.9839449541284404,429.0,140,436,1491,confirmatory_core__C_HH__fixed_time__1019,0,C_HH,1019,429,1490,0,0.16000000000000003,55.0,18.030201342281877,51.0,0.9993293091884641,1490.0,1.1761727359998986
surrogate,fixed_time,confirmatory_core,0.9999829047496145,0.13570790416991405,79.0,31.559498956158663,67.0,0.9896694214876033,479.0,140,484,1420,confirmatory_core__C_HH__fixed_time__1020,0,C_HH,1020,479,1417,0,0.15000000000000002,55.0,17.988708539167256,52.0,0.997887323943662,1417.0,1.132432812999923
surrogate,fixed_time,confirmatory_core,0.9999941876025793,0.12569755680049793,70.0,30.587962962962962,65.0,0.993103448275862,432.0,140,435,1431,confirmatory_core__C_HH__fixed_time__1021,0,C_HH,1021,432,1428,0,0.14,55.0,18.018207282913167,51.0,0.9979035639412998,1428.0,1.142320176999874
surrogate,fixed_time,confirmatory_core,0.9999661429170749,0.10779979130104822,70.0,29.77241379310345,66.0,0.9863945578231292,435.0,140,441,1457,confirmatory_core__C_HH__fixed_time__1022,0,C_HH,1022,435,1454,0,0.15000000000000002,55.0,18.992434662998626,51.0,0.9979409746053535,1454.0,1.1321626359999755
surrogate,fixed_time,confirmatory_core,0.9999848555848897,0.11808294359216998,70.0,30.177350427350426,67.0,0.9873417721518988,468.0,140,474,1416,confirmatory_core__C_HH__fixed_time__1023,0,C_HH,1023,468,1409,0,0.16000000000000003,55.0,18.36905606813343,51.0,0.9950564971751412,1409.0,1.1372580079996624
surrogate,fixed_time,confirmatory_core,0.9999993945572274,0.12007818339852239,69.0,30.852564102564102,66.0,0.9957446808510638,468.0,140,470,1479,confirmatory_core__C_HH__fixed_time__1024,0,C_HH,1024,468,1475,0,0.14,55.0,18.844745762711863,52.0,0.9972954699121027,1475.0,1.1809412669999801
surrogate,fixed_time,confirmatory_core,0.999965095884952,0.10762354373567612,70.0,29.880252100840337,66.0,0.9875518672199171,476.0,140,482,1409,confirmatory_core__C_HH__fixed_time__1025,0,C_HH,1025,476,1408,0,0.14,55.0,19.117897727272727,52.0,0.9992902767920511,1408.0,1.0895080659997802
surrogate,fixed_time,confirmatory_core,0.9999987130313107,0.11301316129817568,70.0,30.170305676855897,67.0,0.9956521739130435,458.0,140,460,1438,confirmatory_core__C_HH__fixed_time__1026,0,C_HH,1026,458,1435,0,0.15000000000000002,55.0,18.86898954703833,52.0,0.997913769123783,1435.0,1.2117842100001326
surrogate,fixed_time,confirmatory_core,0.9999769874199598,0.11386451560569569,70.0,30.993392070484582,67.0,0.9869565217391304,454.0,140,460,1417,confirmatory_core__C_HH__fixed_time__1027,0,C_HH,1027,454,1412,0,0.15000000000000002,55.0,19.606940509915013,52.0,0.9964714184897672,1412.0,1.149669939999967
surrogate,fixed_time,confirmatory_core,0.9999975435041364,0.1381978132150875,70.0,32.39277652370203,66.0,0.9955056179775281,443.0,140,445,1461,confirmatory_core__C_HH__fixed_time__1028,0,C_HH,1028,443,1459,0,0.15000000000000002,55.0,18.572995202193283,51.0,0.998631074606434,1459.0,1.1272535879998031
surrogate,fixed_time,confirmatory_core,0.999957836151284,0.12117903930131005,70.0,30.29475982532751,66.0,0.9849462365591398,458.0,140,465,1377,confirmatory_core__C_HH__fixed_time__1029,0,C_HH,1029,458,1374,0,0.15000000000000002,55.0,18.176855895196507,51.0,0.9978213507625272,1374.0,1.1190662010003507
surrogate,fixed_time,confirmatory_core,0.9999753043520064,0.127372432618579,70.0,31.08883826879271,68.0,0.9887387387387387,439.0,140,444,1444,confirmatory_core__C_HH__fixed_time__1030,0,C_HH,1030,439,1442,0,0.17000000000000004,55.0,18.35159500693481,51.0,0.9986149584487535,1442.0,1.1124352990000261
surrogate,efficiency,confirmatory_core,1.0,0.02950837967234974,20.0,3.160520607375271,10.0,1.0,461.0,375,461,449,confirmatory_core__C_HL__efficiency__1001,0,C_HL,1001,461,449,0,0.13999999999999999,64.0,6.111358574610245,24.0,1.0,449.0,1.3424590839999837
surrogate,efficiency,confirmatory_core,1.0,0.022019439880468134,19.0,2.917960088691796,9.0,1.0,451.0,366,451,417,confirmatory_core__C_HL__efficiency__1002,0,C_HL,1002,451,417,0,0.09,51.0,5.119904076738609,18.0,1.0,417.0,1.1022976300000664
surrogate,efficiency,confirmatory_core,0.999986383813077,0.02638204943604512,18.0,2.7840172786177106,9.0,1.0,463.0,349,463,408,confirmatory_core__C_HL__efficiency__1003,0,C_HL,1003,463,405,0,0.11000000000000001,66.0,5.4222222222222225,20.0,0.9926470588235294,405.0,0.9954431560004195
surrogate,efficiency,confirmatory_core,1.0,0.023966330169860366,24.0,2.8991416309012874,10.0,1.0,466.0,368,466,426,confirmatory_core__C_HL__efficiency__1004,0,C_HL,1004,466,426,0,0.09,42.0,5.295774647887324,19.0,1.0,426.0,1.09245988199973
surrogate,efficiency,confirmatory_core,1.0,0.033226771653543305,19.0,2.5933333333333333,9.0,1.0,450.0,366,450,381,confirmatory_core__C_HL__efficiency__1005,0,C_HL,1005,450,381,0,0.13,66.0,5.916010498687664,22.0,1.0,381.0,1.0301753070002633
surrogate,efficiency,confirmatory_core,1.0,0.03161538461538462,17.0,2.89375,9.0,1.0,480.0,372,480,416,confirmatory_core__C_HL__efficiency__1006,0,C_HL,1006,480,416,0,0.12,51.0,6.055288461538462,21.0,1.0,416.0,1.0300432570002158
surrogate,efficiency,confirmatory_core,1.0,0.030067671671550708,20.0,3.2151898734177213,9.0,1.0,474.0,374,474,419,confirmatory_core__C_HL__efficiency__1007,0,C_HL,1007,474,419,0,0.12,41.0,6.221957040572792,21.0,1.0,419.0,1.3269088920001195
surrogate,efficiency,confirmatory_core,0.9999989523639908,0.03307377049180328,23.0,2.942622950819672,9.0,0.9979550102249489,488.0,381,489,440,confirmatory_core__C_HL__efficiency__1008,0,C_HL,1008,488,440,0,0.11000000000000001,48.0,6.25,20.0,1.0,440.0,1.0869362200000978
surrogate,efficiency,confirmatory_core,0.9999988003407032,0.028735139318885453,20.0,3.0723684210526314,10.0,0.9978118161925602,456.0,374,457,425,confirmatory_core__C_HL__efficiency__1009,0,C_HL,1009,456,425,0,0.1,49.0,5.945882352941177,20.0,1.0,425.0,1.203625570999975
surrogate,efficiency,confirmatory_core,0.9999988312892435,0.030589706859325688,22.0,3.3356481481481484,10.0,0.9976905311778291,432.0,365,433,448,confirmatory_core__C_HL__efficiency__1010,0,C_HL,1010,432,446,0,0.13,58.0,6.394618834080718,23.0,0.9955357142857143,446.0,1.0946356659997036
surrogate,efficiency,confirmatory_core,0.9999999971389781,0.029671570414531105,18.0,2.9570135746606336,9.0,0.9977426636568849,442.0,378,443,423,confirmatory_core__C_HL__efficiency__1011,0,C_HL,1011,442,422,0,0.11000000000000001,40.0,5.924170616113744,20.0,0.9976359338061466,422.0,1.0062396719999924
surrogate,efficiency,confirmatory_core,0.9999986510585144,0.031856236786469344,22.0,3.1818181818181817,10.0,1.0,484.0,377,484,431,confirmatory_core__C_HL__efficiency__1012,0,C_HL,1012,484,430,0,0.12,50.0,6.367441860465116,22.0,0.9976798143851509,430.0,1.0537181609997788
surrogate,efficiency,confirmatory_core,0.9999987897594284,0.029497418407465302,21.0,3.10752688172043,10.0,1.0,465.0,375,465,455,confirmatory_core__C_HL__efficiency__1013,0,C_HL,1013,465,454,0,0.13,58.0,6.057268722466961,23.0,0.9978021978021978,454.0,1.0413494940003147
surrogate,efficiency,confirmatory_core,1.0,0.030918517527428413,19.0,2.4527027027027026,9.0,1.0,444.0,360,444,404,confirmatory_core__C_HL__efficiency__1014,0,C_HL,1014,444,404,0,0.12,53.0,5.544554455445544,21.0,1.0,404.0,1.076953198999945
surrogate,efficiency,confirmatory_core,1.0,0.03325283464162947,27.0,2.7820224719101123,9.0,1.0,445.0,361,445,438,confirmatory_core__C_HL__efficiency__1015,0,C_HL,1015,445,438,0,0.12,49.0,6.107305936073059,21.0,1.0,438.0,1.1524719190001633
surrogate,efficiency,confirmatory_core,0.9999988159543054,0.034847009210725,19.0,2.7603485838779958,9.0,0.9978260869565218,459.0,359,460,404,confirmatory_core__C_HL__efficiency__1016,0,C_HL,1016,459,404,0,0.11000000000000001,55.0,6.2450495049504955,20.0,1.0,404.0,1.0606197100000827
surrogate,efficiency,confirmatory_core,1.0,0.03529522116903633,20.0,3.1458333333333335,9.0,1.0,432.0,364,432,422,confirmatory_core__C_HL__efficiency__1017,0,C_HL,1017,432,422,0,0.13,49.0,6.6753554502369665,22.0,1.0,422.0,1.2817913030003183
surrogate,efficiency,confirmatory_core,0.9999988706715665,0.027145662847790512,20.0,3.2085106382978723,10.0,0.9978768577494692,470.0,371,471,416,confirmatory_core__C_HL__efficiency__1018,0,C_HL,1018,470,416,0,0.1,53.0,5.923076923076923,20.0,1.0,416.0,1.140906270999949
surrogate,efficiency,confirmatory_core,0.9999985725908904,0.023604350137530917,19.0,3.0845410628019323,10.0,1.0,414.0,352,414,419,confirmatory_core__C_HL__efficiency__1019,0,C_HL,1019,414,418,0,0.1,40.0,5.444976076555024,20.0,0.9976133651551312,418.0,1.0080895070000224
surrogate,efficiency,confirmatory_core,1.0,0.0333104851611871,20.0,3.09719222462203,9.0,1.0,463.0,370,463,432,confirmatory_core__C_HL__efficiency__1020,0,C_HL,1020,463,432,0,0.13,50.0,6.4282407407407405,22.0,1.0,432.0,1.0093182729997352
surrogate,efficiency,confirmatory_core,0.9999948813758863,0.029516130694702124,25.0,3.338636363636364,10.0,1.0,440.0,369,440,443,confirmatory_core__C_HL__efficiency__1021,0,C_HL,1021,440,441,0,0.13999999999999999,71.0,6.290249433106576,24.0,0.9954853273137697,441.0,0.9940753959999711
surrogate,efficiency,confirmatory_core,1.0,0.03299538773222983,20.0,2.7387387387387387,9.0,1.0,444.0,369,444,418,confirmatory_core__C_HL__efficiency__1022,0,C_HL,1022,444,418,0,0.13,52.0,6.038277511961723,22.0,1.0,418.0,1.0016996520002976
surrogate,efficiency,confirmatory_core,0.9999984491555652,0.0313464229721056,19.0,2.890295358649789,9.0,1.0,474.0,367,474,402,confirmatory_core__C_HL__efficiency__1023,0,C_HL,1023,474,401,0,0.11000000000000001,45.0,6.024937655860349,20.0,0.9975124378109452,401.0,1.1489738669997678
surrogate,efficiency,confirmatory_core,1.0,0.03128788236219234,23.0,3.3205944798301488,9.0,1.0,471.0,360,471,405,confirmatory_core__C_HL__efficiency__1024,0,C_HL,1024,471,405,0,0.13,42.0,6.449382716049382,22.0,1.0,405.0,1.0918831379999574
surrogate,efficiency,confirmatory_core,1.0,0.024343022703524272,21.0,3.2024793388429753,10.0,1.0,484.0,362,484,435,confirmatory_core__C_HL__efficiency__1025,0,C_HL,1025,484,435,0,0.09,50.0,5.636781609195403,19.0,1.0,435.0,1.1491592539996418
surrogate,efficiency,confirmatory_core,1.0,0.03507812826841819,18.0,2.789356984478936,9.0,1.0,451.0,363,451,424,confirmatory_core__C_HL__efficiency__1026,0,C_HL,1026,451,424,0,0.14,47.0,6.297169811320755,23.0,1.0,424.0,1.1372773370003415
surrogate,efficiency,confirmatory_core,0.999998906081823,0.02546791223623311,20.0,3.330166270783848,11.0,0.9976303317535545,421.0,369,422,449,confirmatory_core__C_HL__efficiency__1027,0,C_HL,1027,421,447,0,0.09000000000000001,57.0,5.876957494407159,20.0,0.9955456570155902,447.0,1.0038240119997681
surrogate,efficiency,confirmatory_core,0.9999999823311078,0.02996506670877082,20.0,3.083682008368201,9.0,0.9979123173277662,478.0,376,479,425,confirmatory_core__C_HL__efficiency__1028,0,C_HL,1028,478,424,0,0.15,36.0,6.080188679245283,24.0,0.9976470588235294,424.0,1.0532430240000394
surrogate,efficiency,confirmatory_core,0.9999941373043325,0.028798359412842492,23.0,2.928416485900217,10.0,1.0,461.0,372,461,414,confirmatory_core__C_HL__efficiency__1029,0,C_HL,1029,461,412,0,0.12,38.0,5.808252427184466,22.0,0.9951690821256038,412.0,1.0136222450000787
surrogate,efficiency,confirmatory_core,0.9999880271066306,0.021189687393815833,20.0,3.3486238532110093,11.0,1.0,436.0,377,436,435,confirmatory_core__C_HL__efficiency__1030,0,C_HL,1030,436,432,0,0.09000000000000001,43.0,5.467592592592593,20.0,0.993103448275862,432.0,1.015711458000169
surrogate,efpb,confirmatory_core,1.0,0.0159623941368865,21.0,3.3926247288503255,13.0,1.0,461.0,370,461,449,confirmatory_core__C_HL__efpb__1001,0,C_HL,1001,461,449,0,0.04999999999999999,39.0,4.988864142538976,18.0,1.0,449.0,37.655035351999686
surrogate,efpb,confirmatory_core,1.0,0.015602524632178955,22.0,3.4301552106430155,11.0,1.0,451.0,366,451,417,confirmatory_core__C_HL__efpb__1002,0,C_HL,1002,451,417,0,0.06000000000000001,32.0,4.990407673860911,17.0,1.0,417.0,40.65216725599976
surrogate,efpb,confirmatory_core,0.9999988312650621,0.013481983702571934,19.0,3.316017316017316,13.0,0.9978401727861771,462.0,345,463,408,confirmatory_core__C_HL__efpb__1003,0,C_HL,1003,462,408,0,0.04000000000000001,28.0,4.66421568627451,17.0,1.0,408.0,43.58900404799988
surrogate,efpb,confirmatory_core,0.9999986191697897,0.011568088866447862,24.0,3.5278969957081543,13.0,1.0,466.0,366,466,426,confirmatory_core__C_HL__efpb__1004,0,C_HL,1004,466,425,0,0.04000000000000001,33.0,4.684705882352941,17.0,0.9976525821596244,425.0,42.61133732899998
surrogate,efpb,confirmatory_core,0.9999987626855663,0.01795041766772472,20.0,2.939866369710468,12.0,0.9977777777777778,449.0,359,450,381,confirmatory_core__C_HL__efpb__1005,0,C_HL,1005,449,381,0,0.06,37.0,4.7349081364829395,18.0,1.0,381.0,41.38923313300029
surrogate,efpb,confirmatory_core,1.0,0.016876602564102568,29.0,3.5166666666666666,13.0,1.0,480.0,368,480,416,confirmatory_core__C_HL__efpb__1006,0,C_HL,1006,480,416,0,0.04999999999999999,36.0,5.204326923076923,18.0,1.0,416.0,40.78258625699982
surrogate,efpb,confirmatory_core,0.9999955303267332,0.02148168561142348,20.0,3.5487288135593222,12.0,0.9957805907172996,472.0,369,474,419,confirmatory_core__C_HL__efpb__1007,0,C_HL,1007,472,419,0,0.07,31.0,5.6968973747016705,19.0,1.0,419.0,38.16219302499985
surrogate,efpb,confirmatory_core,0.9999989523639908,0.020245156482861404,28.0,3.8913934426229506,15.0,0.9979550102249489,488.0,380,489,440,confirmatory_core__C_HL__efpb__1008,0,C_HL,1008,488,440,0,0.04000000000000001,30.0,5.915909090909091,19.0,1.0,440.0,40.44858540699988
surrogate,efpb,confirmatory_core,0.9999988003407032,0.017375077399380802,27.0,3.401315789473684,13.0,0.9978118161925602,456.0,367,457,425,confirmatory_core__C_HL__efpb__1009,0,C_HL,1009,456,425,0,0.04999999999999999,49.0,5.138823529411765,18.0,1.0,425.0,41.24488903099973
surrogate,efpb,confirmatory_core,0.9999987516010718,0.012442043699076727,27.0,4.060046189376443,14.0,1.0,433.0,364,433,448,confirmatory_core__C_HL__efpb__1010,0,C_HL,1010,433,447,0,0.06,50.0,5.3042505592841165,20.0,0.9977678571428571,447.0,40.207887101000324
surrogate,efpb,confirmatory_core,1.0,0.014774132953375069,19.0,3.3972911963882617,13.0,1.0,443.0,371,443,423,confirmatory_core__C_HL__efpb__1011,0,C_HL,1011,443,423,0,0.04999999999999999,38.0,4.874704491725768,18.0,1.0,423.0,38.14994094799977
surrogate,efpb,confirmatory_core,0.9999986510585144,0.013995291178166433,26.0,4.088842975206612,14.0,1.0,484.0,373,484,431,confirmatory_core__C_HL__efpb__1012,0,C_HL,1012,484,430,0,0.03999999999999998,32.0,5.488372093023256,18.0,0.9976798143851509,430.0,41.31265023600008
surrogate,efpb,confirmatory_core,0.9999987897594284,0.008755435554923974,22.0,4.04516129032258,15.0,1.0,465.0,371,465,455,confirmatory_core__C_HL__efpb__1013,0,C_HL,1013,465,454,0,0.020000000000000018,35.0,4.920704845814978,17.0,0.9978021978021978,454.0,41.59124444400004
surrogate,efpb,confirmatory_core,1.0,0.014435152974756935,25.0,3.2545045045045047,13.0,1.0,444.0,355,444,404,confirmatory_core__C_HL__efpb__1014,0,C_HL,1014,444,404,0,0.04999999999999999,48.0,4.698019801980198,18.0,1.0,404.0,41.37154021300012
surrogate,efpb,confirmatory_core,1.0,0.012479452054794525,27.0,3.8,14.0,1.0,445.0,363,445,438,confirmatory_core__C_HL__efpb__1015,0,C_HL,1015,445,438,0,0.03999999999999998,37.0,5.0479452054794525,18.0,1.0,438.0,42.17050500000005
surrogate,efpb,confirmatory_core,1.0,0.015403572965992249,19.0,3.630434782608696,13.0,1.0,460.0,355,460,404,confirmatory_core__C_HL__efpb__1016,0,C_HL,1016,460,404,0,0.04999999999999999,38.0,5.170792079207921,18.0,1.0,404.0,42.82059870100011
surrogate,efpb,confirmatory_core,1.0,0.014004739336492891,19.0,4.0,15.0,1.0,432.0,361,432,422,confirmatory_core__C_HL__efpb__1017,0,C_HL,1017,432,422,0,0.03,37.0,5.400473933649289,18.0,1.0,422.0,40.44613316300001
surrogate,efpb,confirmatory_core,0.9999988706715665,0.014877557283142391,19.0,3.572340425531915,14.0,0.9978768577494692,470.0,368,471,416,confirmatory_core__C_HL__efpb__1018,0,C_HL,1018,470,416,0,0.03,38.0,5.060096153846154,17.0,1.0,416.0,39.382613282999955
surrogate,efpb,confirmatory_core,0.9999985378620619,0.014611521725311626,20.0,3.62953995157385,14.0,0.9975845410628019,413.0,352,414,419,confirmatory_core__C_HL__efpb__1019,0,C_HL,1019,413,419,0,0.04999999999999999,40.0,5.090692124105012,19.0,1.0,419.0,40.068367939999916
surrogate,efpb,confirmatory_core,1.0,0.01731611471082313,19.0,3.4211663066954645,12.0,1.0,463.0,367,463,432,confirmatory_core__C_HL__efpb__1020,0,C_HL,1020,463,432,0,0.07,36.0,5.152777777777778,19.0,1.0,432.0,39.404388698000275
surrogate,efpb,confirmatory_core,0.9999948111787965,0.011610078646010491,25.0,4.134703196347032,15.0,0.9954545454545455,438.0,363,440,443,confirmatory_core__C_HL__efpb__1021,0,C_HL,1021,438,443,0,0.03,39.0,5.295711060948081,18.0,1.0,443.0,38.232217753999976
surrogate,efpb,confirmatory_core,1.0,0.01527630501314712,19.0,3.328828828828829,13.0,1.0,444.0,362,444,418,confirmatory_core__C_HL__efpb__1022,0,C_HL,1022,444,418,0,0.04000000000000001,31.0,4.856459330143541,17.0,1.0,418.0,37.674253706999934
surrogate,efpb,confirmatory_core,0.9999984491555652,0.020284152487978366,19.0,3.128691983122363,10.0,1.0,474.0,361,474,402,confirmatory_core__C_HL__efpb__1023,0,C_HL,1023,474,401,0,0.09,40.0,5.157107231920199,19.0,0.9975124378109452,401.0,41.74169548300006
surrogate,efpb,confirmatory_core,1.0,0.02063379727923252,23.0,3.813163481953291,14.0,1.0,471.0,360,471,405,confirmatory_core__C_HL__efpb__1024,0,C_HL,1024,471,405,0,0.03999999999999998,38.0,5.8765432098765435,18.0,1.0,405.0,40.89583828400009
surrogate,efpb,confirmatory_core,1.0,0.010683338083024602,20.0,3.708677685950413,15.0,1.0,484.0,359,484,435,confirmatory_core__C_HL__efpb__1025,0,C_HL,1025,484,435,0,0.03,37.0,4.777011494252873,18.0,1.0,435.0,42.99401155600026
surrogate,efpb,confirmatory_core,1.0,0.016951114922813038,19.0,3.5454545454545454,13.0,1.0,451.0,355,451,424,confirmatory_core__C_HL__efpb__1026,0,C_HL,1026,451,424,0,0.04999999999999999,47.0,5.240566037735849,18.0,1.0,424.0,40.644716659000096
surrogate,efpb,confirmatory_core,0.999998411210219,0.013787202380952386,29.0,3.9047619047619047,14.0,0.995260663507109,420.0,367,422,449,confirmatory_core__C_HL__efpb__1027,0,C_HL,1027,420,448,0,0.03999999999999998,28.0,5.283482142857143,18.0,0.9977728285077951,448.0,38.48057304699978
surrogate,efpb,confirmatory_core,0.9999999823311078,0.013999467119286332,19.0,3.899581589958159,14.0,0.9979123173277662,478.0,372,479,425,confirmatory_core__C_HL__efpb__1028,0,C_HL,1028,478,424,0,0.03999999999999998,29.0,5.2995283018867925,18.0,0.9976470588235294,424.0,43.413183363999906
surrogate,efpb,confirmatory_core,0.9999941373043325,0.017323199882063052,20.0,3.177874186550976,12.0,1.0,461.0,359,461,414,confirmatory_core__C_HL__efpb__1029,0,C_HL,1029,461,412,0,0.07,38.0,4.910194174757281,19.0,0.9951690821256038,412.0,37.64334030000009
surrogate,efpb,confirmatory_core,0.9999880271066306,0.005447460074753649,19.0,4.08256880733945,14.0,1.0,436.0,372,436,435,confirmatory_core__C_HL__efpb__1030,0,C_HL,1030,436,432,0,0.03,40.0,4.627314814814815,17.0,0.993103448275862,432.0,42.026695934000145
surrogate,equal_bargaining,confirmatory_core,1.0,0.005952780099425577,21.0,4.273318872017353,16.0,1.0,461.0,372,461,449,confirmatory_core__C_HL__equal_bargaining__1001,0,C_HL,1001,461,449,0,0.0,28.0,4.868596881959911,16.0,1.0,449.0,25.4721023420002
surrogate,equal_bargaining,confirmatory_core,1.0,0.004713373425428165,19.0,3.9866962305986697,14.0,1.0,451.0,363,451,417,confirmatory_core__C_HL__equal_bargaining__1002,0,C_HL,1002,451,417,0,0.009999999999999981,27.0,4.458033573141487,15.0,1.0,417.0,24.856537183
surrogate,equal_bargaining,confirmatory_core,0.9999988312650621,0.012378724216959514,19.0,3.686147186147186,15.0,0.9978401727861771,462.0,349,463,408,confirmatory_core__C_HL__equal_bargaining__1003,0,C_HL,1003,462,408,0,0.020000000000000018,24.0,4.924019607843137,17.0,1.0,408.0,23.793741728999976
surrogate,equal_bargaining,confirmatory_core,0.9999986191697897,0.007911789952032316,19.0,3.61587982832618,15.0,1.0,466.0,365,466,426,confirmatory_core__C_HL__equal_bargaining__1004,0,C_HL,1004,466,425,0,0.0,27.0,4.407058823529412,15.0,0.9976525821596244,425.0,24.81773846499982
surrogate,equal_bargaining,confirmatory_core,0.9999987626855663,0.012658576363923327,19.0,3.3719376391982183,14.0,0.9977777777777778,449.0,358,450,381,confirmatory_core__C_HL__equal_bargaining__1005,0,C_HL,1005,449,381,0,0.01999999999999999,28.0,4.637795275590551,16.0,1.0,381.0,21.791369420999672
surrogate,equal_bargaining,confirmatory_core,1.0,0.01326762820512821,19.0,4.045833333333333,15.0,1.0,480.0,370,480,416,confirmatory_core__C_HL__equal_bargaining__1006,0,C_HL,1006,480,416,0,0.020000000000000018,29.0,5.372596153846154,17.0,1.0,416.0,25.49844020799992
surrogate,equal_bargaining,confirmatory_core,1.0,0.005289618641934286,19.0,4.938818565400844,17.0,1.0,474.0,369,474,419,confirmatory_core__C_HL__equal_bargaining__1007,0,C_HL,1007,474,419,0,0.009999999999999981,27.0,5.4677804295942725,18.0,1.0,419.0,24.516068553999958
surrogate,equal_bargaining,confirmatory_core,0.9999989523639908,0.013714605067064088,20.0,4.07172131147541,15.0,0.9979550102249489,488.0,378,489,440,confirmatory_core__C_HL__equal_bargaining__1008,0,C_HL,1008,488,440,0,0.020000000000000018,28.0,5.443181818181818,17.0,1.0,440.0,24.16611540299982
surrogate,equal_bargaining,confirmatory_core,0.9999988003407032,0.016941279669762638,19.0,3.4517543859649122,13.0,0.9978118161925602,456.0,368,457,425,confirmatory_core__C_HL__equal_bargaining__1009,0,C_HL,1009,456,425,0,0.04000000000000001,26.0,5.145882352941176,17.0,1.0,425.0,24.675111443999867
surrogate,equal_bargaining,confirmatory_core,0.9999987516010718,0.006451167909233231,20.0,4.61662817551963,16.0,1.0,433.0,363,433,448,confirmatory_core__C_HL__equal_bargaining__1010,0,C_HL,1010,433,447,0,0.01999999999999999,29.0,5.261744966442953,18.0,0.9977678571428571,447.0,24.519276620000255
surrogate,equal_bargaining,confirmatory_core,1.0,0.011341754318556586,19.0,3.7878103837471784,15.0,1.0,443.0,367,443,423,confirmatory_core__C_HL__equal_bargaining__1011,0,C_HL,1011,443,423,0,0.020000000000000018,26.0,4.921985815602837,17.0,1.0,423.0,23.639727601999766
surrogate,equal_bargaining,confirmatory_core,0.9999986510585144,0.010400442052661926,26.0,4.485537190082645,15.0,1.0,484.0,375,484,431,confirmatory_core__C_HL__equal_bargaining__1012,0,C_HL,1012,484,430,0,0.020000000000000018,29.0,5.525581395348837,17.0,0.9976798143851509,430.0,24.691313052999703
surrogate,equal_bargaining,confirmatory_core,0.9999987897594284,0.003967078774098805,20.0,4.191397849462366,15.0,1.0,465.0,367,465,455,confirmatory_core__C_HL__equal_bargaining__1013,0,C_HL,1013,465,454,0,0.010000000000000009,26.0,4.5881057268722465,16.0,0.9978021978021978,454.0,23.52914057800035
surrogate,equal_bargaining,confirmatory_core,1.0,0.010043261082865046,24.0,3.6936936936936937,15.0,1.0,444.0,357,444,404,confirmatory_core__C_HL__equal_bargaining__1014,0,C_HL,1014,444,404,0,0.03,29.0,4.698019801980198,18.0,1.0,404.0,23.397559940000065
surrogate,equal_bargaining,confirmatory_core,1.0,0.005520188805089532,20.0,4.397752808988764,16.0,1.0,445.0,361,445,438,confirmatory_core__C_HL__equal_bargaining__1015,0,C_HL,1015,445,438,0,0.010000000000000009,28.0,4.949771689497717,17.0,1.0,438.0,22.266893340000024
surrogate,equal_bargaining,confirmatory_core,1.0,0.0053286698235040855,19.0,3.8978260869565218,14.0,1.0,460.0,354,460,404,confirmatory_core__C_HL__equal_bargaining__1016,0,C_HL,1016,460,404,0,0.01999999999999999,26.0,4.430693069306931,16.0,1.0,404.0,23.059793174999868
surrogate,equal_bargaining,confirmatory_core,0.9999985928375429,0.00712929972728072,19.0,4.467592592592593,16.0,1.0,432.0,360,432,422,confirmatory_core__C_HL__equal_bargaining__1017,0,C_HL,1017,432,421,0,0.010000000000000009,29.0,5.180522565320665,17.0,0.9976303317535545,421.0,25.24674198499997
surrogate,equal_bargaining,confirmatory_core,1.0,0.006400508329250369,19.0,4.222929936305732,15.0,1.0,471.0,369,471,416,confirmatory_core__C_HL__equal_bargaining__1018,0,C_HL,1018,471,416,0,0.020000000000000018,30.0,4.862980769230769,17.0,1.0,416.0,25.50392020499976
surrogate,equal_bargaining,confirmatory_core,0.9999941373043325,0.005483061843965055,20.0,4.322815533980583,15.0,0.9951690821256038,412.0,359,414,419,confirmatory_core__C_HL__equal_bargaining__1019,0,C_HL,1019,412,419,0,0.020000000000000018,29.0,4.871121718377088,17.0,1.0,419.0,23.729496392999863
surrogate,equal_bargaining,confirmatory_core,1.0,0.009376449884009277,19.0,3.9697624190064795,15.0,1.0,463.0,363,463,432,confirmatory_core__C_HL__equal_bargaining__1020,0,C_HL,1020,463,432,0,0.03,29.0,4.907407407407407,18.0,1.0,432.0,24.59585630799984
surrogate,equal_bargaining,confirmatory_core,0.9999948111787965,0.005917519609965269,22.0,4.570776255707763,16.0,0.9954545454545455,438.0,360,440,443,confirmatory_core__C_HL__equal_bargaining__1021,0,C_HL,1021,438,443,0,0.01999999999999999,29.0,5.162528216704289,18.0,1.0,443.0,23.855879087000176
surrogate,equal_bargaining,confirmatory_core,1.0,0.006442626837363671,19.0,3.934684684684685,16.0,1.0,444.0,359,444,418,confirmatory_core__C_HL__equal_bargaining__1022,0,C_HL,1022,444,418,0,0.0,30.0,4.578947368421052,16.0,1.0,418.0,22.855840025999896
surrogate,equal_bargaining,confirmatory_core,0.9999820457116183,0.013680639356409445,19.0,3.4553191489361703,13.0,0.9915611814345991,470.0,359,474,402,confirmatory_core__C_HL__equal_bargaining__1023,0,C_HL,1023,470,402,0,0.04000000000000001,29.0,4.823383084577115,17.0,1.0,402.0,22.82822547600017
surrogate,equal_bargaining,confirmatory_core,1.0,0.009117873712353536,19.0,4.564755838641189,15.0,1.0,471.0,357,471,405,confirmatory_core__C_HL__equal_bargaining__1024,0,C_HL,1024,471,405,0,0.020000000000000018,29.0,5.476543209876543,17.0,1.0,405.0,22.440411537999807
surrogate,equal_bargaining,confirmatory_core,1.0,0.010339887907286023,19.0,3.975206611570248,15.0,1.0,484.0,358,484,435,confirmatory_core__C_HL__equal_bargaining__1025,0,C_HL,1025,484,435,0,0.020000000000000018,29.0,5.00919540229885,17.0,1.0,435.0,25.660622625000087
surrogate,equal_bargaining,confirmatory_core,1.0,0.010790852612642766,25.0,4.130820399113082,15.0,1.0,451.0,359,451,424,confirmatory_core__C_HL__equal_bargaining__1026,0,C_HL,1026,451,424,0,0.020000000000000018,28.0,5.209905660377358,17.0,1.0,424.0,25.011632326999916
surrogate,equal_bargaining,confirmatory_core,0.999998411210219,0.01258184523809524,19.0,4.2976190476190474,16.0,0.995260663507109,420.0,370,422,449,confirmatory_core__C_HL__equal_bargaining__1027,0,C_HL,1027,420,448,0,0.01999999999999999,29.0,5.555803571428571,18.0,0.9977728285077951,448.0,24.08245779100025
surrogate,equal_bargaining,confirmatory_core,0.9999999823311078,0.011022933607010336,19.0,4.043933054393306,15.0,0.9979123173277662,478.0,368,479,425,confirmatory_core__C_HL__equal_bargaining__1028,0,C_HL,1028,478,424,0,0.03,29.0,5.14622641509434,18.0,0.9976470588235294,424.0,25.8692600710001
surrogate,equal_bargaining,confirmatory_core,0.9999982163502811,0.010464542000844235,20.0,3.6695652173913045,15.0,0.9978308026030369,460.0,360,461,414,confirmatory_core__C_HL__equal_bargaining__1029,0,C_HL,1029,460,412,0,0.020000000000000018,26.0,4.716019417475728,17.0,0.9951690821256038,412.0,22.876318498999808
surrogate,equal_bargaining,confirmatory_core,0.9999880271066306,0.006420956506965676,20.0,4.3463302752293576,15.0,1.0,436.0,373,436,435,confirmatory_core__C_HL__equal_bargaining__1030,0,C_HL,1030,436,432,0,0.010000000000000009,28.0,4.988425925925926,16.0,0.993103448275862,432.0,23.849482331000218
surrogate,fixed_time,confirmatory_core,0.9999233954946974,0.13156137996135636,70.0,30.973509933774835,67.0,0.982646420824295,453.0,140,461,449,confirmatory_core__C_HL__fixed_time__1001,0,C_HL,1001,453,449,0,0.16000000000000003,55.0,17.817371937639198,51.0,1.0,449.0,1.031500608999977
surrogate,fixed_time,confirmatory_core,0.9999801592222416,0.14343843046368276,70.0,31.08724832214765,67.0,0.991130820399113,447.0,140,451,417,confirmatory_core__C_HL__fixed_time__1002,0,C_HL,1002,447,417,0,0.16000000000000003,55.0,16.743405275779377,51.0,1.0,417.0,1.0383778780001194
surrogate,fixed_time,confirmatory_core,0.9999903191749125,0.14398831987067282,70.0,30.89760348583878,66.0,0.9913606911447084,459.0,140,463,408,confirmatory_core__C_HL__fixed_time__1003,0,C_HL,1003,459,407,0,0.14,55.0,16.4987714987715,52.0,0.9975490196078431,407.0,1.0311472240000512
surrogate,fixed_time,confirmatory_core,0.9999814212726429,0.12254527162977868,70.0,31.071428571428573,66.0,0.9914163090128756,462.0,140,466,426,confirmatory_core__C_HL__fixed_time__1004,0,C_HL,1004,462,426,0,0.15000000000000002,55.0,18.816901408450704,51.0,1.0,426.0,1.0697462790003556
surrogate,fixed_time,confirmatory_core,0.9999687909618625,0.12652422660650567,70.0,30.662921348314608,67.0,0.9888888888888889,445.0,140,450,381,confirmatory_core__C_HL__fixed_time__1005,0,C_HL,1005,445,381,0,0.16000000000000003,55.0,18.010498687664043,51.0,1.0,381.0,1.1277362010000616
surrogate,fixed_time,confirmatory_core,0.9999956416000558,0.12800239378822012,70.0,31.211297071129707,66.0,0.9958333333333333,478.0,140,480,416,confirmatory_core__C_HL__fixed_time__1006,0,C_HL,1006,478,416,0,0.15000000000000002,55.0,18.411057692307693,51.0,1.0,416.0,1.1610310099999879
surrogate,fixed_time,confirmatory_core,0.9999594320486813,0.13589850682332782,70.0,31.16025641025641,66.0,0.9873417721518988,468.0,140,474,419,confirmatory_core__C_HL__fixed_time__1007,0,C_HL,1007,468,419,0,0.15000000000000002,55.0,17.570405727923628,51.0,1.0,419.0,1.122818240000015
surrogate,fixed_time,confirmatory_core,0.9999319846455337,0.1392544415044415,70.0,31.604989604989605,66.0,0.983640081799591,481.0,140,489,440,confirmatory_core__C_HL__fixed_time__1008,0,C_HL,1008,481,440,0,0.15000000000000002,55.0,17.679545454545455,51.0,1.0,440.0,1.3560263700001087
surrogate,fixed_time,confirmatory_core,0.9999572308312695,0.11614612159329141,70.0,30.015555555555554,67.0,0.9846827133479212,450.0,140,457,425,confirmatory_core__C_HL__fixed_time__1009,0,C_HL,1009,450,424,0,0.16000000000000003,55.0,18.400943396226417,51.0,0.9976470588235294,424.0,1.043042056000104
surrogate,fixed_time,confirmatory_core,0.9999662775546101,0.12828625667556742,70.0,30.661214953271028,64.0,0.9884526558891455,428.0,140,433,448,confirmatory_core__C_HL__fixed_time__1010,0,C_HL,1010,428,448,0,0.13,55.0,17.832589285714285,51.0,1.0,448.0,1.0339004179995754
surrogate,fixed_time,confirmatory_core,0.9999948813758863,0.13686158151203742,70.0,31.09750566893424,66.0,0.9954853273137697,441.0,140,443,423,confirmatory_core__C_HL__fixed_time__1011,0,C_HL,1011,441,423,0,0.15000000000000002,55.0,17.411347517730498,51.0,1.0,423.0,1.0438094379996983
surrogate,fixed_time,confirmatory_core,0.9999962077444621,0.13369907653628585,70.0,29.97920997920998,65.0,0.993801652892562,481.0,140,484,431,confirmatory_core__C_HL__fixed_time__1012,0,C_HL,1012,481,430,0,0.14,55.0,16.609302325581396,51.0,0.9976798143851509,430.0,1.084707847000118
surrogate,fixed_time,confirmatory_core,0.9999896345426771,0.14396189092855027,70.0,31.59002169197397,68.0,0.9913978494623656,461.0,140,465,455,confirmatory_core__C_HL__fixed_time__1013,0,C_HL,1013,461,454,0,0.18000000000000005,55.0,17.19383259911894,50.0,0.9978021978021978,454.0,1.1415999519999787
surrogate,fixed_time,confirmatory_core,0.9999795258179436,0.14892956795679568,70.0,32.50681818181818,67.0,0.990990990990991,440.0,140,444,404,confirmatory_core__C_HL__fixed_time__1014,0,C_HL,1014,440,404,0,0.17000000000000004,55.0,17.613861386138613,50.0,1.0,404.0,1.2117497999997795
surrogate,fixed_time,confirmatory_core,0.9999796181459648,0.11827788649706458,70.0,31.142857142857142,67.0,0.9910112359550561,441.0,140,445,438,confirmatory_core__C_HL__fixed_time__1015,0,C_HL,1015,441,438,0,0.15000000000000002,55.0,19.315068493150687,52.0,1.0,438.0,1.1666112029997748
surrogate,fixed_time,confirmatory_core,0.9999809313145952,0.112182994615251,70.0,28.93859649122807,66.0,0.991304347826087,456.0,140,460,404,confirmatory_core__C_HL__fixed_time__1016,0,C_HL,1016,456,404,0,0.15000000000000002,55.0,17.72029702970297,51.0,1.0,404.0,1.3962235459998737
surrogate,fixed_time,confirmatory_core,0.9999783671526846,0.12250852637640075,70.0,29.523364485981308,66.0,0.9907407407407407,428.0,140,432,422,confirmatory_core__C_HL__fixed_time__1017,0,C_HL,1017,428,422,0,0.15000000000000002,55.0,17.27251184834123,51.0,1.0,422.0,1.0212631050003438
surrogate,fixed_time,confirmatory_core,0.9999897927937124,0.13686431623931627,70.0,30.25854700854701,66.0,0.9936305732484076,468.0,140,471,416,confirmatory_core__C_HL__fixed_time__1018,0,C_HL,1018,468,416,0,0.15000000000000002,55.0,16.572115384615383,51.0,1.0,416.0,1.1595660460002364
surrogate,fixed_time,confirmatory_core,0.999976435657563,0.11039658885849002,71.0,29.846341463414635,65.0,0.9903381642512077,410.0,140,414,419,confirmatory_core__C_HL__fixed_time__1019,0,C_HL,1019,410,419,0,0.14,55.0,18.80668257756563,51.0,1.0,419.0,1.0091629879998436
surrogate,fixed_time,confirmatory_core,0.9999953149523296,0.13372459227123004,70.0,30.52060737527115,67.0,0.9956803455723542,461.0,140,463,432,confirmatory_core__C_HL__fixed_time__1020,0,C_HL,1020,461,432,0,0.16000000000000003,55.0,17.14814814814815,51.0,1.0,432.0,1.0097406439999759
surrogate,fixed_time,confirmatory_core,0.9999528741530439,0.11690219596176055,70.0,30.0852534562212,66.0,0.9863636363636363,434.0,140,440,443,confirmatory_core__C_HL__fixed_time__1021,0,C_HL,1021,434,443,0,0.14,55.0,18.395033860045146,52.0,1.0,443.0,1.233919392000189
surrogate,fixed_time,confirmatory_core,0.9999679369615013,0.1067055399941145,70.0,29.938496583143507,65.0,0.9887387387387387,439.0,140,444,418,confirmatory_core__C_HL__fixed_time__1022,0,C_HL,1022,439,418,0,0.14,55.0,19.267942583732058,51.0,1.0,418.0,1.1372216730001128
surrogate,fixed_time,confirmatory_core,0.999862200913346,0.13323678583325277,70.0,30.161987041036717,65.0,0.9767932489451476,463.0,140,474,402,confirmatory_core__C_HL__fixed_time__1023,0,C_HL,1023,463,402,0,0.15000000000000002,55.0,16.83830845771144,50.0,1.0,402.0,1.1575297989998035
surrogate,fixed_time,confirmatory_core,0.9999954730852283,0.13990660454342044,70.0,31.215351812366738,65.0,0.9957537154989384,469.0,140,471,405,confirmatory_core__C_HL__fixed_time__1024,0,C_HL,1024,469,405,0,0.16000000000000003,55.0,17.224691358024693,49.0,1.0,405.0,1.1534042309999677
surrogate,fixed_time,confirmatory_core,0.9999991542490446,0.12740740386637855,70.0,29.406639004149376,65.0,0.9958677685950413,482.0,140,484,435,confirmatory_core__C_HL__fixed_time__1025,0,C_HL,1025,482,434,0,0.14,55.0,16.66589861751152,51.0,0.9977011494252873,434.0,1.026547520999884
surrogate,fixed_time,confirmatory_core,0.9999987681725346,0.14617997903563945,70.0,31.691111111111113,67.0,0.9977827050997783,450.0,140,451,424,confirmatory_core__C_HL__fixed_time__1026,0,C_HL,1026,450,424,0,0.17000000000000004,55.0,17.07311320754717,50.0,1.0,424.0,1.10722578900004
surrogate,fixed_time,confirmatory_core,0.9999084353897219,0.10385386742412014,70.0,28.743961352657006,65.0,0.981042654028436,414.0,140,422,449,confirmatory_core__C_HL__fixed_time__1027,0,C_HL,1027,414,449,0,0.13,55.0,18.35857461024499,52.0,1.0,449.0,1.0439820639999198
surrogate,fixed_time,confirmatory_core,0.9999724740540433,0.12000670141474315,70.0,30.259493670886076,66.0,0.9895615866388309,474.0,140,479,425,confirmatory_core__C_HL__fixed_time__1028,0,C_HL,1028,474,425,0,0.15000000000000002,55.0,18.258823529411764,51.0,1.0,425.0,1.07499169599987
surrogate,fixed_time,confirmatory_core,0.9999414767447693,0.12255325714528936,70.0,31.98237885462555,67.0,0.9848156182212582,454.0,140,461,414,confirmatory_core__C_HL__fixed_time__1029,0,C_HL,1029,454,414,0,0.16000000000000003,55.0,19.72705314009662,51.0,1.0,414.0,1.2408213109997632
surrogate,fixed_time,confirmatory_core,0.9999947031022606,0.14862730281712624,70.0,31.424942263279444,66.0,0.9931192660550459,433.0,140,436,435,confirmatory_core__C_HL__fixed_time__1030,0,C_HL,1030,433,434,0,0.15000000000000002,55.0,16.56221198156682,51.0,0.9977011494252873,434.0,1.1035839890000716
surrogate,efficiency,confirmatory_core,0.9999997306999379,0.00957126112514986,33.0,5.686695278969957,19.0,1.0,466.0,414,466,964,confirmatory_core__C_HM__efficiency__1001,0,C_HM,1001,466,963,0,0.010000000000000009,40.0,6.643821391484943,20.0,0.9989626556016598,963.0,1.2309966910002004
surrogate,efficiency,confirmatory_core,0.9999999944103105,0.002308952990792257,39.0,5.918735891647856,18.0,0.9977477477477478,443.0,411,444,951,confirmatory_core__C_HM__efficiency__1002,0,C_HM,1002,443,949,0,0.010000000000000009,38.0,6.1496311907270815,19.0,0.9978969505783386,949.0,1.13215751000007
surrogate,efficiency,confirmatory_core,0.9999997226999485,0.00966913947632135,36.0,5.458797327394209,18.0,1.0,449.0,416,449,950,confirmatory_core__C_HM__efficiency__1003,0,C_HM,1003,449,949,0,0.03,40.0,6.425711275026344,21.0,0.9989473684210526,949.0,1.08843959800015
surrogate,efficiency,confirmatory_core,0.9999997003228718,0.01323225954631635,29.0,5.1888412017167385,18.0,0.9978586723768736,466.0,414,467,954,confirmatory_core__C_HM__efficiency__1004,0,C_HM,1004,466,953,0,0.020000000000000018,36.0,6.512067156348373,20.0,0.9989517819706499,953.0,1.1353059779999057
surrogate,efficiency,confirmatory_core,0.9999999985885107,0.009277191260706703,29.0,5.248878923766816,18.0,0.9977628635346756,446.0,410,447,925,confirmatory_core__C_HM__efficiency__1005,0,C_HM,1005,446,923,0,0.010000000000000009,46.0,6.176598049837486,19.0,0.9978378378378379,923.0,1.0534798120002051
surrogate,efficiency,confirmatory_core,0.9999974345364977,0.006556972439325376,34.0,6.076923076923077,19.0,1.0,455.0,414,455,938,confirmatory_core__C_HM__efficiency__1006,0,C_HM,1006,455,935,0,0.010000000000000009,53.0,6.732620320855615,20.0,0.9968017057569296,935.0,1.0824756339998203
surrogate,efficiency,confirmatory_core,0.999997212947531,0.011707056519928503,33.0,5.225058004640371,18.0,1.0,431.0,407,431,900,confirmatory_core__C_HM__efficiency__1007,0,C_HM,1007,431,897,0,0.020000000000000018,42.0,6.395763656633222,20.0,0.9966666666666667,897.0,1.1088846300003752
surrogate,efficiency,confirmatory_core,0.9999996957684433,0.013413063238540447,30.0,5.6686274509803924,18.0,1.0,510.0,413,510,907,confirmatory_core__C_HM__efficiency__1008,0,C_HM,1008,510,906,0,0.06,49.0,7.009933774834437,24.0,0.9988974641675854,906.0,1.125869851999596
surrogate,efficiency,confirmatory_core,0.9999997093890021,0.0142418468897582,28.0,5.265135699373695,17.0,1.0,479.0,412,479,928,confirmatory_core__C_HM__efficiency__1009,0,C_HM,1009,479,927,0,0.03,44.0,6.689320388349515,20.0,0.9989224137931034,927.0,1.1305246980000447
surrogate,efficiency,confirmatory_core,0.9999996797460249,0.010268547427891773,24.0,5.239035087719298,17.0,0.9978118161925602,456.0,405,457,945,confirmatory_core__C_HM__efficiency__1010,0,C_HM,1010,456,944,0,0.01999999999999999,44.0,6.265889830508475,19.0,0.9989417989417989,944.0,1.1735124490000999
surrogate,efficiency,confirmatory_core,0.9999996373380736,0.013444816053511707,26.0,5.230769230769231,18.0,0.997867803837953,468.0,411,469,900,confirmatory_core__C_HM__efficiency__1011,0,C_HM,1011,468,897,0,0.010000000000000009,70.0,6.575250836120401,19.0,0.9966666666666667,897.0,1.0855481610001334
surrogate,efficiency,confirmatory_core,0.9999987977084323,0.01213712385425205,27.0,5.856540084388186,17.0,1.0,474.0,415,474,913,confirmatory_core__C_HM__efficiency__1012,0,C_HM,1012,474,911,0,0.03,72.0,7.070252469813392,20.0,0.9978094194961665,911.0,1.0755505030001586
surrogate,efficiency,confirmatory_core,0.9999997183324716,0.008409233937868292,40.0,5.597402597402597,18.0,0.9978401727861771,462.0,412,463,909,confirmatory_core__C_HM__efficiency__1013,0,C_HM,1013,462,908,0,0.020000000000000018,57.0,6.438325991189427,20.0,0.9988998899889989,908.0,1.086131296000076
surrogate,efficiency,confirmatory_core,0.9999894814839054,0.007812446061623866,30.0,5.55531453362256,18.0,0.9935344827586207,461.0,411,464,930,confirmatory_core__C_HM__efficiency__1014,0,C_HM,1014,461,930,0,0.04000000000000001,40.0,6.336559139784947,22.0,1.0,930.0,1.0774120500000208
surrogate,efficiency,confirmatory_core,0.9999997068660758,0.008796457675820803,29.0,5.695652173913044,18.0,1.0,437.0,414,437,924,confirmatory_core__C_HM__efficiency__1015,0,C_HM,1015,437,923,0,0.020000000000000018,45.0,6.5752979414951245,20.0,0.9989177489177489,923.0,1.1063155720003124
surrogate,efficiency,confirmatory_core,0.9999974724624787,0.011864965377516891,30.0,5.6383442265795205,17.0,1.0,459.0,413,459,945,confirmatory_core__C_HM__efficiency__1016,0,C_HM,1016,459,942,0,0.04999999999999999,51.0,6.82484076433121,22.0,0.9968253968253968,942.0,1.187452108999878
surrogate,efficiency,confirmatory_core,0.9999987763348046,0.009087377230724551,39.0,5.477751756440281,19.0,1.0,427.0,412,427,905,confirmatory_core__C_HM__efficiency__1017,0,C_HM,1017,427,903,0,0.010000000000000009,48.0,6.386489479512735,20.0,0.9977900552486187,903.0,1.2012113969999518
surrogate,efficiency,confirmatory_core,0.9999988942970052,0.007225783560023652,29.0,6.125842696629213,19.0,1.0,445.0,416,445,952,confirmatory_core__C_HM__efficiency__1018,0,C_HM,1018,445,950,0,0.010000000000000009,38.0,6.848421052631579,20.0,0.9978991596638656,950.0,1.1574178979999488
surrogate,efficiency,confirmatory_core,0.9999943310978964,0.012075181586154407,30.0,5.341288782816229,17.0,0.995249406175772,419.0,408,421,922,confirmatory_core__C_HM__efficiency__1019,0,C_HM,1019,419,922,0,0.03,50.0,6.54880694143167,20.0,1.0,922.0,1.0966276069998457
surrogate,efficiency,confirmatory_core,1.0,0.011252870685546187,30.0,5.403930131004367,20.0,1.0,458.0,412,458,907,confirmatory_core__C_HM__efficiency__1020,0,C_HM,1020,458,907,0,0.0,54.0,6.529217199558985,20.0,1.0,907.0,1.1120732919998773
surrogate,efficiency,confirmatory_core,0.9999997143381129,0.007547899812605695,30.0,5.728632478632479,19.0,1.0,468.0,413,468,936,confirmatory_core__C_HM__efficiency__1021,0,C_HM,1021,468,935,0,0.01999999999999999,48.0,6.483422459893048,21.0,0.9989316239316239,935.0,1.1083732809997855
surrogate,efficiency,confirmatory_core,0.9999997232158768,0.0072579717631693005,38.0,5.601336302895323,18.0,0.9977777777777778,449.0,406,450,917,confirmatory_core__C_HM__efficiency__1022,0,C_HM,1022,449,914,0,0.010000000000000009,66.0,6.327133479212254,19.0,0.9967284623773174,914.0,1.1208244190002006
surrogate,efficiency,confirmatory_core,0.9999956324868728,0.01624990336976001,30.0,4.953020134228188,16.0,1.0,447.0,412,447,959,confirmatory_core__C_HM__efficiency__1023,0,C_HM,1023,447,955,0,0.04000000000000001,60.0,6.5780104712041885,20.0,0.9958289885297185,955.0,1.164726332999635
surrogate,efficiency,confirmatory_core,0.9999990039890239,0.013324028912264203,39.0,5.540723981900452,18.0,1.0,442.0,415,442,1003,confirmatory_core__C_HM__efficiency__1024,0,C_HM,1024,442,1001,0,0.020000000000000018,47.0,6.873126873126873,20.0,0.9980059820538385,1001.0,1.1854165849999845
surrogate,efficiency,confirmatory_core,0.9999988682674648,0.006514742718346109,38.0,5.712742980561555,18.0,1.0,463.0,411,463,941,confirmatory_core__C_HM__efficiency__1025,0,C_HM,1025,463,939,0,0.020000000000000018,48.0,6.364217252396166,20.0,0.997874601487779,939.0,1.159105897000245
surrogate,efficiency,confirmatory_core,0.9999897491736696,0.005543267674819663,35.0,5.9606625258799175,19.0,1.0,483.0,411,483,940,confirmatory_core__C_HM__efficiency__1026,0,C_HM,1026,483,934,0,0.010000000000000009,42.0,6.514989293361884,20.0,0.9936170212765958,934.0,1.1087279729999864
surrogate,efficiency,confirmatory_core,0.9999997311433438,0.016704620337533643,29.0,5.234135667396061,18.0,0.9978165938864629,457.0,411,458,871,confirmatory_core__C_HM__efficiency__1027,0,C_HM,1027,457,870,0,0.03,49.0,6.9045977011494255,21.0,0.9988518943742825,870.0,1.0844910149999123
surrogate,efficiency,confirmatory_core,0.9999988658556778,0.013856838257691129,39.0,5.661224489795918,18.0,1.0,490.0,414,490,940,confirmatory_core__C_HM__efficiency__1028,0,C_HM,1028,490,938,0,0.020000000000000018,56.0,7.046908315565032,20.0,0.997872340425532,938.0,1.107250188999842
surrogate,efficiency,confirmatory_core,0.9999997049522582,0.011664679756895745,37.0,5.61505376344086,17.0,1.0,465.0,413,465,921,confirmatory_core__C_HM__efficiency__1029,0,C_HM,1029,465,920,0,0.06,52.0,6.781521739130435,23.0,0.998914223669924,920.0,1.0719005299997661
surrogate,efficiency,confirmatory_core,0.9999946578670492,0.003727640310668856,49.0,6.1002227171492205,18.0,0.9933628318584071,449.0,414,452,983,confirmatory_core__C_HM__efficiency__1030,0,C_HM,1030,449,981,0,0.03,47.0,6.472986748216106,21.0,0.9979654120040692,981.0,1.0783534550000695
surrogate,efpb,confirmatory_core,1.0,0.0031007248054422815,39.0,6.4034334763948495,19.0,1.0,466.0,412,466,964,confirmatory_core__C_HM__efpb__1001,0,C_HM,1001,466,964,0,0.0,39.0,6.093360995850622,19.0,1.0,964.0,34.71666919500012
surrogate,efpb,confirmatory_core,0.9999930529195244,0.009483934251376107,32.0,6.572072072072072,18.0,1.0,444.0,410,444,951,confirmatory_core__C_HM__efpb__1002,0,C_HM,1002,444,946,0,0.0,36.0,5.623678646934461,18.0,0.9947423764458465,946.0,35.514576476
surrogate,efpb,confirmatory_core,0.9999987571618548,0.0010974624060150345,38.0,6.245535714285714,19.0,0.9977728285077951,448.0,413,449,950,confirmatory_core__C_HM__efpb__1003,0,C_HM,1003,448,950,0,0.0,41.0,6.135789473684211,19.0,1.0,950.0,36.56600234000007
surrogate,efpb,confirmatory_core,1.0,0.007817372137601628,35.0,6.588865096359743,19.0,1.0,467.0,412,467,954,confirmatory_core__C_HM__efpb__1004,0,C_HM,1004,467,954,0,0.010000000000000009,37.0,5.8071278825995805,18.0,1.0,954.0,38.055832654999904
surrogate,efpb,confirmatory_core,0.9999997074998787,0.005234754060257418,37.0,6.456375838926174,19.0,1.0,447.0,410,447,925,confirmatory_core__C_HM__efpb__1005,0,C_HM,1005,447,924,0,0.0,55.0,5.932900432900433,19.0,0.9989189189189189,924.0,36.41466490300036
surrogate,efpb,confirmatory_core,0.9999972134058811,0.004517352595409224,34.0,6.428256070640177,18.0,0.9956043956043956,453.0,412,455,938,confirmatory_core__C_HM__efpb__1006,0,C_HM,1006,453,937,0,0.010000000000000009,36.0,5.976520811099253,19.0,0.9989339019189766,937.0,36.92061316599984
surrogate,efpb,confirmatory_core,0.9999968681033584,0.008687949055023576,33.0,6.659673659673659,19.0,0.9953596287703016,429.0,404,431,900,confirmatory_core__C_HM__efpb__1007,0,C_HM,1007,429,899,0,0.010000000000000009,39.0,5.790878754171302,18.0,0.9988888888888889,899.0,37.73972166800013
surrogate,efpb,confirmatory_core,1.0,0.0017912532157295102,28.0,6.066666666666666,19.0,1.0,510.0,413,510,907,confirmatory_core__C_HM__efpb__1008,0,C_HM,1008,510,907,0,0.0,51.0,5.887541345093716,19.0,1.0,907.0,38.80903878499976
surrogate,efpb,confirmatory_core,0.999998973216373,0.001907145541564223,26.0,6.228511530398323,18.0,0.9958246346555324,477.0,411,479,928,confirmatory_core__C_HM__efpb__1009,0,C_HM,1009,477,926,0,0.010000000000000009,38.0,6.037796976241901,19.0,0.9978448275862069,926.0,36.457384102000105
surrogate,efpb,confirmatory_core,0.9999996797460249,0.008615075825156117,28.0,6.4144736842105265,19.0,0.9978118161925602,456.0,403,457,945,confirmatory_core__C_HM__efpb__1010,0,C_HM,1010,456,944,0,0.010000000000000009,38.0,5.552966101694915,18.0,0.9989417989417989,944.0,37.662840621000214
surrogate,efpb,confirmatory_core,0.9999956058953626,0.0017900054484452782,26.0,5.860515021459228,18.0,0.9936034115138592,466.0,411,469,900,confirmatory_core__C_HM__efpb__1011,0,C_HM,1011,466,898,0,0.0,30.0,5.6815144766147,18.0,0.9977777777777778,898.0,37.437091374000374
surrogate,efpb,confirmatory_core,0.9999996997561419,0.0004240228736397886,31.0,6.120253164556962,18.0,1.0,474.0,411,474,913,confirmatory_core__C_HM__efpb__1012,0,C_HM,1012,474,912,0,0.010000000000000009,31.0,6.077850877192983,19.0,0.9989047097480832,912.0,37.095236313999976
surrogate,efpb,confirmatory_core,0.9999997183324716,0.002100043862158403,37.0,6.082251082251083,18.0,0.9978401727861771,462.0,410,463,909,confirmatory_core__C_HM__efpb__1013,0,C_HM,1013,462,908,0,0.020000000000000018,49.0,5.872246696035242,20.0,0.9988998899889989,908.0,36.665978472999996
surrogate,efpb,confirmatory_core,0.9999894814839054,0.005059314720220177,31.0,6.314533622559653,19.0,0.9935344827586207,461.0,406,464,930,confirmatory_core__C_HM__efpb__1014,0,C_HM,1014,461,930,0,0.010000000000000009,32.0,5.808602150537634,18.0,1.0,930.0,37.854313203999936
surrogate,efpb,confirmatory_core,0.9999997068660758,0.0061108563013355655,31.0,6.5720823798627,19.0,1.0,437.0,412,437,924,confirmatory_core__C_HM__efpb__1015,0,C_HM,1015,437,923,0,0.010000000000000009,52.0,5.960996749729144,18.0,0.9989177489177489,923.0,35.227638710000065
surrogate,efpb,confirmatory_core,0.9999974724624787,0.009621164814120974,44.0,6.6797385620915035,19.0,1.0,459.0,411,459,945,confirmatory_core__C_HM__efpb__1016,0,C_HM,1016,459,942,0,0.0,45.0,5.717622080679406,19.0,0.9968253968253968,942.0,37.468901089000155
surrogate,efpb,confirmatory_core,0.9999972437093791,0.012251566905705252,35.0,6.56440281030445,22.0,1.0,427.0,405,427,905,confirmatory_core__C_HM__efpb__1017,0,C_HM,1017,427,902,0,0.04000000000000001,30.0,5.339246119733924,18.0,0.9966850828729282,902.0,37.45362131800039
surrogate,efpb,confirmatory_core,0.9999988942970052,0.003182495564754577,37.0,6.30561797752809,18.0,1.0,445.0,414,445,952,confirmatory_core__C_HM__efpb__1018,0,C_HM,1018,445,950,0,0.0,31.0,5.987368421052632,18.0,0.9978991596638656,950.0,34.900645897999766
surrogate,efpb,confirmatory_core,0.9999985861367885,0.006750387356678024,29.0,6.4071428571428575,19.0,0.997624703087886,420.0,407,421,922,confirmatory_core__C_HM__efpb__1019,0,C_HM,1019,420,922,0,0.010000000000000009,37.0,5.7321041214750545,18.0,1.0,922.0,35.68292976800012
surrogate,efpb,confirmatory_core,0.9999987817313303,0.0037340828488021463,29.0,5.812227074235808,18.0,1.0,458.0,410,458,907,confirmatory_core__C_HM__efpb__1020,0,C_HM,1020,458,905,0,0.010000000000000009,46.0,6.185635359116022,19.0,0.9977949283351709,905.0,37.47494177699991
surrogate,efpb,confirmatory_core,0.9999997143381129,0.007881141734082907,36.0,6.113247863247863,18.0,1.0,468.0,409,468,936,confirmatory_core__C_HM__efpb__1021,0,C_HM,1021,468,935,0,0.0,45.0,5.325133689839572,18.0,0.9989316239316239,935.0,38.2105687899998
surrogate,efpb,confirmatory_core,0.9999987107068248,0.0013401395394223234,39.0,5.756696428571429,18.0,0.9955555555555555,448.0,406,450,917,confirmatory_core__C_HM__efpb__1022,0,C_HM,1022,448,915,0,0.0,38.0,5.890710382513661,18.0,0.9978189749182116,915.0,36.96542191799972
surrogate,efpb,confirmatory_core,0.9999798009382462,0.007793906839564345,39.0,6.677200902934537,19.0,0.9910514541387024,443.0,409,447,959,confirmatory_core__C_HM__efpb__1023,0,C_HM,1023,443,959,0,0.0,32.0,5.897810218978102,19.0,1.0,959.0,37.415922862000116
surrogate,efpb,confirmatory_core,0.999996008003952,0.013483574071809369,37.0,7.113122171945701,19.0,1.0,442.0,410,442,1003,confirmatory_core__C_HM__efpb__1024,0,C_HM,1024,442,999,0,0.010000000000000009,39.0,5.764764764764765,18.0,0.996011964107677,999.0,38.49941815200009
surrogate,efpb,confirmatory_core,0.9999988312650621,0.006746783149546159,38.0,6.816017316017316,19.0,0.9978401727861771,462.0,411,463,941,confirmatory_core__C_HM__efpb__1025,0,C_HM,1025,462,941,0,0.0,31.0,6.1413390010627,19.0,1.0,941.0,36.72454296699971
surrogate,efpb,confirmatory_core,0.9999897491736696,0.004615159535558008,31.0,6.279503105590062,19.0,1.0,483.0,409,483,940,confirmatory_core__C_HM__efpb__1026,0,C_HM,1026,483,934,0,0.0,46.0,5.817987152034261,19.0,0.9936170212765958,934.0,37.3772857429999
surrogate,efpb,confirmatory_core,0.9999926478579513,0.0016210685865858249,29.0,6.224175824175824,18.0,0.9934497816593887,455.0,409,458,871,confirmatory_core__C_HM__efpb__1027,0,C_HM,1027,455,870,0,0.010000000000000009,39.0,6.062068965517241,19.0,0.9988518943742825,870.0,36.69894522000004
surrogate,efpb,confirmatory_core,0.9999988658556778,0.008399939080109657,29.0,7.002040816326531,19.0,1.0,490.0,410,490,940,confirmatory_core__C_HM__efpb__1028,0,C_HM,1028,490,938,0,0.0,30.0,6.162046908315565,19.0,0.997872340425532,938.0,39.73999527399974
surrogate,efpb,confirmatory_core,0.9999997049522582,0.009104955586722772,30.0,6.634408602150538,18.0,1.0,465.0,414,465,921,confirmatory_core__C_HM__efpb__1029,0,C_HM,1029,465,920,0,0.0,47.0,5.723913043478261,18.0,0.998914223669924,920.0,38.34860569800003
surrogate,efpb,confirmatory_core,0.9999920435305244,0.009286715443687935,31.0,6.904231625835189,18.0,0.9933628318584071,449.0,411,452,983,confirmatory_core__C_HM__efpb__1030,0,C_HM,1030,449,982,0,0.010000000000000009,47.0,5.975560081466395,19.0,0.9989827060020345,982.0,36.98734965199992
surrogate,equal_bargaining,confirmatory_core,0.9999997306999379,0.00103115710472014,43.0,6.493562231759657,18.0,1.0,466.0,412,466,964,confirmatory_core__C_HM__equal_bargaining__1001,0,C_HM,1001,466,963,0,0.010000000000000009,31.0,6.390446521287643,19.0,0.9989626556016598,963.0,31.10309694000034
surrogate,equal_bargaining,confirmatory_core,0.9999930529195244,0.006870416928556458,29.0,6.826576576576577,18.0,1.0,444.0,409,444,951,confirmatory_core__C_HM__equal_bargaining__1002,0,C_HM,1002,444,946,0,0.0,29.0,6.1395348837209305,18.0,0.9947423764458465,946.0,28.710673894000138
surrogate,equal_bargaining,confirmatory_core,0.9999988896316019,0.007817771324932096,27.0,7.122494432071269,18.0,1.0,449.0,410,449,950,confirmatory_core__C_HM__equal_bargaining__1003,0,C_HM,1003,449,948,0,0.010000000000000009,28.0,6.340717299578059,19.0,0.9978947368421053,948.0,29.61829249199991
surrogate,equal_bargaining,confirmatory_core,1.0,0.0009264945524086604,28.0,6.130620985010706,18.0,1.0,467.0,412,467,954,confirmatory_core__C_HM__equal_bargaining__1004,0,C_HM,1004,467,954,0,0.010000000000000009,30.0,6.223270440251572,19.0,1.0,954.0,30.718088366000302
surrogate,equal_bargaining,confirmatory_core,0.9999971055130321,0.00519482951505424,27.0,6.323595505617978,16.0,0.9955257270693513,445.0,409,447,925,confirmatory_core__C_HM__equal_bargaining__1005,0,C_HM,1005,445,924,0,0.01999999999999999,30.0,5.804112554112554,18.0,0.9989189189189189,924.0,29.334293904999868
surrogate,equal_bargaining,confirmatory_core,0.999995148386596,0.0015626691518754454,31.0,6.580573951434879,18.0,0.9956043956043956,453.0,410,455,938,confirmatory_core__C_HM__equal_bargaining__1006,0,C_HM,1006,453,938,0,0.010000000000000009,31.0,6.424307036247335,19.0,1.0,938.0,28.813913995999883
surrogate,equal_bargaining,confirmatory_core,0.9999878030600766,0.003109657320872275,29.0,6.724299065420561,18.0,0.9930394431554525,428.0,404,431,900,confirmatory_core__C_HM__equal_bargaining__1007,0,C_HM,1007,428,900,0,0.010000000000000009,32.0,6.413333333333333,19.0,1.0,900.0,29.345325779000177
surrogate,equal_bargaining,confirmatory_core,0.9999996957684433,0.0033641085573302143,21.0,6.317647058823529,18.0,1.0,510.0,410,510,907,confirmatory_core__C_HM__equal_bargaining__1008,0,C_HM,1008,510,906,0,0.0,31.0,5.981236203090508,18.0,0.9988974641675854,906.0,30.84618659700027
surrogate,equal_bargaining,confirmatory_core,0.9999997093890021,0.008467839102048721,30.0,7.323590814196242,19.0,1.0,479.0,411,479,928,confirmatory_core__C_HM__equal_bargaining__1009,0,C_HM,1009,479,927,0,0.0,30.0,6.47680690399137,19.0,0.9989224137931034,927.0,29.934269275000133
surrogate,equal_bargaining,confirmatory_core,0.9999988778380878,0.009934354485776814,26.0,6.993435448577681,19.0,1.0,457.0,406,457,945,confirmatory_core__C_HM__equal_bargaining__1010,0,C_HM,1010,457,943,0,0.010000000000000009,30.0,6.0,18.0,0.9978835978835979,943.0,28.53320405300019
surrogate,equal_bargaining,confirmatory_core,0.9999989505903357,0.0014029511214547694,25.0,6.194860813704497,17.0,0.9957356076759062,467.0,410,469,900,confirmatory_core__C_HM__equal_bargaining__1011,0,C_HM,1011,467,898,0,0.009999999999999981,30.0,6.05456570155902,18.0,0.9977777777777778,898.0,28.837845856000058
surrogate,equal_bargaining,confirmatory_core,0.9999996997561419,0.0037551354652453905,21.0,6.681434599156118,17.0,1.0,474.0,410,474,913,confirmatory_core__C_HM__equal_bargaining__1012,0,C_HM,1012,474,912,0,0.009999999999999981,28.0,6.305921052631579,18.0,0.9989047097480832,912.0,30.160173300000224
surrogate,equal_bargaining,confirmatory_core,0.999999697106458,1.9219607805827377e-05,27.0,6.125269978401728,17.0,1.0,463.0,408,463,909,confirmatory_core__C_HM__equal_bargaining__1013,0,C_HM,1013,463,908,0,0.009999999999999981,30.0,6.1233480176211454,18.0,0.9988998899889989,908.0,29.592654621999827
surrogate,equal_bargaining,confirmatory_core,0.9999997118875302,0.0032227557717712657,29.0,6.749460043196544,18.0,0.9978448275862069,463.0,405,464,930,confirmatory_core__C_HM__equal_bargaining__1014,0,C_HM,1014,463,927,0,0.010000000000000009,31.0,6.427184466019417,19.0,0.9967741935483871,927.0,29.199085316000037
surrogate,equal_bargaining,confirmatory_core,0.9999997068660758,0.0035001028880553148,21.0,6.633867276887872,18.0,1.0,437.0,412,437,924,confirmatory_core__C_HM__equal_bargaining__1015,0,C_HM,1015,437,923,0,0.0,30.0,6.2838569880823405,18.0,0.9989177489177489,923.0,28.792242030000125
surrogate,equal_bargaining,confirmatory_core,0.9999974724624787,0.0063312656980697435,39.0,6.766884531590414,18.0,1.0,459.0,410,459,945,confirmatory_core__C_HM__equal_bargaining__1016,0,C_HM,1016,459,942,0,0.0,28.0,6.13375796178344,18.0,0.9968253968253968,942.0,30.057872366000083
surrogate,equal_bargaining,confirmatory_core,0.9999987763348046,0.0018728101229054384,27.0,6.14519906323185,18.0,1.0,427.0,408,427,905,confirmatory_core__C_HM__equal_bargaining__1017,0,C_HM,1017,427,903,0,0.010000000000000009,30.0,5.9579180509413066,19.0,0.9977900552486187,903.0,28.86457550299974
surrogate,equal_bargaining,confirmatory_core,0.9999987346929481,0.0035224089635854244,28.0,6.833333333333333,18.0,0.9977528089887641,444.0,414,445,952,confirmatory_core__C_HM__equal_bargaining__1018,0,C_HM,1018,444,952,0,0.010000000000000009,29.0,6.48109243697479,19.0,1.0,952.0,28.750126503000047
surrogate,equal_bargaining,confirmatory_core,0.9999997055922748,0.0074614497821999665,29.0,7.192399049881235,19.0,1.0,421.0,405,421,922,confirmatory_core__C_HM__equal_bargaining__1019,0,C_HM,1019,421,921,0,0.0,31.0,6.4462540716612375,19.0,0.9989154013015185,921.0,27.828474989999904
surrogate,equal_bargaining,confirmatory_core,0.9999996957684433,0.0030169081427070393,30.0,6.866812227074236,18.0,1.0,458.0,410,458,907,confirmatory_core__C_HM__equal_bargaining__1020,0,C_HM,1020,458,906,0,0.010000000000000009,30.0,6.565121412803532,19.0,0.9988974641675854,906.0,29.369093741999677
surrogate,equal_bargaining,confirmatory_core,0.9999997143381129,8.89665889665936e-05,20.0,6.318376068376068,18.0,1.0,468.0,409,468,936,confirmatory_core__C_HM__equal_bargaining__1021,0,C_HM,1021,468,935,0,0.010000000000000009,29.0,6.327272727272727,19.0,0.9989316239316239,935.0,29.37227392900013
surrogate,equal_bargaining,confirmatory_core,0.9999973154922939,0.002645854607342568,39.0,6.702222222222222,18.0,1.0,450.0,403,450,917,confirmatory_core__C_HM__equal_bargaining__1022,0,C_HM,1022,450,914,0,0.0,30.0,6.437636761487965,18.0,0.9967284623773174,914.0,28.014468626000053
surrogate,equal_bargaining,confirmatory_core,0.9999798009382462,0.01268912547635917,37.0,7.135440180586907,18.0,0.9910514541387024,443.0,411,447,959,confirmatory_core__C_HM__equal_bargaining__1023,0,C_HM,1023,443,959,0,0.0,30.0,5.866527632950991,18.0,1.0,959.0,29.326146134999817
surrogate,equal_bargaining,confirmatory_core,0.9999968712764714,0.004301170386499728,33.0,6.8522727272727275,18.0,0.995475113122172,440.0,412,442,1003,confirmatory_core__C_HM__equal_bargaining__1024,0,C_HM,1024,440,1002,0,0.0,30.0,6.422155688622754,18.0,0.9990029910269193,1002.0,29.018363566000062
surrogate,equal_bargaining,confirmatory_core,0.9999988682674648,0.01020945033662482,38.0,7.205183585313175,18.0,1.0,463.0,409,463,941,confirmatory_core__C_HM__equal_bargaining__1025,0,C_HM,1025,463,939,0,0.010000000000000009,31.0,6.184238551650692,19.0,0.997874601487779,939.0,29.15821079499983
surrogate,equal_bargaining,confirmatory_core,0.9999987989407332,0.0049974288044827495,27.0,6.651452282157677,18.0,0.9979296066252588,482.0,408,483,940,confirmatory_core__C_HM__equal_bargaining__1026,0,C_HM,1026,482,936,0,0.010000000000000009,30.0,6.151709401709402,19.0,0.9957446808510638,936.0,30.202670479000062
surrogate,equal_bargaining,confirmatory_core,0.9999926478579513,0.0011258052292535056,29.0,6.2263736263736265,18.0,0.9934497816593887,455.0,410,458,871,confirmatory_core__C_HM__equal_bargaining__1027,0,C_HM,1027,455,870,0,0.010000000000000009,30.0,6.113793103448276,19.0,0.9988518943742825,870.0,29.409108599999854
surrogate,equal_bargaining,confirmatory_core,0.9999988658556778,0.008043253122144378,29.0,7.393877551020408,19.0,1.0,490.0,413,490,940,confirmatory_core__C_HM__equal_bargaining__1028,0,C_HM,1028,490,938,0,0.0,30.0,6.58955223880597,19.0,0.997872340425532,938.0,30.20395026799997
surrogate,equal_bargaining,confirmatory_core,0.9999997049522582,0.00730271154745208,28.0,6.41505376344086,17.0,1.0,465.0,413,465,921,confirmatory_core__C_HM__equal_bargaining__1029,0,C_HM,1029,465,920,0,0.009999999999999981,29.0,5.684782608695652,18.0,0.998914223669924,920.0,29.808920254999975
surrogate,equal_bargaining,confirmatory_core,0.999998963005211,0.009157465291873015,31.0,7.1084070796460175,18.0,1.0,452.0,410,452,983,confirmatory_core__C_HM__equal_bargaining__1030,0,C_HM,1030,452,981,0,0.0,31.0,6.192660550458716,18.0,0.9979654120040692,981.0,29.82619757099974
surrogate,fixed_time,confirmatory_core,0.9999580180802136,0.1238169763665885,70.0,31.27173913043478,65.0,0.9871244635193133,460.0,140,466,964,confirmatory_core__C_HM__fixed_time__1001,0,C_HM,1001,460,964,0,0.13,55.0,18.890041493775932,52.0,1.0,964.0,1.0966768250000314
surrogate,fixed_time,confirmatory_core,0.9999787491808926,0.13201650940565657,70.0,32.06150341685649,67.0,0.9887387387387387,439.0,140,444,951,confirmatory_core__C_HM__fixed_time__1002,0,C_HM,1002,439,949,0,0.15000000000000002,55.0,18.859852476290833,52.0,0.9978969505783386,949.0,1.1325354159998824
surrogate,fixed_time,confirmatory_core,0.9999950175630902,0.11389815141881546,70.0,29.595078299776286,67.0,0.9955456570155902,447.0,140,449,950,confirmatory_core__C_HM__fixed_time__1003,0,C_HM,1003,447,950,0,0.16000000000000003,55.0,18.205263157894738,51.0,1.0,950.0,1.1616342019997319
surrogate,fixed_time,confirmatory_core,0.9999953950367707,0.11457138026645025,70.0,29.879569892473118,66.0,0.9957173447537473,465.0,140,467,954,confirmatory_core__C_HM__fixed_time__1004,0,C_HM,1004,465,954,0,0.15000000000000002,55.0,18.42243186582809,51.0,1.0,954.0,1.116196573000252
surrogate,fixed_time,confirmatory_core,0.999967800551257,0.132546192908366,70.0,31.41496598639456,66.0,0.9865771812080537,441.0,140,447,925,confirmatory_core__C_HM__fixed_time__1005,0,C_HM,1005,441,923,0,0.15000000000000002,55.0,18.160346695557962,51.0,0.9978378378378379,923.0,1.2475693030000912
surrogate,fixed_time,confirmatory_core,0.9999801297307799,0.14761025641025638,70.0,31.342222222222222,67.0,0.989010989010989,450.0,140,455,938,confirmatory_core__C_HM__fixed_time__1006,0,C_HM,1006,450,936,0,0.17000000000000004,55.0,16.581196581196583,50.0,0.997867803837953,936.0,1.130793113999971
surrogate,fixed_time,confirmatory_core,0.9999652260728343,0.1327554041661208,70.0,30.988235294117647,65.0,0.9860788863109049,425.0,140,431,900,confirmatory_core__C_HM__fixed_time__1007,0,C_HM,1007,425,898,0,0.14,55.0,17.71269487750557,51.0,0.9977777777777778,898.0,1.0366090180000356
surrogate,fixed_time,confirmatory_core,0.9999845002092471,0.11768188572847985,70.0,30.59288537549407,67.0,0.9921568627450981,506.0,140,510,907,confirmatory_core__C_HM__fixed_time__1008,0,C_HM,1008,506,907,0,0.16000000000000003,55.0,18.824696802646088,51.0,1.0,907.0,1.1872131469999658
surrogate,fixed_time,confirmatory_core,0.9999605383573692,0.13626642749935935,70.0,31.76271186440678,67.0,0.9853862212943633,472.0,140,479,928,confirmatory_core__C_HM__fixed_time__1009,0,C_HM,1009,472,926,0,0.16000000000000003,55.0,18.136069114470843,51.0,0.9978448275862069,926.0,1.1114972109999144
surrogate,fixed_time,confirmatory_core,0.999956337174045,0.12251753305411842,70.0,30.044345898004433,65.0,0.986870897155361,451.0,140,457,945,confirmatory_core__C_HM__fixed_time__1010,0,C_HM,1010,451,945,0,0.14,55.0,17.79259259259259,51.0,1.0,945.0,1.1635295630003384
surrogate,fixed_time,confirmatory_core,0.999965404156151,0.13046473523497432,70.0,30.563714902807774,67.0,0.9872068230277186,463.0,140,469,900,confirmatory_core__C_HM__fixed_time__1011,0,C_HM,1011,463,899,0,0.17000000000000004,55.0,17.517241379310345,50.0,0.9988888888888889,899.0,1.1208411880002132
surrogate,fixed_time,confirmatory_core,0.9999931006915111,0.1526996033076321,76.0,33.1932059447983,68.0,0.9936708860759493,471.0,140,474,913,confirmatory_core__C_HM__fixed_time__1012,0,C_HM,1012,471,912,0,0.17000000000000004,55.0,17.92324561403509,51.0,0.9989047097480832,912.0,1.1251283420001528
surrogate,fixed_time,confirmatory_core,0.9999953820052998,0.14005296965629643,70.0,31.630434782608695,67.0,0.9935205183585313,460.0,140,463,909,confirmatory_core__C_HM__fixed_time__1013,0,C_HM,1013,460,907,0,0.16000000000000003,55.0,17.625137816979052,51.0,0.9977997799779978,907.0,1.1522043629997825
surrogate,fixed_time,confirmatory_core,0.9999576530372183,0.1121839226182092,70.0,28.8646288209607,66.0,0.9870689655172413,458.0,140,464,930,confirmatory_core__C_HM__fixed_time__1014,0,C_HM,1014,458,930,0,0.14,55.0,17.646236559139783,52.0,1.0,930.0,1.1246940259998155
surrogate,fixed_time,confirmatory_core,0.9999997068660758,0.14076543754695048,70.0,31.462242562929063,67.0,1.0,437.0,140,437,924,confirmatory_core__C_HM__fixed_time__1015,0,C_HM,1015,437,923,0,0.16000000000000003,55.0,17.385698808234018,51.0,0.9989177489177489,923.0,1.1326958959998592
surrogate,fixed_time,confirmatory_core,0.9999987364307334,0.1153360822924184,70.0,29.86870897155361,65.0,0.9956427015250545,457.0,140,459,945,confirmatory_core__C_HM__fixed_time__1016,0,C_HM,1016,457,943,0,0.14,55.0,18.33510074231177,51.0,0.9978835978835979,943.0,1.2317066209998302
surrogate,fixed_time,confirmatory_core,0.9999875726653871,0.11925919941624102,70.0,30.05188679245283,66.0,0.9929742388758782,424.0,140,427,905,confirmatory_core__C_HM__fixed_time__1017,0,C_HM,1017,424,905,0,0.15000000000000002,55.0,18.12596685082873,51.0,1.0,905.0,1.1065353010003491
surrogate,fixed_time,confirmatory_core,0.9999527221383282,0.11047517423696229,70.0,29.474885844748858,66.0,0.9842696629213483,438.0,140,445,952,confirmatory_core__C_HM__fixed_time__1018,0,C_HM,1018,438,950,0,0.15000000000000002,55.0,18.42736842105263,51.0,0.9978991596638656,950.0,1.1064562329997898
surrogate,fixed_time,confirmatory_core,0.9999643159947131,0.12358637160020022,70.0,30.77403846153846,66.0,0.9881235154394299,416.0,140,421,922,confirmatory_core__C_HM__fixed_time__1019,0,C_HM,1019,416,922,0,0.14,55.0,18.41540130151844,52.0,1.0,922.0,1.102774896000028
surrogate,fixed_time,confirmatory_core,0.9999952118745512,0.13473742238728023,70.0,31.263157894736842,67.0,0.9956331877729258,456.0,140,458,907,confirmatory_core__C_HM__fixed_time__1020,0,C_HM,1020,456,907,0,0.16000000000000003,55.0,17.78941565600882,51.0,1.0,907.0,1.1260394569999335
surrogate,fixed_time,confirmatory_core,0.9999766125907417,0.11822670100830437,70.0,30.244060475161987,67.0,0.9893162393162394,463.0,140,468,936,confirmatory_core__C_HM__fixed_time__1021,0,C_HM,1021,463,935,0,0.15000000000000002,55.0,18.42139037433155,52.0,0.9989316239316239,935.0,1.0951593719996708
surrogate,fixed_time,confirmatory_core,0.9998979800040808,0.14025583770403832,70.0,32.78458049886621,67.0,0.98,441.0,140,450,917,confirmatory_core__C_HM__fixed_time__1022,0,C_HM,1022,441,917,0,0.17000000000000004,55.0,18.758996728462378,50.0,1.0,917.0,1.1778176340003483
surrogate,fixed_time,confirmatory_core,0.9999456838107426,0.11124359460998293,70.0,29.386363636363637,66.0,0.9843400447427293,440.0,140,447,959,confirmatory_core__C_HM__fixed_time__1023,0,C_HM,1023,440,958,0,0.15000000000000002,55.0,18.262004175365345,51.0,0.9989572471324296,958.0,1.1213914629997817
surrogate,fixed_time,confirmatory_core,0.9999254646714698,0.14355248029287046,70.0,31.410138248847925,67.0,0.9819004524886877,434.0,140,442,1003,confirmatory_core__C_HM__fixed_time__1024,0,C_HM,1024,434,1002,0,0.15000000000000002,55.0,17.05489021956088,52.0,0.9990029910269193,1002.0,1.1127695580003092
surrogate,fixed_time,confirmatory_core,0.9999892772400173,0.12460746030751668,70.0,31.03050108932462,67.0,0.9913606911447084,459.0,140,463,941,confirmatory_core__C_HM__fixed_time__1025,0,C_HM,1025,459,939,0,0.15000000000000002,55.0,18.56975505857295,52.0,0.997874601487779,939.0,1.1576014880001821
surrogate,fixed_time,confirmatory_core,0.999993447845647,0.14220354126236842,70.0,31.78705636743215,67.0,0.9917184265010351,479.0,140,483,940,confirmatory_core__C_HM__fixed_time__1026,0,C_HM,1026,479,937,0,0.16000000000000003,55.0,17.566702241195305,51.0,0.9968085106382979,937.0,1.1236685240000952
surrogate,fixed_time,confirmatory_core,0.9999637723875099,0.12773507272912213,70.0,30.736725663716815,66.0,0.9868995633187773,452.0,140,458,871,confirmatory_core__C_HM__fixed_time__1027,0,C_HM,1027,452,870,0,0.14,55.0,17.9632183908046,52.0,0.9988518943742825,870.0,1.1504895089997262
surrogate,fixed_time,confirmatory_core,0.9999989566400471,0.13476256363399028,72.0,30.429447852760735,65.0,0.9979591836734694,489.0,140,490,940,confirmatory_core__C_HM__fixed_time__1028,0,C_HM,1028,489,940,0,0.14,55.0,16.953191489361704,51.0,1.0,940.0,1.1167557710000438
surrogate,fixed_time,confirmatory_core,0.9999148355276714,0.1418642257818459,70.0,31.06359649122807,67.0,0.9806451612903225,456.0,140,465,921,confirmatory_core__C_HM__fixed_time__1029,0,C_HM,1029,456,920,0,0.16000000000000003,55.0,16.877173913043478,51.0,0.998914223669924,920.0,1.1359421229999498
surrogate,fixed_time,confirmatory_core,0.999939104563678,0.1238907952038589,70.0,31.166292134831462,68.0,0.9845132743362832,445.0,140,452,983,confirmatory_core__C_HM__fixed_time__1030,0,C_HM,1030,445,983,0,0.16000000000000003,55.0,18.777212614445574,52.0,1.0,983.0,1.1796100380001917
surrogate,efficiency,confirmatory_core,0.9999896475288295,0.054835446123842044,46.0,10.021428571428572,29.0,0.9929078014184397,140.0,407,141,1466,confirmatory_core__C_LH__efficiency__1001,0,C_LH,1001,140,1465,0,0.12999999999999998,38.0,4.537883959044368,16.0,0.9993178717598908,1465.0,1.058044998999776
surrogate,efficiency,confirmatory_core,0.9999866666651813,0.07820751658069272,83.0,12.269565217391305,40.0,0.9913793103448276,115.0,408,116,1477,confirmatory_core__C_LH__efficiency__1002,0,C_LH,1002,115,1475,0,0.25,30.0,4.4488135593220335,15.0,0.998645903859174,1475.0,1.1217902389998926
surrogate,efficiency,confirmatory_core,0.999981892586825,0.07558339991767754,63.0,11.547008547008547,32.0,0.9915254237288136,117.0,411,118,1412,confirmatory_core__C_LH__efficiency__1003,0,C_LH,1003,117,1412,0,0.18,33.0,3.988668555240793,14.0,1.0,1412.0,1.0770728340000915
surrogate,efficiency,confirmatory_core,0.9999998762782009,0.06993666432090079,62.0,11.241379310344827,30.0,1.0,116.0,403,116,1422,confirmatory_core__C_LH__efficiency__1004,0,C_LH,1004,116,1421,0,0.15,36.0,4.24771287825475,15.0,0.9992967651195499,1421.0,1.0664963579999949
surrogate,efficiency,confirmatory_core,1.0,0.06716484657733127,78.0,11.075187969924812,30.0,1.0,133.0,404,133,1419,confirmatory_core__C_LH__efficiency__1005,0,C_LH,1005,133,1419,0,0.13999999999999999,34.0,4.358703312191684,16.0,1.0,1419.0,1.0982083419999071
surrogate,efficiency,confirmatory_core,0.999999877143991,0.06204284613713135,49.0,10.71830985915493,30.0,1.0,142.0,408,142,1427,confirmatory_core__C_LH__efficiency__1006,0,C_LH,1006,142,1426,0,0.12999999999999998,38.0,4.514025245441795,17.0,0.9992992291520673,1426.0,1.1198805680000987
surrogate,efficiency,confirmatory_core,0.9999981001280038,0.08931419681603914,65.0,13.322033898305085,40.0,1.0,118.0,409,118,1453,confirmatory_core__C_LH__efficiency__1007,0,C_LH,1007,118,1449,0,0.24000000000000002,29.0,4.390614216701173,16.0,0.9972470750172058,1449.0,1.0820634020001307
surrogate,efficiency,confirmatory_core,0.9999988833649921,0.0789201643888916,67.0,11.956896551724139,33.0,1.0,116.0,407,116,1421,confirmatory_core__C_LH__efficiency__1008,0,C_LH,1008,116,1418,0,0.18000000000000002,36.0,4.064880112834979,15.0,0.9978888106966924,1418.0,1.0923547790002885
surrogate,efficiency,confirmatory_core,0.9999995184162445,0.06149846894138233,45.0,10.669291338582678,33.0,1.0,127.0,408,127,1442,confirmatory_core__C_LH__efficiency__1009,0,C_LH,1009,127,1440,0,0.18000000000000002,31.0,4.519444444444445,15.0,0.9986130374479889,1440.0,1.1353111039998112
surrogate,efficiency,confirmatory_core,0.9999829180695028,0.07879552778358119,51.0,11.81981981981982,38.0,0.9910714285714286,111.0,403,112,1424,confirmatory_core__C_LH__efficiency__1010,0,C_LH,1010,111,1423,0,0.24,33.0,3.9402670414617007,14.0,0.9992977528089888,1423.0,1.132170164999934
surrogate,efficiency,confirmatory_core,0.9999998755789624,0.0594971236714356,76.0,10.378787878787879,29.0,1.0,132.0,407,132,1418,confirmatory_core__C_LH__efficiency__1011,0,C_LH,1011,132,1417,0,0.11999999999999997,33.0,4.429075511644319,17.0,0.9992947813822285,1417.0,1.124519846000112
surrogate,efficiency,confirmatory_core,0.999984621536001,0.059763496289582496,62.0,10.26771653543307,30.0,0.9921875,127.0,402,128,1390,confirmatory_core__C_LH__efficiency__1012,0,C_LH,1012,127,1390,0,0.13999999999999999,30.0,4.2913669064748206,16.0,1.0,1390.0,1.1007156699999996
surrogate,efficiency,confirmatory_core,0.9999994905242608,0.05769215291750501,55.0,10.654929577464788,36.0,1.0,142.0,408,142,1402,confirmatory_core__C_LH__efficiency__1013,0,C_LH,1013,142,1400,0,0.18999999999999997,30.0,4.885714285714286,17.0,0.9985734664764622,1400.0,1.1042060830000082
surrogate,efficiency,confirmatory_core,0.999999510978771,0.06207287432090983,71.0,10.648854961832061,37.0,1.0,131.0,403,131,1431,confirmatory_core__C_LH__efficiency__1014,0,C_LH,1014,131,1429,0,0.22,30.0,4.441567529741078,15.0,0.9986023759608665,1429.0,1.1423066409997773
surrogate,efficiency,confirmatory_core,1.0,0.08634179750597662,70.0,12.695238095238095,36.0,1.0,105.0,406,105,1474,confirmatory_core__C_LH__efficiency__1015,0,C_LH,1015,105,1474,0,0.21999999999999997,30.0,4.0610583446404345,14.0,1.0,1474.0,1.0866766610001832
surrogate,efficiency,confirmatory_core,0.9999989523639908,0.06954473249459905,57.0,11.34108527131783,36.0,1.0,129.0,412,129,1467,confirmatory_core__C_LH__efficiency__1016,0,C_LH,1016,129,1464,0,0.19999999999999998,50.0,4.386612021857924,16.0,0.9979550102249489,1464.0,1.1404357880001044
surrogate,efficiency,confirmatory_core,1.0,0.0666025670755745,73.0,10.818965517241379,36.0,1.0,116.0,410,116,1487,confirmatory_core__C_LH__efficiency__1017,0,C_LH,1017,116,1487,0,0.21,37.0,4.158708809683928,15.0,1.0,1487.0,1.1206611309999062
surrogate,efficiency,confirmatory_core,1.0,0.08279694821578759,66.0,12.775862068965518,41.0,1.0,116.0,411,116,1435,confirmatory_core__C_LH__efficiency__1018,0,C_LH,1018,116,1435,0,0.24999999999999997,33.0,4.49616724738676,16.0,1.0,1435.0,1.1405604010001298
surrogate,efficiency,confirmatory_core,0.9999900410644459,0.07448403385249983,58.0,11.806201550387597,35.0,0.9923076923076923,129.0,407,130,1419,confirmatory_core__C_LH__efficiency__1019,0,C_LH,1019,129,1417,0,0.17999999999999997,30.0,4.3577981651376145,17.0,0.9985905567300916,1417.0,1.17310104399985
surrogate,efficiency,confirmatory_core,0.9999998786796758,0.06755226480836238,79.0,11.307142857142857,34.0,1.0,140.0,408,140,1436,confirmatory_core__C_LH__efficiency__1020,0,C_LH,1020,140,1435,0,0.17,38.0,4.55191637630662,17.0,0.9993036211699164,1435.0,1.1011694699998316
surrogate,efficiency,confirmatory_core,0.9999995054609474,0.07187203560987052,80.0,11.617886178861788,33.0,1.0,123.0,407,123,1423,confirmatory_core__C_LH__efficiency__1021,0,C_LH,1021,123,1421,0,0.17,47.0,4.430682617874736,16.0,0.9985945186226283,1421.0,1.1054748839997046
surrogate,efficiency,confirmatory_core,0.9999995237192573,0.07681000988186679,45.0,12.032520325203253,36.0,1.0,123.0,409,123,1450,confirmatory_core__C_LH__efficiency__1022,0,C_LH,1022,123,1448,0,0.19999999999999998,31.0,4.351519337016574,16.0,0.9986206896551724,1448.0,1.1206443119999676
surrogate,efficiency,confirmatory_core,0.9999998691994193,0.07519663848477923,52.0,11.798245614035087,36.0,1.0,114.0,404,114,1383,confirmatory_core__C_LH__efficiency__1023,0,C_LH,1023,114,1382,0,0.21,30.0,4.278581765557163,15.0,0.9992769342010123,1382.0,1.1094240190000164
surrogate,efficiency,confirmatory_core,0.9999903720922032,0.05467205613178767,43.0,9.977272727272727,31.0,0.9924812030075187,132.0,412,133,1492,confirmatory_core__C_LH__efficiency__1024,0,C_LH,1024,132,1490,0,0.15,36.0,4.510067114093959,16.0,0.9986595174262735,1490.0,1.1900528710002618
surrogate,efficiency,confirmatory_core,0.999999874873779,0.05313350818034221,77.0,9.882352941176471,28.0,1.0,136.0,408,136,1414,confirmatory_core__C_LH__efficiency__1025,0,C_LH,1025,136,1413,0,0.11000000000000001,38.0,4.56900212314225,17.0,0.9992927864214993,1413.0,1.0757223440000416
surrogate,efficiency,confirmatory_core,0.9999998734453074,0.0842283769147455,58.0,12.643478260869566,36.0,1.0,115.0,404,115,1406,confirmatory_core__C_LH__efficiency__1026,0,C_LH,1026,115,1405,0,0.19999999999999998,31.0,4.220640569395018,16.0,0.9992887624466572,1405.0,1.1971907139995892
surrogate,efficiency,confirmatory_core,1.0,0.06736842105263158,59.0,10.864864864864865,36.0,1.0,111.0,401,111,1406,confirmatory_core__C_LH__efficiency__1027,0,C_LH,1027,111,1406,0,0.21,35.0,4.128022759601707,15.0,1.0,1406.0,1.077581173999988
surrogate,efficiency,confirmatory_core,0.9999995170766526,0.0484596931569471,43.0,9.131782945736434,30.0,1.0,129.0,407,129,1440,confirmatory_core__C_LH__efficiency__1028,0,C_LH,1028,129,1438,0,0.13999999999999999,29.0,4.285813630041725,16.0,0.9986111111111111,1438.0,1.0940141649998623
surrogate,efficiency,confirmatory_core,0.9999998739838373,0.06673532196969698,60.0,11.128787878787879,33.0,1.0,132.0,407,132,1409,confirmatory_core__C_LH__efficiency__1029,0,C_LH,1029,132,1408,0,0.17,38.0,4.455255681818182,16.0,0.9992902767920511,1408.0,1.086351220999859
surrogate,efficiency,confirmatory_core,0.9999995170766526,0.07690302623375378,53.0,11.862068965517242,36.0,1.0,116.0,407,116,1440,confirmatory_core__C_LH__efficiency__1030,0,C_LH,1030,116,1438,0,0.19999999999999998,32.0,4.171766342141864,16.0,0.9986111111111111,1438.0,1.0804269170002954
surrogate,efpb,confirmatory_core,0.9999896475288295,0.06921794246708923,47.0,11.314285714285715,35.0,0.9929078014184397,140.0,407,141,1466,confirmatory_core__C_LH__efpb__1001,0,C_LH,1001,140,1465,0,0.19999999999999998,30.0,4.392491467576792,15.0,0.9993178717598908,1465.0,32.47535590999996
surrogate,efpb,confirmatory_core,0.9998284080076263,0.08574034906920867,47.0,13.106194690265486,40.0,0.9741379310344828,113.0,407,116,1477,confirmatory_core__C_LH__efpb__1002,0,C_LH,1002,113,1477,0,0.24000000000000002,28.0,4.532159783344618,16.0,1.0,1477.0,32.75879149100001
surrogate,efpb,confirmatory_core,0.999981892586825,0.08556263770853006,45.0,12.555555555555555,35.0,0.9915254237288136,117.0,410,118,1412,confirmatory_core__C_LH__efpb__1003,0,C_LH,1003,117,1412,0,0.21999999999999997,29.0,3.9992917847025495,13.0,1.0,1412.0,31.548010876000262
surrogate,efpb,confirmatory_core,0.9999995047646592,0.07337226809130645,50.0,11.637931034482758,42.0,1.0,116.0,401,116,1422,confirmatory_core__C_LH__efpb__1004,0,C_LH,1004,116,1420,0,0.26,30.0,4.300704225352113,16.0,0.9985935302390999,1420.0,31.167871818000094
surrogate,efpb,confirmatory_core,1.0,0.09384947569770091,49.0,13.721804511278195,44.0,1.0,133.0,405,133,1419,confirmatory_core__C_LH__efpb__1005,0,C_LH,1005,133,1419,0,0.28,29.0,4.336856941508104,16.0,1.0,1419.0,31.90801000800002
surrogate,efpb,confirmatory_core,0.999999877143991,0.0702144282243249,48.0,11.429577464788732,32.0,1.0,142.0,406,142,1427,confirmatory_core__C_LH__efpb__1006,0,C_LH,1006,142,1426,0,0.16,30.0,4.4081346423562415,16.0,0.9992992291520673,1426.0,32.21887294199996
surrogate,efpb,confirmatory_core,1.0,0.10136602237334796,46.0,14.364406779661017,43.0,1.0,118.0,407,118,1453,confirmatory_core__C_LH__efpb__1007,0,C_LH,1007,118,1453,0,0.28,31.0,4.227804542326222,15.0,1.0,1453.0,33.66978962899975
surrogate,efpb,confirmatory_core,0.999995524020345,0.08008072377238942,47.0,11.887931034482758,36.0,1.0,116.0,406,116,1421,confirmatory_core__C_LH__efpb__1008,0,C_LH,1008,116,1415,0,0.21999999999999997,30.0,3.8798586572438163,14.0,0.995777621393385,1415.0,31.187709301999803
surrogate,efpb,confirmatory_core,1.0,0.08647798879508994,48.0,13.047244094488189,36.0,1.0,127.0,405,127,1442,confirmatory_core__C_LH__efpb__1009,0,C_LH,1009,127,1442,0,0.21,29.0,4.399445214979195,15.0,1.0,1442.0,32.42315667699995
surrogate,efpb,confirmatory_core,0.9999829180695028,0.07214291593068825,45.0,11.153153153153154,33.0,0.9910714285714286,111.0,403,112,1424,confirmatory_core__C_LH__efpb__1010,0,C_LH,1010,111,1423,0,0.19,30.0,3.938861560084329,14.0,0.9992977528089888,1423.0,30.26488063600027
surrogate,efpb,confirmatory_core,0.99998810073046,0.08693557510491468,47.0,13.259541984732824,39.0,0.9924242424242424,131.0,407,132,1418,confirmatory_core__C_LH__efpb__1011,0,C_LH,1011,131,1417,0,0.24000000000000002,28.0,4.565984474241355,15.0,0.9992947813822285,1417.0,32.22904650400005
surrogate,efpb,confirmatory_core,0.999984621536001,0.0703134311448479,48.0,11.204724409448819,34.0,0.9921875,127.0,402,128,1390,confirmatory_core__C_LH__efpb__1012,0,C_LH,1012,127,1390,0,0.19000000000000003,31.0,4.173381294964029,15.0,1.0,1390.0,30.411006065000038
surrogate,efpb,confirmatory_core,1.0,0.07189960016877298,45.0,11.704225352112676,36.0,1.0,142.0,404,142,1402,confirmatory_core__C_LH__efpb__1013,0,C_LH,1013,142,1402,0,0.19999999999999998,30.0,4.514265335235378,16.0,1.0,1402.0,31.867169114999797
surrogate,efpb,confirmatory_core,0.999999510978771,0.06603598309820032,47.0,11.038167938931299,32.0,1.0,131.0,406,131,1431,confirmatory_core__C_LH__efpb__1014,0,C_LH,1014,131,1429,0,0.17,28.0,4.434569629111267,15.0,0.9986023759608665,1429.0,31.99759515900041
surrogate,efpb,confirmatory_core,1.0,0.09802526329392,50.0,13.980952380952381,45.0,1.0,105.0,405,105,1474,confirmatory_core__C_LH__efpb__1015,0,C_LH,1015,105,1474,0,0.31,30.0,4.17842605156038,14.0,1.0,1474.0,32.530533551999724
surrogate,efpb,confirmatory_core,0.9999989523639908,0.08323293938238657,50.0,12.651162790697674,41.0,1.0,129.0,409,129,1467,confirmatory_core__C_LH__efpb__1016,0,C_LH,1016,129,1464,0,0.24999999999999997,29.0,4.327868852459017,16.0,0.9979550102249489,1464.0,32.43697215599968
surrogate,efpb,confirmatory_core,1.0,0.09223233541265684,49.0,13.431034482758621,35.0,1.0,116.0,409,116,1487,confirmatory_core__C_LH__efpb__1017,0,C_LH,1017,116,1487,0,0.18999999999999997,30.0,4.2078009414929385,16.0,1.0,1487.0,31.268465648000074
surrogate,efpb,confirmatory_core,1.0,0.08887913012135049,49.0,13.189655172413794,33.0,1.0,116.0,411,116,1435,confirmatory_core__C_LH__efpb__1018,0,C_LH,1018,116,1435,0,0.17,30.0,4.301742160278746,16.0,1.0,1435.0,32.34978919800005
surrogate,efpb,confirmatory_core,0.9999900410644459,0.10296882265732277,48.0,14.65891472868217,42.0,0.9923076923076923,129.0,408,130,1419,confirmatory_core__C_LH__efpb__1019,0,C_LH,1019,129,1417,0,0.26,30.0,4.3620324629498946,16.0,0.9985905567300916,1417.0,32.75981276599987
surrogate,efpb,confirmatory_core,1.0,0.07758376442499004,49.0,12.028571428571428,36.0,1.0,140.0,409,140,1436,confirmatory_core__C_LH__efpb__1020,0,C_LH,1020,140,1436,0,0.19999999999999998,29.0,4.270194986072424,16.0,1.0,1436.0,33.19943310100007
surrogate,efpb,confirmatory_core,0.9999995054609474,0.07748322205248794,49.0,11.902439024390244,35.0,1.0,123.0,405,123,1423,confirmatory_core__C_LH__efpb__1021,0,C_LH,1021,123,1421,0,0.18999999999999997,28.0,4.15411681914145,16.0,0.9985945186226283,1421.0,31.49069508599996
surrogate,efpb,confirmatory_core,0.9999995237192573,0.06507821272964111,44.0,10.845528455284553,32.0,1.0,123.0,406,123,1450,confirmatory_core__C_LH__efpb__1022,0,C_LH,1022,123,1448,0,0.17,31.0,4.337707182320442,15.0,0.9986206896551724,1448.0,31.69171729999971
surrogate,efpb,confirmatory_core,0.9999998691994193,0.07711922715616829,47.0,11.991228070175438,36.0,1.0,114.0,408,114,1383,confirmatory_core__C_LH__efpb__1023,0,C_LH,1023,114,1382,0,0.21,30.0,4.279305354558611,15.0,0.9992769342010123,1382.0,30.541533661000358
surrogate,efpb,confirmatory_core,0.999988177845937,0.072614169867691,48.0,11.712121212121213,38.0,0.9924812030075187,132.0,410,133,1492,confirmatory_core__C_LH__efpb__1024,0,C_LH,1024,132,1491,0,0.22,31.0,4.450704225352113,16.0,0.9993297587131368,1491.0,33.94001582300007
surrogate,efpb,confirmatory_core,1.0,0.07373335968050587,48.0,11.757352941176471,33.0,1.0,136.0,406,136,1414,confirmatory_core__C_LH__efpb__1025,0,C_LH,1025,136,1414,0,0.17,30.0,4.384016973125884,16.0,1.0,1414.0,31.91426699600015
surrogate,efpb,confirmatory_core,0.9999998734453074,0.10661488472845426,49.0,14.895652173913044,41.0,1.0,115.0,404,115,1406,confirmatory_core__C_LH__efpb__1026,0,C_LH,1026,115,1405,0,0.26,30.0,4.234163701067616,15.0,0.9992887624466572,1405.0,32.181685947000005
surrogate,efpb,confirmatory_core,1.0,0.08847321005215741,49.0,12.855855855855856,39.0,1.0,111.0,399,111,1406,confirmatory_core__C_LH__efpb__1027,0,C_LH,1027,111,1406,0,0.25,30.0,4.008534850640114,14.0,1.0,1406.0,30.72512833000019
surrogate,efpb,confirmatory_core,0.9999995170766526,0.07780983493439424,50.0,11.844961240310077,36.0,1.0,129.0,405,129,1440,confirmatory_core__C_LH__efpb__1028,0,C_LH,1028,129,1438,0,0.21,29.0,4.063977746870654,15.0,0.9986111111111111,1438.0,32.29256623499987
surrogate,efpb,confirmatory_core,0.9999998739838373,0.06551609848484848,50.0,10.734848484848484,29.0,1.0,132.0,404,132,1409,confirmatory_core__C_LH__efpb__1029,0,C_LH,1029,132,1408,0,0.13999999999999999,30.0,4.183238636363637,15.0,0.9992902767920511,1408.0,31.707935977000034
surrogate,efpb,confirmatory_core,0.9999989126676395,0.09817321767091403,49.0,14.077586206896552,41.0,1.0,116.0,407,116,1440,confirmatory_core__C_LH__efpb__1030,0,C_LH,1030,116,1437,0,0.24999999999999997,30.0,4.26026443980515,16.0,0.9979166666666667,1437.0,32.74951012499969
surrogate,equal_bargaining,confirmatory_core,0.9999896475288295,0.030580204778156983,27.0,8.2,19.0,0.9929078014184397,140.0,408,141,1466,confirmatory_core__C_LH__equal_bargaining__1001,0,C_LH,1001,140,1465,0,0.01999999999999999,30.0,5.1419795221843,17.0,0.9993178717598908,1465.0,25.938521863999995
surrogate,equal_bargaining,confirmatory_core,0.9999866666651813,0.04774885777450258,36.0,9.652173913043478,19.0,0.9913793103448276,115.0,405,116,1477,confirmatory_core__C_LH__equal_bargaining__1002,0,C_LH,1002,115,1475,0,0.01999999999999999,31.0,4.87728813559322,17.0,0.998645903859174,1475.0,26.058173248999992
surrogate,equal_bargaining,confirmatory_core,0.999981892586825,0.03209353284424105,27.0,7.700854700854701,18.0,0.9915254237288136,117.0,404,118,1412,confirmatory_core__C_LH__equal_bargaining__1003,0,C_LH,1003,117,1412,0,0.01999999999999999,30.0,4.491501416430595,16.0,1.0,1412.0,24.04671949800013
surrogate,equal_bargaining,confirmatory_core,0.9999998762782009,0.035900774102744545,22.0,8.120689655172415,18.0,1.0,116.0,399,116,1422,confirmatory_core__C_LH__equal_bargaining__1004,0,C_LH,1004,116,1421,0,0.009999999999999981,30.0,4.530612244897959,17.0,0.9992967651195499,1421.0,23.741841581000244
surrogate,equal_bargaining,confirmatory_core,0.9999998757543264,0.050259711337582315,59.0,9.759398496240602,21.0,1.0,133.0,402,133,1419,confirmatory_core__C_LH__equal_bargaining__1005,0,C_LH,1005,133,1418,0,0.03999999999999998,30.0,4.733427362482369,17.0,0.9992952783650458,1418.0,26.473767995000117
surrogate,equal_bargaining,confirmatory_core,0.999999877143991,0.03289166979436224,24.0,8.225352112676056,18.0,1.0,142.0,408,142,1427,confirmatory_core__C_LH__equal_bargaining__1006,0,C_LH,1006,142,1426,0,0.009999999999999981,30.0,4.936185133239832,17.0,0.9992992291520673,1426.0,25.162715929000115
surrogate,equal_bargaining,confirmatory_core,1.0,0.05155890209618906,31.0,10.067796610169491,20.0,1.0,118.0,404,118,1453,confirmatory_core__C_LH__equal_bargaining__1007,0,C_LH,1007,118,1453,0,0.03,31.0,4.911906400550585,17.0,1.0,1453.0,25.7598927869999
surrogate,equal_bargaining,confirmatory_core,0.9999995040668993,0.03063874510947486,30.0,7.431034482758621,19.0,1.0,116.0,403,116,1421,confirmatory_core__C_LH__equal_bargaining__1008,0,C_LH,1008,116,1419,0,0.03,30.0,4.367159971811135,16.0,0.9985925404644617,1419.0,24.631217821000064
surrogate,equal_bargaining,confirmatory_core,1.0,0.03946170563631002,48.0,9.141732283464567,19.0,1.0,127.0,404,127,1442,confirmatory_core__C_LH__equal_bargaining__1009,0,C_LH,1009,127,1442,0,0.01999999999999999,31.0,5.195561719833565,17.0,1.0,1442.0,24.74014698000019
surrogate,equal_bargaining,confirmatory_core,0.9999829180695028,0.030698308990649126,29.0,7.531531531531532,18.0,0.9910714285714286,111.0,402,112,1424,confirmatory_core__C_LH__equal_bargaining__1010,0,C_LH,1010,111,1423,0,0.009999999999999981,30.0,4.46170063246662,17.0,0.9992977528089888,1423.0,24.920419688000038
surrogate,equal_bargaining,confirmatory_core,0.9999924741186739,0.02816637445040865,25.0,7.709923664122138,17.0,0.9924242424242424,131.0,406,132,1418,confirmatory_core__C_LH__equal_bargaining__1011,0,C_LH,1011,131,1415,0,0.0,29.0,4.893286219081272,17.0,0.9978843441466855,1415.0,25.200958386000366
surrogate,equal_bargaining,confirmatory_core,0.9999988329479034,0.03576497161139149,29.0,8.3046875,19.0,1.0,128.0,401,128,1390,confirmatory_core__C_LH__equal_bargaining__1012,0,C_LH,1012,128,1387,0,0.01999999999999999,30.0,4.728190338860851,17.0,0.9978417266187051,1387.0,25.00714742199989
surrogate,equal_bargaining,confirmatory_core,0.9999994905242608,0.03520191146881288,31.0,8.43661971830986,19.0,1.0,142.0,406,142,1402,confirmatory_core__C_LH__equal_bargaining__1013,0,C_LH,1013,142,1400,0,0.010000000000000009,30.0,4.916428571428572,18.0,0.9985734664764622,1400.0,25.355494545000056
surrogate,equal_bargaining,confirmatory_core,0.999999510978771,0.03913818984075769,25.0,8.679389312977099,18.0,1.0,131.0,404,131,1431,confirmatory_core__C_LH__equal_bargaining__1014,0,C_LH,1014,131,1429,0,0.01999999999999999,30.0,4.76557032890133,16.0,0.9986023759608665,1429.0,25.2057823490004
surrogate,equal_bargaining,confirmatory_core,1.0,0.05527111197260451,46.0,9.99047619047619,23.0,1.0,105.0,406,105,1474,confirmatory_core__C_LH__equal_bargaining__1015,0,C_LH,1015,105,1474,0,0.08000000000000002,30.0,4.463364993215739,15.0,1.0,1474.0,25.11588581199976
surrogate,equal_bargaining,confirmatory_core,0.9999998837545874,0.0360485209979166,24.0,8.844961240310077,19.0,1.0,129.0,407,129,1467,confirmatory_core__C_LH__equal_bargaining__1016,0,C_LH,1016,129,1466,0,0.01999999999999999,28.0,5.240109140518418,17.0,0.9993183367416496,1466.0,25.2127568169999
surrogate,equal_bargaining,confirmatory_core,1.0,0.05019009577255757,25.0,9.939655172413794,18.0,1.0,116.0,413,116,1487,confirmatory_core__C_LH__equal_bargaining__1017,0,C_LH,1017,116,1487,0,0.009999999999999981,30.0,4.920645595158036,17.0,1.0,1487.0,25.87439688900031
surrogate,equal_bargaining,confirmatory_core,1.0,0.04448071608794907,31.0,9.53448275862069,20.0,1.0,116.0,411,116,1435,confirmatory_core__C_LH__equal_bargaining__1018,0,C_LH,1018,116,1435,0,0.03,30.0,5.086411149825784,17.0,1.0,1435.0,24.789662030999807
surrogate,equal_bargaining,confirmatory_core,0.9999900410644459,0.048236037485024044,33.0,9.976744186046512,26.0,0.9923076923076923,129.0,408,130,1419,confirmatory_core__C_LH__equal_bargaining__1019,0,C_LH,1019,129,1417,0,0.09,30.0,5.153140437544107,17.0,0.9985905567300916,1417.0,25.786206830000083
surrogate,equal_bargaining,confirmatory_core,1.0,0.04468822124950258,28.0,9.478571428571428,22.0,1.0,140.0,407,140,1436,confirmatory_core__C_LH__equal_bargaining__1020,0,C_LH,1020,140,1436,0,0.04000000000000001,30.0,5.00974930362117,18.0,1.0,1436.0,26.65942199500023
surrogate,equal_bargaining,confirmatory_core,0.9999995054609474,0.04955184428691578,32.0,10.048780487804878,22.0,1.0,123.0,404,123,1423,confirmatory_core__C_LH__equal_bargaining__1021,0,C_LH,1021,123,1421,0,0.04000000000000001,30.0,5.093596059113301,18.0,0.9985945186226283,1421.0,25.44581452600005
surrogate,equal_bargaining,confirmatory_core,0.9999995237192573,0.02871530117234873,32.0,7.536585365853658,18.0,1.0,123.0,409,123,1450,confirmatory_core__C_LH__equal_bargaining__1022,0,C_LH,1022,123,1448,0,0.01999999999999999,31.0,4.665055248618785,16.0,0.9986206896551724,1448.0,25.0258699179999
surrogate,equal_bargaining,confirmatory_core,0.9999998691994193,0.03345240815497499,26.0,8.008771929824562,18.0,1.0,114.0,405,114,1383,confirmatory_core__C_LH__equal_bargaining__1023,0,C_LH,1023,114,1382,0,0.01999999999999999,30.0,4.663531114327062,16.0,0.9992769342010123,1382.0,23.492309750999993
surrogate,equal_bargaining,confirmatory_core,0.999988177845937,0.03349064081458448,29.0,8.242424242424242,19.0,0.9924812030075187,132.0,413,133,1492,confirmatory_core__C_LH__equal_bargaining__1024,0,C_LH,1024,132,1491,0,0.01999999999999999,30.0,4.893360160965795,17.0,0.9993297587131368,1491.0,25.10894491099998
surrogate,equal_bargaining,confirmatory_core,1.0,0.030412575921457685,30.0,7.654411764705882,19.0,1.0,136.0,402,136,1414,confirmatory_core__C_LH__equal_bargaining__1025,0,C_LH,1025,136,1414,0,0.01999999999999999,25.0,4.6131541725601135,17.0,1.0,1414.0,24.139181713999733
surrogate,equal_bargaining,confirmatory_core,0.9999998734453074,0.046191551910877315,36.0,9.556521739130435,21.0,1.0,115.0,403,115,1406,confirmatory_core__C_LH__equal_bargaining__1026,0,C_LH,1026,115,1405,0,0.03999999999999998,29.0,4.9373665480427045,17.0,0.9992887624466572,1405.0,24.48204520599984
surrogate,equal_bargaining,confirmatory_core,1.0,0.038307254623044094,39.0,8.594594594594595,18.0,1.0,111.0,401,111,1406,confirmatory_core__C_LH__equal_bargaining__1027,0,C_LH,1027,111,1406,0,0.009999999999999981,30.0,4.763869132290185,17.0,1.0,1406.0,24.058614676999696
surrogate,equal_bargaining,confirmatory_core,0.9999989126676395,0.041323493712676594,30.0,8.565891472868216,19.0,1.0,129.0,406,129,1440,confirmatory_core__C_LH__equal_bargaining__1028,0,C_LH,1028,129,1437,0,0.03,30.0,4.4335421016005565,16.0,0.9979166666666667,1437.0,25.801678189000086
surrogate,equal_bargaining,confirmatory_core,0.9999998739838373,0.028108428030303036,26.0,7.803030303030303,18.0,1.0,132.0,401,132,1409,confirmatory_core__C_LH__equal_bargaining__1029,0,C_LH,1029,132,1408,0,0.01999999999999999,30.0,4.9921875,16.0,0.9992902767920511,1408.0,24.80798403100016
surrogate,equal_bargaining,confirmatory_core,0.9999989126676395,0.04753929402730785,35.0,9.431034482758621,21.0,1.0,116.0,408,116,1440,confirmatory_core__C_LH__equal_bargaining__1030,0,C_LH,1030,116,1437,0,0.03999999999999998,30.0,4.677105080027836,17.0,0.9979166666666667,1437.0,26.416900906000137
surrogate,fixed_time,confirmatory_core,0.9999917279331971,0.12481362217017958,70.0,31.714285714285715,65.0,0.9929078014184397,140.0,140,141,1466,confirmatory_core__C_LH__fixed_time__1001,0,C_LH,1001,140,1464,0,0.14,55.0,19.23292349726776,51.0,0.9986357435197817,1464.0,1.2168238369999926
surrogate,fixed_time,confirmatory_core,0.999869938330901,0.08243350808003075,69.0,27.07079646017699,62.0,0.9741379310344828,113.0,140,116,1477,confirmatory_core__C_LH__fixed_time__1002,0,C_LH,1002,113,1472,0,0.10999999999999999,55.0,18.827445652173914,51.0,0.996614759647935,1472.0,1.0812836120001066
surrogate,fixed_time,confirmatory_core,0.9999874216971176,0.11036843062374976,70.0,29.324786324786324,63.0,0.9915254237288136,117.0,140,118,1412,confirmatory_core__C_LH__fixed_time__1003,0,C_LH,1003,117,1410,0,0.12,55.0,18.287943262411346,51.0,0.9985835694050992,1410.0,1.1014444020001974
surrogate,fixed_time,confirmatory_core,0.9999868574770069,0.05984813227189223,70.0,25.26086956521739,61.0,0.9913793103448276,115.0,140,116,1422,confirmatory_core__C_LH__fixed_time__1004,0,C_LH,1004,115,1420,0,0.10999999999999999,55.0,19.27605633802817,50.0,0.9985935302390999,1420.0,1.0906423179999365
surrogate,fixed_time,confirmatory_core,0.9999882961814136,0.06546982519126385,70.0,25.12878787878788,64.0,0.9924812030075187,132.0,140,133,1419,confirmatory_core__C_LH__fixed_time__1005,0,C_LH,1005,132,1418,0,0.12,55.0,18.581805359661494,52.0,0.9992952783650458,1418.0,1.1791173490000801
surrogate,fixed_time,confirmatory_core,0.9999988927451432,0.1249939666086406,69.0,30.535211267605632,66.0,1.0,142.0,140,142,1427,confirmatory_core__C_LH__fixed_time__1006,0,C_LH,1006,142,1424,0,0.15000000000000002,55.0,18.035814606741575,51.0,0.9978976874562018,1424.0,1.0814591749999636
surrogate,fixed_time,confirmatory_core,0.999999881502913,0.11930790960451979,70.0,29.847457627118644,67.0,1.0,118.0,140,118,1453,confirmatory_core__C_LH__fixed_time__1007,0,C_LH,1007,118,1452,0,0.16000000000000003,55.0,17.916666666666668,51.0,0.9993117687543015,1452.0,1.1661892529996294
surrogate,fixed_time,confirmatory_core,0.9999951010227888,0.07549116607773854,68.0,25.8,62.0,0.9913793103448276,115.0,140,116,1421,confirmatory_core__C_LH__fixed_time__1008,0,C_LH,1008,115,1415,0,0.10999999999999999,55.0,18.250883392226147,51.0,0.995777621393385,1415.0,1.1698555009998017
surrogate,fixed_time,confirmatory_core,0.9999980709913755,0.08688390481092509,70.0,28.070866141732285,68.0,1.0,127.0,140,127,1442,confirmatory_core__C_LH__fixed_time__1009,0,C_LH,1009,127,1438,0,0.17000000000000004,55.0,19.382475660639777,51.0,0.9972260748959778,1438.0,1.1121913609999865
surrogate,fixed_time,confirmatory_core,0.9999882363386722,0.1033001122163684,70.0,29.72972972972973,63.0,0.9910714285714286,111.0,140,112,1424,confirmatory_core__C_LH__fixed_time__1010,0,C_LH,1010,111,1421,0,0.10999999999999999,55.0,19.399718508092892,52.0,0.9978932584269663,1421.0,1.1409065960001499
surrogate,fixed_time,confirmatory_core,0.99998810073046,0.0984815786496577,69.0,28.38167938931298,67.0,0.9924242424242424,131.0,140,132,1418,confirmatory_core__C_LH__fixed_time__1011,0,C_LH,1011,131,1417,0,0.15000000000000002,55.0,18.53352152434721,52.0,0.9992947813822285,1417.0,1.134997449000366
surrogate,fixed_time,confirmatory_core,0.9999919272034755,0.09688740781951641,70.0,28.771653543307085,67.0,0.9921875,127.0,140,128,1390,confirmatory_core__C_LH__fixed_time__1012,0,C_LH,1012,127,1387,0,0.15000000000000002,55.0,19.082912761355445,52.0,0.9978417266187051,1387.0,1.1147341000000779
surrogate,fixed_time,confirmatory_core,1.0,0.11356974945249243,70.0,28.08450704225352,65.0,1.0,142.0,140,142,1402,confirmatory_core__C_LH__fixed_time__1013,0,C_LH,1013,142,1402,0,0.14,55.0,16.72753209700428,51.0,1.0,1402.0,1.0890999739999643
surrogate,fixed_time,confirmatory_core,0.9999878765601047,0.09519580419580423,69.0,28.284615384615385,67.0,0.9923664122137404,130.0,140,131,1431,confirmatory_core__C_LH__fixed_time__1014,0,C_LH,1014,130,1430,0,0.15000000000000002,55.0,18.765034965034964,52.0,0.9993011879804332,1430.0,1.1733023270003287
surrogate,fixed_time,confirmatory_core,0.9999998848564332,0.1101167684996606,70.0,30.733333333333334,66.0,1.0,105.0,140,105,1474,confirmatory_core__C_LH__fixed_time__1015,0,C_LH,1015,105,1473,0,0.15000000000000002,55.0,19.721656483367276,51.0,0.9993215739484396,1473.0,1.0752023820000431
surrogate,fixed_time,confirmatory_core,0.9997730651935499,0.08674894197952218,70.0,27.608,64.0,0.9689922480620154,125.0,140,129,1467,confirmatory_core__C_LH__fixed_time__1016,0,C_LH,1016,125,1465,0,0.13,55.0,18.93310580204778,51.0,0.9986366734832992,1465.0,1.1200841690001653
surrogate,fixed_time,confirmatory_core,0.9999998868615741,0.10325602171996096,70.0,28.870689655172413,67.0,1.0,116.0,140,116,1487,confirmatory_core__C_LH__fixed_time__1017,0,C_LH,1017,116,1486,0,0.15000000000000002,55.0,18.545087483176314,52.0,0.9993275050437121,1486.0,1.1093996659999448
surrogate,fixed_time,confirmatory_core,0.9999989050692617,0.08559405702176848,70.0,27.301724137931036,65.0,1.0,116.0,140,116,1435,confirmatory_core__C_LH__fixed_time__1018,0,C_LH,1018,116,1432,0,0.14,55.0,18.74231843575419,51.0,0.9979094076655052,1432.0,1.1297943910001322
surrogate,fixed_time,confirmatory_core,0.9999503456689144,0.1365178965243472,69.0,32.3984375,68.0,0.9846153846153847,128.0,140,130,1419,confirmatory_core__C_LH__fixed_time__1019,0,C_LH,1019,128,1417,0,0.16000000000000003,55.0,18.746647847565278,52.0,0.9985905567300916,1417.0,1.1766084200003206
surrogate,fixed_time,confirmatory_core,0.9999482455232377,0.09740805780953535,70.0,28.746376811594203,67.0,0.9857142857142858,138.0,140,140,1436,confirmatory_core__C_LH__fixed_time__1020,0,C_LH,1020,138,1436,0,0.15000000000000002,55.0,19.00557103064067,52.0,1.0,1436.0,1.1139185209999596
surrogate,fixed_time,confirmatory_core,0.999847607436757,0.06897405715624266,70.0,26.058333333333334,68.0,0.975609756097561,120.0,140,123,1423,confirmatory_core__C_LH__fixed_time__1021,0,C_LH,1021,120,1423,0,0.17000000000000004,55.0,19.160927617709067,51.0,1.0,1423.0,1.1378257950000261
surrogate,fixed_time,confirmatory_core,0.9999944562025689,0.08454676952748308,68.0,27.631147540983605,66.0,0.991869918699187,122.0,140,123,1450,confirmatory_core__C_LH__fixed_time__1022,0,C_LH,1022,122,1445,0,0.15000000000000002,55.0,19.176470588235293,51.0,0.996551724137931,1445.0,1.0866185319996475
surrogate,fixed_time,confirmatory_core,0.9999339721499015,0.083225535326368,70.0,26.660714285714285,64.0,0.9824561403508771,112.0,140,114,1383,confirmatory_core__C_LH__fixed_time__1023,0,C_LH,1023,112,1381,0,0.12,55.0,18.33816075307748,52.0,0.9985538684020245,1381.0,1.0927813839998635
surrogate,fixed_time,confirmatory_core,0.9999923425426203,0.08141909355475505,70.0,26.575757575757574,67.0,0.9924812030075187,132.0,140,133,1492,confirmatory_core__C_LH__fixed_time__1024,0,C_LH,1024,132,1489,0,0.16000000000000003,55.0,18.43384822028207,51.0,0.9979892761394102,1489.0,1.1493732590001855
surrogate,fixed_time,confirmatory_core,0.999999874873779,0.0890539527913076,70.0,26.91176470588235,67.0,1.0,136.0,140,136,1414,confirmatory_core__C_LH__fixed_time__1025,0,C_LH,1025,136,1413,0,0.16000000000000003,55.0,18.006369426751593,51.0,0.9992927864214993,1413.0,1.1780504629998632
surrogate,fixed_time,confirmatory_core,0.9999979707998093,0.11970098616882713,70.0,30.321739130434782,65.0,1.0,115.0,140,115,1406,confirmatory_core__C_LH__fixed_time__1026,0,C_LH,1026,115,1402,0,0.14,55.0,18.35164051355207,51.0,0.9971550497866287,1402.0,1.2275773779999781
surrogate,fixed_time,confirmatory_core,0.9999826185045528,0.08544160465868653,70.0,27.418181818181818,68.0,0.990990990990991,110.0,140,111,1406,confirmatory_core__C_LH__fixed_time__1027,0,C_LH,1027,110,1405,0,0.17000000000000004,55.0,18.874021352313168,51.0,0.9992887624466572,1405.0,1.0867763390001528
surrogate,fixed_time,confirmatory_core,0.9999848599545799,0.08933159722222223,70.0,27.6171875,65.0,0.9922480620155039,128.0,140,129,1440,confirmatory_core__C_LH__fixed_time__1028,0,C_LH,1028,128,1440,0,0.14,55.0,18.68402777777778,51.0,1.0,1440.0,1.176008821999858
surrogate,fixed_time,confirmatory_core,0.9999998739838373,0.06537405303030308,70.0,25.643939393939394,63.0,1.0,132.0,140,132,1409,confirmatory_core__C_LH__fixed_time__1029,0,C_LH,1029,132,1408,0,0.10999999999999999,55.0,19.10653409090909,52.0,0.9992902767920511,1408.0,1.1212368629999219
surrogate,fixed_time,confirmatory_core,0.9999892005704613,0.08845166560769721,67.0,26.991304347826087,64.0,0.9913793103448276,115.0,140,116,1440,confirmatory_core__C_LH__fixed_time__1030,0,C_LH,1030,115,1437,0,0.13,55.0,18.146137787056368,51.0,0.9979166666666667,1437.0,1.1617124889999104
surrogate,efficiency,confirmatory_core,0.9999987950674882,0.0022124542124542096,30.0,2.9743589743589745,11.0,1.0,117.0,302,117,456,confirmatory_core__C_LL__efficiency__1001,0,C_LL,1001,117,455,0,0.039999999999999994,23.0,3.195604395604396,15.0,0.9978070175438597,455.0,0.7454810709998583
surrogate,efficiency,confirmatory_core,0.9999906154260528,0.0016143442873753112,22.0,2.5641025641025643,9.0,0.9915254237288136,117.0,289,118,420,confirmatory_core__C_LL__efficiency__1002,0,C_LL,1002,117,419,0,0.03,36.0,2.7255369928400954,12.0,0.9976190476190476,419.0,0.7512537610000436
surrogate,efficiency,confirmatory_core,1.0,0.0015927123679163671,17.0,2.6412213740458017,9.0,1.0,131.0,290,131,406,confirmatory_core__C_LL__efficiency__1003,0,C_LL,1003,131,406,0,0.04000000000000001,29.0,2.8004926108374386,13.0,1.0,406.0,0.7676097559999562
surrogate,efficiency,confirmatory_core,1.0,0.0030310984724197035,20.0,3.4959349593495936,10.0,1.0,123.0,319,123,446,confirmatory_core__C_LL__efficiency__1004,0,C_LL,1004,123,446,0,0.04000000000000001,31.0,3.192825112107623,14.0,1.0,446.0,0.7855151919998207
surrogate,efficiency,confirmatory_core,1.0,0.00894494364910143,19.0,2.6641791044776117,10.0,1.0,134.0,286,134,392,confirmatory_core__C_LL__efficiency__1005,0,C_LL,1005,134,392,0,0.06,59.0,3.558673469387755,16.0,1.0,392.0,0.7657095059998937
surrogate,efficiency,confirmatory_core,1.0,0.0025390374692253193,27.0,2.9194630872483223,10.0,1.0,149.0,297,149,398,confirmatory_core__C_LL__efficiency__1006,0,C_LL,1006,149,398,0,0.04999999999999999,29.0,3.1733668341708543,15.0,1.0,398.0,0.7851106580001215
surrogate,efficiency,confirmatory_core,1.0,0.004327841099234238,31.0,3.3577235772357725,11.0,1.0,123.0,294,123,413,confirmatory_core__C_LL__efficiency__1007,0,C_LL,1007,123,413,0,0.0,37.0,2.9249394673123486,11.0,1.0,413.0,0.799941661000048
surrogate,efficiency,confirmatory_core,1.0,8.014213158758637e-05,24.0,3.2764227642276422,14.0,1.0,123.0,286,123,421,confirmatory_core__C_LL__efficiency__1008,0,C_LL,1008,123,421,0,0.010000000000000009,27.0,3.2684085510688834,13.0,1.0,421.0,0.7738169090000611
surrogate,efficiency,confirmatory_core,0.99999841778661,0.00018061820240954096,28.0,3.2170542635658914,10.0,1.0,129.0,270,129,398,confirmatory_core__C_LL__efficiency__1009,0,C_LL,1009,129,397,0,0.04000000000000001,32.0,3.198992443324937,14.0,0.9974874371859297,397.0,0.7377879420000681
surrogate,efficiency,confirmatory_core,0.9999986573035969,0.013851127762352141,20.0,2.7540983606557377,10.0,1.0,122.0,304,122,432,confirmatory_core__C_LL__efficiency__1010,0,C_LL,1010,122,431,0,0.07,30.0,4.139211136890951,17.0,0.9976851851851852,431.0,0.7526408500000343
surrogate,efficiency,confirmatory_core,1.0,0.0036250730250773494,25.0,3.575221238938053,9.0,1.0,113.0,297,113,409,confirmatory_core__C_LL__efficiency__1011,0,C_LL,1011,113,409,0,0.05000000000000002,51.0,3.2127139364303177,14.0,1.0,409.0,0.7935835060000045
surrogate,efficiency,confirmatory_core,1.0,0.008412966855806163,18.0,3.1324503311258276,10.0,1.0,151.0,320,151,419,confirmatory_core__C_LL__efficiency__1012,0,C_LL,1012,151,419,0,0.04999999999999999,66.0,3.9737470167064437,15.0,1.0,419.0,0.782752144999904
surrogate,efficiency,confirmatory_core,1.0,0.014094026157652883,20.0,2.463768115942029,9.0,1.0,138.0,306,138,410,confirmatory_core__C_LL__efficiency__1013,0,C_LL,1013,138,410,0,0.08000000000000002,31.0,3.873170731707317,17.0,1.0,410.0,0.7566916149999088
surrogate,efficiency,confirmatory_core,1.0,0.002410043650949701,17.0,2.9237288135593222,10.0,1.0,118.0,295,118,431,confirmatory_core__C_LL__efficiency__1014,0,C_LL,1014,118,431,0,0.04000000000000001,36.0,3.1647331786542923,14.0,1.0,431.0,0.7879458970000996
surrogate,efficiency,confirmatory_core,1.0,0.004065791054338689,19.0,3.0707964601769913,10.0,1.0,113.0,306,113,442,confirmatory_core__C_LL__efficiency__1015,0,C_LL,1015,113,442,0,0.04999999999999999,29.0,3.47737556561086,15.0,1.0,442.0,0.7578842240000085
surrogate,efficiency,confirmatory_core,1.0,0.0004583940649514409,35.0,3.2867132867132867,12.0,1.0,143.0,307,143,427,confirmatory_core__C_LL__efficiency__1016,0,C_LL,1016,143,427,0,0.010000000000000009,37.0,3.332552693208431,13.0,1.0,427.0,0.7761636489999546
surrogate,efficiency,confirmatory_core,0.9999815804015473,0.0035830156900983935,17.0,2.5517241379310347,9.0,0.9914529914529915,116.0,271,117,389,confirmatory_core__C_LL__efficiency__1017,0,C_LL,1017,116,389,0,0.03,29.0,2.910025706940874,12.0,1.0,389.0,0.7474945750000188
surrogate,efficiency,confirmatory_core,1.0,0.004368900975843866,17.0,3.3049645390070923,9.0,1.0,141.0,304,141,399,confirmatory_core__C_LL__efficiency__1018,0,C_LL,1018,141,399,0,0.08000000000000002,37.0,3.7418546365914787,17.0,1.0,399.0,0.7948359299998629
surrogate,efficiency,confirmatory_core,0.9999843774410249,0.0004993065187239923,29.0,3.4285714285714284,13.0,0.9921259842519685,126.0,290,127,412,confirmatory_core__C_LL__efficiency__1019,0,C_LL,1019,126,412,0,0.04000000000000001,40.0,3.378640776699029,17.0,1.0,412.0,0.7828533790000165
surrogate,efficiency,confirmatory_core,0.9999812600727109,0.010172109797635744,19.0,2.5565217391304347,9.0,0.9913793103448276,115.0,313,116,434,confirmatory_core__C_LL__efficiency__1020,0,C_LL,1020,115,434,0,0.08000000000000002,39.0,3.5737327188940093,17.0,1.0,434.0,0.7807234340000377
surrogate,efficiency,confirmatory_core,1.0,0.0047575689024620185,19.0,3.0396825396825395,10.0,1.0,126.0,309,126,421,confirmatory_core__C_LL__efficiency__1021,0,C_LL,1021,126,421,0,0.04999999999999999,49.0,3.5154394299287413,15.0,1.0,421.0,0.8044257369999741
surrogate,efficiency,confirmatory_core,1.0,0.0024859280241130086,25.0,2.9927007299270074,9.0,1.0,137.0,285,137,402,confirmatory_core__C_LL__efficiency__1022,0,C_LL,1022,137,402,0,0.05000000000000002,39.0,3.2412935323383083,14.0,1.0,402.0,0.7640150679999351
surrogate,efficiency,confirmatory_core,1.0,0.0063825706203743185,15.0,2.5267175572519083,9.0,1.0,131.0,295,131,394,confirmatory_core__C_LL__efficiency__1023,0,C_LL,1023,131,394,0,0.020000000000000004,29.0,3.16497461928934,11.0,1.0,394.0,0.7718087939999805
surrogate,efficiency,confirmatory_core,0.9999985378620619,3.9821503611946196e-05,24.0,3.652892561983471,12.0,1.0,121.0,299,121,414,confirmatory_core__C_LL__efficiency__1024,0,C_LL,1024,121,413,0,0.05000000000000002,35.0,3.648910411622276,17.0,0.9975845410628019,413.0,0.7852351529998032
surrogate,efficiency,confirmatory_core,0.9999911033567104,0.005181312194299202,20.0,2.6859504132231407,10.0,0.9918032786885246,121.0,294,122,442,confirmatory_core__C_LL__efficiency__1025,0,C_LL,1025,121,441,0,0.04000000000000001,23.0,3.204081632653061,14.0,0.997737556561086,441.0,0.7930771169999389
surrogate,efficiency,confirmatory_core,0.9999985519041011,0.006691767068273093,19.0,3.0416666666666665,13.0,1.0,144.0,311,144,416,confirmatory_core__C_LL__efficiency__1026,0,C_LL,1026,144,415,0,0.03,26.0,3.710843373493976,16.0,0.9975961538461539,415.0,0.8864480910001475
surrogate,efficiency,confirmatory_core,0.9999850928714111,0.005144116453053411,19.0,2.8372093023255816,9.0,0.9923076923076923,129.0,287,130,401,confirmatory_core__C_LL__efficiency__1027,0,C_LL,1027,129,401,0,0.08000000000000002,35.0,3.3516209476309227,17.0,1.0,401.0,0.7834613900001841
surrogate,efficiency,confirmatory_core,1.0,0.0038823717948717924,15.0,2.4266666666666667,9.0,1.0,150.0,295,150,416,confirmatory_core__C_LL__efficiency__1028,0,C_LL,1028,150,416,0,0.03,34.0,2.8149038461538463,12.0,1.0,416.0,0.827991541000074
surrogate,efficiency,confirmatory_core,1.0,0.0031927466543073997,20.0,2.7804878048780486,9.0,1.0,123.0,284,123,421,confirmatory_core__C_LL__efficiency__1029,0,C_LL,1029,123,421,0,0.05000000000000002,32.0,3.0997624703087885,14.0,1.0,421.0,0.7716489579997869
surrogate,efficiency,confirmatory_core,0.9999985018502151,0.0059400339083001685,18.0,2.8496240601503757,9.0,1.0,133.0,302,133,409,confirmatory_core__C_LL__efficiency__1030,0,C_LL,1030,133,408,0,0.07,43.0,3.4436274509803924,16.0,0.9975550122249389,408.0,0.7658695269999498
surrogate,efpb,confirmatory_core,0.9999987950674882,0.003494505494505494,19.0,3.3846153846153846,13.0,1.0,117.0,302,117,456,confirmatory_core__C_LL__efpb__1001,0,C_LL,1001,117,455,0,0.0,27.0,3.035164835164835,13.0,0.9978070175438597,455.0,22.730395498999997
surrogate,efpb,confirmatory_core,0.9999906154260528,0.008884809171205356,22.0,3.2393162393162394,14.0,0.9915254237288136,117.0,287,118,420,confirmatory_core__C_LL__efpb__1002,0,C_LL,1002,117,419,0,0.04000000000000001,20.0,2.350835322195704,10.0,0.9976190476190476,419.0,23.67577404299982
surrogate,efpb,confirmatory_core,1.0,0.003305381115331102,22.0,3.015267175572519,12.0,1.0,131.0,291,131,406,confirmatory_core__C_LL__efpb__1003,0,C_LL,1003,131,406,0,0.0,24.0,2.684729064039409,12.0,1.0,406.0,24.051262843999893
surrogate,efpb,confirmatory_core,1.0,0.010874074884246604,36.0,3.869918699186992,15.0,1.0,123.0,317,123,446,confirmatory_core__C_LL__efpb__1004,0,C_LL,1004,123,446,0,0.03,21.0,2.782511210762332,12.0,1.0,446.0,22.765148530000033
surrogate,efpb,confirmatory_core,1.0,0.001740785866585437,19.0,3.2238805970149254,12.0,1.0,134.0,287,134,392,confirmatory_core__C_LL__efpb__1005,0,C_LL,1005,134,392,0,0.010000000000000009,35.0,3.3979591836734695,13.0,1.0,392.0,22.29082920499991
surrogate,efpb,confirmatory_core,1.0,0.008504940811439751,27.0,3.7449664429530203,15.0,1.0,149.0,301,149,398,confirmatory_core__C_LL__efpb__1006,0,C_LL,1006,149,398,0,0.039999999999999994,24.0,2.8944723618090453,11.0,1.0,398.0,26.878899657000147
surrogate,efpb,confirmatory_core,1.0,0.012125435540069684,31.0,3.926829268292683,14.0,1.0,123.0,293,123,413,confirmatory_core__C_LL__efpb__1007,0,C_LL,1007,123,413,0,0.04000000000000001,20.0,2.7142857142857144,10.0,1.0,413.0,24.44571966300009
surrogate,efpb,confirmatory_core,1.0,0.011972268891334993,24.0,4.154471544715447,17.0,1.0,123.0,286,123,421,confirmatory_core__C_LL__efpb__1008,0,C_LL,1008,123,421,0,0.05000000000000002,27.0,2.9572446555819476,12.0,1.0,421.0,25.608837955000126
surrogate,efpb,confirmatory_core,0.99999841778661,0.006466717435026258,32.0,3.4728682170542635,13.0,1.0,129.0,273,129,398,confirmatory_core__C_LL__efpb__1009,0,C_LL,1009,129,397,0,0.010000000000000009,30.0,2.8261964735516374,12.0,0.9974874371859297,397.0,26.016500861000168
surrogate,efpb,confirmatory_core,0.9998450679979342,0.003759726112667283,22.0,3.327731092436975,15.0,0.9754098360655737,119.0,303,122,432,confirmatory_core__C_LL__efpb__1010,0,C_LL,1010,119,432,0,0.0,30.0,3.7037037037037037,15.0,1.0,432.0,20.49596296599998
surrogate,efpb,confirmatory_core,1.0,0.01724819871475864,25.0,4.477876106194691,15.0,1.0,113.0,296,113,409,confirmatory_core__C_LL__efpb__1011,0,C_LL,1011,113,409,0,0.039999999999999994,26.0,2.7530562347188265,11.0,1.0,409.0,23.81834140800015
surrogate,efpb,confirmatory_core,1.0,0.0030163271112235088,18.0,3.6357615894039736,14.0,1.0,151.0,315,151,419,confirmatory_core__C_LL__efpb__1012,0,C_LL,1012,151,419,0,0.010000000000000009,26.0,3.3341288782816227,13.0,1.0,419.0,26.337829477000014
surrogate,efpb,confirmatory_core,1.0,0.00015058324496288605,24.0,3.5434782608695654,13.0,1.0,138.0,311,138,410,confirmatory_core__C_LL__efpb__1013,0,C_LL,1013,138,410,0,0.01999999999999999,23.0,3.5585365853658537,15.0,1.0,410.0,23.39129793999996
surrogate,efpb,confirmatory_core,1.0,0.0057304652168783665,17.0,3.610169491525424,13.0,1.0,118.0,297,118,431,confirmatory_core__C_LL__efpb__1014,0,C_LL,1014,118,431,0,0.0,26.0,3.0371229698375872,13.0,1.0,431.0,21.78209290100017
surrogate,efpb,confirmatory_core,1.0,0.008661754695070682,19.0,4.115044247787611,13.0,1.0,113.0,307,113,442,confirmatory_core__C_LL__efpb__1015,0,C_LL,1015,113,442,0,0.01999999999999999,29.0,3.248868778280543,15.0,1.0,442.0,22.875105615000166
surrogate,efpb,confirmatory_core,1.0,0.00597746515779303,35.0,3.8811188811188813,14.0,1.0,143.0,306,143,427,confirmatory_core__C_LL__efpb__1016,0,C_LL,1016,143,427,0,0.010000000000000009,37.0,3.2833723653395785,13.0,1.0,427.0,25.65250540499983
surrogate,efpb,confirmatory_core,0.9999815804015473,0.0017857459445084663,17.0,2.913793103448276,13.0,0.9914529914529915,116.0,270,117,389,confirmatory_core__C_LL__efpb__1017,0,C_LL,1017,116,389,0,0.03,24.0,2.7352185089974292,10.0,1.0,389.0,23.259620667000036
surrogate,efpb,confirmatory_core,1.0,0.005924918679677919,17.0,3.858156028368794,13.0,1.0,141.0,301,141,399,confirmatory_core__C_LL__efpb__1018,0,C_LL,1018,141,399,0,0.010000000000000009,29.0,3.2656641604010024,14.0,1.0,399.0,26.151859913999942
surrogate,efpb,confirmatory_core,1.0,0.01146643987462732,29.0,4.110236220472441,16.0,1.0,127.0,291,127,412,confirmatory_core__C_LL__efpb__1019,0,C_LL,1019,127,412,0,0.04000000000000001,40.0,2.9635922330097086,12.0,1.0,412.0,23.80299577699998
surrogate,efpb,confirmatory_core,0.9999812600727109,0.005009216589861757,19.0,3.6,14.0,0.9913793103448276,115.0,312,116,434,confirmatory_core__C_LL__efpb__1020,0,C_LL,1020,115,434,0,0.020000000000000018,27.0,3.0990783410138247,12.0,1.0,434.0,22.42198577499994
surrogate,efpb,confirmatory_core,1.0,0.00490838140481846,19.0,3.642857142857143,14.0,1.0,126.0,306,126,421,confirmatory_core__C_LL__efpb__1021,0,C_LL,1021,126,421,0,0.020000000000000018,24.0,3.152019002375297,12.0,1.0,421.0,24.901570483999876
surrogate,efpb,confirmatory_core,1.0,0.003716091077459415,25.0,3.4014598540145986,12.0,1.0,137.0,285,137,402,confirmatory_core__C_LL__efpb__1022,0,C_LL,1022,137,402,0,0.020000000000000018,25.0,3.029850746268657,14.0,1.0,402.0,24.816343808000056
surrogate,efpb,confirmatory_core,1.0,0.00447746735381873,20.0,3.4122137404580153,13.0,1.0,131.0,295,131,394,confirmatory_core__C_LL__efpb__1023,0,C_LL,1023,131,394,0,0.03,19.0,2.964467005076142,10.0,1.0,394.0,24.586977357000023
surrogate,efpb,confirmatory_core,1.0,0.013606220305825048,24.0,4.652892561983471,17.0,1.0,121.0,299,121,414,confirmatory_core__C_LL__efpb__1024,0,C_LL,1024,121,414,0,0.04000000000000001,28.0,3.292270531400966,13.0,1.0,414.0,23.17653453799994
surrogate,efpb,confirmatory_core,0.9999987174389822,0.001556075982305491,19.0,2.901639344262295,12.0,1.0,122.0,289,122,442,confirmatory_core__C_LL__efpb__1025,0,C_LL,1025,122,441,0,0.01999999999999999,20.0,2.746031746031746,10.0,0.997737556561086,441.0,23.008249780000142
surrogate,efpb,confirmatory_core,0.9999985519041011,0.007683734939759039,19.0,4.125,15.0,1.0,144.0,310,144,416,confirmatory_core__C_LL__efpb__1026,0,C_LL,1026,144,415,0,0.0,23.0,3.3566265060240963,15.0,0.9975961538461539,415.0,24.072840696999947
surrogate,efpb,confirmatory_core,0.9999937500390624,0.004695006747638331,21.0,3.5923076923076924,15.0,1.0,130.0,287,130,401,confirmatory_core__C_LL__efpb__1027,0,C_LL,1027,130,399,0,0.010000000000000009,25.0,3.1228070175438596,16.0,0.9950124688279302,399.0,24.591732241000045
surrogate,efpb,confirmatory_core,1.0,0.0031961538461538486,17.0,3.06,13.0,1.0,150.0,298,150,416,confirmatory_core__C_LL__efpb__1028,0,C_LL,1028,150,416,0,0.0,25.0,2.7403846153846154,13.0,1.0,416.0,26.194111710000016
surrogate,efpb,confirmatory_core,1.0,0.00266284301797887,17.0,3.252032520325203,12.0,1.0,123.0,284,123,421,confirmatory_core__C_LL__efpb__1029,0,C_LL,1029,123,421,0,0.0,30.0,2.985748218527316,12.0,1.0,421.0,22.776513748999832
surrogate,efpb,confirmatory_core,0.9999985018502151,0.009013895031696886,23.0,3.7518796992481205,15.0,1.0,133.0,302,133,409,confirmatory_core__C_LL__efpb__1030,0,C_LL,1030,133,408,0,0.01999999999999999,27.0,2.8504901960784315,13.0,0.9975550122249389,408.0,23.996803222999915
surrogate,equal_bargaining,confirmatory_core,0.9999987950674882,0.004114774114774115,21.0,3.4444444444444446,13.0,1.0,117.0,302,117,456,confirmatory_core__C_LL__equal_bargaining__1001,0,C_LL,1001,117,455,0,0.0,27.0,3.032967032967033,13.0,0.9978070175438597,455.0,9.90902989999995
surrogate,equal_bargaining,confirmatory_core,0.9999906154260528,0.0052944536238092345,16.0,2.982905982905983,12.0,0.9915254237288136,117.0,286,118,420,confirmatory_core__C_LL__equal_bargaining__1002,0,C_LL,1002,117,419,0,0.009999999999999995,20.0,2.4534606205250595,11.0,0.9976190476190476,419.0,8.625073476000125
surrogate,equal_bargaining,confirmatory_core,1.0,0.0017858082954160873,17.0,2.9618320610687023,12.0,1.0,131.0,290,131,406,confirmatory_core__C_LL__equal_bargaining__1003,0,C_LL,1003,131,406,0,0.020000000000000018,24.0,2.7832512315270934,14.0,1.0,406.0,9.40714935599999
surrogate,equal_bargaining,confirmatory_core,1.0,0.00708119143971709,19.0,3.569105691056911,13.0,1.0,123.0,315,123,446,confirmatory_core__C_LL__equal_bargaining__1004,0,C_LL,1004,123,446,0,0.0,28.0,2.8609865470852016,13.0,1.0,446.0,9.786731357999997
surrogate,equal_bargaining,confirmatory_core,1.0,0.0010379226317392687,17.0,3.2686567164179103,12.0,1.0,134.0,287,134,392,confirmatory_core__C_LL__equal_bargaining__1005,0,C_LL,1005,134,392,0,0.03,28.0,3.372448979591837,15.0,1.0,392.0,9.74498835999998
surrogate,equal_bargaining,confirmatory_core,1.0,0.00021702472092003516,16.0,3.4563758389261743,13.0,1.0,149.0,305,149,398,confirmatory_core__C_LL__equal_bargaining__1006,0,C_LL,1006,149,398,0,0.010000000000000009,24.0,3.4346733668341707,14.0,1.0,398.0,9.870031946999916
surrogate,equal_bargaining,confirmatory_core,1.0,0.006227287938738953,18.0,3.6178861788617884,13.0,1.0,123.0,293,123,413,confirmatory_core__C_LL__equal_bargaining__1007,0,C_LL,1007,123,413,0,0.0,20.0,2.9951573849878934,13.0,1.0,413.0,8.905596762999949
surrogate,equal_bargaining,confirmatory_core,1.0,0.010157001332483637,20.0,4.146341463414634,14.0,1.0,123.0,286,123,421,confirmatory_core__C_LL__equal_bargaining__1008,0,C_LL,1008,123,421,0,0.010000000000000009,25.0,3.130641330166271,13.0,1.0,421.0,9.44043753799997
surrogate,equal_bargaining,confirmatory_core,0.99999841778661,0.004769492121141118,23.0,3.5348837209302326,13.0,1.0,129.0,272,129,398,confirmatory_core__C_LL__equal_bargaining__1009,0,C_LL,1009,129,397,0,0.0,30.0,3.0579345088161207,13.0,0.9974874371859297,397.0,11.213820635000047
surrogate,equal_bargaining,confirmatory_core,0.9998450679979342,0.0023920401493930862,22.0,3.46218487394958,15.0,0.9754098360655737,119.0,302,122,432,confirmatory_core__C_LL__equal_bargaining__1010,0,C_LL,1010,119,432,0,0.0,30.0,3.701388888888889,15.0,1.0,432.0,10.426630208999995
surrogate,equal_bargaining,confirmatory_core,1.0,0.013156630677023603,19.0,4.230088495575221,14.0,1.0,113.0,295,113,409,confirmatory_core__C_LL__equal_bargaining__1011,0,C_LL,1011,113,409,0,0.010000000000000009,26.0,2.9144254278728607,13.0,1.0,409.0,10.408910863000074
surrogate,equal_bargaining,confirmatory_core,1.0,0.002141649148872278,17.0,3.596026490066225,13.0,1.0,151.0,316,151,419,confirmatory_core__C_LL__equal_bargaining__1012,0,C_LL,1012,151,419,0,0.0,26.0,3.3818615751789975,13.0,1.0,419.0,11.014921361000006
surrogate,equal_bargaining,confirmatory_core,1.0,0.0011668434075645037,19.0,3.789855072463768,15.0,1.0,138.0,310,138,410,confirmatory_core__C_LL__equal_bargaining__1013,0,C_LL,1013,138,410,0,0.0,20.0,3.6731707317073172,15.0,1.0,410.0,10.298044813999923
surrogate,equal_bargaining,confirmatory_core,1.0,0.004418970466789886,17.0,3.5254237288135593,12.0,1.0,118.0,298,118,431,confirmatory_core__C_LL__equal_bargaining__1014,0,C_LL,1014,118,431,0,0.010000000000000009,26.0,3.0835266821345706,13.0,1.0,431.0,10.070635122999875
surrogate,equal_bargaining,confirmatory_core,1.0,0.002500900973050897,18.0,3.646017699115044,11.0,1.0,113.0,306,113,442,confirmatory_core__C_LL__equal_bargaining__1015,0,C_LL,1015,113,442,0,0.039999999999999994,29.0,3.3959276018099547,15.0,1.0,442.0,10.227362177000032
surrogate,equal_bargaining,confirmatory_core,1.0,0.004175496634513033,18.0,3.8531468531468533,13.0,1.0,143.0,305,143,427,confirmatory_core__C_LL__equal_bargaining__1016,0,C_LL,1016,143,427,0,0.010000000000000009,29.0,3.4355971896955504,14.0,1.0,427.0,11.433102628999904
surrogate,equal_bargaining,confirmatory_core,0.9999815804015473,0.0009666696214874586,17.0,2.7413793103448274,12.0,0.9914529914529915,116.0,270,117,389,confirmatory_core__C_LL__equal_bargaining__1017,0,C_LL,1017,116,389,0,0.0,24.0,2.8380462724935733,12.0,1.0,389.0,10.163316985999927
surrogate,equal_bargaining,confirmatory_core,1.0,0.008052578254146008,17.0,4.070921985815603,13.0,1.0,141.0,301,141,399,confirmatory_core__C_LL__equal_bargaining__1018,0,C_LL,1018,141,399,0,0.010000000000000009,23.0,3.2656641604010024,14.0,1.0,399.0,12.88890047200016
surrogate,equal_bargaining,confirmatory_core,1.0,0.0060968198149988564,18.0,3.748031496062992,13.0,1.0,127.0,291,127,412,confirmatory_core__C_LL__equal_bargaining__1019,0,C_LL,1019,127,412,0,0.010000000000000009,25.0,3.1383495145631066,14.0,1.0,412.0,11.95540059699988
surrogate,equal_bargaining,confirmatory_core,0.9999812600727109,0.006794429973953117,17.0,3.773913043478261,14.0,0.9913793103448276,115.0,312,116,434,confirmatory_core__C_LL__equal_bargaining__1020,0,C_LL,1020,115,434,0,0.020000000000000018,26.0,3.0944700460829493,12.0,1.0,434.0,11.378854722000142
surrogate,equal_bargaining,confirmatory_core,1.0,0.007368133318252083,20.0,3.865079365079365,14.0,1.0,126.0,306,126,421,confirmatory_core__C_LL__equal_bargaining__1021,0,C_LL,1021,126,421,0,0.020000000000000018,21.0,3.1282660332541568,12.0,1.0,421.0,11.464123140000083
surrogate,equal_bargaining,confirmatory_core,1.0,0.003328249264625771,17.0,3.4671532846715327,12.0,1.0,137.0,286,137,402,confirmatory_core__C_LL__equal_bargaining__1022,0,C_LL,1022,137,402,0,0.020000000000000018,25.0,3.1343283582089554,14.0,1.0,402.0,12.22537199500016
surrogate,equal_bargaining,confirmatory_core,1.0,0.0012235052505134292,19.0,3.2061068702290076,12.0,1.0,131.0,295,131,394,confirmatory_core__C_LL__equal_bargaining__1023,0,C_LL,1023,131,394,0,0.01999999999999999,19.0,3.083756345177665,10.0,1.0,394.0,10.156183491999855
surrogate,equal_bargaining,confirmatory_core,1.0,0.01107358166646704,21.0,4.479338842975206,16.0,1.0,121.0,298,121,414,confirmatory_core__C_LL__equal_bargaining__1024,0,C_LL,1024,121,414,0,0.01999999999999999,24.0,3.3719806763285023,14.0,1.0,414.0,11.431398305999892
surrogate,equal_bargaining,confirmatory_core,0.9999987174389822,0.0002828891119289259,17.0,2.819672131147541,12.0,1.0,122.0,289,122,442,confirmatory_core__C_LL__equal_bargaining__1025,0,C_LL,1025,122,441,0,0.0,20.0,2.7913832199546484,12.0,0.997737556561086,441.0,11.606052951000038
surrogate,equal_bargaining,confirmatory_core,0.9999985519041011,0.006247991967871486,19.0,4.041666666666667,14.0,1.0,144.0,309,144,416,confirmatory_core__C_LL__equal_bargaining__1026,0,C_LL,1026,144,415,0,0.01999999999999999,23.0,3.4168674698795183,16.0,0.9975961538461539,415.0,13.397492806999935
surrogate,equal_bargaining,confirmatory_core,0.9999937500390624,0.0024160401002506285,18.0,3.6,14.0,1.0,130.0,290,130,401,confirmatory_core__C_LL__equal_bargaining__1027,0,C_LL,1027,130,399,0,0.01999999999999999,25.0,3.3583959899749374,16.0,0.9950124688279302,399.0,12.353634259999808
surrogate,equal_bargaining,confirmatory_core,1.0,0.0031961538461538486,17.0,3.06,13.0,1.0,150.0,298,150,416,confirmatory_core__C_LL__equal_bargaining__1028,0,C_LL,1028,150,416,0,0.0,25.0,2.7403846153846154,13.0,1.0,416.0,12.885871819000158
surrogate,equal_bargaining,confirmatory_core,1.0,0.00266284301797887,17.0,3.252032520325203,12.0,1.0,123.0,284,123,421,confirmatory_core__C_LL__equal_bargaining__1029,0,C_LL,1029,123,421,0,0.0,30.0,2.985748218527316,12.0,1.0,421.0,12.158234493000009
surrogate,equal_bargaining,confirmatory_core,0.9999985018502151,0.00754367536488279,18.0,3.8646616541353382,15.0,1.0,133.0,302,133,409,confirmatory_core__C_LL__equal_bargaining__1030,0,C_LL,1030,133,408,0,0.0,27.0,3.110294117647059,15.0,0.9975550122249389,408.0,12.388902096000038
surrogate,fixed_time,confirmatory_core,1.0,0.13000112460638777,69.0,29.82905982905983,64.0,1.0,117.0,140,117,456,confirmatory_core__C_LL__fixed_time__1001,0,C_LL,1001,117,456,0,0.13,55.0,16.82894736842105,51.0,1.0,456.0,0.7958466060001683
surrogate,fixed_time,confirmatory_core,0.9998635069674252,0.09028162291169453,70.0,25.2,65.0,0.9745762711864406,115.0,140,118,420,confirmatory_core__C_LL__fixed_time__1002,0,C_LL,1002,115,419,0,0.15000000000000002,55.0,16.171837708830548,50.0,0.9976190476190476,419.0,0.776639742000043
surrogate,fixed_time,confirmatory_core,0.9999408319034377,0.13584755794860046,68.0,31.968992248062015,66.0,0.9847328244274809,129.0,140,131,406,confirmatory_core__C_LL__fixed_time__1003,0,C_LL,1003,129,406,0,0.13,55.0,18.38423645320197,53.0,1.0,406.0,0.767332111000087
surrogate,fixed_time,confirmatory_core,1.0,0.10086988224142329,69.0,27.3739837398374,66.0,1.0,123.0,140,123,446,confirmatory_core__C_LL__fixed_time__1004,0,C_LL,1004,123,446,0,0.16000000000000003,55.0,17.286995515695068,50.0,1.0,446.0,0.7934010870001202
surrogate,fixed_time,confirmatory_core,0.9999939080705463,0.09012287752629655,68.0,23.774436090225564,57.0,0.9925373134328358,133.0,140,134,392,confirmatory_core__C_LL__fixed_time__1005,0,C_LL,1005,133,391,0,0.08999999999999997,55.0,14.762148337595908,48.0,0.9974489795918368,391.0,0.7824829099999988
surrogate,fixed_time,confirmatory_core,0.9999543483223009,0.12968328034731477,70.0,30.17687074829932,66.0,0.9865771812080537,147.0,140,149,398,confirmatory_core__C_LL__fixed_time__1006,0,C_LL,1006,147,398,0,0.15000000000000002,55.0,17.20854271356784,51.0,1.0,398.0,0.7859577140000056
surrogate,fixed_time,confirmatory_core,0.9999833405524272,0.08202020402492757,70.0,25.647540983606557,62.0,0.991869918699187,122.0,140,123,413,confirmatory_core__C_LL__fixed_time__1007,0,C_LL,1007,122,413,0,0.12,55.0,17.4455205811138,50.0,1.0,413.0,0.7965831389999494
surrogate,fixed_time,confirmatory_core,0.9999328182734296,0.10505408217349482,70.0,28.289256198347108,66.0,0.983739837398374,121.0,140,123,421,confirmatory_core__C_LL__fixed_time__1008,0,C_LL,1008,121,421,0,0.17000000000000004,55.0,17.783847980997624,49.0,1.0,421.0,0.8385442040000726
surrogate,fixed_time,confirmatory_core,0.9999848599545799,0.13321882851758793,70.0,31.0078125,67.0,0.9922480620155039,128.0,140,129,398,confirmatory_core__C_LL__fixed_time__1009,0,C_LL,1009,128,398,0,0.16000000000000003,55.0,17.685929648241206,51.0,1.0,398.0,0.7406418660000327
surrogate,fixed_time,confirmatory_core,0.9997222993612885,0.1019683772755807,69.0,26.449152542372882,64.0,0.9672131147540983,118.0,140,122,432,confirmatory_core__C_LL__fixed_time__1010,0,C_LL,1010,118,432,0,0.14,55.0,16.252314814814813,50.0,1.0,432.0,0.7400192779998633
surrogate,fixed_time,confirmatory_core,0.999920286966919,0.10970175554527634,70.0,29.234234234234233,65.0,0.9823008849557522,111.0,140,113,409,confirmatory_core__C_LL__fixed_time__1011,0,C_LL,1011,111,409,0,0.15000000000000002,55.0,18.2640586797066,50.0,1.0,409.0,0.7356723380000858
surrogate,fixed_time,confirmatory_core,0.9999889627160549,0.07632665075576767,70.0,25.513333333333332,64.0,0.9933774834437086,150.0,140,151,419,confirmatory_core__C_LL__fixed_time__1012,0,C_LL,1012,150,419,0,0.12,55.0,17.880668257756565,52.0,1.0,419.0,0.7247985559999961
surrogate,fixed_time,confirmatory_core,1.0,0.09443725698126548,70.0,26.768115942028984,62.0,1.0,138.0,140,138,410,confirmatory_core__C_LL__fixed_time__1013,0,C_LL,1013,138,410,0,0.10999999999999999,55.0,17.32439024390244,51.0,1.0,410.0,0.7749175649998961
surrogate,fixed_time,confirmatory_core,1.0,0.1474210547013253,69.0,32.49152542372882,68.0,1.0,118.0,140,118,431,confirmatory_core__C_LL__fixed_time__1014,0,C_LL,1014,118,431,0,0.17000000000000004,55.0,17.749419953596288,51.0,1.0,431.0,0.733953498000119
surrogate,fixed_time,confirmatory_core,0.999980247303757,0.10110051712992887,70.0,28.392857142857142,65.0,0.9911504424778761,112.0,140,113,442,confirmatory_core__C_LL__fixed_time__1015,0,C_LL,1015,112,442,0,0.13,55.0,18.282805429864254,52.0,1.0,442.0,0.7428811209999822
surrogate,fixed_time,confirmatory_core,1.0,0.08813252321449044,70.0,26.37062937062937,65.0,1.0,143.0,140,143,427,confirmatory_core__C_LL__fixed_time__1016,0,C_LL,1016,143,427,0,0.14,55.0,17.557377049180328,51.0,1.0,427.0,0.7369928250000157
surrogate,fixed_time,confirmatory_core,0.999831365935919,0.17658526135389893,70.0,33.833333333333336,65.0,0.9743589743589743,114.0,140,117,389,confirmatory_core__C_LL__fixed_time__1017,0,C_LL,1017,114,389,0,0.16000000000000003,55.0,16.174807197943444,49.0,1.0,389.0,0.7568782700000156
surrogate,fixed_time,confirmatory_core,0.999987335680454,0.09265789473684213,69.0,27.521428571428572,65.0,0.9929078014184397,140.0,140,141,399,confirmatory_core__C_LL__fixed_time__1018,0,C_LL,1018,140,399,0,0.15000000000000002,55.0,18.25563909774436,50.0,1.0,399.0,0.7515825189998395
surrogate,fixed_time,confirmatory_core,0.9999843774410249,0.09930189551548774,70.0,27.095238095238095,67.0,0.9921259842519685,126.0,140,127,412,confirmatory_core__C_LL__fixed_time__1019,0,C_LL,1019,126,412,0,0.19000000000000006,55.0,17.16504854368932,48.0,1.0,412.0,0.7580263160000413
surrogate,fixed_time,confirmatory_core,0.9998284080076263,0.12230598262713588,70.0,29.495575221238937,64.0,0.9741379310344828,113.0,140,116,434,confirmatory_core__C_LL__fixed_time__1020,0,C_LL,1020,113,434,0,0.15000000000000002,55.0,17.264976958525345,49.0,1.0,434.0,0.7774246110000149
surrogate,fixed_time,confirmatory_core,1.0,0.11211627643931685,70.0,30.095238095238095,66.0,1.0,126.0,140,126,421,confirmatory_core__C_LL__fixed_time__1021,0,C_LL,1021,126,421,0,0.15000000000000002,55.0,18.883610451306414,51.0,1.0,421.0,0.7839276489999065
surrogate,fixed_time,confirmatory_core,1.0,0.12912445073900572,70.0,31.021897810218977,68.0,1.0,137.0,140,137,402,confirmatory_core__C_LL__fixed_time__1022,0,C_LL,1022,137,402,0,0.16000000000000003,55.0,18.109452736318406,52.0,1.0,402.0,0.7693442869999672
surrogate,fixed_time,confirmatory_core,0.9999853204544787,0.11305466614603671,70.0,27.338461538461537,69.0,0.9923664122137404,130.0,140,131,394,confirmatory_core__C_LL__fixed_time__1023,0,C_LL,1023,130,394,0,0.19999999999999996,55.0,16.032994923857867,49.0,1.0,394.0,0.7565423229998487
surrogate,fixed_time,confirmatory_core,0.9999305603777515,0.08279888767101043,70.0,26.050420168067227,65.0,0.9834710743801653,119.0,140,121,414,confirmatory_core__C_LL__fixed_time__1024,0,C_LL,1024,119,414,0,0.13,55.0,17.770531400966185,52.0,1.0,414.0,0.7598221359999116
surrogate,fixed_time,confirmatory_core,0.9999491367819059,0.07863888888888892,69.0,24.975,61.0,0.9836065573770492,120.0,140,122,442,confirmatory_core__C_LL__fixed_time__1025,0,C_LL,1025,120,441,0,0.09999999999999998,55.0,17.11111111111111,51.0,0.997737556561086,441.0,0.7912387740000213
surrogate,fixed_time,confirmatory_core,0.9999878596576424,0.09358828671328676,70.0,26.902097902097903,64.0,0.9930555555555556,143.0,140,144,416,confirmatory_core__C_LL__fixed_time__1026,0,C_LL,1026,143,416,0,0.13,55.0,17.54326923076923,51.0,1.0,416.0,0.7513155750000351
surrogate,fixed_time,confirmatory_core,0.9998637560931305,0.11635340781903511,70.0,28.338582677165356,67.0,0.9769230769230769,127.0,140,130,401,confirmatory_core__C_LL__fixed_time__1027,0,C_LL,1027,127,401,0,0.16000000000000003,55.0,16.703241895261847,51.0,1.0,401.0,0.7477439059998687
surrogate,fixed_time,confirmatory_core,0.9999888145679066,0.08133002065049044,70.0,24.892617449664428,64.0,0.9933333333333333,149.0,140,150,416,confirmatory_core__C_LL__fixed_time__1028,0,C_LL,1028,149,416,0,0.12,55.0,16.759615384615383,52.0,1.0,416.0,0.7915252059999602
surrogate,fixed_time,confirmatory_core,0.9999985861367885,0.13652497096399538,70.0,30.471544715447155,68.0,1.0,123.0,140,123,421,confirmatory_core__C_LL__fixed_time__1029,0,C_LL,1029,123,420,0,0.18000000000000005,55.0,16.81904761904762,50.0,0.997624703087886,420.0,0.759591250000085
surrogate,fixed_time,confirmatory_core,0.9999857602597328,0.09327128250722383,70.0,27.522727272727273,65.0,0.9924812030075187,132.0,140,133,409,confirmatory_core__C_LL__fixed_time__1030,0,C_LL,1030,132,409,0,0.14,55.0,18.195599022004888,51.0,1.0,409.0,0.8043434440000965
surrogate,efficiency,confirmatory_core,0.9999500325509733,0.03555448028118856,48.0,7.763358778625954,24.0,0.9849624060150376,131.0,386,133,987,confirmatory_core__C_LM__efficiency__1001,0,C_LM,1001,131,986,0,0.06999999999999998,37.0,4.207910750507099,17.0,0.9989868287740629,986.0,1.1245533890000843
surrogate,efficiency,confirmatory_core,0.9999838714880165,0.03179969671905156,40.0,7.241935483870968,23.0,0.992,124.0,377,125,936,confirmatory_core__C_LM__efficiency__1002,0,C_LM,1002,124,936,0,0.08000000000000002,31.0,4.061965811965812,15.0,1.0,936.0,1.1652239039999586
surrogate,efficiency,confirmatory_core,1.0,0.026696135265700485,36.0,6.417391304347826,20.0,1.0,115.0,379,115,900,confirmatory_core__C_LM__efficiency__1003,0,C_LM,1003,115,900,0,0.06,43.0,3.747777777777778,14.0,1.0,900.0,1.0535092309999072
surrogate,efficiency,confirmatory_core,0.9999997118794965,0.024024314031832833,27.0,6.209090909090909,23.0,1.0,110.0,374,110,932,confirmatory_core__C_LM__efficiency__1004,0,C_LM,1004,110,931,0,0.08000000000000002,29.0,3.8066595059076263,15.0,0.9989270386266095,931.0,1.2194887550001567
surrogate,efficiency,confirmatory_core,0.9999880271066306,0.039551235901127905,47.0,8.055555555555555,28.0,0.993103448275862,144.0,382,145,926,confirmatory_core__C_LM__efficiency__1005,0,C_LM,1005,144,926,0,0.12000000000000002,38.0,4.100431965442764,16.0,1.0,926.0,1.0256610330000058
surrogate,efficiency,confirmatory_core,0.9999996937447362,0.02292078156525433,30.0,6.842465753424658,20.0,1.0,146.0,390,146,904,confirmatory_core__C_LM__efficiency__1006,0,C_LM,1006,146,903,0,0.03,36.0,4.550387596899225,17.0,0.9988938053097345,903.0,1.054194409000047
surrogate,efficiency,confirmatory_core,1.0,0.025189608812559626,41.0,7.140740740740741,19.0,1.0,135.0,379,135,854,confirmatory_core__C_LM__efficiency__1007,0,C_LM,1007,135,854,0,0.01999999999999999,39.0,4.621779859484778,17.0,1.0,854.0,1.116609656000037
surrogate,efficiency,confirmatory_core,1.0,0.021779372449697486,29.0,6.278260869565218,17.0,1.0,115.0,388,115,927,confirmatory_core__C_LM__efficiency__1008,0,C_LM,1008,115,927,0,0.010000000000000009,36.0,4.100323624595469,16.0,1.0,927.0,1.0723555449999367
surrogate,efficiency,confirmatory_core,1.0,0.03527349639805663,42.0,7.543307086614173,25.0,1.0,127.0,380,127,940,confirmatory_core__C_LM__efficiency__1009,0,C_LM,1009,127,940,0,0.09,30.0,4.01595744680851,16.0,1.0,940.0,1.0733109850000346
surrogate,efficiency,confirmatory_core,0.9999997167653928,0.03488102096754483,49.0,7.180327868852459,22.0,1.0,122.0,377,122,940,confirmatory_core__C_LM__efficiency__1010,0,C_LM,1010,122,939,0,0.07999999999999999,48.0,3.6922257720979768,14.0,0.9989361702127659,939.0,1.050710018000018
surrogate,efficiency,confirmatory_core,1.0,0.016847603585797975,45.0,5.758064516129032,19.0,1.0,124.0,382,124,914,confirmatory_core__C_LM__efficiency__1011,0,C_LM,1011,124,914,0,0.04000000000000001,37.0,4.073304157549234,15.0,1.0,914.0,1.0676427910000257
surrogate,efficiency,confirmatory_core,1.0,0.028079565542252112,41.0,6.931623931623932,20.0,1.0,117.0,380,117,938,confirmatory_core__C_LM__efficiency__1012,0,C_LM,1012,117,938,0,0.04000000000000001,39.0,4.1236673773987205,16.0,1.0,938.0,1.0853673340000114
surrogate,efficiency,confirmatory_core,0.9999900517619797,0.01957916168873782,24.0,6.104477611940299,18.0,0.9925925925925926,134.0,378,135,888,confirmatory_core__C_LM__efficiency__1013,0,C_LM,1013,134,887,0,0.009999999999999981,38.0,4.146561443066516,17.0,0.9988738738738738,887.0,1.0685085370000706
surrogate,efficiency,confirmatory_core,1.0,0.03246719946719946,40.0,7.569230769230769,24.0,1.0,130.0,373,130,924,confirmatory_core__C_LM__efficiency__1014,0,C_LM,1014,130,924,0,0.07999999999999999,40.0,4.322510822510822,16.0,1.0,924.0,1.0843543419998696
surrogate,efficiency,confirmatory_core,1.0,0.02686245878473857,23.0,6.590909090909091,19.0,1.0,110.0,379,110,965,confirmatory_core__C_LM__efficiency__1015,0,C_LM,1015,110,965,0,0.04000000000000001,29.0,3.904663212435233,15.0,1.0,965.0,1.110057267000002
surrogate,efficiency,confirmatory_core,1.0,0.023402850418410046,36.0,6.421875,18.0,1.0,128.0,393,128,956,confirmatory_core__C_LM__efficiency__1016,0,C_LM,1016,128,956,0,0.01999999999999999,32.0,4.081589958158996,16.0,1.0,956.0,1.128297337000049
surrogate,efficiency,confirmatory_core,1.0,0.04307446786674604,32.0,8.097087378640778,25.0,1.0,103.0,378,103,946,confirmatory_core__C_LM__efficiency__1017,0,C_LM,1017,103,946,0,0.1,27.0,3.7896405919661733,15.0,1.0,946.0,1.1471310819999871
surrogate,efficiency,confirmatory_core,1.0,0.022857092186003618,45.0,6.603305785123967,19.0,1.0,121.0,387,121,932,confirmatory_core__C_LM__efficiency__1018,0,C_LM,1018,121,932,0,0.03,28.0,4.317596566523605,16.0,1.0,932.0,1.0873874510000405
surrogate,efficiency,confirmatory_core,0.9999954922873036,0.03037066510303233,39.0,7.21259842519685,21.0,1.0,127.0,383,127,944,confirmatory_core__C_LM__efficiency__1019,0,C_LM,1019,127,940,0,0.04999999999999999,40.0,4.175531914893617,16.0,0.9957627118644068,940.0,1.1194081809999261
surrogate,efficiency,confirmatory_core,0.999997509553629,0.03212471647229019,31.0,7.127118644067797,22.0,1.0,118.0,387,118,952,confirmatory_core__C_LM__efficiency__1020,0,C_LM,1020,118,949,0,0.06,51.0,3.9146469968387776,16.0,0.9968487394957983,949.0,1.0795137329998852
surrogate,efficiency,confirmatory_core,0.9999973731907852,0.01819200407435702,41.0,5.966386554621849,17.0,1.0,119.0,382,119,927,confirmatory_core__C_LM__efficiency__1021,0,C_LM,1021,119,924,0,0.010000000000000009,40.0,4.147186147186147,16.0,0.9967637540453075,924.0,1.1725396159999946
surrogate,efficiency,confirmatory_core,1.0,0.011923879680785766,27.0,5.4222222222222225,18.0,1.0,135.0,380,135,905,confirmatory_core__C_LM__efficiency__1022,0,C_LM,1022,135,905,0,0.01999999999999999,29.0,4.229834254143646,16.0,1.0,905.0,1.1247496280000178
surrogate,efficiency,confirmatory_core,1.0,0.027989221193259452,45.0,6.928571428571429,27.0,1.0,126.0,380,126,941,confirmatory_core__C_LM__efficiency__1023,0,C_LM,1023,126,941,0,0.11000000000000001,38.0,4.129649309245483,16.0,1.0,941.0,1.1436477750000904
surrogate,efficiency,confirmatory_core,1.0,0.02492451473759886,31.0,6.6752136752136755,20.0,1.0,117.0,386,117,963,confirmatory_core__C_LM__efficiency__1024,0,C_LM,1024,117,963,0,0.05000000000000002,28.0,4.18276220145379,15.0,1.0,963.0,1.0554432149999684
surrogate,efficiency,confirmatory_core,1.0,0.020842616876398545,27.0,6.294964028776978,19.0,1.0,139.0,381,139,897,confirmatory_core__C_LM__efficiency__1025,0,C_LM,1025,139,897,0,0.03,49.0,4.210702341137123,16.0,1.0,897.0,1.095572236999942
surrogate,efficiency,confirmatory_core,0.9999973845070987,0.025946143663345647,45.0,7.096774193548387,25.0,1.0,124.0,388,124,929,confirmatory_core__C_LM__efficiency__1026,0,C_LM,1026,124,926,0,0.07999999999999999,30.0,4.502159827213823,17.0,0.9967707212055974,926.0,1.10669621299985
surrogate,efficiency,confirmatory_core,1.0,0.03203648662498719,34.0,7.090909090909091,25.0,1.0,121.0,374,121,887,confirmatory_core__C_LM__efficiency__1027,0,C_LM,1027,121,887,0,0.09,40.0,3.887260428410372,16.0,1.0,887.0,1.0920509089999086
surrogate,efficiency,confirmatory_core,0.9999997215280534,0.023171867359304897,31.0,6.912751677852349,20.0,1.0,149.0,388,149,948,confirmatory_core__C_LM__efficiency__1028,0,C_LM,1028,149,947,0,0.03,37.0,4.595564941921858,17.0,0.9989451476793249,947.0,1.1414352670001335
surrogate,efficiency,confirmatory_core,0.9999987763348046,0.024410669596532993,32.0,6.448818897637795,19.0,1.0,127.0,384,127,905,confirmatory_core__C_LM__efficiency__1029,0,C_LM,1029,127,903,0,0.01999999999999999,33.0,4.007751937984496,17.0,0.9977900552486187,903.0,1.05042506399991
surrogate,efficiency,confirmatory_core,0.9999899019650708,0.02610699704847918,40.0,6.6440677966101696,24.0,0.9915966386554622,118.0,378,119,961,confirmatory_core__C_LM__efficiency__1030,0,C_LM,1030,118,959,0,0.09,33.0,4.033368091762252,15.0,0.9979188345473465,959.0,1.057149415999902
surrogate,efpb,confirmatory_core,0.9999500325509733,0.04452084913986653,50.0,8.358778625954198,23.0,0.9849624060150376,131.0,383,133,987,confirmatory_core__C_LM__efpb__1001,0,C_LM,1001,131,986,0,0.07,30.0,3.9066937119675456,16.0,0.9989868287740629,986.0,23.908203254
surrogate,efpb,confirmatory_core,0.9999838714880165,0.04161807278742763,40.0,8.241935483870968,24.0,0.992,124.0,378,125,936,confirmatory_core__C_LM__efpb__1002,0,C_LM,1002,124,936,0,0.09,29.0,4.080128205128205,15.0,1.0,936.0,25.242758405999894
surrogate,efpb,confirmatory_core,1.0,0.03708019323671498,36.0,7.339130434782609,21.0,1.0,115.0,378,115,900,confirmatory_core__C_LM__efpb__1003,0,C_LM,1003,115,900,0,0.06999999999999998,30.0,3.631111111111111,14.0,1.0,900.0,23.89033885699996
surrogate,efpb,confirmatory_core,0.9999997118794965,0.03924040621033102,30.0,7.554545454545455,24.0,1.0,110.0,376,110,932,confirmatory_core__C_LM__efpb__1004,0,C_LM,1004,110,931,0,0.09999999999999998,27.0,3.630504833512352,14.0,0.9989270386266095,931.0,23.44945260899999
surrogate,efpb,confirmatory_core,0.999999708131628,0.05016924510717614,47.0,8.848275862068965,22.0,1.0,145.0,379,145,926,confirmatory_core__C_LM__efpb__1005,0,C_LM,1005,145,925,0,0.07999999999999999,28.0,3.8313513513513513,14.0,0.9989200863930886,925.0,26.51376869700016
surrogate,efpb,confirmatory_core,0.9999996937447362,0.035293542074363984,30.0,7.815068493150685,20.0,1.0,146.0,390,146,904,confirmatory_core__C_LM__efpb__1006,0,C_LM,1006,146,903,0,0.04000000000000001,25.0,4.285714285714286,16.0,0.9988938053097345,903.0,24.39778741100008
surrogate,efpb,confirmatory_core,1.0,0.039015612802498045,38.0,8.066666666666666,23.0,1.0,135.0,377,135,854,confirmatory_core__C_LM__efpb__1007,0,C_LM,1007,135,854,0,0.08000000000000002,40.0,4.165105386416862,15.0,1.0,854.0,23.832962852000037
surrogate,efpb,confirmatory_core,1.0,0.038009099010365366,29.0,7.6347826086956525,19.0,1.0,115.0,387,115,927,confirmatory_core__C_LM__efpb__1008,0,C_LM,1008,115,927,0,0.04999999999999999,30.0,3.8338727076591153,14.0,1.0,927.0,22.849507653000046
surrogate,efpb,confirmatory_core,1.0,0.05146381303400904,42.0,8.992125984251969,26.0,1.0,127.0,380,127,940,confirmatory_core__C_LM__efpb__1009,0,C_LM,1009,127,940,0,0.11000000000000001,27.0,3.845744680851064,15.0,1.0,940.0,24.78675457600002
surrogate,efpb,confirmatory_core,0.9999997167653928,0.04670498786640828,48.0,8.254098360655737,27.0,1.0,122.0,382,122,940,confirmatory_core__C_LM__efpb__1010,0,C_LM,1010,122,939,0,0.14,29.0,3.5835995740149094,13.0,0.9989361702127659,939.0,23.813408192999987
surrogate,efpb,confirmatory_core,1.0,0.02273470035999152,45.0,6.346774193548387,19.0,1.0,124.0,383,124,914,confirmatory_core__C_LM__efpb__1011,0,C_LM,1011,124,914,0,0.04000000000000001,30.0,4.073304157549234,15.0,1.0,914.0,22.406083958999943
surrogate,efpb,confirmatory_core,1.0,0.049685911103821555,49.0,8.76923076923077,29.0,1.0,117.0,381,117,938,confirmatory_core__C_LM__efpb__1012,0,C_LM,1012,117,938,0,0.13999999999999999,30.0,3.800639658848614,15.0,1.0,938.0,24.426810973999864
surrogate,efpb,confirmatory_core,0.9999900517619797,0.03194181291961837,27.0,7.014925373134329,18.0,0.9925925925925926,134.0,373,135,888,confirmatory_core__C_LM__efpb__1013,0,C_LM,1013,134,887,0,0.01999999999999999,30.0,3.8207440811724918,16.0,0.9988738738738738,887.0,22.68819984799984
surrogate,efpb,confirmatory_core,1.0,0.03835064935064936,39.0,7.9,22.0,1.0,130.0,370,130,924,confirmatory_core__C_LM__efpb__1014,0,C_LM,1014,130,924,0,0.07,32.0,4.064935064935065,15.0,1.0,924.0,24.42700497099986
surrogate,efpb,confirmatory_core,1.0,0.04677013659915215,47.0,8.427272727272728,25.0,1.0,110.0,384,110,965,confirmatory_core__C_LM__efpb__1015,0,C_LM,1015,110,965,0,0.1,28.0,3.750259067357513,15.0,1.0,965.0,23.787908145999836
surrogate,efpb,confirmatory_core,1.0,0.03629576359832636,47.0,7.78125,24.0,1.0,128.0,394,128,956,confirmatory_core__C_LM__efpb__1016,0,C_LM,1016,128,956,0,0.09,27.0,4.151673640167364,15.0,1.0,956.0,24.094306397999844
surrogate,efpb,confirmatory_core,1.0,0.05484092448531373,42.0,9.155339805825243,23.0,1.0,103.0,380,103,946,confirmatory_core__C_LM__efpb__1017,0,C_LM,1017,103,946,0,0.09,30.0,3.671247357293869,14.0,1.0,946.0,23.67198843899996
surrogate,efpb,confirmatory_core,1.0,0.04295401340758343,45.0,8.380165289256198,24.0,1.0,121.0,387,121,932,confirmatory_core__C_LM__efpb__1018,0,C_LM,1018,121,932,0,0.09,30.0,4.084763948497854,15.0,1.0,932.0,23.301419174000102
surrogate,efpb,confirmatory_core,0.9999954922873036,0.043343608644664085,39.0,8.496062992125983,25.0,1.0,127.0,383,127,944,confirmatory_core__C_LM__efpb__1019,0,C_LM,1019,127,940,0,0.09,40.0,4.1617021276595745,16.0,0.9957627118644068,940.0,24.0383431260002
surrogate,efpb,confirmatory_core,0.999997509553629,0.04723482345376936,31.0,8.516949152542374,23.0,1.0,118.0,387,118,952,confirmatory_core__C_LM__efpb__1020,0,C_LM,1020,118,949,0,0.08000000000000002,30.0,3.793466807165437,15.0,0.9968487394957983,949.0,24.846072667000044
surrogate,efpb,confirmatory_core,0.9999973731907852,0.030749936338171628,41.0,7.168067226890757,20.0,1.0,119.0,383,119,927,confirmatory_core__C_LM__efpb__1021,0,C_LM,1021,119,924,0,0.05000000000000002,32.0,4.093073593073593,15.0,0.9967637540453075,924.0,23.908582228000114
surrogate,efpb,confirmatory_core,1.0,0.02775199508901166,33.0,6.711111111111111,21.0,1.0,135.0,381,135,905,confirmatory_core__C_LM__efpb__1022,0,C_LM,1022,135,905,0,0.06,29.0,3.935911602209945,15.0,1.0,905.0,23.355898367000236
surrogate,efpb,confirmatory_core,1.0,0.04293060405175176,48.0,8.182539682539682,28.0,1.0,126.0,382,126,941,confirmatory_core__C_LM__efpb__1023,0,C_LM,1023,126,941,0,0.14,37.0,3.8894792773645057,14.0,1.0,941.0,25.5994365250001
surrogate,efpb,confirmatory_core,1.0,0.04221663072130361,34.0,8.128205128205128,23.0,1.0,117.0,382,117,963,confirmatory_core__C_LM__efpb__1024,0,C_LM,1024,117,963,0,0.09,28.0,3.9065420560747666,14.0,1.0,963.0,25.675565029999916
surrogate,efpb,confirmatory_core,1.0,0.04018863838694931,40.0,7.9352517985611515,24.0,1.0,139.0,381,139,897,confirmatory_core__C_LM__efpb__1025,0,C_LM,1025,139,897,0,0.09,29.0,3.9163879598662206,15.0,1.0,897.0,27.111601393
surrogate,efpb,confirmatory_core,0.9999973845070987,0.05109001602452449,45.0,9.516129032258064,29.0,1.0,124.0,389,124,929,confirmatory_core__C_LM__efpb__1026,0,C_LM,1026,124,926,0,0.12999999999999998,41.0,4.407127429805615,16.0,0.9967707212055974,926.0,24.16433593900001
surrogate,efpb,confirmatory_core,1.0,0.05246853075181455,39.0,9.12396694214876,29.0,1.0,121.0,374,121,887,confirmatory_core__C_LM__efpb__1027,0,C_LM,1027,121,887,0,0.14999999999999997,38.0,3.8771138669673055,14.0,1.0,887.0,23.874419393000153
surrogate,efpb,confirmatory_core,0.9999997215280534,0.044294876792130566,31.0,8.61744966442953,22.0,1.0,149.0,386,149,948,confirmatory_core__C_LM__efpb__1028,0,C_LM,1028,149,947,0,0.06,30.0,4.187961985216473,16.0,0.9989451476793249,947.0,27.503242090000185
surrogate,efpb,confirmatory_core,0.9999987763348046,0.04684559778864852,35.0,8.582677165354331,27.0,1.0,127.0,388,127,905,confirmatory_core__C_LM__efpb__1029,0,C_LM,1029,127,903,0,0.11000000000000001,47.0,3.8981173864894796,16.0,0.9977900552486187,903.0,24.14721759599979
surrogate,efpb,confirmatory_core,0.999982196902261,0.052482936206987775,39.0,9.271186440677965,27.0,0.9915966386554622,118.0,379,119,961,confirmatory_core__C_LM__efpb__1030,0,C_LM,1030,118,961,0,0.11000000000000001,30.0,4.022892819979188,16.0,1.0,961.0,24.39778599300007
surrogate,equal_bargaining,confirmatory_core,0.9999500325509733,0.03339369493519966,24.0,7.748091603053435,17.0,0.9849624060150376,131.0,385,133,987,confirmatory_core__C_LM__equal_bargaining__1001,0,C_LM,1001,131,986,0,0.0,30.0,4.4087221095334685,17.0,0.9989868287740629,986.0,20.584581755000045
surrogate,equal_bargaining,confirmatory_core,0.9999954147370351,0.022521373390557944,19.0,6.456,17.0,1.0,125.0,374,125,936,confirmatory_core__C_LM__equal_bargaining__1002,0,C_LM,1002,125,932,0,0.010000000000000009,31.0,4.203862660944206,16.0,0.9957264957264957,932.0,19.895573470000045
surrogate,equal_bargaining,confirmatory_core,1.0,0.026991787439613522,28.0,6.48695652173913,16.0,1.0,115.0,376,115,900,confirmatory_core__C_LM__equal_bargaining__1003,0,C_LM,1003,115,900,0,0.010000000000000009,30.0,3.787777777777778,15.0,1.0,900.0,18.829688871999906
surrogate,equal_bargaining,confirmatory_core,0.9999997118794965,0.023120788985450634,29.0,6.363636363636363,17.0,1.0,110.0,378,110,932,confirmatory_core__C_LM__equal_bargaining__1004,0,C_LM,1004,110,931,0,0.010000000000000009,27.0,4.0515574650912995,16.0,0.9989270386266095,931.0,19.1331949490002
surrogate,equal_bargaining,confirmatory_core,0.999999708131628,0.025249207828518166,19.0,6.882758620689655,17.0,1.0,145.0,377,145,926,confirmatory_core__C_LM__equal_bargaining__1005,0,C_LM,1005,145,925,0,0.010000000000000009,28.0,4.357837837837838,16.0,0.9989200863930886,925.0,21.80555295499994
surrogate,equal_bargaining,confirmatory_core,0.9999996937447362,0.02595951091491073,27.0,7.116438356164384,18.0,1.0,146.0,388,146,904,confirmatory_core__C_LM__equal_bargaining__1006,0,C_LM,1006,146,903,0,0.01999999999999999,30.0,4.520487264673311,16.0,0.9988938053097345,903.0,19.521049487000028
surrogate,equal_bargaining,confirmatory_core,1.0,0.02667265157429092,22.0,7.155555555555556,17.0,1.0,135.0,375,135,854,confirmatory_core__C_LM__equal_bargaining__1007,0,C_LM,1007,135,854,0,0.010000000000000009,28.0,4.4882903981264635,16.0,1.0,854.0,19.61649540999997
surrogate,equal_bargaining,confirmatory_core,1.0,0.028536747807326117,18.0,6.765217391304348,16.0,1.0,115.0,383,115,927,confirmatory_core__C_LM__equal_bargaining__1008,0,C_LM,1008,115,927,0,0.010000000000000009,29.0,3.9115426105717366,15.0,1.0,927.0,18.740002617000073
surrogate,equal_bargaining,confirmatory_core,1.0,0.02450787401574802,25.0,6.700787401574803,18.0,1.0,127.0,376,127,940,confirmatory_core__C_LM__equal_bargaining__1009,0,C_LM,1009,127,940,0,0.01999999999999999,30.0,4.25,16.0,1.0,940.0,19.375986240999964
surrogate,equal_bargaining,confirmatory_core,0.9999997167653928,0.0237491925487526,23.0,6.377049180327869,17.0,1.0,122.0,379,122,940,confirmatory_core__C_LM__equal_bargaining__1010,0,C_LM,1010,122,939,0,0.020000000000000018,29.0,4.002129925452609,15.0,0.9989361702127659,939.0,18.97605472400005
surrogate,equal_bargaining,confirmatory_core,1.0,0.014291840191995482,20.0,5.701612903225806,18.0,1.0,124.0,385,124,914,confirmatory_core__C_LM__equal_bargaining__1011,0,C_LM,1011,124,914,0,0.01999999999999999,30.0,4.272428884026258,16.0,1.0,914.0,18.97733488599988
surrogate,equal_bargaining,confirmatory_core,1.0,0.026700471998979458,29.0,6.752136752136752,19.0,1.0,117.0,380,117,938,confirmatory_core__C_LM__equal_bargaining__1012,0,C_LM,1012,117,938,0,0.03,30.0,4.082089552238806,16.0,1.0,938.0,19.40434422499993
surrogate,equal_bargaining,confirmatory_core,0.9999900517619797,0.02684791936596611,21.0,6.619402985074627,18.0,0.9925925925925926,134.0,372,135,888,confirmatory_core__C_LM__equal_bargaining__1013,0,C_LM,1013,134,887,0,0.01999999999999999,30.0,3.9346110484780157,16.0,0.9988738738738738,887.0,19.865049316000068
surrogate,equal_bargaining,confirmatory_core,1.0,0.026625041625041625,29.0,7.153846153846154,18.0,1.0,130.0,370,130,924,confirmatory_core__C_LM__equal_bargaining__1014,0,C_LM,1014,130,924,0,0.009999999999999981,29.0,4.491341991341991,17.0,1.0,924.0,19.28588486500007
surrogate,equal_bargaining,confirmatory_core,1.0,0.035491756947715496,21.0,7.681818181818182,17.0,1.0,110.0,385,110,965,confirmatory_core__C_LM__equal_bargaining__1015,0,C_LM,1015,110,965,0,0.010000000000000009,29.0,4.132642487046632,16.0,1.0,965.0,19.599754179
surrogate,equal_bargaining,confirmatory_core,1.0,0.027314657426778237,47.0,7.3046875,17.0,1.0,128.0,393,128,956,confirmatory_core__C_LM__equal_bargaining__1016,0,C_LM,1016,128,956,0,0.010000000000000009,27.0,4.573221757322176,16.0,1.0,956.0,20.746788906999882
surrogate,equal_bargaining,confirmatory_core,1.0,0.0337213407500154,28.0,7.475728155339806,18.0,1.0,103.0,382,103,946,confirmatory_core__C_LM__equal_bargaining__1017,0,C_LM,1017,103,946,0,0.01999999999999999,30.0,4.103594080338266,16.0,1.0,946.0,18.989354104999848
surrogate,equal_bargaining,confirmatory_core,1.0,0.023956655907494767,25.0,6.867768595041323,17.0,1.0,121.0,387,121,932,confirmatory_core__C_LM__equal_bargaining__1018,0,C_LM,1018,121,932,0,0.0,30.0,4.472103004291846,17.0,1.0,932.0,20.20854873899998
surrogate,equal_bargaining,confirmatory_core,0.9999954922873036,0.019888339755402912,19.0,6.519685039370079,16.0,1.0,127.0,380,127,944,confirmatory_core__C_LM__equal_bargaining__1019,0,C_LM,1019,127,940,0,0.010000000000000009,27.0,4.530851063829787,17.0,0.9957627118644068,940.0,19.940881725000054
surrogate,equal_bargaining,confirmatory_core,0.999997509553629,0.027085870943544497,22.0,6.889830508474576,17.0,1.0,118.0,385,118,952,confirmatory_core__C_LM__equal_bargaining__1020,0,C_LM,1020,118,949,0,0.010000000000000009,30.0,4.181243414120126,16.0,0.9968487394957983,949.0,19.11890048500004
surrogate,equal_bargaining,confirmatory_core,0.9999973731907852,0.019069264069264076,17.0,6.142857142857143,16.0,1.0,119.0,382,119,927,confirmatory_core__C_LM__equal_bargaining__1021,0,C_LM,1021,119,924,0,0.0,29.0,4.235930735930736,16.0,0.9967637540453075,924.0,19.795029569999997
surrogate,equal_bargaining,confirmatory_core,1.0,0.022340085942295876,20.0,6.555555555555555,17.0,1.0,135.0,377,135,905,confirmatory_core__C_LM__equal_bargaining__1022,0,C_LM,1022,135,905,0,0.0,30.0,4.321546961325967,17.0,1.0,905.0,20.192930297999965
surrogate,equal_bargaining,confirmatory_core,1.0,0.029242615926994238,28.0,7.317460317460317,19.0,1.0,126.0,375,126,941,confirmatory_core__C_LM__equal_bargaining__1023,0,C_LM,1023,126,941,0,0.01999999999999999,30.0,4.393198724760893,17.0,1.0,941.0,19.48535740000011
surrogate,equal_bargaining,confirmatory_core,1.0,0.024379742790957747,29.0,6.769230769230769,17.0,1.0,117.0,382,117,963,confirmatory_core__C_LM__equal_bargaining__1024,0,C_LM,1024,117,963,0,0.0,28.0,4.331256490134995,17.0,1.0,963.0,20.15110693099996
surrogate,equal_bargaining,confirmatory_core,1.0,0.017408066857550752,24.0,6.23021582733813,16.0,1.0,139.0,378,139,897,confirmatory_core__C_LM__equal_bargaining__1025,0,C_LM,1025,139,897,0,0.010000000000000009,29.0,4.489409141583055,17.0,1.0,897.0,20.3735352650001
surrogate,equal_bargaining,confirmatory_core,0.9999973845070987,0.02807636034278547,31.0,7.532258064516129,17.0,1.0,124.0,384,124,929,confirmatory_core__C_LM__equal_bargaining__1026,0,C_LM,1026,124,926,0,0.0,30.0,4.724622030237581,17.0,0.9967707212055974,926.0,19.793684284000165
surrogate,equal_bargaining,confirmatory_core,1.0,0.026688531310853747,39.0,7.181818181818182,18.0,1.0,121.0,372,121,887,confirmatory_core__C_LM__equal_bargaining__1027,0,C_LM,1027,121,887,0,0.01999999999999999,29.0,4.512965050732808,16.0,1.0,887.0,17.97667554099985
surrogate,equal_bargaining,confirmatory_core,0.9999732508617116,0.02893272864701437,20.0,7.319727891156463,18.0,0.9865771812080537,147.0,385,149,948,confirmatory_core__C_LM__equal_bargaining__1028,0,C_LM,1028,147,945,0,0.009999999999999981,30.0,4.426455026455026,17.0,0.9968354430379747,945.0,21.09427881700003
surrogate,equal_bargaining,confirmatory_core,0.9999987763348046,0.02888604040773974,22.0,7.31496062992126,17.0,1.0,127.0,386,127,905,confirmatory_core__C_LM__equal_bargaining__1029,0,C_LM,1029,127,903,0,0.0,27.0,4.426356589147287,17.0,0.9977900552486187,903.0,19.46651655200003
surrogate,equal_bargaining,confirmatory_core,0.9999899019650708,0.024994079284565485,22.0,6.728813559322034,16.0,0.9915966386554622,118.0,379,119,961,confirmatory_core__C_LM__equal_bargaining__1030,0,C_LM,1030,118,959,0,0.010000000000000009,29.0,4.229405630865485,17.0,0.9979188345473465,959.0,19.214066359999833
surrogate,fixed_time,confirmatory_core,0.9999692496394645,0.08985043448548996,70.0,27.595419847328245,64.0,0.9849624060150376,131.0,140,133,987,confirmatory_core__C_LM__fixed_time__1001,0,C_LM,1001,131,983,0,0.12,55.0,18.61037639877925,52.0,0.9959473150962512,983.0,1.098965827000029
surrogate,fixed_time,confirmatory_core,0.9999878786209965,0.1153740727962739,70.0,28.39516129032258,65.0,0.992,124.0,140,125,936,confirmatory_core__C_LM__fixed_time__1002,0,C_LM,1002,124,935,0,0.14,55.0,16.85775401069519,51.0,0.9989316239316239,935.0,1.10654872300006
surrogate,fixed_time,confirmatory_core,0.9999996910148986,0.11819180732214538,70.0,30.121739130434783,64.0,1.0,115.0,140,115,900,confirmatory_core__C_LM__fixed_time__1003,0,C_LM,1003,115,899,0,0.14,55.0,18.302558398220246,50.0,0.9988888888888889,899.0,1.0903711889998249
surrogate,fixed_time,confirmatory_core,0.9999791501605437,0.12852659762964128,70.0,30.577981651376145,67.0,0.990909090909091,109.0,140,110,932,confirmatory_core__C_LM__fixed_time__1004,0,C_LM,1004,109,932,0,0.16000000000000003,55.0,17.72532188841202,51.0,1.0,932.0,1.0846664779999173
surrogate,fixed_time,confirmatory_core,0.9998192413384004,0.08762422848380294,70.0,27.02836879432624,65.0,0.9724137931034482,141.0,140,145,926,confirmatory_core__C_LM__fixed_time__1005,0,C_LM,1005,141,925,0,0.14,55.0,18.265945945945948,51.0,0.9989200863930886,925.0,1.0957145899999432
surrogate,fixed_time,confirmatory_core,0.9999881911149949,0.1363921269453769,70.0,31.28965517241379,66.0,0.9931506849315068,145.0,140,146,904,confirmatory_core__C_LM__fixed_time__1006,0,C_LM,1006,145,904,0,0.14,55.0,17.650442477876105,52.0,1.0,904.0,1.1128537510001024
surrogate,fixed_time,confirmatory_core,1.0,0.10924529447480269,70.0,28.785185185185185,66.0,1.0,135.0,140,135,854,confirmatory_core__C_LM__fixed_time__1007,0,C_LM,1007,135,854,0,0.16000000000000003,55.0,17.860655737704917,50.0,1.0,854.0,1.1516804489999686
surrogate,fixed_time,confirmatory_core,0.9999997087613329,0.11341008545403328,70.0,29.295652173913044,68.0,1.0,115.0,140,115,927,confirmatory_core__C_LM__fixed_time__1008,0,C_LM,1008,115,926,0,0.16000000000000003,55.0,17.954643628509718,52.0,0.9989212513484358,926.0,1.13686739700006
surrogate,fixed_time,confirmatory_core,0.9999843774410249,0.11061398176291792,70.0,28.857142857142858,64.0,0.9921259842519685,126.0,140,127,940,confirmatory_core__C_LM__fixed_time__1009,0,C_LM,1009,126,940,0,0.14,55.0,17.795744680851065,50.0,1.0,940.0,1.216202007999982
surrogate,fixed_time,confirmatory_core,0.9999871620163547,0.10675221573856486,68.0,28.826446280991735,65.0,0.9918032786885246,121.0,140,122,940,confirmatory_core__C_LM__fixed_time__1010,0,C_LM,1010,121,939,0,0.14,55.0,18.15122470713525,51.0,0.9989361702127659,939.0,1.1883639469999707
surrogate,fixed_time,confirmatory_core,1.0,0.10043904849297663,70.0,27.241935483870968,61.0,1.0,124.0,140,124,914,confirmatory_core__C_LM__fixed_time__1011,0,C_LM,1011,124,914,0,0.09999999999999998,55.0,17.198030634573303,51.0,1.0,914.0,1.1012106640000638
surrogate,fixed_time,confirmatory_core,1.0,0.09292584695569767,69.0,27.22222222222222,65.0,1.0,117.0,140,117,938,confirmatory_core__C_LM__fixed_time__1012,0,C_LM,1012,117,938,0,0.14,55.0,17.929637526652453,51.0,1.0,938.0,1.0948499319999883
surrogate,fixed_time,confirmatory_core,0.999944311410592,0.08798177877125243,70.0,27.586466165413533,64.0,0.9851851851851852,133.0,140,135,888,confirmatory_core__C_LM__fixed_time__1013,0,C_LM,1013,133,888,0,0.12,55.0,18.78828828828829,52.0,1.0,888.0,1.0838094880000426
surrogate,fixed_time,confirmatory_core,1.0,0.09324708624708625,70.0,27.93076923076923,67.0,1.0,130.0,140,130,924,confirmatory_core__C_LM__fixed_time__1014,0,C_LM,1014,130,924,0,0.15000000000000002,55.0,18.606060606060606,52.0,1.0,924.0,1.1130886400001145
surrogate,fixed_time,confirmatory_core,1.0,0.14377673104097977,69.0,32.38181818181818,67.0,1.0,110.0,140,110,965,confirmatory_core__C_LM__fixed_time__1015,0,C_LM,1015,110,965,0,0.16000000000000003,55.0,18.004145077720207,51.0,1.0,965.0,1.1418305910001436
surrogate,fixed_time,confirmatory_core,1.0,0.09413212604602511,70.0,27.1171875,63.0,1.0,128.0,140,128,956,confirmatory_core__C_LM__fixed_time__1016,0,C_LM,1016,128,956,0,0.10999999999999999,55.0,17.70397489539749,52.0,1.0,956.0,1.124725005000073
surrogate,fixed_time,confirmatory_core,0.9999810844755754,0.02035262994086523,68.0,19.38235294117647,61.0,0.9902912621359223,102.0,140,103,946,confirmatory_core__C_LM__fixed_time__1017,0,C_LM,1017,102,945,0,0.10999999999999999,55.0,17.34708994708995,50.0,0.9989429175475687,945.0,1.2008812090000447
surrogate,fixed_time,confirmatory_core,1.0,0.08367662185648922,70.0,25.537190082644628,62.0,1.0,121.0,140,121,932,confirmatory_core__C_LM__fixed_time__1018,0,C_LM,1018,121,932,0,0.10999999999999999,55.0,17.169527896995707,51.0,1.0,932.0,1.092095701000062
surrogate,fixed_time,confirmatory_core,0.9999527212033533,0.08905129511677284,69.0,26.696,65.0,0.984251968503937,125.0,140,127,944,confirmatory_core__C_LM__fixed_time__1019,0,C_LM,1019,125,942,0,0.14,55.0,17.790870488322717,51.0,0.9978813559322034,942.0,1.2351458589998856
surrogate,fixed_time,confirmatory_core,0.999997509553629,0.0857712846707506,70.0,27.338983050847457,63.0,1.0,118.0,140,118,952,confirmatory_core__C_LM__fixed_time__1020,0,C_LM,1020,118,949,0,0.12,55.0,18.761854583772394,51.0,0.9968487394957983,949.0,1.0773673460000737
surrogate,fixed_time,confirmatory_core,0.9998634512620305,0.09902898415657035,69.0,27.939655172413794,63.0,0.9747899159663865,116.0,140,119,927,confirmatory_core__C_LM__fixed_time__1021,0,C_LM,1021,116,925,0,0.10999999999999999,55.0,18.036756756756755,52.0,0.9978425026968716,925.0,1.0917870480000147
surrogate,fixed_time,confirmatory_core,0.9999972437093791,0.11527658700829432,70.0,30.14074074074074,67.0,1.0,135.0,140,135,905,confirmatory_core__C_LM__fixed_time__1022,0,C_LM,1022,135,902,0,0.17000000000000004,55.0,18.61308203991131,50.0,0.9966850828729282,902.0,1.12479988400014
surrogate,fixed_time,confirmatory_core,0.9999841274880162,0.09573806588735384,70.0,27.272,68.0,0.9920634920634921,125.0,140,126,941,confirmatory_core__C_LM__fixed_time__1023,0,C_LM,1023,125,941,0,0.17000000000000004,55.0,17.69819341126461,51.0,1.0,941.0,1.1086147850000998
surrogate,fixed_time,confirmatory_core,0.999942527852316,0.10325620956431256,70.0,29.095652173913045,65.0,0.9829059829059829,115.0,140,117,963,confirmatory_core__C_LM__fixed_time__1024,0,C_LM,1024,115,961,0,0.13,55.0,18.77003121748179,52.0,0.9979231568016614,961.0,1.106778974000008
surrogate,fixed_time,confirmatory_core,1.0,0.1385695724356969,70.0,31.201438848920862,66.0,1.0,139.0,140,139,897,confirmatory_core__C_LM__fixed_time__1025,0,C_LM,1025,139,897,0,0.15000000000000002,55.0,17.34448160535117,51.0,1.0,897.0,1.1345946009998897
surrogate,fixed_time,confirmatory_core,1.0,0.08215901593805339,70.0,25.927419354838708,66.0,1.0,124.0,140,124,929,confirmatory_core__C_LM__fixed_time__1026,0,C_LM,1026,124,929,0,0.16000000000000003,55.0,17.71151776103337,50.0,1.0,929.0,1.1000790630000665
surrogate,fixed_time,confirmatory_core,0.9999987261097812,0.07812700191436708,70.0,25.611570247933884,66.0,1.0,121.0,140,121,887,confirmatory_core__C_LM__fixed_time__1027,0,C_LM,1027,121,885,0,0.15000000000000002,55.0,17.798870056497176,51.0,0.9977452085682075,885.0,1.1216175409999778
surrogate,fixed_time,confirmatory_core,0.9999675015795533,0.08950662294516115,70.0,26.755102040816325,64.0,0.9865771812080537,147.0,140,149,948,confirmatory_core__C_LM__fixed_time__1028,0,C_LM,1028,147,946,0,0.13,55.0,17.80443974630021,51.0,0.9978902953586498,946.0,1.061782366000216
surrogate,fixed_time,confirmatory_core,0.9999884415955469,0.12270350470571711,70.0,30.563492063492063,67.0,0.9921259842519685,126.0,140,127,905,confirmatory_core__C_LM__fixed_time__1029,0,C_LM,1029,126,904,0,0.15000000000000002,55.0,18.293141592920353,52.0,0.9988950276243094,904.0,1.1508564120001665
surrogate,fixed_time,confirmatory_core,0.9998625562431885,0.09218312897774264,70.0,28.43103448275862,66.0,0.9747899159663865,116.0,140,119,961,confirmatory_core__C_LM__fixed_time__1030,0,C_LM,1030,116,959,0,0.14,55.0,19.212721584984358,52.0,0.9979188345473465,959.0,1.0791623860000072
surrogate,efficiency,confirmatory_core,0.9999998846999882,0.02591514068416243,56.0,8.633633633633634,26.0,1.0,333.0,417,333,1473,confirmatory_core__C_MH__efficiency__1001,0,C_MH,1001,333,1472,0,0.07,32.0,6.042119565217392,19.0,0.9993211133740665,1472.0,1.0661443160001909
surrogate,efficiency,confirmatory_core,0.9999971175076818,0.04277551020408164,56.0,9.766666666666667,28.0,1.0,270.0,414,270,1475,confirmatory_core__C_MH__efficiency__1002,0,C_MH,1002,270,1470,0,0.10000000000000003,40.0,5.489115646258504,18.0,0.9966101694915255,1470.0,1.122252749999916
surrogate,efficiency,confirmatory_core,0.9999998766256117,0.03555015781058323,54.0,9.101045296167248,29.0,1.0,287.0,415,287,1424,confirmatory_core__C_MH__efficiency__1003,0,C_MH,1003,287,1423,0,0.09999999999999998,38.0,5.546029515108925,19.0,0.9992977528089888,1423.0,1.1757456899999852
surrogate,efficiency,confirmatory_core,0.9999990197426031,0.030518635216126112,70.0,8.789115646258503,26.0,0.9966101694915255,294.0,414,295,1414,confirmatory_core__C_MH__efficiency__1004,0,C_MH,1004,294,1412,0,0.08000000000000002,39.0,5.7372521246458925,18.0,0.9985855728429985,1412.0,1.0877464670002155
surrogate,efficiency,confirmatory_core,0.9999980493780442,0.026452252665367416,52.0,8.550819672131148,23.0,1.0,305.0,413,305,1434,confirmatory_core__C_MH__efficiency__1005,0,C_MH,1005,305,1430,0,0.04000000000000001,50.0,5.905594405594406,19.0,0.99721059972106,1430.0,1.033844014999886
surrogate,efficiency,confirmatory_core,0.9999990344745128,0.026305862200228396,47.0,8.45945945945946,25.0,0.9966329966329966,296.0,416,297,1422,confirmatory_core__C_MH__efficiency__1006,0,C_MH,1006,296,1420,0,0.06,51.0,5.82887323943662,19.0,0.9985935302390999,1420.0,1.0164039730002514
surrogate,efficiency,confirmatory_core,1.0,0.031452907476574754,48.0,8.845360824742269,27.0,1.0,291.0,411,291,1427,confirmatory_core__C_MH__efficiency__1007,0,C_MH,1007,291,1427,0,0.09000000000000002,47.0,5.700070077084793,18.0,1.0,1427.0,1.0259441830003198
surrogate,efficiency,confirmatory_core,0.9999988817900504,0.03189362502940485,54.0,8.646666666666667,26.0,1.0,300.0,416,300,1420,confirmatory_core__C_MH__efficiency__1008,0,C_MH,1008,300,1417,0,0.08000000000000002,37.0,5.457304163726182,18.0,0.997887323943662,1417.0,1.05602177999981
surrogate,efficiency,confirmatory_core,0.9999989035400306,0.028082581758661282,51.0,8.36241610738255,26.0,1.0,298.0,416,298,1434,confirmatory_core__C_MH__efficiency__1009,0,C_MH,1009,298,1431,0,0.08000000000000002,50.0,5.554157931516422,18.0,0.997907949790795,1431.0,1.0837640849999843
surrogate,efficiency,confirmatory_core,0.9999968894833431,0.04076772363126313,66.0,9.639575971731448,30.0,0.9964788732394366,283.0,414,284,1441,confirmatory_core__C_MH__efficiency__1010,0,C_MH,1010,283,1441,0,0.12,36.0,5.562803608605135,18.0,1.0,1441.0,1.0268986060000316
surrogate,efficiency,confirmatory_core,0.9999994926991804,0.034615680237377586,48.0,9.366771159874608,28.0,1.0,319.0,418,319,1405,confirmatory_core__C_MH__efficiency__1011,0,C_MH,1011,319,1403,0,0.09000000000000002,39.0,5.9052031361368496,19.0,0.998576512455516,1403.0,1.145845392999945
surrogate,efficiency,confirmatory_core,0.9999980411793079,0.03256734310856128,70.0,8.757785467128027,26.0,1.0,289.0,412,289,1431,confirmatory_core__C_MH__efficiency__1012,0,C_MH,1012,289,1427,0,0.07,39.0,5.501051156271899,19.0,0.9972047519217331,1427.0,1.0848636330001682
surrogate,efficiency,confirmatory_core,0.9999934902887607,0.032482235884471,50.0,8.759868421052632,25.0,0.9934640522875817,304.0,414,306,1376,confirmatory_core__C_MH__efficiency__1013,0,C_MH,1013,304,1374,0,0.07,35.0,5.511644832605532,18.0,0.998546511627907,1374.0,1.0477935110002363
surrogate,efficiency,confirmatory_core,1.0,0.03179688696993216,46.0,8.637992831541219,25.0,1.0,279.0,414,279,1427,confirmatory_core__C_MH__efficiency__1014,0,C_MH,1014,279,1427,0,0.07,49.0,5.458304134548003,18.0,1.0,1427.0,1.008487341000091
surrogate,efficiency,confirmatory_core,0.9999826391902918,0.039382873846506565,56.0,9.380753138075313,30.0,0.991701244813278,239.0,413,241,1460,confirmatory_core__C_MH__efficiency__1015,0,C_MH,1015,239,1460,0,0.12,33.0,5.442465753424657,18.0,1.0,1460.0,1.0656768779999766
surrogate,efficiency,confirmatory_core,0.9999994899307671,0.031247634618226196,68.0,8.64459930313589,23.0,0.9965277777777778,287.0,416,288,1465,confirmatory_core__C_MH__efficiency__1016,0,C_MH,1016,287,1462,0,0.05000000000000002,34.0,5.519835841313269,18.0,0.9979522184300341,1462.0,1.0221360109999296
surrogate,efficiency,confirmatory_core,1.0,0.029102417825377036,40.0,8.30072463768116,24.0,1.0,276.0,417,276,1429,confirmatory_core__C_MH__efficiency__1017,0,C_MH,1017,276,1429,0,0.04999999999999999,48.0,5.390482855143457,19.0,1.0,1429.0,1.0173110380001162
surrogate,efficiency,confirmatory_core,0.9999978706826167,0.0425422684544827,67.0,9.87725631768953,30.0,0.9964028776978417,277.0,415,278,1460,confirmatory_core__C_MH__efficiency__1018,0,C_MH,1018,277,1459,0,0.12,35.0,5.623029472241261,18.0,0.9993150684931507,1459.0,1.051576020000084
surrogate,efficiency,confirmatory_core,0.9999998800206842,0.0405380917748409,43.0,9.84452296819788,29.0,1.0,283.0,415,283,1444,confirmatory_core__C_MH__efficiency__1019,0,C_MH,1019,283,1443,0,0.09999999999999998,48.0,5.790713790713791,19.0,0.9993074792243767,1443.0,1.127870977999919
surrogate,efficiency,confirmatory_core,0.9999984816972491,0.02535496734212426,38.0,8.471518987341772,24.0,0.9968454258675079,316.0,415,317,1439,confirmatory_core__C_MH__efficiency__1020,0,C_MH,1020,316,1438,0,0.04999999999999999,41.0,5.936022253129346,19.0,0.9993050729673384,1438.0,1.1217263300000013
surrogate,efficiency,confirmatory_core,0.9999981314836021,0.02871152765219092,57.0,8.610344827586207,26.0,0.9965635738831615,290.0,416,291,1412,confirmatory_core__C_MH__efficiency__1021,0,C_MH,1021,290,1411,0,0.07,30.0,5.739192062367115,19.0,0.9992917847025495,1411.0,1.0693848179998895
surrogate,efficiency,confirmatory_core,0.9999889627160549,0.030713351686166568,52.0,9.05,28.0,0.9933774834437086,300.0,418,302,1453,confirmatory_core__C_MH__efficiency__1022,0,C_MH,1022,300,1453,0,0.09000000000000002,37.0,5.978664831383345,19.0,1.0,1453.0,1.0392619529998228
surrogate,efficiency,confirmatory_core,0.9999994883353245,0.03431745274264958,59.0,9.043771043771043,28.0,1.0,297.0,417,297,1399,confirmatory_core__C_MH__efficiency__1023,0,C_MH,1023,297,1397,0,0.10000000000000003,31.0,5.612025769506085,18.0,0.9985704074338814,1397.0,1.0544488270002148
surrogate,efficiency,confirmatory_core,0.9999989608899771,0.03166067104808024,44.0,8.776271186440677,28.0,1.0,295.0,416,295,1473,confirmatory_core__C_MH__efficiency__1024,0,C_MH,1024,295,1470,0,0.10000000000000003,38.0,5.610204081632653,18.0,0.9979633401221996,1470.0,1.0132697949998146
surrogate,efficiency,confirmatory_core,0.999990912740141,0.02639113902336751,57.0,8.33445945945946,24.0,0.9932885906040269,296.0,412,298,1419,confirmatory_core__C_MH__efficiency__1025,0,C_MH,1025,296,1418,0,0.04999999999999999,40.0,5.695345557122708,19.0,0.9992952783650458,1418.0,1.0217344570000932
surrogate,efficiency,confirmatory_core,0.9999995005558812,0.038501993056448504,69.0,9.577922077922079,28.0,1.0,308.0,413,308,1416,confirmatory_core__C_MH__efficiency__1026,0,C_MH,1026,308,1414,0,0.10000000000000003,39.0,5.727722772277228,18.0,0.998587570621469,1414.0,1.1266457399997307
surrogate,efficiency,confirmatory_core,0.9999971175076818,0.0301906447369037,79.0,8.782312925170068,27.0,0.9966101694915255,294.0,415,295,1453,confirmatory_core__C_MH__efficiency__1027,0,C_MH,1027,294,1453,0,0.08000000000000002,36.0,5.763248451479697,19.0,1.0,1453.0,1.1034758650002914
surrogate,efficiency,confirmatory_core,0.9999998843861401,0.03288686000716075,53.0,9.052631578947368,25.0,1.0,285.0,416,285,1471,confirmatory_core__C_MH__efficiency__1028,0,C_MH,1028,285,1470,0,0.06,40.0,5.763945578231293,19.0,0.9993201903467029,1470.0,1.0966794460000528
surrogate,efficiency,confirmatory_core,0.999992883679556,0.023661161607637968,44.0,7.84406779661017,25.0,0.9932659932659933,295.0,415,297,1408,confirmatory_core__C_MH__efficiency__1029,0,C_MH,1029,295,1406,0,0.06,43.0,5.477951635846373,19.0,0.9985795454545454,1406.0,1.0025583100000404
surrogate,efficiency,confirmatory_core,0.9999998827975108,0.03165236589894124,57.0,8.644688644688644,27.0,1.0,273.0,415,273,1461,confirmatory_core__C_MH__efficiency__1030,0,C_MH,1030,273,1460,0,0.09000000000000002,30.0,5.47945205479452,18.0,0.999315537303217,1460.0,1.00935021100031
surrogate,efpb,confirmatory_core,0.9999998846999882,0.04718764280584933,50.0,10.15015015015015,29.0,1.0,333.0,415,333,1473,confirmatory_core__C_MH__efpb__1001,0,C_MH,1001,333,1472,0,0.10999999999999999,30.0,5.431385869565218,18.0,0.9993211133740665,1472.0,38.019574949000344
surrogate,efpb,confirmatory_core,0.9999997524783178,0.05866241764573577,48.0,11.089219330855018,32.0,0.9962962962962963,269.0,411,270,1475,confirmatory_core__C_MH__efpb__1002,0,C_MH,1002,269,1471,0,0.14,31.0,5.2229775662814415,18.0,0.9972881355932204,1471.0,37.049115562000225
surrogate,efpb,confirmatory_core,0.9999980568942763,0.043387627832462694,47.0,9.562937062937063,28.0,0.9965156794425087,286.0,414,287,1424,confirmatory_core__C_MH__efpb__1003,0,C_MH,1003,286,1423,0,0.10000000000000003,31.0,5.224174279690794,18.0,0.9992977528089888,1423.0,36.521904448999976
surrogate,efpb,confirmatory_core,0.9999981935011273,0.03966289700593613,50.0,9.204081632653061,27.0,0.9966101694915255,294.0,414,295,1414,confirmatory_core__C_MH__efpb__1004,0,C_MH,1004,294,1413,0,0.09000000000000002,31.0,5.237791932059448,18.0,0.9992927864214993,1413.0,36.82285011999966
surrogate,efpb,confirmatory_core,0.9999956049751682,0.04795332231253157,50.0,10.157377049180328,28.0,1.0,305.0,412,305,1434,confirmatory_core__C_MH__efpb__1005,0,C_MH,1005,305,1428,0,0.10000000000000003,30.0,5.3620448179271705,18.0,0.99581589958159,1428.0,36.97401339899989
surrogate,efpb,confirmatory_core,0.9999990344745128,0.03740150361629236,38.0,8.983108108108109,26.0,0.9966329966329966,296.0,413,297,1422,confirmatory_core__C_MH__efpb__1006,0,C_MH,1006,296,1420,0,0.09,39.0,5.242957746478873,17.0,0.9985935302390999,1420.0,36.374371297999915
surrogate,efpb,confirmatory_core,1.0,0.040954734056259136,48.0,9.491408934707904,27.0,1.0,291.0,410,291,1427,confirmatory_core__C_MH__efpb__1007,0,C_MH,1007,291,1427,0,0.09000000000000002,37.0,5.39593552908199,18.0,1.0,1427.0,36.14651305800044
surrogate,efpb,confirmatory_core,0.9999988817900504,0.038302775817454726,46.0,9.343333333333334,27.0,1.0,300.0,415,300,1420,confirmatory_core__C_MH__efpb__1008,0,C_MH,1008,300,1417,0,0.09000000000000002,33.0,5.513055751587862,18.0,0.997887323943662,1417.0,37.23527347500021
surrogate,efpb,confirmatory_core,0.9999908904898102,0.04882640840421722,45.0,10.067567567567568,27.0,0.9932885906040269,296.0,414,298,1434,confirmatory_core__C_MH__efpb__1009,0,C_MH,1009,296,1433,0,0.09000000000000002,31.0,5.1849267271458475,18.0,0.999302649930265,1433.0,37.201473580999846
surrogate,efpb,confirmatory_core,0.9999968894833431,0.05337297665784706,47.0,10.501766784452297,29.0,0.9964788732394366,283.0,411,284,1441,confirmatory_core__C_MH__efpb__1010,0,C_MH,1010,283,1441,0,0.11999999999999997,30.0,5.164469118667592,17.0,1.0,1441.0,36.38938091299997
surrogate,efpb,confirmatory_core,0.9999998732650299,0.0404519107967384,50.0,9.620689655172415,28.0,1.0,319.0,416,319,1405,confirmatory_core__C_MH__efpb__1011,0,C_MH,1011,319,1404,0,0.10000000000000003,35.0,5.5754985754985755,18.0,0.999288256227758,1404.0,37.47918254000024
surrogate,efpb,confirmatory_core,0.9999980411793079,0.04263194011682747,48.0,9.245674740484429,27.0,1.0,289.0,407,289,1431,confirmatory_core__C_MH__efpb__1012,0,C_MH,1012,289,1427,0,0.09000000000000002,42.0,4.982480728801682,18.0,0.9972047519217331,1427.0,35.90890886299985
surrogate,efpb,confirmatory_core,0.9999998678647284,0.04117860962566845,48.0,9.470588235294118,25.0,1.0,306.0,415,306,1376,confirmatory_core__C_MH__efpb__1013,0,C_MH,1013,306,1375,0,0.07,35.0,5.352727272727273,18.0,0.9992732558139535,1375.0,36.34513264199995
surrogate,efpb,confirmatory_core,1.0,0.046606912765332194,46.0,9.806451612903226,29.0,1.0,279.0,413,279,1427,confirmatory_core__C_MH__efpb__1014,0,C_MH,1014,279,1427,0,0.11999999999999997,28.0,5.145760336370007,17.0,1.0,1427.0,36.498169425000015
surrogate,efpb,confirmatory_core,0.9999826391902918,0.04203444718289677,46.0,9.347280334728033,28.0,0.991701244813278,239.0,413,241,1460,confirmatory_core__C_MH__efpb__1015,0,C_MH,1015,239,1460,0,0.11000000000000001,33.0,5.1438356164383565,17.0,1.0,1460.0,34.68143757599955
surrogate,efpb,confirmatory_core,0.9999957893810998,0.04533608445662934,49.0,9.659722222222221,29.0,1.0,288.0,413,288,1465,confirmatory_core__C_MH__efpb__1016,0,C_MH,1016,288,1459,0,0.11999999999999997,30.0,5.126113776559287,17.0,0.9959044368600682,1459.0,38.1422952339999
surrogate,efpb,confirmatory_core,0.9999867770343532,0.05783021662844213,49.0,11.032846715328468,28.0,0.9927536231884058,274.0,415,276,1429,confirmatory_core__C_MH__efpb__1017,0,C_MH,1017,274,1429,0,0.10000000000000003,36.0,5.249825052484255,18.0,1.0,1429.0,35.85943250699984
surrogate,efpb,confirmatory_core,0.9999978706826167,0.0461465867279651,50.0,9.902527075812275,26.0,0.9964028776978417,277.0,413,278,1460,confirmatory_core__C_MH__efpb__1018,0,C_MH,1018,277,1459,0,0.08000000000000002,30.0,5.287868403015764,18.0,0.9993150684931507,1459.0,36.56069696099985
surrogate,efpb,confirmatory_core,0.9999998800206842,0.05107784871035755,48.0,10.554770318021202,28.0,1.0,283.0,414,283,1444,confirmatory_core__C_MH__efpb__1019,0,C_MH,1019,283,1443,0,0.10000000000000003,32.0,5.446985446985447,18.0,0.9993074792243767,1443.0,36.64156478699988
surrogate,efpb,confirmatory_core,0.9999805806569716,0.039478708042840815,41.0,9.181528662420382,28.0,0.9905362776025236,314.0,414,317,1439,confirmatory_core__C_MH__efpb__1020,0,C_MH,1020,314,1438,0,0.10000000000000003,29.0,5.233657858136301,18.0,0.9993050729673384,1438.0,37.64677558200037
surrogate,efpb,confirmatory_core,0.999999874518937,0.045738466296964694,49.0,10.006872852233677,27.0,1.0,291.0,414,291,1412,confirmatory_core__C_MH__efpb__1021,0,C_MH,1021,291,1411,0,0.09000000000000002,40.0,5.433026222537207,18.0,0.9992917847025495,1411.0,37.036564539999745
surrogate,efpb,confirmatory_core,0.9999995256853252,0.05138189693337775,44.0,10.652317880794701,29.0,1.0,302.0,416,302,1453,confirmatory_core__C_MH__efpb__1022,0,C_MH,1022,302,1451,0,0.10999999999999999,31.0,5.514128187456926,18.0,0.9986235375086029,1451.0,38.00050739500011
surrogate,efpb,confirmatory_core,0.9999998721752323,0.04840760971662259,49.0,10.087542087542088,29.0,1.0,297.0,415,297,1399,confirmatory_core__C_MH__efpb__1023,0,C_MH,1023,297,1398,0,0.10999999999999999,30.0,5.246781115879829,18.0,0.9992852037169406,1398.0,36.00488630799964
surrogate,efpb,confirmatory_core,0.9999995384867439,0.049281222274712225,48.0,10.183050847457627,31.0,1.0,295.0,415,295,1473,confirmatory_core__C_MH__efpb__1024,0,C_MH,1024,295,1471,0,0.13999999999999999,35.0,5.254928619986404,17.0,0.9986422267481331,1471.0,36.609321935000025
surrogate,efpb,confirmatory_core,0.9999982359196521,0.046354090980325106,48.0,9.656565656565656,29.0,0.9966442953020134,297.0,413,298,1419,confirmatory_core__C_MH__efpb__1025,0,C_MH,1025,297,1418,0,0.10999999999999999,40.0,5.0211565585331455,18.0,0.9992952783650458,1418.0,34.74987477199966
surrogate,efpb,confirmatory_core,0.9999995005558812,0.05486659380223736,49.0,10.808441558441558,30.0,1.0,308.0,413,308,1416,confirmatory_core__C_MH__efpb__1026,0,C_MH,1026,308,1414,0,0.12,37.0,5.321782178217822,18.0,0.998587570621469,1414.0,37.814094525999735
surrogate,efpb,confirmatory_core,0.9999995256853252,0.0466092350103377,49.0,10.0,29.0,1.0,295.0,415,295,1453,confirmatory_core__C_MH__efpb__1027,0,C_MH,1027,295,1451,0,0.10999999999999999,40.0,5.3390764989662305,18.0,0.9986235375086029,1451.0,40.23555645499982
surrogate,efpb,confirmatory_core,0.9999998843861401,0.052433941997851785,47.0,10.48421052631579,34.0,1.0,285.0,414,285,1471,confirmatory_core__C_MH__efpb__1028,0,C_MH,1028,285,1470,0,0.17,30.0,5.240816326530612,17.0,0.9993201903467029,1470.0,38.11169330100029
surrogate,efpb,confirmatory_core,0.999992883679556,0.03963553294597007,43.0,9.264406779661018,26.0,0.9932659932659933,295.0,415,297,1408,confirmatory_core__C_MH__efpb__1029,0,C_MH,1029,295,1406,0,0.08000000000000002,31.0,5.300853485064011,18.0,0.9985795454545454,1406.0,37.371975164000105
surrogate,efpb,confirmatory_core,0.9999966332913617,0.04364806035350484,43.0,9.643382352941176,29.0,0.9963369963369964,272.0,412,273,1461,confirmatory_core__C_MH__efpb__1030,0,C_MH,1030,272,1461,0,0.10999999999999999,43.0,5.278576317590692,18.0,1.0,1461.0,38.574257817000216
surrogate,equal_bargaining,confirmatory_core,0.9999986446368928,0.02792446961760084,31.0,9.114457831325302,24.0,0.996996996996997,332.0,413,333,1473,confirmatory_core__C_MH__equal_bargaining__1001,0,C_MH,1001,332,1472,0,0.04999999999999999,32.0,6.322010869565218,19.0,0.9993211133740665,1472.0,31.440382400999624
surrogate,equal_bargaining,confirmatory_core,0.9999977011715789,0.02030645185697065,44.0,8.241635687732343,19.0,0.9962962962962963,269.0,412,270,1475,confirmatory_core__C_MH__equal_bargaining__1002,0,C_MH,1002,269,1474,0,0.010000000000000009,30.0,6.210990502035278,18.0,0.9993220338983051,1474.0,28.224392308000006
surrogate,equal_bargaining,confirmatory_core,0.9999998766256117,0.022933881160917824,47.0,8.209059233449477,19.0,1.0,287.0,413,287,1424,confirmatory_core__C_MH__equal_bargaining__1003,0,C_MH,1003,287,1423,0,0.010000000000000009,30.0,5.915671117357695,18.0,0.9992977528089888,1423.0,28.960031643000093
surrogate,equal_bargaining,confirmatory_core,0.999999874873779,0.01905427807165906,37.0,8.010169491525424,19.0,1.0,295.0,415,295,1414,confirmatory_core__C_MH__equal_bargaining__1004,0,C_MH,1004,295,1413,0,0.0,30.0,6.104741684359519,19.0,0.9992927864214993,1413.0,28.527214315000037
surrogate,equal_bargaining,confirmatory_core,0.9999956049751682,0.01911282545805207,28.0,7.852459016393443,19.0,1.0,305.0,411,305,1434,confirmatory_core__C_MH__equal_bargaining__1005,0,C_MH,1005,305,1428,0,0.0,31.0,5.9411764705882355,19.0,0.99581589958159,1428.0,29.3759638180004
surrogate,equal_bargaining,confirmatory_core,0.9999990344745128,0.01898039588884659,29.0,8.22972972972973,19.0,0.9966329966329966,296.0,414,297,1422,confirmatory_core__C_MH__equal_bargaining__1006,0,C_MH,1006,296,1420,0,0.0,31.0,6.331690140845071,19.0,0.9985935302390999,1420.0,29.204601635000017
surrogate,equal_bargaining,confirmatory_core,1.0,0.029327308148929455,39.0,8.642611683848797,22.0,1.0,291.0,408,291,1427,confirmatory_core__C_MH__equal_bargaining__1007,0,C_MH,1007,291,1427,0,0.03,29.0,5.709880868955851,19.0,1.0,1427.0,26.67805487400028
surrogate,equal_bargaining,confirmatory_core,0.9999990692996297,0.013348844998136704,26.0,7.170568561872909,18.0,0.9966666666666667,299.0,414,300,1420,confirmatory_core__C_MH__equal_bargaining__1008,0,C_MH,1008,299,1418,0,0.0,30.0,5.835684062059238,18.0,0.9985915492957746,1418.0,28.081701023999813
surrogate,equal_bargaining,confirmatory_core,0.9999989035400306,0.01745937275758727,29.0,8.060402684563758,19.0,1.0,298.0,415,298,1434,confirmatory_core__C_MH__equal_bargaining__1009,0,C_MH,1009,298,1431,0,0.0,31.0,6.314465408805032,19.0,0.997907949790795,1431.0,28.957514028000332
surrogate,equal_bargaining,confirmatory_core,0.9999980683094085,0.013579542670077521,29.0,7.492957746478873,19.0,1.0,284.0,410,284,1441,confirmatory_core__C_MH__equal_bargaining__1010,0,C_MH,1010,284,1437,0,0.0,27.0,6.135003479471121,19.0,0.9972241498959056,1437.0,27.883895034000034
surrogate,equal_bargaining,confirmatory_core,0.9999998732650299,0.007654194464539299,37.0,7.122257053291536,18.0,1.0,319.0,414,319,1405,confirmatory_core__C_MH__equal_bargaining__1011,0,C_MH,1011,319,1404,0,0.010000000000000009,30.0,6.3568376068376065,19.0,0.999288256227758,1404.0,28.854874835000373
surrogate,equal_bargaining,confirmatory_core,0.9999763043832538,0.017076923076923073,28.0,7.56993006993007,18.0,0.9896193771626297,286.0,413,289,1431,confirmatory_core__C_MH__equal_bargaining__1012,0,C_MH,1012,286,1430,0,0.0,31.0,5.862237762237762,18.0,0.9993011879804332,1430.0,28.91041221000023
surrogate,equal_bargaining,confirmatory_core,0.9999934902887607,0.01960698689956332,33.0,8.0,19.0,0.9934640522875817,304.0,414,306,1376,confirmatory_core__C_MH__equal_bargaining__1013,0,C_MH,1013,304,1374,0,0.0,30.0,6.039301310043668,19.0,0.998546511627907,1374.0,29.03528881300008
surrogate,equal_bargaining,confirmatory_core,0.9999980301670073,0.020668837858328487,35.0,7.756272401433692,19.0,1.0,279.0,412,279,1427,confirmatory_core__C_MH__equal_bargaining__1014,0,C_MH,1014,279,1423,0,0.010000000000000009,30.0,5.689388615600843,18.0,0.9971969166082691,1423.0,27.855032047999885
surrogate,equal_bargaining,confirmatory_core,0.9999878808667304,0.019975176633320137,29.0,7.807531380753138,18.0,0.991701244813278,239.0,414,241,1460,confirmatory_core__C_MH__equal_bargaining__1015,0,C_MH,1015,239,1458,0,0.0,29.0,5.810013717421125,18.0,0.9986301369863013,1458.0,26.79232124600003
surrogate,equal_bargaining,confirmatory_core,0.9999957893810998,0.0241282318559135,39.0,8.121527777777779,20.0,1.0,288.0,413,288,1465,confirmatory_core__C_MH__equal_bargaining__1016,0,C_MH,1016,288,1459,0,0.020000000000000018,32.0,5.708704592186429,18.0,0.9959044368600682,1459.0,28.594391316999918
surrogate,equal_bargaining,confirmatory_core,1.0,0.037565592641048265,46.0,9.818840579710145,23.0,1.0,276.0,417,276,1429,confirmatory_core__C_MH__equal_bargaining__1017,0,C_MH,1017,276,1429,0,0.04000000000000001,30.0,6.062281315605318,19.0,1.0,1429.0,29.53169657000035
surrogate,equal_bargaining,confirmatory_core,0.9999978706826167,0.028999215624172646,36.0,8.891696750902527,19.0,0.9964028776978417,277.0,415,278,1460,confirmatory_core__C_MH__equal_bargaining__1018,0,C_MH,1018,277,1459,0,0.010000000000000009,30.0,5.9917751884852635,18.0,0.9993150684931507,1459.0,28.71051848299976
surrogate,equal_bargaining,confirmatory_core,1.0,0.021110994195550258,28.0,8.325088339222615,19.0,1.0,283.0,413,283,1444,confirmatory_core__C_MH__equal_bargaining__1019,0,C_MH,1019,283,1444,0,0.0,28.0,6.21398891966759,19.0,1.0,1444.0,28.166769309999836
surrogate,equal_bargaining,confirmatory_core,0.999992064710473,0.017757070004636083,47.0,8.266666666666667,20.0,0.9936908517350158,315.0,414,317,1439,confirmatory_core__C_MH__equal_bargaining__1020,0,C_MH,1020,315,1438,0,0.010000000000000009,30.0,6.49095966620306,19.0,0.9993050729673384,1438.0,28.44020698500026
surrogate,equal_bargaining,confirmatory_core,0.9999994977201516,0.02448936170212765,39.0,8.666666666666666,21.0,1.0,291.0,413,291,1412,confirmatory_core__C_MH__equal_bargaining__1021,0,C_MH,1021,291,1410,0,0.01999999999999999,31.0,6.217730496453901,19.0,0.9985835694050992,1410.0,29.072526571000253
surrogate,equal_bargaining,confirmatory_core,0.9999990597396835,0.014159211999514601,32.0,7.5647840531561465,19.0,0.9966887417218543,301.0,414,302,1453,confirmatory_core__C_MH__equal_bargaining__1022,0,C_MH,1022,301,1451,0,0.0,31.0,6.148862853204687,19.0,0.9986235375086029,1451.0,28.854923834000147
surrogate,equal_bargaining,confirmatory_core,0.9999998721752323,0.01903447927053077,29.0,8.057239057239057,19.0,1.0,297.0,415,297,1399,confirmatory_core__C_MH__equal_bargaining__1023,0,C_MH,1023,297,1398,0,0.0,30.0,6.15379113018598,19.0,0.9992852037169406,1398.0,27.46735507199992
surrogate,equal_bargaining,confirmatory_core,0.9999958312715398,0.020121510070466544,29.0,7.962457337883959,19.0,0.9932203389830508,293.0,415,295,1473,confirmatory_core__C_MH__equal_bargaining__1024,0,C_MH,1024,293,1469,0,0.0,30.0,5.9503063308373045,19.0,0.9972844534962662,1469.0,28.561006024999642
surrogate,equal_bargaining,confirmatory_core,0.9999968850899723,0.025187008154314967,37.0,8.704697986577182,20.0,1.0,298.0,410,298,1419,confirmatory_core__C_MH__equal_bargaining__1025,0,C_MH,1025,298,1414,0,0.020000000000000018,31.0,6.185997171145686,18.0,0.9964763918252291,1414.0,27.685887835999893
surrogate,equal_bargaining,confirmatory_core,0.9999983800211776,0.02055330854847435,36.0,8.247557003257329,19.0,0.9967532467532467,307.0,410,308,1416,confirmatory_core__C_MH__equal_bargaining__1026,0,C_MH,1026,307,1415,0,0.0,31.0,6.192226148409894,19.0,0.9992937853107344,1415.0,27.960890679000386
surrogate,equal_bargaining,confirmatory_core,0.9999995256853252,0.021472625541707056,39.0,8.305084745762711,19.0,1.0,295.0,414,295,1453,confirmatory_core__C_MH__equal_bargaining__1027,0,C_MH,1027,295,1451,0,0.0,30.0,6.157822191592006,19.0,0.9986235375086029,1451.0,28.81448704400009
surrogate,equal_bargaining,confirmatory_core,1.0,0.023065798418548077,31.0,8.347368421052632,21.0,1.0,285.0,410,285,1471,confirmatory_core__C_MH__equal_bargaining__1028,0,C_MH,1028,285,1471,0,0.03,30.0,6.040788579197825,18.0,1.0,1471.0,27.865968281999812
surrogate,equal_bargaining,confirmatory_core,0.999992883679556,0.02009663186826434,32.0,8.28135593220339,19.0,0.9932659932659933,295.0,414,297,1408,confirmatory_core__C_MH__equal_bargaining__1029,0,C_MH,1029,295,1406,0,0.010000000000000009,31.0,6.2716927453769555,18.0,0.9985795454545454,1406.0,27.663015637999706
surrogate,equal_bargaining,confirmatory_core,0.9999998827975108,0.02026687239700939,35.0,8.157509157509157,19.0,1.0,273.0,414,273,1461,confirmatory_core__C_MH__equal_bargaining__1030,0,C_MH,1030,273,1460,0,0.010000000000000009,29.0,6.130821917808219,18.0,0.999315537303217,1460.0,27.93767020899986
surrogate,fixed_time,confirmatory_core,0.9999780726588423,0.1057565161255615,70.0,28.814589665653497,66.0,0.987987987987988,329.0,140,333,1473,confirmatory_core__C_MH__fixed_time__1001,0,C_MH,1001,329,1469,0,0.16000000000000003,55.0,18.238938053097346,50.0,0.9972844534962662,1469.0,1.0810333360000186
surrogate,fixed_time,confirmatory_core,0.9999848771817544,0.12860360773522891,70.0,30.48689138576779,66.0,0.9888888888888889,267.0,140,270,1475,confirmatory_core__C_MH__fixed_time__1002,0,C_MH,1002,267,1470,0,0.15000000000000002,55.0,17.6265306122449,51.0,0.9966101694915255,1470.0,1.1124596729996483
surrogate,fixed_time,confirmatory_core,0.9999555622409246,0.10926177463130951,70.0,29.243816254416963,66.0,0.9860627177700348,283.0,140,287,1424,confirmatory_core__C_MH__fixed_time__1003,0,C_MH,1003,283,1423,0,0.15000000000000002,55.0,18.317638791286015,51.0,0.9992977528089888,1423.0,1.0929124629997204
surrogate,fixed_time,confirmatory_core,0.9999581120928742,0.09982898125652082,70.0,27.718213058419245,66.0,0.9864406779661017,291.0,140,295,1414,confirmatory_core__C_MH__fixed_time__1004,0,C_MH,1004,291,1413,0,0.15000000000000002,55.0,17.735314932767164,51.0,0.9992927864214993,1413.0,1.0360078329999851
surrogate,fixed_time,confirmatory_core,0.9999788997377379,0.09420032997046904,70.0,27.728476821192054,66.0,0.9901639344262295,302.0,140,305,1434,confirmatory_core__C_MH__fixed_time__1005,0,C_MH,1005,302,1433,0,0.14,55.0,18.30844382414515,52.0,0.999302649930265,1433.0,1.107342785000128
surrogate,fixed_time,confirmatory_core,0.9999982188451748,0.11419527550069425,70.0,29.743243243243242,65.0,0.9966329966329966,296.0,140,297,1422,confirmatory_core__C_MH__fixed_time__1006,0,C_MH,1006,296,1421,0,0.13,55.0,18.32371569317382,52.0,0.9992967651195499,1421.0,1.0475730190000831
surrogate,fixed_time,confirmatory_core,0.9999988927451432,0.10955652245260433,70.0,29.553264604810998,66.0,1.0,291.0,140,291,1427,confirmatory_core__C_MH__fixed_time__1007,0,C_MH,1007,291,1424,0,0.14,55.0,18.597612359550563,52.0,0.9978976874562018,1424.0,1.0516429560002507
surrogate,fixed_time,confirmatory_core,0.999999625462133,0.10981068393114662,70.0,30.17725752508361,66.0,0.9966666666666667,299.0,140,300,1420,confirmatory_core__C_MH__fixed_time__1008,0,C_MH,1008,299,1417,0,0.15000000000000002,55.0,19.19618913196895,51.0,0.997887323943662,1417.0,1.0704555010001968
surrogate,fixed_time,confirmatory_core,0.9999983856385306,0.11387652358240591,70.0,29.91216216216216,66.0,0.9932885906040269,296.0,140,298,1434,confirmatory_core__C_MH__fixed_time__1009,0,C_MH,1009,296,1428,0,0.15000000000000002,55.0,18.524509803921568,51.0,0.99581589958159,1428.0,1.1611058160001448
surrogate,fixed_time,confirmatory_core,0.9999979933402707,0.12487151550844128,70.0,30.939929328621908,67.0,0.9964788732394366,283.0,140,284,1441,confirmatory_core__C_MH__fixed_time__1010,0,C_MH,1010,283,1440,0,0.16000000000000003,55.0,18.45277777777778,51.0,0.9993060374739764,1440.0,1.1195828610002536
surrogate,fixed_time,confirmatory_core,0.9999992645074137,0.12003577240145774,70.0,30.32075471698113,65.0,0.9968652037617555,318.0,140,319,1405,confirmatory_core__C_MH__fixed_time__1011,0,C_MH,1011,318,1403,0,0.14,55.0,18.317177476835354,51.0,0.998576512455516,1403.0,1.057260217000021
surrogate,fixed_time,confirmatory_core,0.9999689859166166,0.11504245196031426,70.0,29.778947368421054,66.0,0.986159169550173,285.0,140,289,1431,confirmatory_core__C_MH__fixed_time__1012,0,C_MH,1012,285,1427,0,0.15000000000000002,55.0,18.274702172389627,51.0,0.9972047519217331,1427.0,1.0458610559999215
surrogate,fixed_time,confirmatory_core,0.9999823699637065,0.11468092005707126,70.0,30.062706270627064,66.0,0.9901960784313726,303.0,140,306,1376,confirmatory_core__C_MH__fixed_time__1013,0,C_MH,1013,303,1374,0,0.15000000000000002,55.0,18.59461426491994,51.0,0.998546511627907,1374.0,1.0387869139999566
surrogate,fixed_time,confirmatory_core,0.9999894595816338,0.12157518189781319,69.0,30.23465703971119,66.0,0.992831541218638,277.0,140,279,1427,confirmatory_core__C_MH__fixed_time__1014,0,C_MH,1014,277,1426,0,0.14,55.0,18.077138849929874,52.0,0.9992992291520673,1426.0,1.137933227999838
surrogate,fixed_time,confirmatory_core,0.9999607757681411,0.13850172671808444,69.0,31.445378151260503,65.0,0.9875518672199171,238.0,140,241,1460,confirmatory_core__C_MH__fixed_time__1015,0,C_MH,1015,238,1460,0,0.14,55.0,17.595205479452055,51.0,1.0,1460.0,1.0319885399999293
surrogate,fixed_time,confirmatory_core,0.9999402244409332,0.11035794907987026,70.0,29.007067137809187,67.0,0.9826388888888888,283.0,140,288,1465,confirmatory_core__C_MH__fixed_time__1016,0,C_MH,1016,283,1462,0,0.16000000000000003,55.0,17.971272229822162,51.0,0.9979522184300341,1462.0,1.0724132939999436
surrogate,fixed_time,confirmatory_core,0.9999738428485541,0.1170130359836242,70.0,30.864468864468865,67.0,0.9891304347826086,273.0,140,276,1429,confirmatory_core__C_MH__fixed_time__1017,0,C_MH,1017,273,1428,0,0.16000000000000003,55.0,19.163165266106443,51.0,0.9993002099370188,1428.0,1.1690828910000164
surrogate,fixed_time,confirmatory_core,0.9999775369670177,0.09892874423244793,70.0,28.021818181818183,65.0,0.9892086330935251,275.0,140,278,1460,confirmatory_core__C_MH__fixed_time__1018,0,C_MH,1018,275,1458,0,0.13,55.0,18.12894375857339,52.0,0.9986301369863013,1458.0,1.1565318689999913
surrogate,fixed_time,confirmatory_core,0.9999816068827083,0.1239856746307128,70.0,30.764285714285716,67.0,0.9893992932862191,280.0,140,283,1444,confirmatory_core__C_MH__fixed_time__1019,0,C_MH,1019,280,1441,0,0.15000000000000002,55.0,18.365718251214435,52.0,0.9979224376731302,1441.0,1.096056795000095
surrogate,fixed_time,confirmatory_core,0.9999639816710333,0.12702091118744083,70.0,30.884984025559106,67.0,0.9873817034700315,313.0,140,317,1439,confirmatory_core__C_MH__fixed_time__1020,0,C_MH,1020,313,1438,0,0.16000000000000003,55.0,18.18289290681502,51.0,0.9993050729673384,1438.0,1.0285827040002005
surrogate,fixed_time,confirmatory_core,0.9999830430457726,0.11428246490813027,70.0,30.95486111111111,64.0,0.9896907216494846,288.0,140,291,1412,confirmatory_core__C_MH__fixed_time__1021,0,C_MH,1021,288,1409,0,0.12,55.0,19.526614620298083,52.0,0.9978753541076487,1409.0,1.0952955059997294
surrogate,fixed_time,confirmatory_core,0.9999814846191016,0.09457583168337369,70.0,28.59197324414716,66.0,0.9900662251655629,299.0,140,302,1453,confirmatory_core__C_MH__fixed_time__1022,0,C_MH,1022,299,1451,0,0.15000000000000002,55.0,19.134390075809787,51.0,0.9986235375086029,1451.0,1.076910861000215
surrogate,fixed_time,confirmatory_core,0.9999279426769584,0.08668838798750572,70.0,27.267123287671232,67.0,0.9831649831649831,292.0,140,297,1399,confirmatory_core__C_MH__fixed_time__1023,0,C_MH,1023,292,1399,0,0.16000000000000003,55.0,18.598284488920658,51.0,1.0,1399.0,1.158589875999951
surrogate,fixed_time,confirmatory_core,0.9999925525967094,0.10013063223009216,70.0,28.69178082191781,64.0,0.9898305084745763,292.0,140,295,1473,confirmatory_core__C_MH__fixed_time__1024,0,C_MH,1024,292,1466,0,0.13,55.0,18.678717598908595,51.0,0.9952477936184657,1466.0,1.07899470700022
surrogate,fixed_time,confirmatory_core,0.9999929149185006,0.11720283621659766,70.0,30.83108108108108,66.0,0.9932885906040269,296.0,140,298,1419,confirmatory_core__C_MH__fixed_time__1025,0,C_MH,1025,296,1417,0,0.15000000000000002,55.0,19.110797459421313,51.0,0.9985905567300916,1417.0,1.1785160800000085
surrogate,fixed_time,confirmatory_core,0.9999572832123024,0.10631411685994652,70.0,28.970394736842106,66.0,0.987012987012987,304.0,140,308,1416,confirmatory_core__C_MH__fixed_time__1026,0,C_MH,1026,304,1416,0,0.15000000000000002,55.0,18.338983050847457,51.0,1.0,1416.0,1.1442160510000576
surrogate,fixed_time,confirmatory_core,0.9999989817408004,0.1272228160733625,70.0,31.051020408163264,66.0,0.9966101694915255,294.0,140,295,1453,confirmatory_core__C_MH__fixed_time__1027,0,C_MH,1027,294,1451,0,0.15000000000000002,55.0,18.328738800827015,51.0,0.9986235375086029,1451.0,1.0637418990004335
surrogate,fixed_time,confirmatory_core,0.9999500580575081,0.12260449351761574,70.0,30.97153024911032,67.0,0.9859649122807017,281.0,140,285,1471,confirmatory_core__C_MH__fixed_time__1028,0,C_MH,1028,281,1471,0,0.16000000000000003,55.0,18.711080897348744,51.0,1.0,1471.0,1.046294287999899
surrogate,fixed_time,confirmatory_core,0.9999961744202581,0.14385221401323095,70.0,31.945762711864408,67.0,0.9932659932659933,295.0,140,297,1408,confirmatory_core__C_MH__fixed_time__1029,0,C_MH,1029,295,1404,0,0.17000000000000004,55.0,17.56054131054131,50.0,0.9971590909090909,1404.0,1.0864756239998314
surrogate,fixed_time,confirmatory_core,0.9999455374770236,0.11050428870585657,70.0,29.74721189591078,66.0,0.9853479853479854,269.0,140,273,1461,confirmatory_core__C_MH__fixed_time__1030,0,C_MH,1030,269,1461,0,0.14,55.0,18.69678302532512,52.0,1.0,1461.0,1.0277149200001077
surrogate,efficiency,confirmatory_core,0.999998784416216,0.014483026072430044,20.0,3.324324324324324,10.0,1.0,296.0,365,296,454,confirmatory_core__C_ML__efficiency__1001,0,C_ML,1001,296,453,0,0.07999999999999999,48.0,4.772626931567329,18.0,0.9977973568281938,453.0,1.0724460920000638
surrogate,efficiency,confirmatory_core,0.9999985793880573,0.018158893824476167,19.0,2.9430604982206408,9.0,1.0,281.0,349,281,420,confirmatory_core__C_ML__efficiency__1002,0,C_ML,1002,281,419,0,0.11000000000000001,44.0,4.758949880668258,20.0,0.9976190476190476,419.0,1.1032329499998923
surrogate,efficiency,confirmatory_core,0.9999970578716645,0.013379068122094193,19.0,2.8900343642611683,10.0,0.9965753424657534,291.0,339,292,408,confirmatory_core__C_ML__efficiency__1003,0,C_ML,1003,291,408,0,0.07999999999999999,43.0,4.227941176470588,18.0,1.0,408.0,1.0596007419999296
surrogate,efficiency,confirmatory_core,1.0,0.016774156582324902,20.0,3.2508250825082508,10.0,1.0,303.0,358,303,432,confirmatory_core__C_ML__efficiency__1004,0,C_ML,1004,303,432,0,0.07999999999999999,47.0,4.9282407407407405,18.0,1.0,432.0,1.0608000030001676
surrogate,efficiency,confirmatory_core,1.0,0.0184689680308237,20.0,3.120274914089347,10.0,1.0,291.0,351,291,396,confirmatory_core__C_ML__efficiency__1005,0,C_ML,1005,291,396,0,0.09,44.0,4.967171717171717,19.0,1.0,396.0,1.0686336030003076
surrogate,efficiency,confirmatory_core,0.9999898577035813,0.021661032420765995,18.0,2.753993610223642,9.0,0.9936507936507937,313.0,338,315,413,confirmatory_core__C_ML__efficiency__1006,0,C_ML,1006,313,413,0,0.1,41.0,4.920096852300242,19.0,1.0,413.0,1.0671244630002548
surrogate,efficiency,confirmatory_core,0.999994463698471,0.017200204240420153,29.0,3.1030927835051547,9.0,1.0,291.0,346,291,426,confirmatory_core__C_ML__efficiency__1007,0,C_ML,1007,291,424,0,0.1,49.0,4.82311320754717,19.0,0.9953051643192489,424.0,1.045822441999917
surrogate,efficiency,confirmatory_core,0.9999972679536426,0.018893580455427654,24.0,3.423841059602649,10.0,0.9966996699669967,302.0,352,303,447,confirmatory_core__C_ML__efficiency__1008,0,C_ML,1008,302,447,0,0.1,48.0,5.313199105145414,20.0,1.0,447.0,1.0461091899996973
surrogate,efficiency,confirmatory_core,1.0,0.023431869960736155,19.0,2.855305466237942,10.0,1.0,311.0,340,311,398,confirmatory_core__C_ML__efficiency__1009,0,C_ML,1009,311,398,0,0.10999999999999999,57.0,5.198492462311558,21.0,1.0,398.0,1.0422792109998227
surrogate,efficiency,confirmatory_core,1.0,0.01919806384092098,25.0,3.445578231292517,11.0,1.0,294.0,348,294,416,confirmatory_core__C_ML__efficiency__1010,0,C_ML,1010,294,416,0,0.08,58.0,5.365384615384615,19.0,1.0,416.0,1.0552887380003995
surrogate,efficiency,confirmatory_core,1.0,0.016944267724083834,19.0,3.079245283018868,10.0,1.0,265.0,350,265,433,confirmatory_core__C_ML__efficiency__1011,0,C_ML,1011,265,433,0,0.09,39.0,4.773672055427252,19.0,1.0,433.0,1.0986670130000675
surrogate,efficiency,confirmatory_core,0.9999975662112237,0.023227722019464714,20.0,2.871875,9.0,0.9968847352024922,320.0,356,321,411,confirmatory_core__C_ML__efficiency__1012,0,C_ML,1012,320,411,0,0.09,42.0,5.194647201946472,18.0,1.0,411.0,1.069692559000032
surrogate,efficiency,confirmatory_core,1.0,0.021723628484191862,18.0,3.352112676056338,10.0,1.0,284.0,359,284,429,confirmatory_core__C_ML__efficiency__1013,0,C_ML,1013,284,429,0,0.09,37.0,5.524475524475524,19.0,1.0,429.0,1.0633753229999456
surrogate,efficiency,confirmatory_core,0.9999931471646393,0.015568617733972064,18.0,2.493006993006993,9.0,1.0,286.0,330,286,383,confirmatory_core__C_ML__efficiency__1014,0,C_ML,1014,286,381,0,0.09,47.0,4.0498687664042,18.0,0.9947780678851175,381.0,1.0697652940002627
surrogate,efficiency,confirmatory_core,1.0,0.02049208491839489,24.0,3.192170818505338,9.0,1.0,281.0,351,281,435,confirmatory_core__C_ML__efficiency__1015,0,C_ML,1015,281,435,0,0.09,37.0,5.241379310344827,18.0,1.0,435.0,1.108595742000034
surrogate,efficiency,confirmatory_core,1.0,0.016202284289612887,27.0,3.298507462686567,12.0,1.0,268.0,343,268,443,confirmatory_core__C_ML__efficiency__1016,0,C_ML,1016,268,443,0,0.07,36.0,4.918735891647856,19.0,1.0,443.0,1.0786809109999922
surrogate,efficiency,confirmatory_core,1.0,0.01600942858623012,19.0,3.082474226804124,14.0,1.0,291.0,333,291,398,confirmatory_core__C_ML__efficiency__1017,0,C_ML,1017,291,398,0,0.03999999999999998,39.0,4.683417085427136,18.0,1.0,398.0,1.0505743150001763
surrogate,efficiency,confirmatory_core,1.0,0.02133372365339578,20.0,3.1737704918032787,11.0,1.0,305.0,349,305,420,confirmatory_core__C_ML__efficiency__1018,0,C_ML,1018,305,420,0,0.08,48.0,5.307142857142857,19.0,1.0,420.0,1.0645109669999329
surrogate,efficiency,confirmatory_core,1.0,0.015670016463163666,29.0,3.097972972972973,10.0,1.0,296.0,348,296,394,confirmatory_core__C_ML__efficiency__1019,0,C_ML,1019,296,394,0,0.07999999999999999,44.0,4.66497461928934,18.0,1.0,394.0,1.0640796819998286
surrogate,efficiency,confirmatory_core,0.9999936552249225,0.021929127338963406,19.0,2.7868852459016393,9.0,1.0,305.0,341,305,398,confirmatory_core__C_ML__efficiency__1020,0,C_ML,1020,305,396,0,0.1,40.0,4.97979797979798,19.0,0.9949748743718593,396.0,1.0649244989999715
surrogate,efficiency,confirmatory_core,1.0,0.014424282728481855,39.0,3.4259927797833933,10.0,1.0,277.0,357,277,418,confirmatory_core__C_ML__efficiency__1021,0,C_ML,1021,277,418,0,0.07,79.0,4.868421052631579,17.0,1.0,418.0,1.0497919670001465
surrogate,efficiency,confirmatory_core,1.0,0.019971339239187078,22.0,2.871287128712871,10.0,1.0,303.0,336,303,380,confirmatory_core__C_ML__efficiency__1022,0,C_ML,1022,303,380,0,0.07999999999999999,45.0,4.868421052631579,18.0,1.0,380.0,1.0718740960001014
surrogate,efficiency,confirmatory_core,1.0,0.016387622257467618,18.0,2.9621993127147768,9.0,1.0,291.0,340,291,416,confirmatory_core__C_ML__efficiency__1023,0,C_ML,1023,291,416,0,0.1,46.0,4.600961538461538,19.0,1.0,416.0,1.0696817979996922
surrogate,efficiency,confirmatory_core,0.999998606096932,0.021010696814362288,20.0,3.293729372937294,9.0,1.0,303.0,355,303,424,confirmatory_core__C_ML__efficiency__1024,0,C_ML,1024,303,423,0,0.11000000000000001,40.0,5.3947990543735225,20.0,0.9976415094339622,423.0,1.0444929729997057
surrogate,efficiency,confirmatory_core,0.9999942492380239,0.02125627090301004,20.0,2.9464882943143813,9.0,1.0,299.0,346,299,418,confirmatory_core__C_ML__efficiency__1025,0,C_ML,1025,299,416,0,0.1,40.0,5.072115384615385,19.0,0.9952153110047847,416.0,1.054786439000054
surrogate,efficiency,confirmatory_core,1.0,0.024172037914691944,19.0,2.77,9.0,1.0,300.0,341,300,422,confirmatory_core__C_ML__efficiency__1026,0,C_ML,1026,300,422,0,0.1,43.0,5.187203791469194,19.0,1.0,422.0,1.129881870999725
surrogate,efficiency,confirmatory_core,1.0,0.01651154435715654,17.0,3.003257328990228,10.0,1.0,307.0,347,307,408,confirmatory_core__C_ML__efficiency__1027,0,C_ML,1027,307,408,0,0.07999999999999999,38.0,4.654411764705882,18.0,1.0,408.0,1.1135035339998467
surrogate,efficiency,confirmatory_core,1.0,0.016903980099502492,20.0,2.73,9.0,1.0,300.0,350,300,402,confirmatory_core__C_ML__efficiency__1028,0,C_ML,1028,300,402,0,0.08000000000000002,40.0,4.420398009950249,17.0,1.0,402.0,1.1227278830001524
surrogate,efficiency,confirmatory_core,1.0,0.017865686944634314,20.0,2.9837662337662336,10.0,1.0,308.0,350,308,418,confirmatory_core__C_ML__efficiency__1029,0,C_ML,1029,308,418,0,0.09,45.0,4.770334928229665,19.0,1.0,418.0,1.0836882190001234
surrogate,efficiency,confirmatory_core,1.0,0.01867098630883455,20.0,3.1588447653429603,10.0,1.0,277.0,346,277,424,confirmatory_core__C_ML__efficiency__1030,0,C_ML,1030,277,424,0,0.09,48.0,5.025943396226415,19.0,1.0,424.0,1.0866372640002737
surrogate,efpb,confirmatory_core,0.999998784416216,0.003650587673766484,20.0,3.7364864864864864,13.0,1.0,296.0,361,296,454,confirmatory_core__C_ML__efpb__1001,0,C_ML,1001,296,453,0,0.03,38.0,4.101545253863135,16.0,0.9977973568281938,453.0,32.41720050799995
surrogate,efpb,confirmatory_core,0.9999943040065618,0.002398729758722268,23.0,3.6476868327402134,14.0,1.0,281.0,349,281,420,confirmatory_core__C_ML__efpb__1002,0,C_ML,1002,281,418,0,0.01999999999999999,32.0,3.88755980861244,16.0,0.9952380952380953,418.0,34.55693543899997
surrogate,efpb,confirmatory_core,0.9999970578716645,0.004251061249241961,24.0,3.5945017182130585,13.0,0.9965753424657534,291.0,338,292,408,confirmatory_core__C_ML__efpb__1003,0,C_ML,1003,291,408,0,0.01999999999999999,33.0,4.019607843137255,15.0,1.0,408.0,33.26709433199994
surrogate,efpb,confirmatory_core,0.9999986573035969,0.010489765913946382,20.0,3.366336633663366,15.0,1.0,303.0,348,303,432,confirmatory_core__C_ML__efpb__1004,0,C_ML,1004,303,431,0,0.020000000000000018,47.0,4.4153132250580045,17.0,0.9976851851851852,431.0,34.54914954100013
surrogate,efpb,confirmatory_core,1.0,0.00738909715713839,19.0,3.6323024054982818,14.0,1.0,291.0,345,291,396,confirmatory_core__C_ML__efpb__1005,0,C_ML,1005,291,396,0,0.03,32.0,4.371212121212121,17.0,1.0,396.0,33.447048756000186
surrogate,efpb,confirmatory_core,0.9999898577035813,0.009628913351228834,28.0,3.463258785942492,14.0,0.9936507936507937,313.0,337,315,413,confirmatory_core__C_ML__efpb__1006,0,C_ML,1006,313,413,0,0.03,29.0,4.426150121065375,17.0,1.0,413.0,34.58129723299999
surrogate,efpb,confirmatory_core,0.999994463698471,0.004319117551708482,19.0,3.570446735395189,13.0,1.0,291.0,344,291,426,confirmatory_core__C_ML__efpb__1007,0,C_ML,1007,291,424,0,0.03,48.0,4.002358490566038,16.0,0.9953051643192489,424.0,35.021291953999935
surrogate,efpb,confirmatory_core,0.9999972679536426,0.0012625005555802413,25.0,4.155629139072848,16.0,0.9966996699669967,302.0,346,303,447,confirmatory_core__C_ML__efpb__1008,0,C_ML,1008,302,447,0,0.010000000000000009,37.0,4.281879194630872,17.0,1.0,447.0,35.87183092899977
surrogate,efpb,confirmatory_core,1.0,0.004176105608427995,19.0,4.112540192926045,15.0,1.0,311.0,335,311,398,confirmatory_core__C_ML__efpb__1009,0,C_ML,1009,311,398,0,0.020000000000000018,39.0,4.530150753768845,17.0,1.0,398.0,37.13109196200003
surrogate,efpb,confirmatory_core,1.0,0.0070805533751962385,25.0,4.1020408163265305,13.0,1.0,294.0,347,294,416,confirmatory_core__C_ML__efpb__1010,0,C_ML,1010,294,416,0,0.04999999999999999,35.0,4.810096153846154,18.0,1.0,416.0,33.872342476000085
surrogate,efpb,confirmatory_core,0.9999856521801511,0.005738547054329593,19.0,3.714828897338403,16.0,0.9924528301886792,263.0,347,265,433,confirmatory_core__C_ML__efpb__1011,0,C_ML,1011,263,433,0,0.010000000000000009,28.0,4.288683602771362,17.0,1.0,433.0,32.276828040000055
surrogate,efpb,confirmatory_core,0.9999975662112237,0.011519084549878343,22.0,3.346875,13.0,0.9968847352024922,320.0,348,321,411,confirmatory_core__C_ML__efpb__1012,0,C_ML,1012,320,411,0,0.03,30.0,4.4987834549878345,16.0,1.0,411.0,34.42792276499995
surrogate,efpb,confirmatory_core,0.9999986384369256,0.0023249308937738494,19.0,4.496478873239437,16.0,1.0,284.0,356,284,429,confirmatory_core__C_ML__efpb__1013,0,C_ML,1013,284,428,0,0.010000000000000009,27.0,4.728971962616822,17.0,0.9976689976689976,428.0,33.18810872300037
surrogate,efpb,confirmatory_core,0.9999931471646393,0.005354973110878628,18.0,3.0734265734265733,13.0,1.0,286.0,327,286,383,confirmatory_core__C_ML__efpb__1014,0,C_ML,1014,286,381,0,0.01999999999999999,29.0,3.608923884514436,15.0,0.9947780678851175,381.0,34.25971836999997
surrogate,efpb,confirmatory_core,1.0,0.006444553523949764,28.0,4.160142348754448,15.0,1.0,281.0,349,281,435,confirmatory_core__C_ML__efpb__1015,0,C_ML,1015,281,435,0,0.020000000000000018,31.0,4.804597701149425,17.0,1.0,435.0,34.33525120500008
surrogate,efpb,confirmatory_core,1.0,0.005832519119975746,27.0,3.6492537313432836,15.0,1.0,268.0,340,268,443,confirmatory_core__C_ML__efpb__1016,0,C_ML,1016,268,443,0,0.010000000000000009,36.0,4.232505643340858,16.0,1.0,443.0,28.74509523200004
surrogate,efpb,confirmatory_core,1.0,0.0037021015731578816,19.0,3.6323024054982818,14.0,1.0,291.0,332,291,398,confirmatory_core__C_ML__efpb__1017,0,C_ML,1017,291,398,0,0.009999999999999981,37.0,4.00251256281407,15.0,1.0,398.0,33.428618859999915
surrogate,efpb,confirmatory_core,1.0,0.008552302888368467,25.0,3.8852459016393444,14.0,1.0,305.0,349,305,420,confirmatory_core__C_ML__efpb__1018,0,C_ML,1018,305,420,0,0.03,41.0,4.7404761904761905,17.0,1.0,420.0,34.29331873199999
surrogate,efpb,confirmatory_core,1.0,0.008993517629304427,21.0,3.516891891891892,12.0,1.0,296.0,350,296,394,confirmatory_core__C_ML__efpb__1019,0,C_ML,1019,296,394,0,0.05000000000000002,28.0,4.416243654822335,17.0,1.0,394.0,33.99920544400038
surrogate,efpb,confirmatory_core,0.99999841778661,0.008640459181566668,19.0,3.3475409836065575,12.0,1.0,305.0,338,305,398,confirmatory_core__C_ML__efpb__1020,0,C_ML,1020,305,397,0,0.04000000000000001,40.0,4.211586901763225,16.0,0.9974874371859297,397.0,35.42006195800013
surrogate,efpb,confirmatory_core,1.0,0.0021447325237938936,39.0,3.740072202166065,14.0,1.0,277.0,352,277,418,confirmatory_core__C_ML__efpb__1021,0,C_ML,1021,277,418,0,0.01999999999999999,26.0,3.9545454545454546,16.0,1.0,418.0,34.115657547999945
surrogate,efpb,confirmatory_core,1.0,0.012377887788778876,19.0,3.112211221122112,12.0,1.0,303.0,339,303,380,confirmatory_core__C_ML__efpb__1022,0,C_ML,1022,303,380,0,0.05000000000000002,34.0,4.35,17.0,1.0,380.0,35.13896057900001
surrogate,efpb,confirmatory_core,1.0,0.0022644891620407157,19.0,3.790378006872852,14.0,1.0,291.0,340,291,416,confirmatory_core__C_ML__efpb__1023,0,C_ML,1023,291,416,0,0.009999999999999981,35.0,4.016826923076923,15.0,1.0,416.0,34.88232074999996
surrogate,efpb,confirmatory_core,0.9999972679536426,0.006182681494439582,24.0,4.211920529801325,15.0,0.9966996699669967,302.0,355,303,424,confirmatory_core__C_ML__efpb__1024,0,C_ML,1024,302,424,0,0.03,30.0,4.830188679245283,18.0,1.0,424.0,33.10617467599968
surrogate,efpb,confirmatory_core,0.9999997720529668,0.010236991614761881,19.0,3.412751677852349,12.0,0.9966555183946488,298.0,346,299,418,confirmatory_core__C_ML__efpb__1025,0,C_ML,1025,298,417,0,0.05000000000000002,28.0,4.436450839328537,17.0,0.9976076555023924,417.0,32.51768028100014
surrogate,efpb,confirmatory_core,1.0,0.010998104265402847,33.0,3.54,14.0,1.0,300.0,343,300,422,confirmatory_core__C_ML__efpb__1026,0,C_ML,1026,300,422,0,0.03,29.0,4.639810426540285,17.0,1.0,422.0,34.64365715299982
surrogate,efpb,confirmatory_core,1.0,0.004686322411700833,29.0,3.6514657980456025,15.0,1.0,307.0,343,307,408,confirmatory_core__C_ML__efpb__1027,0,C_ML,1027,307,408,0,0.010000000000000009,34.0,4.120098039215686,16.0,1.0,408.0,32.42811181700017
surrogate,efpb,confirmatory_core,1.0,0.008594527363184074,19.0,3.0833333333333335,12.0,1.0,300.0,347,300,402,confirmatory_core__C_ML__efpb__1028,0,C_ML,1028,300,402,0,0.04000000000000001,25.0,3.942786069651741,16.0,1.0,402.0,35.17179444900012
surrogate,efpb,confirmatory_core,1.0,0.006896787423103207,19.0,3.3701298701298703,11.0,1.0,308.0,345,308,418,confirmatory_core__C_ML__efpb__1029,0,C_ML,1029,308,418,0,0.039999999999999994,45.0,4.059808612440191,15.0,1.0,418.0,34.853473614999984
surrogate,efpb,confirmatory_core,1.0,0.003972396294530341,20.0,3.949458483754513,14.0,1.0,277.0,340,277,424,confirmatory_core__C_ML__efpb__1030,0,C_ML,1030,277,424,0,0.03,30.0,4.346698113207547,17.0,1.0,424.0,33.45747258500023
surrogate,equal_bargaining,confirmatory_core,0.999998784416216,0.0030746972137700584,18.0,4.364864864864865,14.0,1.0,296.0,357,296,454,confirmatory_core__C_ML__equal_bargaining__1001,0,C_ML,1001,296,453,0,0.01999999999999999,28.0,4.057395143487859,16.0,0.9977973568281938,453.0,21.03750821099993
surrogate,equal_bargaining,confirmatory_core,0.9999943040065618,0.004501353675356298,19.0,3.473309608540925,13.0,1.0,281.0,346,281,420,confirmatory_core__C_ML__equal_bargaining__1002,0,C_ML,1002,281,418,0,0.03,23.0,3.923444976076555,16.0,0.9952380952380953,418.0,18.822960169999988
surrogate,equal_bargaining,confirmatory_core,0.9999970578716645,0.004583080654942395,19.0,3.683848797250859,13.0,0.9965753424657534,291.0,340,292,408,confirmatory_core__C_ML__equal_bargaining__1003,0,C_ML,1003,291,408,0,0.01999999999999999,23.0,4.142156862745098,15.0,1.0,408.0,18.88940492599977
surrogate,equal_bargaining,confirmatory_core,0.9999986573035969,0.005284663037069363,20.0,3.798679867986799,15.0,1.0,303.0,348,303,432,confirmatory_core__C_ML__equal_bargaining__1004,0,C_ML,1004,303,431,0,0.020000000000000018,28.0,4.327146171693736,17.0,0.9976851851851852,431.0,18.845425236999745
surrogate,equal_bargaining,confirmatory_core,1.0,0.006163959179423098,19.0,3.7800687285223367,15.0,1.0,291.0,344,291,396,confirmatory_core__C_ML__equal_bargaining__1005,0,C_ML,1005,291,396,0,0.020000000000000018,25.0,4.396464646464646,17.0,1.0,396.0,18.81563534099996
surrogate,equal_bargaining,confirmatory_core,0.9999898577035813,0.0073548182472209095,19.0,3.7124600638977636,16.0,0.9936507936507937,313.0,340,315,413,confirmatory_core__C_ML__equal_bargaining__1006,0,C_ML,1006,313,413,0,0.010000000000000009,29.0,4.447941888619854,17.0,1.0,413.0,20.182591232999584
surrogate,equal_bargaining,confirmatory_core,0.999994463698471,0.0032701160604292276,19.0,3.852233676975945,14.0,1.0,291.0,344,291,426,confirmatory_core__C_ML__equal_bargaining__1007,0,C_ML,1007,291,424,0,0.01999999999999999,28.0,4.179245283018868,16.0,0.9953051643192489,424.0,19.76166756800012
surrogate,equal_bargaining,confirmatory_core,0.9999972679536426,0.00045787220172748694,20.0,4.327814569536423,15.0,0.9966996699669967,302.0,348,303,447,confirmatory_core__C_ML__equal_bargaining__1008,0,C_ML,1008,302,447,0,0.020000000000000018,26.0,4.373601789709173,17.0,1.0,447.0,19.53914959399981
surrogate,equal_bargaining,confirmatory_core,1.0,0.006154163098450453,19.0,4.196141479099678,15.0,1.0,311.0,333,311,398,confirmatory_core__C_ML__equal_bargaining__1009,0,C_ML,1009,311,398,0,0.03,25.0,4.811557788944723,18.0,1.0,398.0,18.65790471299988
surrogate,equal_bargaining,confirmatory_core,1.0,0.004671964939822089,19.0,4.374149659863946,15.0,1.0,294.0,346,294,416,confirmatory_core__C_ML__equal_bargaining__1010,0,C_ML,1010,294,416,0,0.020000000000000018,28.0,4.841346153846154,17.0,1.0,416.0,19.501774340999873
surrogate,equal_bargaining,confirmatory_core,0.9999856521801511,0.007820757119398662,18.0,3.6197718631178706,16.0,0.9924528301886792,263.0,345,265,433,confirmatory_core__C_ML__equal_bargaining__1011,0,C_ML,1011,263,433,0,0.01999999999999999,28.0,4.401847575057737,18.0,1.0,433.0,18.04636721199995
surrogate,equal_bargaining,confirmatory_core,0.9999975662112237,0.010834093673965942,19.0,3.65625,14.0,0.9968847352024922,320.0,351,321,411,confirmatory_core__C_ML__equal_bargaining__1012,0,C_ML,1012,320,411,0,0.03,30.0,4.739659367396594,17.0,1.0,411.0,18.21070375499994
surrogate,equal_bargaining,confirmatory_core,0.9999986384369256,0.0018629064104251705,19.0,4.633802816901408,17.0,1.0,284.0,357,284,429,confirmatory_core__C_ML__equal_bargaining__1013,0,C_ML,1013,284,428,0,0.0,27.0,4.820093457943925,17.0,0.9976689976689976,428.0,18.986922993000007
surrogate,equal_bargaining,confirmatory_core,0.999950409124721,0.0034536044293835624,18.0,3.2943262411347516,13.0,0.986013986013986,282.0,329,286,383,confirmatory_core__C_ML__equal_bargaining__1014,0,C_ML,1014,282,383,0,0.01999999999999999,29.0,3.6396866840731072,15.0,1.0,383.0,18.197028300000056
surrogate,equal_bargaining,confirmatory_core,1.0,0.009007731009939873,19.0,3.9750889679715304,14.0,1.0,281.0,346,281,435,confirmatory_core__C_ML__equal_bargaining__1015,0,C_ML,1015,281,435,0,0.03,26.0,4.875862068965517,17.0,1.0,435.0,17.7528744440001
surrogate,equal_bargaining,confirmatory_core,1.0,0.005143441932549439,19.0,3.8694029850746268,15.0,1.0,268.0,340,268,443,confirmatory_core__C_ML__equal_bargaining__1016,0,C_ML,1016,268,443,0,0.020000000000000018,31.0,4.383747178329571,17.0,1.0,443.0,18.012113041000248
surrogate,equal_bargaining,confirmatory_core,1.0,0.0025717936762852042,19.0,3.6975945017182132,14.0,1.0,291.0,330,291,398,confirmatory_core__C_ML__equal_bargaining__1017,0,C_ML,1017,291,398,0,0.009999999999999981,29.0,3.9547738693467336,15.0,1.0,398.0,17.48466373400015
surrogate,equal_bargaining,confirmatory_core,1.0,0.004943013270882125,19.0,4.4295081967213115,15.0,1.0,305.0,349,305,420,confirmatory_core__C_ML__equal_bargaining__1018,0,C_ML,1018,305,420,0,0.020000000000000018,30.0,4.923809523809524,17.0,1.0,420.0,19.812529971000004
surrogate,equal_bargaining,confirmatory_core,1.0,0.004953868843462744,18.0,3.7736486486486487,15.0,1.0,296.0,348,296,394,confirmatory_core__C_ML__equal_bargaining__1019,0,C_ML,1019,296,394,0,0.010000000000000009,28.0,4.269035532994923,16.0,1.0,394.0,19.83044421300019
surrogate,equal_bargaining,confirmatory_core,0.99999841778661,0.002079861254490646,19.0,4.059016393442623,15.0,1.0,305.0,334,305,398,confirmatory_core__C_ML__equal_bargaining__1020,0,C_ML,1020,305,397,0,0.010000000000000009,28.0,4.267002518891688,16.0,0.9974874371859297,397.0,18.35403996099967
surrogate,equal_bargaining,confirmatory_core,1.0,0.006888052096108342,19.0,3.631768953068592,13.0,1.0,277.0,349,277,418,confirmatory_core__C_ML__equal_bargaining__1021,0,C_ML,1021,277,418,0,0.04000000000000001,29.0,4.320574162679426,17.0,1.0,418.0,17.74323090400003
surrogate,equal_bargaining,confirmatory_core,1.0,0.01052709744658676,19.0,3.376237623762376,12.0,1.0,303.0,338,303,380,confirmatory_core__C_ML__equal_bargaining__1022,0,C_ML,1022,303,380,0,0.05000000000000002,28.0,4.428947368421053,17.0,1.0,380.0,18.57316224899978
surrogate,equal_bargaining,confirmatory_core,1.0,0.001161776367961942,19.0,4.154639175257732,16.0,1.0,291.0,340,291,416,confirmatory_core__C_ML__equal_bargaining__1023,0,C_ML,1023,291,416,0,0.010000000000000009,25.0,4.038461538461538,15.0,1.0,416.0,19.545842285000163
surrogate,equal_bargaining,confirmatory_core,0.9999972679536426,0.0035164938148194505,19.0,4.417218543046357,15.0,0.9966996699669967,302.0,354,303,424,confirmatory_core__C_ML__equal_bargaining__1024,0,C_ML,1024,302,424,0,0.020000000000000018,30.0,4.768867924528302,17.0,1.0,424.0,19.02939696600015
surrogate,equal_bargaining,confirmatory_core,0.9999994772097255,0.0016489739287558064,19.0,4.1644295302013425,15.0,0.9966555183946488,298.0,344,299,418,confirmatory_core__C_ML__equal_bargaining__1025,0,C_ML,1025,298,416,0,0.010000000000000009,28.0,4.329326923076923,16.0,0.9952153110047847,416.0,18.324779580999802
surrogate,equal_bargaining,confirmatory_core,1.0,0.005539652448657187,33.0,3.8133333333333335,15.0,1.0,300.0,343,300,422,confirmatory_core__C_ML__equal_bargaining__1026,0,C_ML,1026,300,422,0,0.010000000000000009,28.0,4.367298578199052,16.0,1.0,422.0,18.850482149000072
surrogate,equal_bargaining,confirmatory_core,1.0,0.0030576579165868326,19.0,4.185667752442996,16.0,1.0,307.0,343,307,408,confirmatory_core__C_ML__equal_bargaining__1027,0,C_ML,1027,307,408,0,0.01999999999999999,27.0,3.8799019607843137,14.0,1.0,408.0,18.903372732000207
surrogate,equal_bargaining,confirmatory_core,1.0,0.0028800995024875625,19.0,3.4433333333333334,13.0,1.0,300.0,345,300,402,confirmatory_core__C_ML__equal_bargaining__1028,0,C_ML,1028,300,402,0,0.01999999999999999,29.0,3.7313432835820897,15.0,1.0,402.0,18.061022169999887
surrogate,equal_bargaining,confirmatory_core,1.0,0.003675666438824332,19.0,3.6396103896103895,13.0,1.0,308.0,344,308,418,confirmatory_core__C_ML__equal_bargaining__1029,0,C_ML,1029,308,418,0,0.01999999999999999,27.0,4.007177033492823,15.0,1.0,418.0,19.851058174000173
surrogate,equal_bargaining,confirmatory_core,1.0,0.003941063279068194,20.0,4.046931407942238,13.0,1.0,277.0,340,277,424,confirmatory_core__C_ML__equal_bargaining__1030,0,C_ML,1030,277,424,0,0.04000000000000001,30.0,4.441037735849057,17.0,1.0,424.0,18.613465408999673
surrogate,fixed_time,confirmatory_core,0.9999971369838696,0.0828067647278429,70.0,28.776271186440677,63.0,0.9966216216216216,295.0,140,296,454,confirmatory_core__C_ML__fixed_time__1001,0,C_ML,1001,295,454,0,0.10999999999999999,55.0,20.495594713656388,52.0,1.0,454.0,1.1142294749997745
surrogate,fixed_time,confirmatory_core,0.9999486158391676,0.11241301358088363,70.0,28.743682310469314,65.0,0.9857651245551602,277.0,140,281,420,confirmatory_core__C_ML__fixed_time__1002,0,C_ML,1002,277,420,0,0.14,55.0,17.502380952380953,51.0,1.0,420.0,1.1724408889999722
surrogate,fixed_time,confirmatory_core,0.999952439836393,0.07838643790849673,70.0,26.45138888888889,64.0,0.9863013698630136,288.0,140,292,408,confirmatory_core__C_ML__fixed_time__1003,0,C_ML,1003,288,408,0,0.12,55.0,18.612745098039216,52.0,1.0,408.0,1.1632737569998426
surrogate,fixed_time,confirmatory_core,0.9999890356888329,0.12294396763873505,70.0,29.375415282392026,67.0,0.9933993399339934,301.0,140,303,432,confirmatory_core__C_ML__fixed_time__1004,0,C_ML,1004,301,432,0,0.17000000000000004,55.0,17.08101851851852,50.0,1.0,432.0,1.0986664849997396
surrogate,fixed_time,confirmatory_core,0.9999970375812444,0.13601950539881574,70.0,30.182758620689654,67.0,0.9965635738831615,290.0,140,291,396,confirmatory_core__C_ML__fixed_time__1005,0,C_ML,1005,290,396,0,0.17000000000000004,55.0,16.58080808080808,50.0,1.0,396.0,1.0864357350001228
surrogate,fixed_time,confirmatory_core,0.9999591724250559,0.11357504885435563,70.0,28.810289389067524,66.0,0.9873015873015873,311.0,140,315,413,confirmatory_core__C_ML__fixed_time__1006,0,C_ML,1006,311,413,0,0.17000000000000004,55.0,17.45278450363196,49.0,1.0,413.0,1.0839272419998451
surrogate,fixed_time,confirmatory_core,0.9999731543624162,0.12303159233176841,70.0,29.225694444444443,66.0,0.9896907216494846,288.0,140,291,426,confirmatory_core__C_ML__fixed_time__1007,0,C_ML,1007,288,426,0,0.17000000000000004,55.0,16.922535211267604,49.0,1.0,426.0,1.1329162859997268
surrogate,fixed_time,confirmatory_core,0.9999307912497994,0.1125838926174497,70.0,29.969798657718123,66.0,0.9834983498349835,298.0,140,303,447,confirmatory_core__C_ML__fixed_time__1008,0,C_ML,1008,298,447,0,0.14,55.0,18.711409395973153,52.0,1.0,447.0,1.0643531229998189
surrogate,fixed_time,confirmatory_core,0.9999895942810169,0.13698159080190594,70.0,30.414239482200646,66.0,0.9935691318327974,309.0,140,311,398,confirmatory_core__C_ML__fixed_time__1009,0,C_ML,1009,309,398,0,0.14,55.0,16.71608040201005,52.0,1.0,398.0,1.1299733490000108
surrogate,fixed_time,confirmatory_core,0.9999970978320804,0.14071344184825416,70.0,32.01365187713311,67.0,0.9965986394557823,293.0,140,294,416,confirmatory_core__C_ML__fixed_time__1010,0,C_ML,1010,293,416,0,0.16000000000000003,55.0,17.942307692307693,51.0,1.0,416.0,1.140405061000365
surrogate,fixed_time,confirmatory_core,0.9999675953596555,0.11486531036792838,69.0,29.454198473282442,65.0,0.9886792452830189,262.0,140,265,433,confirmatory_core__C_ML__fixed_time__1011,0,C_ML,1011,262,433,0,0.16000000000000003,55.0,17.967667436489606,49.0,1.0,433.0,1.1368473380002797
surrogate,fixed_time,confirmatory_core,0.9999110082762303,0.11773931178310743,70.0,29.323809523809523,68.0,0.9813084112149533,315.0,140,321,411,confirmatory_core__C_ML__fixed_time__1012,0,C_ML,1012,315,411,0,0.17000000000000004,55.0,17.549878345498783,51.0,1.0,411.0,1.0988992279999366
surrogate,fixed_time,confirmatory_core,0.9998860326706345,0.0878896882494005,70.0,27.12230215827338,65.0,0.9788732394366197,278.0,140,284,429,confirmatory_core__C_ML__fixed_time__1013,0,C_ML,1013,278,429,0,0.15000000000000002,55.0,18.333333333333332,50.0,1.0,429.0,1.0716937050001434
surrogate,fixed_time,confirmatory_core,0.9998876376438863,0.12601734427452443,70.0,29.392857142857142,67.0,0.9790209790209791,280.0,140,286,383,confirmatory_core__C_ML__fixed_time__1014,0,C_ML,1014,280,383,0,0.17000000000000004,55.0,16.7911227154047,50.0,1.0,383.0,1.0663301710001178
surrogate,fixed_time,confirmatory_core,0.9999968225926373,0.14714162561576355,70.0,32.010714285714286,66.0,0.99644128113879,280.0,140,281,435,confirmatory_core__C_ML__fixed_time__1015,0,C_ML,1015,280,435,0,0.16000000000000003,55.0,17.29655172413793,50.0,1.0,435.0,1.091734236999855
surrogate,fixed_time,confirmatory_core,0.9999683207907131,0.10371404233570425,70.0,27.649056603773584,65.0,0.9888059701492538,265.0,140,268,443,confirmatory_core__C_ML__fixed_time__1016,0,C_ML,1016,265,443,0,0.14,55.0,17.27765237020316,51.0,1.0,443.0,1.1255219800000305
surrogate,fixed_time,confirmatory_core,0.9999881095349639,0.15455712820156145,70.0,31.397923875432525,66.0,0.993127147766323,289.0,140,291,398,confirmatory_core__C_ML__fixed_time__1017,0,C_ML,1017,289,398,0,0.17000000000000004,54.0,15.942211055276381,49.0,1.0,398.0,1.1015509240000938
surrogate,fixed_time,confirmatory_core,0.9998652580171479,0.11318456375838926,70.0,28.268456375838927,64.0,0.9770491803278688,298.0,140,305,420,confirmatory_core__C_ML__fixed_time__1018,0,C_ML,1018,298,420,0,0.13,55.0,16.95,51.0,1.0,420.0,1.0852738779999527
surrogate,fixed_time,confirmatory_core,0.9999885091811642,0.15410131565316476,70.0,33.295918367346935,67.0,0.9932432432432432,294.0,140,296,394,confirmatory_core__C_ML__fixed_time__1019,0,C_ML,1019,294,394,0,0.15000000000000002,55.0,17.885786802030456,52.0,1.0,394.0,1.1377637329997015
surrogate,fixed_time,confirmatory_core,0.9999013298542971,0.14740012772894573,70.0,30.712374581939798,65.0,0.980327868852459,299.0,140,305,398,confirmatory_core__C_ML__fixed_time__1020,0,C_ML,1020,299,398,0,0.15000000000000002,55.0,15.972361809045227,50.0,1.0,398.0,1.0762466820001464
surrogate,fixed_time,confirmatory_core,0.999996729995749,0.12941456903127385,70.0,28.757246376811594,66.0,0.9963898916967509,276.0,140,277,418,confirmatory_core__C_ML__fixed_time__1021,0,C_ML,1021,276,418,0,0.17000000000000004,55.0,15.81578947368421,49.0,1.0,418.0,1.0960884350001834
surrogate,fixed_time,confirmatory_core,0.9999890356888329,0.12460351460045463,70.0,29.3156146179402,67.0,0.9933993399339934,301.0,140,303,380,confirmatory_core__C_ML__fixed_time__1022,0,C_ML,1022,301,380,0,0.17000000000000004,55.0,16.855263157894736,50.0,1.0,380.0,1.0745113950001723
surrogate,fixed_time,confirmatory_core,0.9999970375812444,0.1336119031830239,70.0,30.06551724137931,68.0,0.9965635738831615,290.0,140,291,416,confirmatory_core__C_ML__fixed_time__1023,0,C_ML,1023,290,416,0,0.17000000000000004,55.0,16.704326923076923,51.0,1.0,416.0,1.1055800340000133
surrogate,fixed_time,confirmatory_core,0.9999752487500619,0.12123710691823902,70.0,29.213333333333335,65.0,0.9900990099009901,300.0,140,303,424,confirmatory_core__C_ML__fixed_time__1024,0,C_ML,1024,300,424,0,0.13,55.0,17.089622641509433,52.0,1.0,424.0,1.100629035000111
surrogate,fixed_time,confirmatory_core,0.9998597314859874,0.1425326079832208,70.0,31.006849315068493,67.0,0.9765886287625418,292.0,140,299,418,confirmatory_core__C_ML__fixed_time__1025,0,C_ML,1025,292,418,0,0.16000000000000003,55.0,16.75358851674641,51.0,1.0,418.0,1.1096746170001097
surrogate,fixed_time,confirmatory_core,1.0,0.12131990521327013,70.0,29.85,67.0,1.0,300.0,140,300,422,confirmatory_core__C_ML__fixed_time__1026,0,C_ML,1026,300,422,0,0.15000000000000002,55.0,17.718009478672986,52.0,1.0,422.0,1.0831930959998317
surrogate,fixed_time,confirmatory_core,0.999932597477528,0.11124918841708872,70.0,28.556291390728475,66.0,0.9837133550488599,302.0,140,307,408,confirmatory_core__C_ML__fixed_time__1027,0,C_ML,1027,302,408,0,0.15000000000000002,55.0,17.431372549019606,51.0,1.0,408.0,1.1616901839997809
surrogate,fixed_time,confirmatory_core,0.9999888145679066,0.14731259808340846,70.0,32.27852348993289,66.0,0.9933333333333333,298.0,140,300,402,confirmatory_core__C_ML__fixed_time__1028,0,C_ML,1028,298,402,0,0.14,55.0,17.54726368159204,52.0,1.0,402.0,1.1205868420001934
surrogate,fixed_time,confirmatory_core,0.9999893899204242,0.13582950245488948,70.0,30.30065359477124,66.0,0.9935064935064936,306.0,140,308,418,confirmatory_core__C_ML__fixed_time__1029,0,C_ML,1029,306,418,0,0.16000000000000003,55.0,16.717703349282296,50.0,1.0,418.0,1.0954426869998315
surrogate,fixed_time,confirmatory_core,0.999996729995749,0.13165231063713423,70.0,30.155797101449274,68.0,0.9963898916967509,276.0,140,277,424,confirmatory_core__C_ML__fixed_time__1030,0,C_ML,1030,276,424,0,0.16000000000000003,55.0,16.99056603773585,52.0,1.0,424.0,1.1260799949995999
surrogate,efficiency,confirmatory_core,0.9999976738764436,0.001224166138025437,30.0,5.868852459016393,20.0,1.0,305.0,408,305,985,confirmatory_core__C_MM__efficiency__1001,0,C_MM,1001,305,982,0,0.010000000000000009,41.0,5.746435845213849,19.0,0.9969543147208122,982.0,1.0505360440001823
surrogate,efficiency,confirmatory_core,0.9999997232831239,0.006638483305036788,34.0,6.182795698924731,20.0,1.0,279.0,403,279,951,confirmatory_core__C_MM__efficiency__1002,0,C_MM,1002,279,950,0,0.010000000000000009,40.0,5.518947368421053,19.0,0.9989484752891693,950.0,1.0852766329999213
surrogate,efficiency,confirmatory_core,0.9999988337879617,0.0019197605910408616,37.0,5.889273356401384,19.0,1.0,289.0,407,289,927,confirmatory_core__C_MM__efficiency__1003,0,C_MM,1003,289,925,0,0.0,47.0,5.697297297297298,19.0,0.9978425026968716,925.0,1.121754914000121
surrogate,efficiency,confirmatory_core,0.999998622081739,0.0014323530397292589,30.0,5.804123711340206,19.0,0.9965753424657534,291.0,403,292,924,confirmatory_core__C_MM__efficiency__1004,0,C_MM,1004,291,923,0,0.0,44.0,5.66088840736728,19.0,0.9989177489177489,923.0,1.0615407669997694
surrogate,efficiency,confirmatory_core,1.0,0.003942711801499889,29.0,5.801980198019802,19.0,1.0,303.0,405,303,907,confirmatory_core__C_MM__efficiency__1005,0,C_MM,1005,303,907,0,0.010000000000000009,55.0,6.196251378169791,20.0,1.0,907.0,1.1034327910001593
surrogate,efficiency,confirmatory_core,0.9999973387976687,0.0017755991285402992,29.0,6.2745098039215685,19.0,1.0,306.0,408,306,921,confirmatory_core__C_MM__efficiency__1006,0,C_MM,1006,306,918,0,0.010000000000000009,45.0,6.096949891067538,20.0,0.996742671009772,918.0,1.0597147779999432
surrogate,efficiency,confirmatory_core,0.999999694421543,0.006123261694058156,41.0,6.367857142857143,21.0,1.0,280.0,401,280,905,confirmatory_core__C_MM__efficiency__1007,0,C_MM,1007,280,904,0,0.01999999999999999,39.0,5.755530973451328,19.0,0.9988950276243094,904.0,1.0570232879999821
surrogate,efficiency,confirmatory_core,1.0,0.0006623685624376346,49.0,5.534883720930233,19.0,1.0,301.0,409,301,909,confirmatory_core__C_MM__efficiency__1008,0,C_MM,1008,301,909,0,0.010000000000000009,40.0,5.468646864686469,20.0,1.0,909.0,1.087171257999671
surrogate,efficiency,confirmatory_core,0.999992905215834,0.0015703258519424168,37.0,5.9297124600638975,18.0,0.9936507936507937,313.0,408,315,960,confirmatory_core__C_MM__efficiency__1009,0,C_MM,1009,313,959,0,0.010000000000000009,59.0,5.772679874869656,19.0,0.9989583333333333,959.0,1.1735902360001091
surrogate,efficiency,confirmatory_core,1.0,0.0007032820534523948,30.0,5.54485049833887,18.0,1.0,301.0,398,301,942,confirmatory_core__C_MM__efficiency__1010,0,C_MM,1010,301,942,0,0.010000000000000009,45.0,5.474522292993631,19.0,1.0,942.0,1.102059527000165
surrogate,efficiency,confirmatory_core,0.9999951161680478,0.0025636399639171886,40.0,5.8344370860927155,18.0,1.0,302.0,404,302,907,confirmatory_core__C_MM__efficiency__1011,0,C_MM,1011,302,903,0,0.010000000000000009,45.0,5.578073089700997,19.0,0.9955898566703418,903.0,1.0409404260003612
surrogate,efficiency,confirmatory_core,0.9999969329104839,0.0013473684210526249,48.0,5.821052631578947,18.0,0.9965034965034965,285.0,406,286,950,confirmatory_core__C_MM__efficiency__1012,0,C_MM,1012,285,950,0,0.020000000000000018,38.0,5.686315789473684,20.0,1.0,950.0,1.0867428130000008
surrogate,efficiency,confirmatory_core,0.9999921713387073,0.00011709355459355031,29.0,5.501683501683502,18.0,0.9933110367892977,297.0,403,299,897,confirmatory_core__C_MM__efficiency__1013,0,C_MM,1013,297,896,0,0.010000000000000009,34.0,5.513392857142857,19.0,0.9988851727982163,896.0,1.1105233279999993
surrogate,efficiency,confirmatory_core,0.9999986798095469,0.006592414995640804,40.0,6.168918918918919,19.0,0.9966329966329966,296.0,398,297,931,confirmatory_core__C_MM__efficiency__1014,0,C_MM,1014,296,930,0,0.0,42.0,5.509677419354839,19.0,0.9989258861439313,930.0,1.0949377990000357
surrogate,efficiency,confirmatory_core,0.999996200174792,0.009054654639852791,40.0,6.68359375,20.0,0.9961089494163424,256.0,408,257,951,confirmatory_core__C_MM__efficiency__1015,0,C_MM,1015,256,951,0,0.020000000000000018,48.0,5.778128286014721,18.0,1.0,951.0,1.0600713659996472
surrogate,efficiency,confirmatory_core,1.0,0.0061520413298990426,40.0,6.0215827338129495,19.0,1.0,278.0,407,278,972,confirmatory_core__C_MM__efficiency__1016,0,C_MM,1016,278,972,0,0.010000000000000009,48.0,5.406378600823046,18.0,1.0,972.0,1.069810383999993
surrogate,efficiency,confirmatory_core,1.0,0.010433154215991274,29.0,6.1471698113207545,19.0,1.0,265.0,402,265,934,confirmatory_core__C_MM__efficiency__1017,0,C_MM,1017,265,934,0,0.010000000000000009,39.0,5.1038543897216275,18.0,1.0,934.0,1.114514307999798
surrogate,efficiency,confirmatory_core,0.9999901699576952,0.008317286787999263,36.0,6.470588235294118,19.0,0.9927007299270073,272.0,406,274,948,confirmatory_core__C_MM__efficiency__1018,0,C_MM,1018,272,947,0,0.010000000000000009,38.0,5.638859556494192,18.0,0.9989451476793249,947.0,1.1415541319997828
surrogate,efficiency,confirmatory_core,0.9999952535100293,0.011869511710996428,40.0,6.629090909090909,20.0,1.0,275.0,402,275,920,confirmatory_core__C_MM__efficiency__1019,0,C_MM,1019,275,916,0,0.020000000000000018,37.0,5.442139737991266,18.0,0.9956521739130435,916.0,1.1073289280002427
surrogate,efficiency,confirmatory_core,0.9999997124971177,0.003567257924229676,30.0,6.119601328903655,19.0,1.0,301.0,405,301,933,confirmatory_core__C_MM__efficiency__1020,0,C_MM,1020,301,932,0,0.0,48.0,5.762875536480687,19.0,0.9989281886387996,932.0,1.0568321420000757
surrogate,efficiency,confirmatory_core,0.9999972498006107,0.002663338382395998,39.0,5.514950166112957,18.0,0.9966887417218543,301.0,409,302,919,confirmatory_core__C_MM__efficiency__1021,0,C_MM,1021,301,919,0,0.010000000000000009,50.0,5.781284004352557,19.0,1.0,919.0,1.1082353289998537
surrogate,efficiency,confirmatory_core,1.0,0.0034570032573289916,38.0,5.59,18.0,1.0,300.0,399,300,921,confirmatory_core__C_MM__efficiency__1022,0,C_MM,1022,300,921,0,0.0,38.0,5.244299674267101,18.0,1.0,921.0,1.0951592159999564
surrogate,efficiency,confirmatory_core,1.0,0.011819914281340882,39.0,6.755395683453237,20.0,1.0,278.0,402,278,940,confirmatory_core__C_MM__efficiency__1023,0,C_MM,1023,278,940,0,0.010000000000000009,46.0,5.573404255319149,19.0,1.0,940.0,1.1070075269999506
surrogate,efficiency,confirmatory_core,0.9999976973487275,0.010918721152763704,35.0,6.551851851851852,20.0,1.0,270.0,402,270,990,confirmatory_core__C_MM__efficiency__1024,0,C_MM,1024,270,987,0,0.020000000000000018,50.0,5.459979736575481,18.0,0.996969696969697,987.0,1.0900914949997969
surrogate,efficiency,confirmatory_core,0.9999996903267364,0.0006527353583424683,33.0,5.625407166123779,19.0,1.0,307.0,398,307,899,confirmatory_core__C_MM__efficiency__1025,0,C_MM,1025,307,898,0,0.0,50.0,5.560133630289532,19.0,0.9988876529477196,898.0,1.1669256999998652
surrogate,efficiency,confirmatory_core,1.0,0.0030906778392937317,39.0,6.1871165644171775,20.0,1.0,326.0,407,326,943,confirmatory_core__C_MM__efficiency__1026,0,C_MM,1026,326,943,0,0.010000000000000009,38.0,5.878048780487805,19.0,1.0,943.0,1.1494774220000181
surrogate,efficiency,confirmatory_core,0.9999987116091745,0.0014126091879650554,33.0,5.765124555160142,20.0,1.0,281.0,407,281,882,confirmatory_core__C_MM__efficiency__1027,0,C_MM,1027,281,880,0,0.010000000000000009,79.0,5.6238636363636365,19.0,0.9977324263038548,880.0,1.1293114270001752
surrogate,efficiency,confirmatory_core,0.9999988825779373,0.003380492293535764,37.0,5.8354037267080745,19.0,1.0,322.0,404,322,947,confirmatory_core__C_MM__efficiency__1028,0,C_MM,1028,322,945,0,0.0,51.0,5.497354497354498,19.0,0.9978880675818373,945.0,1.0836844219998056
surrogate,efficiency,confirmatory_core,1.0,0.0011432680947244048,27.0,5.446601941747573,17.0,1.0,309.0,405,309,945,confirmatory_core__C_MM__efficiency__1029,0,C_MM,1029,309,945,0,0.01999999999999999,50.0,5.332275132275132,19.0,1.0,945.0,1.106969152000147
surrogate,efficiency,confirmatory_core,0.9999957134896481,0.004950928460021778,39.0,6.205673758865248,19.0,1.0,282.0,405,282,968,confirmatory_core__C_MM__efficiency__1030,0,C_MM,1030,282,964,0,0.0,46.0,5.710580912863071,19.0,0.9958677685950413,964.0,1.0560758169999644
surrogate,efpb,confirmatory_core,0.9999997420660818,0.02229544848727176,50.0,7.259016393442623,19.0,1.0,305.0,407,305,985,confirmatory_core__C_MM__efpb__1001,0,C_MM,1001,305,984,0,0.01999999999999999,41.0,5.029471544715447,17.0,0.9989847715736041,984.0,33.07823414299992
surrogate,efpb,confirmatory_core,0.9999997232831239,0.02167617430673458,49.0,7.311827956989247,25.0,1.0,279.0,399,279,951,confirmatory_core__C_MM__efpb__1002,0,C_MM,1002,279,950,0,0.07,40.0,5.144210526315789,18.0,0.9989484752891693,950.0,32.39893612700007
surrogate,efpb,confirmatory_core,0.9999997087613329,0.01408050400950623,37.0,6.8788927335640135,20.0,1.0,289.0,404,289,927,confirmatory_core__C_MM__efpb__1003,0,C_MM,1003,289,926,0,0.020000000000000018,40.0,5.470842332613391,18.0,0.9989212513484358,926.0,31.483715261999805
surrogate,efpb,confirmatory_core,0.999998622081739,0.014741709575454315,35.0,6.77319587628866,19.0,0.9965753424657534,291.0,404,292,924,confirmatory_core__C_MM__efpb__1004,0,C_MM,1004,291,923,0,0.01999999999999999,30.0,5.299024918743228,17.0,0.9989177489177489,923.0,29.87605215299982
surrogate,efpb,confirmatory_core,1.0,0.018052841667849255,43.0,7.303630363036303,19.0,1.0,303.0,407,303,907,confirmatory_core__C_MM__efpb__1005,0,C_MM,1005,303,907,0,0.010000000000000009,29.0,5.498346196251378,18.0,1.0,907.0,32.11135091400001
surrogate,efpb,confirmatory_core,0.9999892503171157,0.009939389393679644,37.0,6.6019736842105265,20.0,0.9934640522875817,304.0,402,306,921,confirmatory_core__C_MM__efpb__1006,0,C_MM,1006,304,921,0,0.010000000000000009,30.0,5.608034744842563,19.0,1.0,921.0,28.82463881800004
surrogate,efpb,confirmatory_core,0.999999694421543,0.016814791403286983,39.0,6.7821428571428575,23.0,1.0,280.0,395,280,905,confirmatory_core__C_MM__efpb__1007,0,C_MM,1007,280,904,0,0.05000000000000002,32.0,5.100663716814159,18.0,0.9988950276243094,904.0,30.786853689000054
surrogate,efpb,confirmatory_core,1.0,0.016878136318615247,29.0,6.870431893687708,19.0,1.0,301.0,403,301,909,confirmatory_core__C_MM__efpb__1008,0,C_MM,1008,301,909,0,0.010000000000000009,50.0,5.182618261826183,18.0,1.0,909.0,31.302773168000385
surrogate,efpb,confirmatory_core,0.9999989126676395,0.012294562083706141,35.0,6.447619047619048,18.0,1.0,315.0,403,315,960,confirmatory_core__C_MM__efpb__1009,0,C_MM,1009,315,958,0,0.0,29.0,5.218162839248434,18.0,0.9979166666666667,958.0,31.97918085099991
surrogate,efpb,confirmatory_core,1.0,0.017356511557370696,32.0,6.897009966777409,19.0,1.0,301.0,402,301,942,confirmatory_core__C_MM__efpb__1010,0,C_MM,1010,301,942,0,0.010000000000000009,37.0,5.16135881104034,18.0,1.0,942.0,30.98365538200005
surrogate,efpb,confirmatory_core,0.9999996957684432,0.012403100775193791,43.0,6.192691029900332,19.0,0.9966887417218543,301.0,399,302,907,confirmatory_core__C_MM__efpb__1011,0,C_MM,1011,301,903,0,0.01999999999999999,32.0,4.9523809523809526,17.0,0.9955898566703418,903.0,30.391068824000286
surrogate,efpb,confirmatory_core,0.9999988896316019,0.01168503437490779,35.0,6.486013986013986,19.0,1.0,286.0,404,286,950,confirmatory_core__C_MM__efpb__1012,0,C_MM,1012,286,948,0,0.010000000000000009,29.0,5.317510548523207,18.0,0.9978947368421053,948.0,29.811191849999886
surrogate,efpb,confirmatory_core,0.9999921713387073,0.012762182840307834,34.0,6.498316498316498,18.0,0.9933110367892977,297.0,403,299,897,confirmatory_core__C_MM__efpb__1013,0,C_MM,1013,297,896,0,0.0,35.0,5.222098214285714,18.0,0.9988851727982163,896.0,30.275661033999768
surrogate,efpb,confirmatory_core,0.9999986798095469,0.017538869514675967,37.0,7.097972972972973,20.0,0.9966329966329966,296.0,397,297,931,confirmatory_core__C_MM__efpb__1014,0,C_MM,1014,296,930,0,0.03,32.0,5.344086021505376,17.0,0.9989258861439313,930.0,31.21717758199975
surrogate,efpb,confirmatory_core,0.999996200174792,0.028219965825446898,38.0,8.03125,20.0,0.9961089494163424,256.0,406,257,951,confirmatory_core__C_MM__efpb__1015,0,C_MM,1015,256,951,0,0.020000000000000018,34.0,5.20925341745531,18.0,1.0,951.0,31.402047123999637
surrogate,efpb,confirmatory_core,1.0,0.02411241377268556,44.0,7.273381294964029,20.0,1.0,278.0,407,278,972,confirmatory_core__C_MM__efpb__1016,0,C_MM,1016,278,972,0,0.020000000000000018,30.0,4.862139917695473,18.0,1.0,972.0,31.438921759000095
surrogate,efpb,confirmatory_core,1.0,0.018024605066461967,30.0,6.615094339622641,20.0,1.0,265.0,402,265,934,confirmatory_core__C_MM__efpb__1017,0,C_MM,1017,265,934,0,0.03,39.0,4.812633832976445,17.0,1.0,934.0,30.648432758000126
surrogate,efpb,confirmatory_core,0.9999901699576952,0.025837862600161493,36.0,7.830882352941177,21.0,0.9927007299270073,272.0,406,274,948,confirmatory_core__C_MM__efpb__1018,0,C_MM,1018,272,947,0,0.03,37.0,5.247096092925027,18.0,0.9989451476793249,947.0,31.860768910999923
surrogate,efpb,confirmatory_core,0.9999952535100293,0.023094759825327514,39.0,7.28,20.0,1.0,275.0,398,275,920,confirmatory_core__C_MM__efpb__1019,0,C_MM,1019,275,916,0,0.03,37.0,4.970524017467249,17.0,0.9956521739130435,916.0,29.793320145000052
surrogate,efpb,confirmatory_core,0.9999997124971177,0.013797035632298636,30.0,6.651162790697675,18.0,1.0,301.0,405,301,933,confirmatory_core__C_MM__efpb__1020,0,C_MM,1020,301,932,0,0.0,46.0,5.271459227467811,18.0,0.9989281886387996,932.0,30.21623179800008
surrogate,efpb,confirmatory_core,0.9999987589832946,0.016161885943007694,43.0,6.777408637873754,19.0,0.9966887417218543,301.0,406,302,919,confirmatory_core__C_MM__efpb__1021,0,C_MM,1021,301,918,0,0.010000000000000009,39.0,5.1612200435729845,18.0,0.998911860718172,918.0,31.32943040200007
surrogate,efpb,confirmatory_core,1.0,0.015443322475570037,39.0,6.3966666666666665,19.0,1.0,300.0,399,300,921,confirmatory_core__C_MM__efpb__1022,0,C_MM,1022,300,921,0,0.01999999999999999,31.0,4.852334419109663,17.0,1.0,921.0,30.36027551799998
surrogate,efpb,confirmatory_core,1.0,0.016203352211847537,29.0,6.7086330935251794,20.0,1.0,278.0,403,278,940,confirmatory_core__C_MM__efpb__1023,0,C_MM,1023,278,940,0,0.020000000000000018,38.0,5.0882978723404255,18.0,1.0,940.0,32.21407064699997
surrogate,efpb,confirmatory_core,0.9999981775488831,0.016383339410090937,41.0,6.617100371747212,19.0,0.9962962962962963,269.0,399,270,990,confirmatory_core__C_MM__efpb__1024,0,C_MM,1024,269,989,0,0.01999999999999999,32.0,4.978766430738119,17.0,0.998989898989899,989.0,31.41469068000015
surrogate,efpb,confirmatory_core,0.9999973387976687,0.016283161392105963,38.0,6.849673202614379,20.0,0.996742671009772,306.0,399,307,899,confirmatory_core__C_MM__efpb__1025,0,C_MM,1025,306,899,0,0.020000000000000018,30.0,5.221357063403782,18.0,1.0,899.0,31.510406572000193
surrogate,efpb,confirmatory_core,0.9999974617127572,0.017867902362615845,49.0,7.484662576687117,23.0,1.0,326.0,405,326,943,confirmatory_core__C_MM__efpb__1026,0,C_MM,1026,326,940,0,0.05000000000000002,28.0,5.697872340425532,18.0,0.9968186638388123,940.0,32.7776725130002
surrogate,efpb,confirmatory_core,0.9999985230056807,0.018745297551483707,46.0,6.889285714285714,23.0,0.99644128113879,280.0,401,281,882,confirmatory_core__C_MM__efpb__1027,0,C_MM,1027,280,881,0,0.06,42.0,5.014755959137344,17.0,0.9988662131519275,881.0,29.857868766000138
surrogate,efpb,confirmatory_core,0.9999989453773175,0.016925832987558696,47.0,6.753894080996885,20.0,0.9968944099378882,321.0,407,322,947,confirmatory_core__C_MM__efpb__1028,0,C_MM,1028,321,946,0,0.020000000000000018,40.0,5.061310782241015,18.0,0.9989440337909187,946.0,31.448812868999994
surrogate,efpb,confirmatory_core,1.0,0.019302717419222272,39.0,7.061488673139158,18.0,1.0,309.0,408,309,945,confirmatory_core__C_MM__efpb__1029,0,C_MM,1029,309,945,0,0.0,50.0,5.131216931216931,18.0,1.0,945.0,31.55686870799991
surrogate,efpb,confirmatory_core,0.9999994493262832,0.031042490955843882,42.0,8.274021352313166,22.0,0.9964539007092199,281.0,403,282,968,confirmatory_core__C_MM__efpb__1030,0,C_MM,1030,281,966,0,0.04000000000000001,40.0,5.169772256728779,18.0,0.9979338842975206,966.0,30.80469344999983
surrogate,equal_bargaining,confirmatory_core,0.9999997420660818,0.008272857523657202,27.0,6.131147540983607,18.0,1.0,305.0,409,305,985,confirmatory_core__C_MM__equal_bargaining__1001,0,C_MM,1001,305,984,0,0.0,30.0,5.303861788617886,18.0,0.9989847715736041,984.0,26.99531269299996
surrogate,equal_bargaining,confirmatory_core,0.9999983888943006,0.013535024611889435,27.0,6.9640287769784175,18.0,0.996415770609319,278.0,402,279,951,confirmatory_core__C_MM__equal_bargaining__1002,0,C_MM,1002,278,950,0,0.010000000000000009,29.0,5.610526315789474,19.0,0.9989484752891693,950.0,25.94113206300017
surrogate,equal_bargaining,confirmatory_core,0.9999997087613329,0.006993468204204559,26.0,6.162629757785467,18.0,1.0,289.0,403,289,927,confirmatory_core__C_MM__equal_bargaining__1003,0,C_MM,1003,289,926,0,0.0,30.0,5.463282937365011,18.0,0.9989212513484358,926.0,26.251266730000225
surrogate,equal_bargaining,confirmatory_core,0.999997356078112,0.009187750063213013,20.0,6.493150684931507,18.0,1.0,292.0,404,292,924,confirmatory_core__C_MM__equal_bargaining__1004,0,C_MM,1004,292,921,0,0.009999999999999981,29.0,5.574375678610206,17.0,0.9967532467532467,921.0,24.471156688000065
surrogate,equal_bargaining,confirmatory_core,0.9999987817313303,0.015595463413744688,27.0,7.402640264026402,18.0,1.0,303.0,403,303,907,confirmatory_core__C_MM__equal_bargaining__1005,0,C_MM,1005,303,905,0,0.0,29.0,5.843093922651934,18.0,0.9977949283351709,905.0,24.992302694000045
surrogate,equal_bargaining,confirmatory_core,0.9999892503171157,0.008219683981941825,33.0,6.559210526315789,17.0,0.9934640522875817,304.0,400,306,921,confirmatory_core__C_MM__equal_bargaining__1006,0,C_MM,1006,304,921,0,0.01999999999999999,29.0,5.737242128121607,19.0,1.0,921.0,25.869431800000257
surrogate,equal_bargaining,confirmatory_core,0.999999694421543,0.008102402022756,26.0,6.507142857142857,18.0,1.0,280.0,401,280,905,confirmatory_core__C_MM__equal_bargaining__1007,0,C_MM,1007,280,904,0,0.0,26.0,5.696902654867257,18.0,0.9988950276243094,904.0,23.737578355000096
surrogate,equal_bargaining,confirmatory_core,1.0,0.0141636788263544,27.0,7.079734219269103,18.0,1.0,301.0,404,301,909,confirmatory_core__C_MM__equal_bargaining__1008,0,C_MM,1008,301,909,0,0.0,31.0,5.663366336633663,18.0,1.0,909.0,26.121233670000038
surrogate,equal_bargaining,confirmatory_core,0.9999975509524347,0.008938846594019001,25.0,6.453968253968254,18.0,1.0,315.0,403,315,960,confirmatory_core__C_MM__equal_bargaining__1009,0,C_MM,1009,315,957,0,0.0,29.0,5.560083594566353,18.0,0.996875,957.0,25.61720033599977
surrogate,equal_bargaining,confirmatory_core,1.0,0.013842111574299397,28.0,6.946843853820598,18.0,1.0,301.0,402,301,942,confirmatory_core__C_MM__equal_bargaining__1010,0,C_MM,1010,301,942,0,0.0,29.0,5.562632696390658,18.0,1.0,942.0,25.277609439000116
surrogate,equal_bargaining,confirmatory_core,0.9999996957684432,0.012635658914728676,33.0,6.621262458471761,17.0,0.9966887417218543,301.0,401,302,907,confirmatory_core__C_MM__equal_bargaining__1011,0,C_MM,1011,301,903,0,0.009999999999999981,30.0,5.357696566998893,18.0,0.9955898566703418,903.0,25.66071143299996
surrogate,equal_bargaining,confirmatory_core,0.9999988896316019,0.008861497152636393,29.0,6.611888111888112,18.0,1.0,286.0,405,286,950,confirmatory_core__C_MM__equal_bargaining__1012,0,C_MM,1012,286,948,0,0.0,30.0,5.725738396624473,18.0,0.9978947368421053,948.0,25.609528254999987
surrogate,equal_bargaining,confirmatory_core,0.9999921713387073,0.014681487493987483,28.0,6.892255892255892,18.0,0.9933110367892977,297.0,402,299,897,confirmatory_core__C_MM__equal_bargaining__1013,0,C_MM,1013,297,896,0,0.0,31.0,5.424107142857143,18.0,0.9988851727982163,896.0,25.380522835000193
surrogate,equal_bargaining,confirmatory_core,0.9999986798095469,0.005504795117698351,26.0,6.1891891891891895,17.0,0.9966329966329966,296.0,394,297,931,confirmatory_core__C_MM__equal_bargaining__1014,0,C_MM,1014,296,930,0,0.009999999999999981,30.0,5.638709677419355,18.0,0.9989258861439313,930.0,24.030556288999833
surrogate,equal_bargaining,confirmatory_core,0.999996200174792,0.02222459089116719,27.0,7.91015625,19.0,0.9961089494163424,256.0,408,257,951,confirmatory_core__C_MM__equal_bargaining__1015,0,C_MM,1015,256,951,0,0.010000000000000009,30.0,5.687697160883281,18.0,1.0,951.0,25.345395969000037
surrogate,equal_bargaining,confirmatory_core,1.0,0.02010510110430174,24.0,7.284172661870503,18.0,1.0,278.0,407,278,972,confirmatory_core__C_MM__equal_bargaining__1016,0,C_MM,1016,278,972,0,0.0,28.0,5.273662551440329,18.0,1.0,972.0,26.240303434999987
surrogate,equal_bargaining,confirmatory_core,1.0,0.012296917296270853,20.0,6.543396226415094,17.0,1.0,265.0,402,265,934,confirmatory_core__C_MM__equal_bargaining__1017,0,C_MM,1017,265,934,0,0.009999999999999981,29.0,5.3137044967880085,18.0,1.0,934.0,23.468428095000036
surrogate,equal_bargaining,confirmatory_core,0.9999955303267332,0.01746512742793517,29.0,7.186131386861314,18.0,1.0,274.0,403,274,948,confirmatory_core__C_MM__equal_bargaining__1018,0,C_MM,1018,274,944,0,0.0,30.0,5.439618644067797,18.0,0.9957805907172996,944.0,26.127104204999796
surrogate,equal_bargaining,confirmatory_core,0.9999988159543054,0.014820122796593387,20.0,6.865454545454545,18.0,1.0,275.0,400,275,920,confirmatory_core__C_MM__equal_bargaining__1019,0,C_MM,1019,275,918,0,0.009999999999999981,30.0,5.383442265795207,17.0,0.9978260869565218,918.0,25.84808295499988
surrogate,equal_bargaining,confirmatory_core,0.9999997124971177,0.014221158370524574,23.0,6.807308970099668,18.0,1.0,301.0,404,301,933,confirmatory_core__C_MM__equal_bargaining__1020,0,C_MM,1020,301,932,0,0.0,30.0,5.385193133047211,18.0,0.9989281886387996,932.0,24.894493453999985
surrogate,equal_bargaining,confirmatory_core,0.9999987589832946,0.012223814590435658,29.0,7.076411960132891,18.0,0.9966887417218543,301.0,411,302,919,confirmatory_core__C_MM__equal_bargaining__1021,0,C_MM,1021,301,918,0,0.0,30.0,5.8540305010893245,18.0,0.998911860718172,918.0,26.52590234599984
surrogate,equal_bargaining,confirmatory_core,0.999997212947531,0.012144099586388221,20.0,6.394648829431438,18.0,0.9966666666666667,299.0,395,300,921,confirmatory_core__C_MM__equal_bargaining__1022,0,C_MM,1022,299,921,0,0.009999999999999981,30.0,5.180238870792617,17.0,1.0,921.0,25.19299596499968
surrogate,equal_bargaining,confirmatory_core,1.0,0.008795958977498852,29.0,6.111510791366906,17.0,1.0,278.0,404,278,940,confirmatory_core__C_MM__equal_bargaining__1023,0,C_MM,1023,278,940,0,0.009999999999999981,29.0,5.231914893617021,18.0,1.0,940.0,24.908682051999676
surrogate,equal_bargaining,confirmatory_core,0.9999981775488831,0.01198646073349597,24.0,6.672862453531598,18.0,0.9962962962962963,269.0,400,270,990,confirmatory_core__C_MM__equal_bargaining__1024,0,C_MM,1024,269,989,0,0.0,31.0,5.474216380182002,18.0,0.998989898989899,989.0,25.173340091000227
surrogate,equal_bargaining,confirmatory_core,0.9999973387976687,0.01171326891898769,27.0,6.683006535947713,18.0,0.996742671009772,306.0,397,307,899,confirmatory_core__C_MM__equal_bargaining__1025,0,C_MM,1025,306,899,0,0.0,30.0,5.511679644048943,18.0,1.0,899.0,26.383904713999982
surrogate,equal_bargaining,confirmatory_core,0.9999974617127572,3.635295653309223e-05,31.0,6.515337423312883,18.0,1.0,326.0,404,326,943,confirmatory_core__C_MM__equal_bargaining__1026,0,C_MM,1026,326,940,0,0.010000000000000009,31.0,6.511702127659574,19.0,0.9968186638388123,940.0,26.14572199200029
surrogate,equal_bargaining,confirmatory_core,0.9999985230056807,0.019790254580833472,28.0,7.378571428571429,19.0,0.99644128113879,280.0,402,281,882,confirmatory_core__C_MM__equal_bargaining__1027,0,C_MM,1027,280,881,0,0.010000000000000009,31.0,5.399545970488082,18.0,0.9988662131519275,881.0,25.26970422400018
surrogate,equal_bargaining,confirmatory_core,0.9999902952194253,0.01508038542766632,39.0,6.8375,19.0,0.9937888198757764,320.0,408,322,947,confirmatory_core__C_MM__equal_bargaining__1028,0,C_MM,1028,320,947,0,0.010000000000000009,30.0,5.329461457233369,18.0,1.0,947.0,26.909199772999727
surrogate,equal_bargaining,confirmatory_core,0.9999997197562326,0.010532095057868472,21.0,6.9546925566343045,18.0,1.0,309.0,407,309,945,confirmatory_core__C_MM__equal_bargaining__1029,0,C_MM,1029,309,944,0,0.0,30.0,5.901483050847458,18.0,0.9989417989417989,944.0,25.660815687000195
surrogate,equal_bargaining,confirmatory_core,0.9999994493262832,0.02125501941454285,29.0,7.758007117437723,18.0,0.9964539007092199,281.0,404,282,968,confirmatory_core__C_MM__equal_bargaining__1030,0,C_MM,1030,281,966,0,0.0,30.0,5.632505175983437,18.0,0.9979338842975206,966.0,26.650388598000063
surrogate,fixed_time,confirmatory_core,0.9999973037246348,0.11248036334491049,70.0,28.894736842105264,66.0,0.9967213114754099,304.0,140,305,985,confirmatory_core__C_MM__fixed_time__1001,0,C_MM,1001,304,985,0,0.14,55.0,17.646700507614213,52.0,1.0,985.0,1.0696132200000648
surrogate,fixed_time,confirmatory_core,0.9999707824460936,0.10425524619393772,70.0,29.02173913043478,66.0,0.989247311827957,276.0,140,279,951,confirmatory_core__C_MM__fixed_time__1002,0,C_MM,1002,276,951,0,0.14,55.0,18.59621451104101,52.0,1.0,951.0,1.088967288999811
surrogate,fixed_time,confirmatory_core,0.9999727795689495,0.1144589283424235,70.0,30.062937062937063,65.0,0.9896193771626297,286.0,140,289,927,confirmatory_core__C_MM__fixed_time__1003,0,C_MM,1003,286,927,0,0.14,55.0,18.617044228694713,51.0,1.0,927.0,1.159735918000024
surrogate,fixed_time,confirmatory_core,0.9999996007740497,0.12654348458080822,70.0,30.61855670103093,67.0,0.9965753424657534,291.0,140,292,924,confirmatory_core__C_MM__fixed_time__1004,0,C_MM,1004,291,922,0,0.16000000000000003,55.0,17.964208242950107,51.0,0.9978354978354979,922.0,1.1219743930000732
surrogate,fixed_time,confirmatory_core,0.9999693004097154,0.1193893457011401,70.0,29.59197324414716,65.0,0.9867986798679867,299.0,140,303,907,confirmatory_core__C_MM__fixed_time__1005,0,C_MM,1005,299,905,0,0.14,55.0,17.653038674033148,51.0,0.9977949283351709,905.0,1.239317889999711
surrogate,fixed_time,confirmatory_core,0.9999408045808905,0.10153676151957242,70.0,29.375415282392026,65.0,0.9836601307189542,301.0,140,306,921,confirmatory_core__C_MM__fixed_time__1006,0,C_MM,1006,301,920,0,0.13,55.0,19.221739130434784,52.0,0.998914223669924,920.0,1.1411520809997455
surrogate,fixed_time,confirmatory_core,0.9999871534647106,0.09727783298223297,70.0,28.262589928057555,66.0,0.9928571428571429,278.0,140,280,905,confirmatory_core__C_MM__fixed_time__1007,0,C_MM,1007,278,905,0,0.15000000000000002,55.0,18.534806629834254,51.0,1.0,905.0,1.1177860130001136
surrogate,fixed_time,confirmatory_core,0.999999697106458,0.11022849678750712,70.0,29.14950166112957,64.0,1.0,301.0,140,301,909,confirmatory_core__C_MM__fixed_time__1008,0,C_MM,1008,301,908,0,0.12,55.0,18.126651982378856,52.0,0.9988998899889989,908.0,1.1768168980001974
surrogate,fixed_time,confirmatory_core,0.9999440687878347,0.09371475663493559,70.0,27.07741935483871,65.0,0.9841269841269841,310.0,140,315,960,confirmatory_core__C_MM__fixed_time__1009,0,C_MM,1009,310,959,0,0.14,55.0,17.70594369134515,51.0,0.9989583333333333,959.0,1.0965963809999266
surrogate,fixed_time,confirmatory_core,0.9999298607876914,0.12149573936994318,70.0,29.94256756756757,67.0,0.9833887043189369,296.0,140,301,942,confirmatory_core__C_MM__fixed_time__1010,0,C_MM,1010,296,942,0,0.17000000000000004,55.0,17.79299363057325,50.0,1.0,942.0,1.0882153560000916
surrogate,fixed_time,confirmatory_core,0.9999748987399745,0.13941438498544867,70.0,32.40604026845637,67.0,0.9867549668874173,298.0,140,302,907,confirmatory_core__C_MM__fixed_time__1011,0,C_MM,1011,298,904,0,0.17000000000000004,55.0,18.464601769911503,50.0,0.9966923925027563,904.0,1.1180514630000289
surrogate,fixed_time,confirmatory_core,0.9999722024894218,0.09620249209596429,70.0,27.685512367491167,66.0,0.9895104895104895,283.0,140,286,950,confirmatory_core__C_MM__fixed_time__1012,0,C_MM,1012,283,950,0,0.14,55.0,18.065263157894737,52.0,1.0,950.0,1.1125819889998638
surrogate,fixed_time,confirmatory_core,0.9999798914136337,0.09835756515444014,70.0,27.22972972972973,64.0,0.9899665551839465,296.0,140,299,897,confirmatory_core__C_MM__fixed_time__1013,0,C_MM,1013,296,896,0,0.14,55.0,17.393973214285715,50.0,0.9988851727982163,896.0,1.1212047789999815
surrogate,fixed_time,confirmatory_core,0.9999742334449885,0.1208378088077336,70.0,30.755102040816325,66.0,0.98989898989899,294.0,140,297,931,confirmatory_core__C_MM__fixed_time__1014,0,C_MM,1014,294,931,0,0.15000000000000002,55.0,18.671321160042964,51.0,1.0,931.0,1.0965776190000724
surrogate,fixed_time,confirmatory_core,0.9999847414437646,0.12886992020783075,70.0,30.470588235294116,66.0,0.9922178988326849,255.0,140,257,951,confirmatory_core__C_MM__fixed_time__1015,0,C_MM,1015,255,951,0,0.14,55.0,17.58359621451104,52.0,1.0,951.0,1.1305192700001498
surrogate,fixed_time,confirmatory_core,1.0,0.11570802617165524,70.0,29.679856115107913,67.0,1.0,278.0,140,278,972,confirmatory_core__C_MM__fixed_time__1016,0,C_MM,1016,278,972,0,0.16000000000000003,55.0,18.109053497942387,51.0,1.0,972.0,1.1161019390001456
surrogate,fixed_time,confirmatory_core,0.9999675953596555,0.12566797979632868,70.0,30.522900763358777,67.0,0.9886792452830189,262.0,140,265,934,confirmatory_core__C_MM__fixed_time__1017,0,C_MM,1017,262,934,0,0.17000000000000004,55.0,17.95610278372591,50.0,1.0,934.0,1.0817972849999933
surrogate,fixed_time,confirmatory_core,0.9999956809800788,0.1107785169623405,70.0,30.27573529411765,65.0,0.9927007299270073,272.0,140,274,948,confirmatory_core__C_MM__fixed_time__1018,0,C_MM,1018,272,945,0,0.14,55.0,19.1978835978836,51.0,0.9968354430379747,945.0,1.1139250810001613
surrogate,fixed_time,confirmatory_core,0.999980672500903,0.1096541394335512,70.0,29.669117647058822,64.0,0.9890909090909091,272.0,140,275,920,confirmatory_core__C_MM__fixed_time__1019,0,C_MM,1019,272,918,0,0.13,55.0,18.703703703703702,51.0,0.9978260869565218,918.0,1.0804138600001352
surrogate,fixed_time,confirmatory_core,0.9999997124971177,0.13495419417392665,70.0,31.335548172757473,66.0,1.0,301.0,140,301,933,confirmatory_core__C_MM__fixed_time__1020,0,C_MM,1020,301,932,0,0.14,55.0,17.840128755364805,52.0,0.9989281886387996,932.0,1.1559244700001727
surrogate,fixed_time,confirmatory_core,0.9999987589832946,0.09866700685442134,70.0,28.375415282392026,62.0,0.9966887417218543,301.0,140,302,919,confirmatory_core__C_MM__fixed_time__1021,0,C_MM,1021,301,918,0,0.10999999999999999,55.0,18.50871459694989,51.0,0.998911860718172,918.0,1.1724351420002677
surrogate,fixed_time,confirmatory_core,0.9999549590127016,0.11554428206708339,70.0,28.655405405405407,65.0,0.9866666666666667,296.0,140,300,921,confirmatory_core__C_MM__fixed_time__1022,0,C_MM,1022,296,921,0,0.14,55.0,17.10097719869707,51.0,1.0,921.0,1.120141527999749
surrogate,fixed_time,confirmatory_core,0.9999983881056366,0.11625110052556101,70.0,29.72202166064982,64.0,0.9964028776978417,277.0,140,278,940,confirmatory_core__C_MM__fixed_time__1023,0,C_MM,1023,277,939,0,0.12,55.0,18.096911608093716,52.0,0.9989361702127659,939.0,1.1139806000001045
surrogate,fixed_time,confirmatory_core,0.9999218511294073,0.13920918785890074,70.0,31.833962264150944,67.0,0.9814814814814815,265.0,140,270,990,confirmatory_core__C_MM__fixed_time__1024,0,C_MM,1024,265,989,0,0.17000000000000004,55.0,17.91304347826087,50.0,0.998989898989899,989.0,1.150844073999906
surrogate,fixed_time,confirmatory_core,0.9999988447217736,0.1040539615994876,70.0,28.447712418300654,64.0,0.996742671009772,306.0,140,307,899,confirmatory_core__C_MM__fixed_time__1025,0,C_MM,1025,306,898,0,0.13,55.0,18.042316258351892,51.0,0.9988876529477196,898.0,1.178856954999901
surrogate,fixed_time,confirmatory_core,0.9999786329859215,0.10120726618492462,70.0,28.46749226006192,67.0,0.99079754601227,323.0,140,326,943,confirmatory_core__C_MM__fixed_time__1026,0,C_MM,1026,323,943,0,0.16000000000000003,55.0,18.34676564156946,51.0,1.0,943.0,1.1044199360003404
surrogate,fixed_time,confirmatory_core,0.9999769650814414,0.11724446549457371,70.0,29.85611510791367,64.0,0.9893238434163701,278.0,140,281,882,confirmatory_core__C_MM__fixed_time__1027,0,C_MM,1027,278,881,0,0.12,55.0,18.1316685584563,52.0,0.9988662131519275,881.0,1.1083788070000082
surrogate,fixed_time,confirmatory_core,0.9999672625700582,0.1036364301195368,70.0,27.87421383647799,67.0,0.9875776397515528,318.0,140,322,947,confirmatory_core__C_MM__fixed_time__1028,0,C_MM,1028,318,946,0,0.16000000000000003,55.0,17.51057082452431,51.0,0.9989440337909187,946.0,1.099152487000083
surrogate,fixed_time,confirmatory_core,0.9999894587044748,0.11877010840528757,70.0,29.615635179153095,67.0,0.9935275080906149,307.0,140,309,945,confirmatory_core__C_MM__fixed_time__1029,0,C_MM,1029,307,945,0,0.16000000000000003,55.0,17.738624338624337,51.0,1.0,945.0,1.0644748579998122
surrogate,fixed_time,confirmatory_core,0.9998843930635837,0.0737872799137621,70.0,26.304347826086957,63.0,0.9787234042553191,276.0,140,282,968,confirmatory_core__C_MM__fixed_time__1030,0,C_MM,1030,276,968,0,0.12,55.0,18.925619834710744,51.0,1.0,968.0,1.1117003640001712
surrogate,efficiency,robustness,1.0,0.004831292979672025,17.0,3.053030303030303,9.0,1.0,132.0,295,132,401,robustness__S10_low_demand__efficiency__2001,0,S10_low_demand,2001,132,401,0,0.06,42.0,3.536159600997506,15.0,1.0,401.0,1.0929844940001203
surrogate,efficiency,robustness,0.9999987571618548,0.0029599517726798807,20.0,3.4160583941605838,13.0,1.0,137.0,317,137,449,robustness__S10_low_demand__efficiency__2002,0,S10_low_demand,2002,137,448,0,0.01999999999999999,26.0,3.7120535714285716,15.0,0.9977728285077951,448.0,1.1395149209993178
surrogate,efficiency,robustness,1.0,0.0005701859116493263,20.0,3.9461538461538463,14.0,1.0,130.0,314,130,451,robustness__S10_low_demand__efficiency__2003,0,S10_low_demand,2003,130,451,0,0.009999999999999981,31.0,3.8891352549889135,15.0,1.0,451.0,1.0808799619999263
surrogate,efficiency,robustness,0.9999859727872071,0.0033672310272083103,20.0,2.699248120300752,9.0,0.9925373134328358,133.0,287,134,417,robustness__S10_low_demand__efficiency__2004,0,S10_low_demand,2004,133,417,0,0.04000000000000001,31.0,3.035971223021583,13.0,1.0,417.0,1.0762944250000146
surrogate,efficiency,robustness,1.0,0.009930906639703401,19.0,2.4565217391304346,10.0,1.0,138.0,292,138,387,robustness__S10_low_demand__efficiency__2005,0,S10_low_demand,2005,138,387,0,0.06,40.0,3.449612403100775,16.0,1.0,387.0,1.1104039559995726
surrogate,efficiency,robustness,1.0,0.0010402010050251202,15.0,2.7,9.0,1.0,140.0,301,140,398,robustness__S10_low_demand__efficiency__2006,0,S10_low_demand,2006,140,398,0,0.04000000000000001,29.0,2.8040201005025125,13.0,1.0,398.0,1.078346641999815
surrogate,efficiency,robustness,1.0,0.004409833414200225,17.0,3.1703703703703705,9.0,1.0,135.0,306,135,458,robustness__S10_low_demand__efficiency__2007,0,S10_low_demand,2007,135,458,0,0.06,40.0,3.611353711790393,15.0,1.0,458.0,1.0843144929999653
surrogate,efficiency,robustness,1.0,0.010666666666666661,20.0,3.007142857142857,12.0,1.0,140.0,305,140,420,robustness__S10_low_demand__efficiency__2008,0,S10_low_demand,2008,140,420,0,0.05000000000000002,46.0,4.0738095238095235,17.0,1.0,420.0,1.0817244480003865
surrogate,efficiency,robustness,1.0,0.006642241379310344,16.0,2.6982758620689653,9.0,1.0,116.0,280,116,400,robustness__S10_low_demand__efficiency__2009,0,S10_low_demand,2009,116,400,0,0.05000000000000002,68.0,3.3625,14.0,1.0,400.0,1.0438140200003545
surrogate,efficiency,robustness,1.0,0.004626341463414632,20.0,2.5853658536585367,11.0,1.0,123.0,276,123,375,robustness__S10_low_demand__efficiency__2010,0,S10_low_demand,2010,123,375,0,0.030000000000000013,36.0,3.048,14.0,1.0,375.0,1.1061063009992722
surrogate,efpb,robustness,1.0,0.007950011335298122,17.0,4.159090909090909,14.0,1.0,132.0,297,132,401,robustness__S10_low_demand__efpb__2001,0,S10_low_demand,2001,132,401,0,0.0,22.0,3.3640897755610975,14.0,1.0,401.0,23.022736015999726
surrogate,efpb,robustness,0.9999950175630902,0.006666503372034165,20.0,4.138686131386861,15.0,1.0,137.0,317,137,449,robustness__S10_low_demand__efpb__2002,0,S10_low_demand,2002,137,447,0,0.009999999999999981,26.0,3.472035794183445,14.0,0.9955456570155902,447.0,21.569559085000037
surrogate,efpb,robustness,1.0,0.011327818522940479,29.0,4.653846153846154,18.0,1.0,130.0,314,130,451,robustness__S10_low_demand__efpb__2003,0,S10_low_demand,2003,130,451,0,0.03999999999999998,22.0,3.5210643015521064,14.0,1.0,451.0,25.063882207999995
surrogate,efpb,robustness,0.9999859727872071,0.0010264870810118808,18.0,2.7669172932330826,11.0,0.9925373134328358,133.0,289,134,417,robustness__S10_low_demand__efpb__2004,0,S10_low_demand,2004,133,417,0,0.009999999999999995,19.0,2.6642685851318944,10.0,1.0,417.0,25.056160875000387
surrogate,efpb,robustness,1.0,0.0016121784069205725,20.0,3.318840579710145,13.0,1.0,138.0,294,138,387,robustness__S10_low_demand__efpb__2005,0,S10_low_demand,2005,138,387,0,0.010000000000000009,27.0,3.157622739018088,14.0,1.0,387.0,23.116962858999614
surrogate,efpb,robustness,1.0,0.004777099784637473,15.0,3.2214285714285715,12.0,1.0,140.0,304,140,398,robustness__S10_low_demand__efpb__2006,0,S10_low_demand,2006,140,398,0,0.01999999999999999,19.0,2.7437185929648242,10.0,1.0,398.0,25.843975138999667
surrogate,efpb,robustness,1.0,0.007921235646126474,18.0,3.8074074074074074,15.0,1.0,135.0,300,135,458,robustness__S10_low_demand__efpb__2007,0,S10_low_demand,2007,135,458,0,0.03,21.0,3.01528384279476,12.0,1.0,458.0,23.182694938000168
surrogate,efpb,robustness,1.0,0.005857142857142859,28.0,3.9642857142857144,15.0,1.0,140.0,301,140,420,robustness__S10_low_demand__efpb__2008,0,S10_low_demand,2008,140,420,0,0.009999999999999981,26.0,3.3785714285714286,14.0,1.0,420.0,25.60585379300028
surrogate,efpb,robustness,1.0,0.0023086206896551775,19.0,3.2758620689655173,14.0,1.0,116.0,284,116,400,robustness__S10_low_demand__efpb__2009,0,S10_low_demand,2009,116,400,0,0.010000000000000009,28.0,3.045,13.0,1.0,400.0,20.060712575999787
surrogate,efpb,robustness,1.0,0.0014458536585365868,23.0,2.869918699186992,12.0,1.0,123.0,271,123,375,robustness__S10_low_demand__efpb__2010,0,S10_low_demand,2010,123,375,0,0.0,20.0,2.7253333333333334,12.0,1.0,375.0,20.020337275999736
surrogate,equal_bargaining,robustness,1.0,0.00929248847578025,17.0,4.325757575757576,14.0,1.0,132.0,298,132,401,robustness__S10_low_demand__equal_bargaining__2001,0,S10_low_demand,2001,132,401,0,0.0,22.0,3.396508728179551,14.0,1.0,401.0,12.464461388000018
surrogate,equal_bargaining,robustness,1.0,0.004816867979126366,19.0,4.007299270072993,14.0,1.0,137.0,317,137,449,robustness__S10_low_demand__equal_bargaining__2002,0,S10_low_demand,2002,137,449,0,0.009999999999999981,26.0,3.5256124721603563,15.0,1.0,449.0,13.631518880999465
surrogate,equal_bargaining,robustness,1.0,0.007667576326112917,20.0,4.423076923076923,17.0,1.0,130.0,314,130,451,robustness__S10_low_demand__equal_bargaining__2003,0,S10_low_demand,2003,130,451,0,0.03,22.0,3.656319290465632,14.0,1.0,451.0,13.651297181999325
surrogate,equal_bargaining,robustness,0.9999859727872071,0.00022898974053839685,18.0,2.691729323308271,10.0,0.9925373134328358,133.0,288,134,417,robustness__S10_low_demand__equal_bargaining__2004,0,S10_low_demand,2004,133,417,0,0.009999999999999995,19.0,2.7146282973621103,11.0,1.0,417.0,12.079286234999927
surrogate,equal_bargaining,robustness,1.0,0.0005729693292888458,19.0,3.289855072463768,13.0,1.0,138.0,293,138,387,robustness__S10_low_demand__equal_bargaining__2005,0,S10_low_demand,2005,138,387,0,0.01999999999999999,27.0,3.2325581395348837,15.0,1.0,387.0,11.689108493999811
surrogate,equal_bargaining,robustness,1.0,0.0067835606604450815,18.0,3.3642857142857143,12.0,1.0,140.0,304,140,398,robustness__S10_low_demand__equal_bargaining__2006,0,S10_low_demand,2006,140,398,0,0.01999999999999999,17.0,2.685929648241206,10.0,1.0,398.0,12.361407026000052
surrogate,equal_bargaining,robustness,1.0,0.008765647743813679,18.0,3.933333333333333,15.0,1.0,135.0,301,135,458,robustness__S10_low_demand__equal_bargaining__2007,0,S10_low_demand,2007,135,458,0,0.03,21.0,3.056768558951965,12.0,1.0,458.0,13.086577983000097
surrogate,equal_bargaining,robustness,1.0,0.008428571428571424,19.0,4.335714285714285,15.0,1.0,140.0,303,140,420,robustness__S10_low_demand__equal_bargaining__2008,0,S10_low_demand,2008,140,420,0,0.009999999999999981,26.0,3.492857142857143,14.0,1.0,420.0,13.221151142000053
surrogate,equal_bargaining,robustness,1.0,0.0023086206896551775,19.0,3.2758620689655173,14.0,1.0,116.0,284,116,400,robustness__S10_low_demand__equal_bargaining__2009,0,S10_low_demand,2009,116,400,0,0.010000000000000009,28.0,3.045,13.0,1.0,400.0,11.192468490000465
surrogate,equal_bargaining,robustness,1.0,0.0016578861788617942,19.0,2.8048780487804876,11.0,1.0,123.0,273,123,375,robustness__S10_low_demand__equal_bargaining__2010,0,S10_low_demand,2010,123,375,0,0.030000000000000013,29.0,2.970666666666667,14.0,1.0,375.0,10.532067371999801
surrogate,fixed_time,robustness,0.9999855428654041,0.10494393786526052,70.0,29.65648854961832,66.0,0.9924242424242424,131.0,140,132,401,robustness__S10_low_demand__fixed_time__2001,0,S10_low_demand,2001,131,401,0,0.14,55.0,19.16209476309227,52.0,1.0,401.0,1.0627219180000793
surrogate,fixed_time,robustness,0.999780569422349,0.0773342599259842,70.0,26.466165413533833,64.0,0.9708029197080292,133.0,140,137,449,robustness__S10_low_demand__fixed_time__2002,0,S10_low_demand,2002,133,449,0,0.13,55.0,18.732739420935413,51.0,1.0,449.0,1.095691450999766
surrogate,fixed_time,robustness,0.9999399110683812,0.07698430570953438,70.0,25.1640625,64.0,0.9846153846153847,128.0,140,130,451,robustness__S10_low_demand__fixed_time__2003,0,S10_low_demand,2003,128,451,0,0.12,55.0,17.465631929046562,52.0,1.0,451.0,1.0956436530004794
surrogate,fixed_time,robustness,0.9999859727872071,0.07948414200970055,70.0,26.082706766917294,63.0,0.9925373134328358,133.0,140,134,417,robustness__S10_low_demand__fixed_time__2004,0,S10_low_demand,2004,133,417,0,0.12,55.0,18.13429256594724,51.0,1.0,417.0,1.1029260120003528
surrogate,fixed_time,robustness,0.9999867770343532,0.1582378015428431,70.0,31.883211678832115,68.0,0.9927536231884058,137.0,140,138,387,robustness__S10_low_demand__fixed_time__2005,0,S10_low_demand,2005,137,387,0,0.17000000000000004,55.0,16.059431524547804,51.0,1.0,387.0,1.1163200380005946
surrogate,fixed_time,robustness,1.0,0.1112530509691314,70.0,27.77857142857143,67.0,1.0,140.0,140,140,398,robustness__S10_low_demand__fixed_time__2006,0,S10_low_demand,2006,140,398,0,0.18000000000000005,55.0,16.65326633165829,49.0,1.0,398.0,1.1178791199999978
surrogate,fixed_time,robustness,0.9999861805920234,0.09139249169002153,69.0,28.15671641791045,67.0,0.9925925925925926,134.0,140,135,458,robustness__S10_low_demand__fixed_time__2007,0,S10_low_demand,2007,134,458,0,0.16000000000000003,55.0,19.017467248908297,51.0,1.0,458.0,1.1621643789994778
surrogate,fixed_time,robustness,0.9999871534647106,0.0809585474477561,70.0,25.086330935251798,67.0,0.9928571428571429,139.0,140,140,420,robustness__S10_low_demand__fixed_time__2008,0,S10_low_demand,2008,139,420,0,0.17000000000000004,55.0,16.99047619047619,50.0,1.0,420.0,1.087867025000378
surrogate,fixed_time,robustness,0.9999812600727109,0.08724891304347829,70.0,27.617391304347827,67.0,0.9913793103448276,115.0,140,116,400,robustness__S10_low_demand__fixed_time__2009,0,S10_low_demand,2009,115,400,0,0.16000000000000003,55.0,18.8925,51.0,1.0,400.0,1.0978517449998435
surrogate,fixed_time,robustness,0.999847607436757,0.07784666666666668,70.0,26.483333333333334,65.0,0.975609756097561,120.0,140,123,375,robustness__S10_low_demand__fixed_time__2010,0,S10_low_demand,2010,120,375,0,0.14,55.0,18.698666666666668,51.0,1.0,375.0,1.0795829339999727
surrogate,efficiency,robustness,0.5,0.0,0.0,0.0,0.0,1.0,305.0,0,305,906,robustness__S11_accessibility__efficiency__2001,0,S11_accessibility,2001,305,0,0,0.0,0.0,0.0,0.0,0.0,0.0,1.5203514949998862
surrogate,efficiency,robustness,0.5,0.0,0.0,0.0,0.0,1.0,297.0,0,297,921,robustness__S11_accessibility__efficiency__2002,0,S11_accessibility,2002,297,0,0,0.0,0.0,0.0,0.0,0.0,0.0,1.6575352200006819
surrogate,efficiency,robustness,0.5,0.0,0.0,0.0,0.0,1.0,289.0,0,289,963,robustness__S11_accessibility__efficiency__2003,0,S11_accessibility,2003,289,0,0,0.0,0.0,0.0,0.0,0.0,0.0,1.5756536050002978
surrogate,efficiency,robustness,0.5,0.0,0.0,0.0,0.0,1.0,300.0,0,300,922,robustness__S11_accessibility__efficiency__2004,0,S11_accessibility,2004,300,0,0,0.0,0.0,0.0,0.0,0.0,0.0,1.5910912290000851
surrogate,efficiency,robustness,0.5,0.0,0.0,0.0,0.0,1.0,283.0,0,283,922,robustness__S11_accessibility__efficiency__2005,0,S11_accessibility,2005,283,0,0,0.0,0.0,0.0,0.0,0.0,0.0,1.3924691649999659
surrogate,efficiency,robustness,0.5,0.0,0.0,0.0,0.0,1.0,275.0,0,275,922,robustness__S11_accessibility__efficiency__2006,0,S11_accessibility,2006,275,0,0,0.0,0.0,0.0,0.0,0.0,0.0,1.3822548629996163
surrogate,efficiency,robustness,0.5,0.0,0.0,0.0,0.0,1.0,338.0,0,338,927,robustness__S11_accessibility__efficiency__2007,0,S11_accessibility,2007,338,0,0,0.0,0.0,0.0,0.0,0.0,0.0,1.559528515999773
surrogate,efficiency,robustness,0.5,0.0,0.0,0.0,0.0,1.0,319.0,0,319,889,robustness__S11_accessibility__efficiency__2008,0,S11_accessibility,2008,319,0,0,0.0,0.0,0.0,0.0,0.0,0.0,1.5760061439996207
surrogate,efficiency,robustness,0.5,0.0,0.0,0.0,0.0,1.0,274.0,0,274,917,robustness__S11_accessibility__efficiency__2009,0,S11_accessibility,2009,274,0,0,0.0,0.0,0.0,0.0,0.0,0.0,1.6198992460003865
surrogate,efficiency,robustness,0.5,0.0,0.0,0.0,0.0,1.0,276.0,0,276,910,robustness__S11_accessibility__efficiency__2010,0,S11_accessibility,2010,276,0,0,0.0,0.0,0.0,0.0,0.0,0.0,1.590298963999885
surrogate,efpb,robustness,0.5,0.0,0.0,0.0,0.0,1.0,305.0,0,305,906,robustness__S11_accessibility__efpb__2001,0,S11_accessibility,2001,305,0,0,0.0,0.0,0.0,0.0,0.0,0.0,71.22550974599926
surrogate,efpb,robustness,0.5,0.0,0.0,0.0,0.0,1.0,297.0,0,297,921,robustness__S11_accessibility__efpb__2002,0,S11_accessibility,2002,297,0,0,0.0,0.0,0.0,0.0,0.0,0.0,71.19477964900034
surrogate,efpb,robustness,0.5,0.0,0.0,0.0,0.0,1.0,289.0,0,289,963,robustness__S11_accessibility__efpb__2003,0,S11_accessibility,2003,289,0,0,0.0,0.0,0.0,0.0,0.0,0.0,83.29992573999971
surrogate,efpb,robustness,0.5,0.0,0.0,0.0,0.0,1.0,300.0,0,300,922,robustness__S11_accessibility__efpb__2004,0,S11_accessibility,2004,300,0,0,0.0,0.0,0.0,0.0,0.0,0.0,81.43720755999948
surrogate,efpb,robustness,0.5,0.0,0.0,0.0,0.0,1.0,283.0,0,283,922,robustness__S11_accessibility__efpb__2005,0,S11_accessibility,2005,283,0,0,0.0,0.0,0.0,0.0,0.0,0.0,80.83601393400022
surrogate,efpb,robustness,0.5,0.0,0.0,0.0,0.0,1.0,275.0,0,275,922,robustness__S11_accessibility__efpb__2006,0,S11_accessibility,2006,275,0,0,0.0,0.0,0.0,0.0,0.0,0.0,81.91885286100023
surrogate,efpb,robustness,0.5,0.0,0.0,0.0,0.0,1.0,338.0,0,338,927,robustness__S11_accessibility__efpb__2007,0,S11_accessibility,2007,338,0,0,0.0,0.0,0.0,0.0,0.0,0.0,71.05061657599981
surrogate,efpb,robustness,0.5,0.0,0.0,0.0,0.0,1.0,319.0,0,319,889,robustness__S11_accessibility__efpb__2008,0,S11_accessibility,2008,319,0,0,0.0,0.0,0.0,0.0,0.0,0.0,68.48050917100045
surrogate,efpb,robustness,0.5,0.0,0.0,0.0,0.0,1.0,274.0,0,274,917,robustness__S11_accessibility__efpb__2009,0,S11_accessibility,2009,274,0,0,0.0,0.0,0.0,0.0,0.0,0.0,63.725007112999265
surrogate,efpb,robustness,0.5,0.0,0.0,0.0,0.0,1.0,276.0,0,276,910,robustness__S11_accessibility__efpb__2010,0,S11_accessibility,2010,276,0,0,0.0,0.0,0.0,0.0,0.0,0.0,63.29564705800021
surrogate,equal_bargaining,robustness,0.5,0.0,0.0,0.0,0.0,1.0,305.0,0,305,906,robustness__S11_accessibility__equal_bargaining__2001,0,S11_accessibility,2001,305,0,0,0.0,0.0,0.0,0.0,0.0,0.0,66.02066462999937
surrogate,equal_bargaining,robustness,0.5,0.0,0.0,0.0,0.0,1.0,297.0,0,297,921,robustness__S11_accessibility__equal_bargaining__2002,0,S11_accessibility,2002,297,0,0,0.0,0.0,0.0,0.0,0.0,0.0,61.61019596299957
surrogate,equal_bargaining,robustness,0.5,0.0,0.0,0.0,0.0,1.0,289.0,0,289,963,robustness__S11_accessibility__equal_bargaining__2003,0,S11_accessibility,2003,289,0,0,0.0,0.0,0.0,0.0,0.0,0.0,60.13794887699987
surrogate,equal_bargaining,robustness,0.5,0.0,0.0,0.0,0.0,1.0,300.0,0,300,922,robustness__S11_accessibility__equal_bargaining__2004,0,S11_accessibility,2004,300,0,0,0.0,0.0,0.0,0.0,0.0,0.0,59.93035381200025
surrogate,equal_bargaining,robustness,0.5,0.0,0.0,0.0,0.0,1.0,283.0,0,283,922,robustness__S11_accessibility__equal_bargaining__2005,0,S11_accessibility,2005,283,0,0,0.0,0.0,0.0,0.0,0.0,0.0,70.53685711700018
surrogate,equal_bargaining,robustness,0.5,0.0,0.0,0.0,0.0,1.0,275.0,0,275,922,robustness__S11_accessibility__equal_bargaining__2006,0,S11_accessibility,2006,275,0,0,0.0,0.0,0.0,0.0,0.0,0.0,68.51687229700019
surrogate,equal_bargaining,robustness,0.5,0.0,0.0,0.0,0.0,1.0,338.0,0,338,927,robustness__S11_accessibility__equal_bargaining__2007,0,S11_accessibility,2007,338,0,0,0.0,0.0,0.0,0.0,0.0,0.0,68.72693381200042
surrogate,equal_bargaining,robustness,0.5,0.0,0.0,0.0,0.0,1.0,319.0,0,319,889,robustness__S11_accessibility__equal_bargaining__2008,0,S11_accessibility,2008,319,0,0,0.0,0.0,0.0,0.0,0.0,0.0,69.16450370500024
surrogate,equal_bargaining,robustness,0.5,0.0,0.0,0.0,0.0,1.0,274.0,0,274,917,robustness__S11_accessibility__equal_bargaining__2009,0,S11_accessibility,2009,274,0,0,0.0,0.0,0.0,0.0,0.0,0.0,61.94670160399983
surrogate,equal_bargaining,robustness,0.5,0.0,0.0,0.0,0.0,1.0,276.0,0,276,910,robustness__S11_accessibility__equal_bargaining__2010,0,S11_accessibility,2010,276,0,0,0.0,0.0,0.0,0.0,0.0,0.0,59.30076268199991
surrogate,fixed_time,robustness,0.5,0.0,0.0,0.0,0.0,1.0,305.0,0,305,906,robustness__S11_accessibility__fixed_time__2001,0,S11_accessibility,2001,305,0,0,0.0,0.0,0.0,0.0,0.0,0.0,1.5999101329998666
surrogate,fixed_time,robustness,0.5,0.0,0.0,0.0,0.0,1.0,297.0,0,297,921,robustness__S11_accessibility__fixed_time__2002,0,S11_accessibility,2002,297,0,0,0.0,0.0,0.0,0.0,0.0,0.0,1.62936480999997
surrogate,fixed_time,robustness,0.5,0.0,0.0,0.0,0.0,1.0,289.0,0,289,963,robustness__S11_accessibility__fixed_time__2003,0,S11_accessibility,2003,289,0,0,0.0,0.0,0.0,0.0,0.0,0.0,1.6156140709999818
surrogate,fixed_time,robustness,0.5,0.0,0.0,0.0,0.0,1.0,300.0,0,300,922,robustness__S11_accessibility__fixed_time__2004,0,S11_accessibility,2004,300,0,0,0.0,0.0,0.0,0.0,0.0,0.0,1.6574073760002648
surrogate,fixed_time,robustness,0.5,0.0,0.0,0.0,0.0,1.0,283.0,0,283,922,robustness__S11_accessibility__fixed_time__2005,0,S11_accessibility,2005,283,0,0,0.0,0.0,0.0,0.0,0.0,0.0,1.5492202799996448
surrogate,fixed_time,robustness,0.5,0.0,0.0,0.0,0.0,1.0,275.0,0,275,922,robustness__S11_accessibility__fixed_time__2006,0,S11_accessibility,2006,275,0,0,0.0,0.0,0.0,0.0,0.0,0.0,1.6071443910004746
surrogate,fixed_time,robustness,0.5,0.0,0.0,0.0,0.0,1.0,338.0,0,338,927,robustness__S11_accessibility__fixed_time__2007,0,S11_accessibility,2007,338,0,0,0.0,0.0,0.0,0.0,0.0,0.0,1.3951829200004795
surrogate,fixed_time,robustness,0.5,0.0,0.0,0.0,0.0,1.0,319.0,0,319,889,robustness__S11_accessibility__fixed_time__2008,0,S11_accessibility,2008,319,0,0,0.0,0.0,0.0,0.0,0.0,0.0,1.3565864279999005
surrogate,fixed_time,robustness,0.5,0.0,0.0,0.0,0.0,1.0,274.0,0,274,917,robustness__S11_accessibility__fixed_time__2009,0,S11_accessibility,2009,274,0,0,0.0,0.0,0.0,0.0,0.0,0.0,1.6087479050002003
surrogate,fixed_time,robustness,0.5,0.0,0.0,0.0,0.0,1.0,276.0,0,276,910,robustness__S11_accessibility__fixed_time__2010,0,S11_accessibility,2010,276,0,0,0.0,0.0,0.0,0.0,0.0,0.0,1.57531175099939
surrogate,efficiency,robustness,0.9999988122153153,0.08549527478918287,69.0,26.95394736842105,65.0,0.9967213114754099,304.0,140,305,906,robustness__S12_sensor_error__efficiency__2001,0,S12_sensor_error,2001,304,905,0,0.14,55.0,18.404419889502762,51.0,0.9988962472406181,905.0,1.1071865379999508
surrogate,efficiency,robustness,0.9999611075688205,0.1183421501706485,70.0,30.109215017064848,66.0,0.9865319865319865,293.0,140,297,921,robustness__S12_sensor_error__efficiency__2002,0,S12_sensor_error,2002,293,920,0,0.16000000000000003,55.0,18.275,50.0,0.998914223669924,920.0,1.14781827600018
surrogate,efficiency,robustness,0.9999238626604213,0.14008069705878054,70.0,32.08802816901409,66.0,0.9826989619377162,284.0,140,289,963,robustness__S12_sensor_error__efficiency__2003,0,S12_sensor_error,2003,284,963,0,0.14,55.0,18.079958463136034,52.0,1.0,963.0,0.9348730109995813
surrogate,efficiency,robustness,0.9999921494567295,0.11892151075938759,70.0,29.61744966442953,67.0,0.9933333333333333,298.0,140,300,922,robustness__S12_sensor_error__efficiency__2004,0,S12_sensor_error,2004,298,921,0,0.15000000000000002,55.0,17.72529858849077,52.0,0.9989154013015185,921.0,0.9073785199998383
surrogate,efficiency,robustness,0.9999716068623058,0.12783196467307098,70.0,31.196428571428573,66.0,0.9893992932862191,280.0,140,283,922,robustness__S12_sensor_error__efficiency__2005,0,S12_sensor_error,2005,280,922,0,0.16000000000000003,55.0,18.413232104121477,50.0,1.0,922.0,0.8864323150000928
surrogate,efficiency,robustness,0.9998900374215438,0.09182604167928024,70.0,27.527881040892193,64.0,0.9781818181818182,269.0,140,275,922,robustness__S12_sensor_error__efficiency__2006,0,S12_sensor_error,2006,269,921,0,0.13,55.0,18.34527687296417,51.0,0.9989154013015185,921.0,0.8446659100000034
surrogate,efficiency,robustness,0.99990152851028,0.1470216569985579,70.0,32.74320241691843,67.0,0.9792899408284024,331.0,140,338,927,robustness__S12_sensor_error__efficiency__2007,0,S12_sensor_error,2007,331,926,0,0.16000000000000003,55.0,18.041036717062635,51.0,0.9989212513484358,926.0,1.142348246000438
surrogate,efficiency,robustness,0.9999959255326105,0.1252882683272933,70.0,31.217665615141957,68.0,0.9937304075235109,317.0,140,319,889,robustness__S12_sensor_error__efficiency__2008,0,S12_sensor_error,2008,317,887,0,0.16000000000000003,55.0,18.688838782412628,52.0,0.9977502812148481,887.0,1.1053419529998791
surrogate,efficiency,robustness,0.9999697004383337,0.11940927217341968,70.0,31.40221402214022,67.0,0.9890510948905109,271.0,140,274,917,robustness__S12_sensor_error__efficiency__2009,0,S12_sensor_error,2009,271,917,0,0.15000000000000002,55.0,19.461286804798256,52.0,1.0,917.0,1.1220109979994959
surrogate,efficiency,robustness,0.9999701403404001,0.1091904761904762,70.0,30.113553113553113,65.0,0.9891304347826086,273.0,140,276,910,robustness__S12_sensor_error__efficiency__2010,0,S12_sensor_error,2010,273,910,0,0.12,55.0,19.194505494505496,53.0,1.0,910.0,1.1125820350007416
surrogate,efpb,robustness,0.9999988122153153,0.08549527478918287,69.0,26.95394736842105,65.0,0.9967213114754099,304.0,140,305,906,robustness__S12_sensor_error__efpb__2001,0,S12_sensor_error,2001,304,905,0,0.14,55.0,18.404419889502762,51.0,0.9988962472406181,905.0,45.69601665499977
surrogate,efpb,robustness,0.9999611075688205,0.1183421501706485,70.0,30.109215017064848,66.0,0.9865319865319865,293.0,140,297,921,robustness__S12_sensor_error__efpb__2002,0,S12_sensor_error,2002,293,920,0,0.16000000000000003,55.0,18.275,50.0,0.998914223669924,920.0,45.97243637700012
surrogate,efpb,robustness,0.9999238626604213,0.14008069705878054,70.0,32.08802816901409,66.0,0.9826989619377162,284.0,140,289,963,robustness__S12_sensor_error__efpb__2003,0,S12_sensor_error,2003,284,963,0,0.14,55.0,18.079958463136034,52.0,1.0,963.0,61.99361034000049
surrogate,efpb,robustness,0.9999921494567295,0.11892151075938759,70.0,29.61744966442953,67.0,0.9933333333333333,298.0,140,300,922,robustness__S12_sensor_error__efpb__2004,0,S12_sensor_error,2004,298,921,0,0.15000000000000002,55.0,17.72529858849077,52.0,0.9989154013015185,921.0,61.171293444000185
surrogate,efpb,robustness,0.9999716068623058,0.12783196467307098,70.0,31.196428571428573,66.0,0.9893992932862191,280.0,140,283,922,robustness__S12_sensor_error__efpb__2005,0,S12_sensor_error,2005,280,922,0,0.16000000000000003,55.0,18.413232104121477,50.0,1.0,922.0,61.58121193500028
surrogate,efpb,robustness,0.9998900374215438,0.09182604167928024,70.0,27.527881040892193,64.0,0.9781818181818182,269.0,140,275,922,robustness__S12_sensor_error__efpb__2006,0,S12_sensor_error,2006,269,921,0,0.13,55.0,18.34527687296417,51.0,0.9989154013015185,921.0,62.51034508800058
surrogate,efpb,robustness,0.99990152851028,0.1470216569985579,70.0,32.74320241691843,67.0,0.9792899408284024,331.0,140,338,927,robustness__S12_sensor_error__efpb__2007,0,S12_sensor_error,2007,331,926,0,0.16000000000000003,55.0,18.041036717062635,51.0,0.9989212513484358,926.0,46.78940072399928
surrogate,efpb,robustness,0.9999959255326105,0.1252882683272933,70.0,31.217665615141957,68.0,0.9937304075235109,317.0,140,319,889,robustness__S12_sensor_error__efpb__2008,0,S12_sensor_error,2008,317,887,0,0.16000000000000003,55.0,18.688838782412628,52.0,0.9977502812148481,887.0,45.143846568999834
surrogate,efpb,robustness,0.9999697004383337,0.11940927217341968,70.0,31.40221402214022,67.0,0.9890510948905109,271.0,140,274,917,robustness__S12_sensor_error__efpb__2009,0,S12_sensor_error,2009,271,917,0,0.15000000000000002,55.0,19.461286804798256,52.0,1.0,917.0,45.375341215000844
surrogate,efpb,robustness,0.9999701403404001,0.1091904761904762,70.0,30.113553113553113,65.0,0.9891304347826086,273.0,140,276,910,robustness__S12_sensor_error__efpb__2010,0,S12_sensor_error,2010,273,910,0,0.12,55.0,19.194505494505496,53.0,1.0,910.0,45.803084088000105
surrogate,equal_bargaining,robustness,0.9999988122153153,0.08549527478918287,69.0,26.95394736842105,65.0,0.9967213114754099,304.0,140,305,906,robustness__S12_sensor_error__equal_bargaining__2001,0,S12_sensor_error,2001,304,905,0,0.14,55.0,18.404419889502762,51.0,0.9988962472406181,905.0,46.582315725000626
surrogate,equal_bargaining,robustness,0.9999611075688205,0.1183421501706485,70.0,30.109215017064848,66.0,0.9865319865319865,293.0,140,297,921,robustness__S12_sensor_error__equal_bargaining__2002,0,S12_sensor_error,2002,293,920,0,0.16000000000000003,55.0,18.275,50.0,0.998914223669924,920.0,44.54142668900022
surrogate,equal_bargaining,robustness,0.9999238626604213,0.14008069705878054,70.0,32.08802816901409,66.0,0.9826989619377162,284.0,140,289,963,robustness__S12_sensor_error__equal_bargaining__2003,0,S12_sensor_error,2003,284,963,0,0.14,55.0,18.079958463136034,52.0,1.0,963.0,43.845427909000136
surrogate,equal_bargaining,robustness,0.9999921494567295,0.11892151075938759,70.0,29.61744966442953,67.0,0.9933333333333333,298.0,140,300,922,robustness__S12_sensor_error__equal_bargaining__2004,0,S12_sensor_error,2004,298,921,0,0.15000000000000002,55.0,17.72529858849077,52.0,0.9989154013015185,921.0,44.42380540100021
surrogate,equal_bargaining,robustness,0.9999716068623058,0.12783196467307098,70.0,31.196428571428573,66.0,0.9893992932862191,280.0,140,283,922,robustness__S12_sensor_error__equal_bargaining__2005,0,S12_sensor_error,2005,280,922,0,0.16000000000000003,55.0,18.413232104121477,50.0,1.0,922.0,59.381064146000426
surrogate,equal_bargaining,robustness,0.9998900374215438,0.09182604167928024,70.0,27.527881040892193,64.0,0.9781818181818182,269.0,140,275,922,robustness__S12_sensor_error__equal_bargaining__2006,0,S12_sensor_error,2006,269,921,0,0.13,55.0,18.34527687296417,51.0,0.9989154013015185,921.0,58.27547149600014
surrogate,equal_bargaining,robustness,0.99990152851028,0.1470216569985579,70.0,32.74320241691843,67.0,0.9792899408284024,331.0,140,338,927,robustness__S12_sensor_error__equal_bargaining__2007,0,S12_sensor_error,2007,331,926,0,0.16000000000000003,55.0,18.041036717062635,51.0,0.9989212513484358,926.0,58.79515476600045
surrogate,equal_bargaining,robustness,0.9999959255326105,0.1252882683272933,70.0,31.217665615141957,68.0,0.9937304075235109,317.0,140,319,889,robustness__S12_sensor_error__equal_bargaining__2008,0,S12_sensor_error,2008,317,887,0,0.16000000000000003,55.0,18.688838782412628,52.0,0.9977502812148481,887.0,59.200545681999756
surrogate,equal_bargaining,robustness,0.9999697004383337,0.11940927217341968,70.0,31.40221402214022,67.0,0.9890510948905109,271.0,140,274,917,robustness__S12_sensor_error__equal_bargaining__2009,0,S12_sensor_error,2009,271,917,0,0.15000000000000002,55.0,19.461286804798256,52.0,1.0,917.0,45.38388304199998
surrogate,equal_bargaining,robustness,0.9999701403404001,0.1091904761904762,70.0,30.113553113553113,65.0,0.9891304347826086,273.0,140,276,910,robustness__S12_sensor_error__equal_bargaining__2010,0,S12_sensor_error,2010,273,910,0,0.12,55.0,19.194505494505496,53.0,1.0,910.0,43.595340863000274
surrogate,fixed_time,robustness,0.9999988122153153,0.08549527478918287,69.0,26.95394736842105,65.0,0.9967213114754099,304.0,140,305,906,robustness__S12_sensor_error__fixed_time__2001,0,S12_sensor_error,2001,304,905,0,0.14,55.0,18.404419889502762,51.0,0.9988962472406181,905.0,1.144455499000287
surrogate,fixed_time,robustness,0.9999611075688205,0.1183421501706485,70.0,30.109215017064848,66.0,0.9865319865319865,293.0,140,297,921,robustness__S12_sensor_error__fixed_time__2002,0,S12_sensor_error,2002,293,920,0,0.16000000000000003,55.0,18.275,50.0,0.998914223669924,920.0,1.0888935000002675
surrogate,fixed_time,robustness,0.9999238626604213,0.14008069705878054,70.0,32.08802816901409,66.0,0.9826989619377162,284.0,140,289,963,robustness__S12_sensor_error__fixed_time__2003,0,S12_sensor_error,2003,284,963,0,0.14,55.0,18.079958463136034,52.0,1.0,963.0,1.0881699190003928
surrogate,fixed_time,robustness,0.9999921494567295,0.11892151075938759,70.0,29.61744966442953,67.0,0.9933333333333333,298.0,140,300,922,robustness__S12_sensor_error__fixed_time__2004,0,S12_sensor_error,2004,298,921,0,0.15000000000000002,55.0,17.72529858849077,52.0,0.9989154013015185,921.0,1.1562349460000405
surrogate,fixed_time,robustness,0.9999716068623058,0.12783196467307098,70.0,31.196428571428573,66.0,0.9893992932862191,280.0,140,283,922,robustness__S12_sensor_error__fixed_time__2005,0,S12_sensor_error,2005,280,922,0,0.16000000000000003,55.0,18.413232104121477,50.0,1.0,922.0,0.9277711889999409
surrogate,fixed_time,robustness,0.9998900374215438,0.09182604167928024,70.0,27.527881040892193,64.0,0.9781818181818182,269.0,140,275,922,robustness__S12_sensor_error__fixed_time__2006,0,S12_sensor_error,2006,269,921,0,0.13,55.0,18.34527687296417,51.0,0.9989154013015185,921.0,0.9055350899998302
surrogate,fixed_time,robustness,0.99990152851028,0.1470216569985579,70.0,32.74320241691843,67.0,0.9792899408284024,331.0,140,338,927,robustness__S12_sensor_error__fixed_time__2007,0,S12_sensor_error,2007,331,926,0,0.16000000000000003,55.0,18.041036717062635,51.0,0.9989212513484358,926.0,0.8545363630000793
surrogate,fixed_time,robustness,0.9999959255326105,0.1252882683272933,70.0,31.217665615141957,68.0,0.9937304075235109,317.0,140,319,889,robustness__S12_sensor_error__fixed_time__2008,0,S12_sensor_error,2008,317,887,0,0.16000000000000003,55.0,18.688838782412628,52.0,0.9977502812148481,887.0,0.8310051429998566
surrogate,fixed_time,robustness,0.9999697004383337,0.11940927217341968,70.0,31.40221402214022,67.0,0.9890510948905109,271.0,140,274,917,robustness__S12_sensor_error__fixed_time__2009,0,S12_sensor_error,2009,271,917,0,0.15000000000000002,55.0,19.461286804798256,52.0,1.0,917.0,1.0855781139998726
surrogate,fixed_time,robustness,0.9999701403404001,0.1091904761904762,70.0,30.113553113553113,65.0,0.9891304347826086,273.0,140,276,910,robustness__S12_sensor_error__fixed_time__2010,0,S12_sensor_error,2010,273,910,0,0.12,55.0,19.194505494505496,53.0,1.0,910.0,1.1842896409998502
surrogate,efficiency,robustness,0.999999694421543,0.03139726216814159,39.0,7.4140625,28.0,1.0,128.0,387,128,905,robustness__S4_tail_wait__efficiency__2001,0,S4_tail_wait,2001,128,904,0,0.12000000000000002,31.0,4.274336283185841,16.0,0.9988950276243094,904.0,1.0736790850000943
surrogate,efficiency,robustness,0.9999996977721577,0.025017645764576456,40.0,6.856,21.0,1.0,125.0,384,125,910,robustness__S4_tail_wait__efficiency__2002,0,S4_tail_wait,2002,125,909,0,0.03999999999999998,45.0,4.354235423542354,17.0,0.9989010989010989,909.0,1.074004733000038
surrogate,efficiency,robustness,1.0,0.04089107611548555,39.0,8.472440944881889,27.0,1.0,127.0,394,127,960,robustness__S4_tail_wait__efficiency__2003,0,S4_tail_wait,2003,127,960,0,0.11000000000000001,35.0,4.383333333333334,16.0,1.0,960.0,1.0503761479999412
surrogate,efficiency,robustness,1.0,0.03542588673216448,43.0,7.81203007518797,25.0,1.0,133.0,388,133,913,robustness__S4_tail_wait__efficiency__2004,0,S4_tail_wait,2004,133,913,0,0.09,36.0,4.269441401971522,16.0,1.0,913.0,1.1000830919997497
surrogate,efficiency,robustness,1.0,0.023336418800781647,37.0,6.476190476190476,20.0,1.0,126.0,381,126,926,robustness__S4_tail_wait__efficiency__2005,0,S4_tail_wait,2005,126,926,0,0.04000000000000001,30.0,4.142548596112311,16.0,1.0,926.0,1.0992288200000075
surrogate,efficiency,robustness,0.9999409890421047,0.029785515486292574,35.0,7.0578512396694215,19.0,0.983739837398374,121.0,388,123,972,robustness__S4_tail_wait__efficiency__2006,0,S4_tail_wait,2006,121,971,0,0.04000000000000001,59.0,4.079299691040164,15.0,0.9989711934156379,971.0,1.186095873999875
surrogate,efficiency,robustness,0.9999997203487139,0.02555718355718356,33.0,6.661538461538462,20.0,1.0,130.0,384,130,946,robustness__S4_tail_wait__efficiency__2007,0,S4_tail_wait,2007,130,945,0,0.04000000000000001,38.0,4.105820105820106,16.0,0.9989429175475687,945.0,1.0554799520000415
surrogate,efficiency,robustness,1.0,0.017083333333333332,38.0,6.208333333333333,20.0,1.0,144.0,379,144,876,robustness__S4_tail_wait__efficiency__2008,0,S4_tail_wait,2008,144,876,0,0.03,30.0,4.5,17.0,1.0,876.0,1.0876650889999837
surrogate,efficiency,robustness,1.0,0.0348049013643869,33.0,7.162162162162162,27.0,1.0,111.0,375,111,933,robustness__S4_tail_wait__efficiency__2009,0,S4_tail_wait,2009,111,933,0,0.13,37.0,3.6816720257234725,14.0,1.0,933.0,1.0645628440001929
surrogate,efficiency,robustness,0.9999973154922939,0.020997499218505786,48.0,6.542857142857143,26.0,1.0,140.0,385,140,917,robustness__S4_tail_wait__efficiency__2010,0,S4_tail_wait,2010,140,914,0,0.1,30.0,4.4431072210065645,16.0,0.9967284623773174,914.0,1.066448605000005
surrogate,efpb,robustness,0.999999694421543,0.04407217920353983,39.0,8.515625,27.0,1.0,128.0,387,128,905,robustness__S4_tail_wait__efpb__2001,0,S4_tail_wait,2001,128,904,0,0.12000000000000002,30.0,4.1084070796460175,15.0,0.9988950276243094,904.0,24.883372957999654
surrogate,efpb,robustness,0.9999987897594284,0.04334731277533039,40.0,8.392,23.0,1.0,125.0,383,125,910,robustness__S4_tail_wait__efpb__2002,0,S4_tail_wait,2002,125,908,0,0.08000000000000002,30.0,4.057268722466961,15.0,0.9978021978021978,908.0,25.053732983999907
surrogate,efpb,robustness,1.0,0.06314657152230971,39.0,10.409448818897637,29.0,1.0,127.0,394,127,960,robustness__S4_tail_wait__efpb__2003,0,S4_tail_wait,2003,127,960,0,0.13999999999999999,27.0,4.094791666666667,15.0,1.0,960.0,27.083830408999802
surrogate,efpb,robustness,1.0,0.04483270059046851,44.0,8.654135338345865,27.0,1.0,133.0,385,133,913,robustness__S4_tail_wait__efpb__2004,0,S4_tail_wait,2004,133,913,0,0.12000000000000002,31.0,4.170865279299014,15.0,1.0,913.0,26.750228837999657
surrogate,efpb,robustness,1.0,0.03768161404230519,49.0,7.825396825396825,22.0,1.0,126.0,380,126,926,robustness__S4_tail_wait__efpb__2005,0,S4_tail_wait,2005,126,926,0,0.06,27.0,4.057235421166307,16.0,1.0,926.0,23.300611120000212
surrogate,efpb,robustness,0.9999409890421047,0.04175953902852133,35.0,7.950413223140496,19.0,0.983739837398374,121.0,386,123,972,robustness__S4_tail_wait__efpb__2006,0,S4_tail_wait,2006,121,971,0,0.04999999999999999,26.0,3.7744593202883627,14.0,0.9989711934156379,971.0,24.905395032000342
surrogate,efpb,robustness,0.9999997203487139,0.043170533170533154,33.0,8.246153846153845,25.0,1.0,130.0,388,130,946,robustness__S4_tail_wait__efpb__2007,0,S4_tail_wait,2007,130,945,0,0.1,30.0,3.929100529100529,15.0,0.9989429175475687,945.0,24.732829575999858
surrogate,efpb,robustness,1.0,0.033574010654490116,47.0,7.506944444444445,27.0,1.0,144.0,382,144,876,robustness__S4_tail_wait__efpb__2008,0,S4_tail_wait,2008,144,876,0,0.12000000000000002,30.0,4.149543378995434,15.0,1.0,876.0,23.667094246000033
surrogate,efpb,robustness,1.0,0.04681614089974219,33.0,8.243243243243244,26.0,1.0,111.0,375,111,933,robustness__S4_tail_wait__efpb__2009,0,S4_tail_wait,2009,111,933,0,0.13,29.0,3.5616291532690245,13.0,1.0,933.0,25.076258370999767
surrogate,efpb,robustness,0.9999973154922939,0.03143810565801813,45.0,7.235714285714286,23.0,1.0,140.0,383,140,917,robustness__S4_tail_wait__efpb__2010,0,S4_tail_wait,2010,140,914,0,0.07,30.0,4.091903719912473,16.0,0.9967284623773174,914.0,23.314662322999993
surrogate,equal_bargaining,robustness,0.999999694421543,0.025780558628318587,19.0,7.0703125,18.0,1.0,128.0,386,128,905,robustness__S4_tail_wait__equal_bargaining__2001,0,S4_tail_wait,2001,128,904,0,0.009999999999999981,30.0,4.492256637168142,17.0,0.9988950276243094,904.0,19.60272328400015
surrogate,equal_bargaining,robustness,0.9999987897594284,0.023868810572687228,22.0,6.736,16.0,1.0,125.0,380,125,910,robustness__S4_tail_wait__equal_bargaining__2002,0,S4_tail_wait,2002,125,908,0,0.010000000000000009,28.0,4.349118942731278,17.0,0.9978021978021978,908.0,19.95488215899968
surrogate,equal_bargaining,robustness,1.0,0.037909694881889756,22.0,8.244094488188976,17.0,1.0,127.0,389,127,960,robustness__S4_tail_wait__equal_bargaining__2003,0,S4_tail_wait,2003,127,960,0,0.0,29.0,4.453125,17.0,1.0,960.0,21.430391879000126
surrogate,equal_bargaining,robustness,1.0,0.02301180113481953,27.0,6.834586466165414,18.0,1.0,133.0,380,133,913,robustness__S4_tail_wait__equal_bargaining__2004,0,S4_tail_wait,2004,133,913,0,0.009999999999999981,31.0,4.533406352683461,17.0,1.0,913.0,19.606094256000233
surrogate,equal_bargaining,robustness,1.0,0.023126778429154234,19.0,6.603174603174603,17.0,1.0,126.0,380,126,926,robustness__S4_tail_wait__equal_bargaining__2005,0,S4_tail_wait,2005,126,926,0,0.010000000000000009,27.0,4.290496760259179,16.0,1.0,926.0,19.60118722299967
surrogate,equal_bargaining,robustness,0.9999409890421047,0.028708326595228567,21.0,6.859504132231405,16.0,0.983739837398374,121.0,384,123,972,robustness__S4_tail_wait__equal_bargaining__2006,0,S4_tail_wait,2006,121,971,0,0.010000000000000009,30.0,3.988671472708548,15.0,0.9989711934156379,971.0,19.43664317899993
surrogate,equal_bargaining,robustness,0.9999997203487139,0.022581196581196582,19.0,6.769230769230769,17.0,1.0,130.0,384,130,946,robustness__S4_tail_wait__equal_bargaining__2007,0,S4_tail_wait,2007,130,945,0,0.010000000000000009,26.0,4.511111111111111,16.0,0.9989429175475687,945.0,20.538329016999796
surrogate,equal_bargaining,robustness,1.0,0.01623477929984779,21.0,6.347222222222222,18.0,1.0,144.0,383,144,876,robustness__S4_tail_wait__equal_bargaining__2008,0,S4_tail_wait,2008,144,876,0,0.009999999999999981,28.0,4.723744292237443,17.0,1.0,876.0,18.660854934000326
surrogate,equal_bargaining,robustness,1.0,0.023755105587903017,18.0,6.252252252252252,17.0,1.0,111.0,369,111,933,robustness__S4_tail_wait__equal_bargaining__2009,0,S4_tail_wait,2009,111,933,0,0.010000000000000009,28.0,3.8767416934619505,16.0,1.0,933.0,18.860324670999944
surrogate,equal_bargaining,robustness,0.9999973154922939,0.018042356986558303,22.0,6.392857142857143,16.0,1.0,140.0,380,140,917,robustness__S4_tail_wait__equal_bargaining__2010,0,S4_tail_wait,2010,140,914,0,0.010000000000000009,30.0,4.588621444201313,17.0,0.9967284623773174,914.0,19.951676584000325
surrogate,fixed_time,robustness,0.999999694421543,0.11332618915929202,70.0,29.5859375,64.0,1.0,128.0,140,128,905,robustness__S4_tail_wait__fixed_time__2001,0,S4_tail_wait,2001,128,904,0,0.13,55.0,18.253318584070797,51.0,0.9988950276243094,904.0,1.1119627349999064
surrogate,fixed_time,robustness,0.9999349678090654,0.11788885910837132,70.0,30.56910569105691,66.0,0.984,123.0,140,125,910,robustness__S4_tail_wait__fixed_time__2002,0,S4_tail_wait,2002,123,910,0,0.15000000000000002,55.0,18.78021978021978,51.0,1.0,910.0,1.2295578270000078
surrogate,fixed_time,robustness,0.9999989126676395,0.12222395739154732,70.0,30.46456692913386,66.0,1.0,127.0,140,127,960,robustness__S4_tail_wait__fixed_time__2003,0,S4_tail_wait,2003,127,958,0,0.14,55.0,18.242171189979125,52.0,0.9979166666666667,958.0,1.1308529470002213
surrogate,fixed_time,robustness,0.9999857602597328,0.10739686016794445,70.0,28.696969696969695,67.0,0.9924812030075187,132.0,140,133,913,robustness__S4_tail_wait__fixed_time__2004,0,S4_tail_wait,2004,132,913,0,0.16000000000000003,55.0,17.957283680175248,51.0,1.0,913.0,1.1903198959998917
surrogate,fixed_time,robustness,0.9999973675050675,0.09540963731104574,69.0,27.69047619047619,64.0,1.0,126.0,140,126,926,robustness__S4_tail_wait__fixed_time__2005,0,S4_tail_wait,2005,126,923,0,0.13,55.0,18.149512459371614,51.0,0.9967602591792657,923.0,1.1812880349998522
surrogate,fixed_time,robustness,0.9999409890421047,0.13130103582402056,69.0,30.776859504132233,64.0,0.983739837398374,121.0,140,123,972,robustness__S4_tail_wait__fixed_time__2006,0,S4_tail_wait,2006,121,971,0,0.12,55.0,17.646755921730175,52.0,0.9989711934156379,971.0,1.2051616230000946
surrogate,fixed_time,robustness,0.9999850928714111,0.1064799154334038,69.0,28.162790697674417,63.0,0.9923076923076923,129.0,140,130,946,robustness__S4_tail_wait__fixed_time__2007,0,S4_tail_wait,2007,129,946,0,0.12,55.0,17.51479915433404,51.0,1.0,946.0,1.1436104540002816
surrogate,fixed_time,robustness,0.9999878596576424,0.09202062777405248,69.0,27.055944055944057,64.0,0.9930555555555556,143.0,140,144,876,robustness__S4_tail_wait__fixed_time__2008,0,S4_tail_wait,2008,143,876,0,0.13,55.0,17.85388127853881,51.0,1.0,876.0,1.1419630120003603
surrogate,fixed_time,robustness,1.0,0.09968801599026678,70.0,27.81981981981982,66.0,1.0,111.0,140,111,933,robustness__S4_tail_wait__fixed_time__2009,0,S4_tail_wait,2009,111,933,0,0.15000000000000002,55.0,17.85101822079314,51.0,1.0,933.0,1.1144531390000338
surrogate,fixed_time,robustness,0.9999980443470246,0.09827771517725578,70.0,28.237410071942445,65.0,0.9928571428571429,139.0,140,140,917,robustness__S4_tail_wait__fixed_time__2010,0,S4_tail_wait,2010,139,913,0,0.15000000000000002,55.0,18.40963855421687,50.0,0.9956379498364231,913.0,1.1204859049998959
surrogate,efficiency,robustness,0.9999996950961085,0.008503577574495068,48.0,6.442622950819672,20.0,1.0,305.0,405,305,906,robustness__S5_ns_wait__efficiency__2001,0,S5_ns_wait,2001,305,905,0,0.020000000000000018,39.0,5.5922651933701655,18.0,0.9988962472406181,905.0,1.0805159490000733
surrogate,efficiency,robustness,0.9999969477674836,0.011826040397326536,42.0,6.83728813559322,24.0,0.9932659932659933,295.0,403,297,921,robustness__S5_ns_wait__efficiency__2002,0,S5_ns_wait,2002,295,918,0,0.04999999999999999,47.0,5.654684095860566,19.0,0.996742671009772,918.0,1.0972312949998013
surrogate,efficiency,robustness,0.9999989194387567,0.007920562850836609,33.0,6.2145328719723185,19.0,1.0,289.0,406,289,963,robustness__S5_ns_wait__efficiency__2003,0,S5_ns_wait,2003,289,961,0,0.0,46.0,5.422476586888657,19.0,0.9979231568016614,961.0,1.0880419119998805
surrogate,efficiency,robustness,0.999997344576593,0.000680885019949215,36.0,5.706666666666667,18.0,1.0,300.0,408,300,922,robustness__S5_ns_wait__efficiency__2004,0,S5_ns_wait,2004,300,919,0,0.010000000000000009,47.0,5.7747551686615886,19.0,0.9967462039045553,919.0,1.0807185439998648
surrogate,efficiency,robustness,0.9999997055922748,0.0022218897112141894,34.0,5.508833922261484,18.0,1.0,283.0,403,283,922,robustness__S5_ns_wait__efficiency__2005,0,S5_ns_wait,2005,283,921,0,0.0,34.0,5.286644951140065,18.0,0.9989154013015185,921.0,1.0721195839996653
surrogate,efficiency,robustness,0.9999988210911509,0.0048458498023715435,40.0,5.945454545454545,18.0,1.0,275.0,404,275,922,robustness__S5_ns_wait__efficiency__2006,0,S5_ns_wait,2006,275,920,0,0.0,35.0,5.460869565217391,18.0,0.9978308026030369,920.0,1.1065220139998928
surrogate,efficiency,robustness,0.9999997087613329,0.0009010569095300805,31.0,6.017751479289941,18.0,1.0,338.0,410,338,927,robustness__S5_ns_wait__efficiency__2007,0,S5_ns_wait,2007,338,926,0,0.010000000000000009,49.0,5.927645788336933,19.0,0.9989212513484358,926.0,1.0901322899999286
surrogate,efficiency,robustness,0.9999996833168131,0.0024843966223276545,34.0,5.733542319749216,18.0,1.0,319.0,399,319,889,robustness__S5_ns_wait__efficiency__2008,0,S5_ns_wait,2008,319,888,0,0.010000000000000009,39.0,5.981981981981982,19.0,0.9988751406074241,888.0,1.079148656000143
surrogate,efficiency,robustness,1.0,0.0032586823106129995,47.0,5.587591240875913,18.0,1.0,274.0,399,274,917,robustness__S5_ns_wait__efficiency__2009,0,S5_ns_wait,2009,274,917,0,0.010000000000000009,48.0,5.261723009814613,19.0,1.0,917.0,1.1344747140001346
surrogate,efficiency,robustness,0.999995148386596,0.0015865246184854562,53.0,6.13768115942029,20.0,1.0,276.0,403,276,910,robustness__S5_ns_wait__efficiency__2010,0,S5_ns_wait,2010,276,906,0,0.010000000000000009,50.0,5.979028697571744,19.0,0.9956043956043956,906.0,1.0935893799996848
surrogate,efpb,robustness,0.9999996950961085,0.02188479304410832,38.0,7.442622950819672,19.0,1.0,305.0,404,305,906,robustness__S5_ns_wait__efpb__2001,0,S5_ns_wait,2001,305,905,0,0.010000000000000009,29.0,5.254143646408839,18.0,0.9988962472406181,905.0,33.165450815999975
surrogate,efpb,robustness,0.9999999969728632,0.013556350468115173,31.0,6.6824324324324325,21.0,0.9966329966329966,296.0,404,297,921,robustness__S5_ns_wait__efpb__2002,0,S5_ns_wait,2002,296,918,0,0.01999999999999999,50.0,5.326797385620915,19.0,0.996742671009772,918.0,31.81024603500009
surrogate,efpb,robustness,0.9999989194387567,0.02291885255050788,36.0,7.356401384083045,23.0,1.0,289.0,407,289,963,robustness__S5_ns_wait__efpb__2003,0,S5_ns_wait,2003,289,961,0,0.06,33.0,5.064516129032258,17.0,0.9979231568016614,961.0,32.66652333100001
surrogate,efpb,robustness,0.999997344576593,0.020372905331882483,39.0,7.33,21.0,1.0,300.0,403,300,922,robustness__S5_ns_wait__efpb__2004,0,S5_ns_wait,2004,300,919,0,0.03,31.0,5.292709466811752,18.0,0.9967462039045553,919.0,33.47233189999997
surrogate,efpb,robustness,0.9999997055922748,0.019069340055171254,43.0,6.628975265017668,19.0,1.0,283.0,401,283,922,robustness__S5_ns_wait__efpb__2005,0,S5_ns_wait,2005,283,921,0,0.01999999999999999,28.0,4.722041259500543,17.0,0.9989154013015185,921.0,32.92151319699997
surrogate,efpb,robustness,0.9999988210911509,0.022747628458498023,39.0,7.134545454545455,18.0,1.0,275.0,402,275,922,robustness__S5_ns_wait__efpb__2006,0,S5_ns_wait,2006,275,920,0,0.009999999999999981,28.0,4.859782608695652,17.0,0.9978308026030369,920.0,32.553257165000105
surrogate,efpb,robustness,0.9999997087613329,0.014922105639832837,28.0,6.775147928994083,18.0,1.0,338.0,407,338,927,robustness__S5_ns_wait__efpb__2007,0,S5_ns_wait,2007,338,926,0,0.0,38.0,5.282937365010799,18.0,0.9989212513484358,926.0,34.148546327000076
surrogate,efpb,robustness,1.0,0.017655073680053313,38.0,7.300940438871473,19.0,1.0,319.0,400,319,889,robustness__S5_ns_wait__efpb__2008,0,S5_ns_wait,2008,319,889,0,0.010000000000000009,30.0,5.535433070866142,18.0,1.0,889.0,31.51562712199984
surrogate,efpb,robustness,1.0,0.027891927819213708,47.0,7.733576642335766,23.0,1.0,274.0,400,274,917,robustness__S5_ns_wait__efpb__2009,0,S5_ns_wait,2009,274,917,0,0.06,42.0,4.944383860414395,17.0,1.0,917.0,31.339512585000193
surrogate,efpb,robustness,0.9999972739647275,0.021165971589728834,38.0,7.27536231884058,20.0,1.0,276.0,401,276,910,robustness__S5_ns_wait__efpb__2010,0,S5_ns_wait,2010,276,907,0,0.020000000000000018,30.0,5.158765159867696,18.0,0.9967032967032967,907.0,31.660384228999646
surrogate,equal_bargaining,robustness,0.9999996950961085,0.015557648763698945,32.0,7.00327868852459,18.0,1.0,305.0,404,305,906,robustness__S5_ns_wait__equal_bargaining__2001,0,S5_ns_wait,2001,305,905,0,0.0,29.0,5.447513812154696,18.0,0.9988962472406181,905.0,26.84687880499996
surrogate,equal_bargaining,robustness,0.9999995689352627,0.009665161720079946,34.0,6.752542372881356,18.0,0.9932659932659933,295.0,402,297,921,robustness__S5_ns_wait__equal_bargaining__2002,0,S5_ns_wait,2002,295,916,0,0.010000000000000009,29.0,5.786026200873362,19.0,0.99457111834962,916.0,26.697300825000184
surrogate,equal_bargaining,robustness,0.9999989194387567,0.010755160606202456,27.0,6.612456747404845,18.0,1.0,289.0,408,289,963,robustness__S5_ns_wait__equal_bargaining__2003,0,S5_ns_wait,2003,289,961,0,0.0,30.0,5.536940686784599,18.0,0.9979231568016614,961.0,27.044650771000306
surrogate,equal_bargaining,robustness,0.9999952741244135,0.007355773420479293,26.0,6.236666666666666,18.0,1.0,300.0,401,300,922,robustness__S5_ns_wait__equal_bargaining__2004,0,S5_ns_wait,2004,300,918,0,0.0,31.0,5.501089324618737,18.0,0.9956616052060737,918.0,25.306462891999672
surrogate,equal_bargaining,robustness,0.9999997055922748,0.016878949367525695,24.0,6.840989399293286,18.0,1.0,283.0,399,283,922,robustness__S5_ns_wait__equal_bargaining__2005,0,S5_ns_wait,2005,283,921,0,0.009999999999999981,27.0,5.153094462540716,17.0,0.9989154013015185,921.0,25.434481672999937
surrogate,equal_bargaining,robustness,0.9999988210911509,0.014452964426877477,21.0,6.701818181818182,18.0,1.0,275.0,400,275,922,robustness__S5_ns_wait__equal_bargaining__2006,0,S5_ns_wait,2006,275,920,0,0.0,30.0,5.256521739130434,18.0,0.9978308026030369,920.0,25.133359072000076
surrogate,equal_bargaining,robustness,0.9999997087613329,0.00670671080041408,19.0,6.488165680473373,18.0,1.0,338.0,408,338,927,robustness__S5_ns_wait__equal_bargaining__2007,0,S5_ns_wait,2007,338,926,0,0.0,30.0,5.817494600431965,18.0,0.9989212513484358,926.0,26.830534353000075
surrogate,equal_bargaining,robustness,1.0,0.009802567782475465,28.0,6.655172413793103,18.0,1.0,319.0,399,319,889,robustness__S5_ns_wait__equal_bargaining__2008,0,S5_ns_wait,2008,319,889,0,0.0,31.0,5.674915635545557,18.0,1.0,889.0,25.49146123499986
surrogate,equal_bargaining,robustness,1.0,0.009472255609771628,34.0,6.437956204379562,18.0,1.0,274.0,395,274,917,robustness__S5_ns_wait__equal_bargaining__2009,0,S5_ns_wait,2009,274,917,0,0.0,30.0,5.490730643402399,18.0,1.0,917.0,23.658200170000327
surrogate,equal_bargaining,robustness,0.9999972739647275,0.007987951999744329,22.0,6.550724637681159,18.0,1.0,276.0,402,276,910,robustness__S5_ns_wait__equal_bargaining__2010,0,S5_ns_wait,2010,276,907,0,0.0,30.0,5.751929437706726,18.0,0.9967032967032967,907.0,24.89574045900008
surrogate,fixed_time,robustness,0.9999988122153153,0.08549527478918287,69.0,26.95394736842105,65.0,0.9967213114754099,304.0,140,305,906,robustness__S5_ns_wait__fixed_time__2001,0,S5_ns_wait,2001,304,905,0,0.14,55.0,18.404419889502762,51.0,0.9988962472406181,905.0,1.1144419980000748
surrogate,fixed_time,robustness,0.9999611075688205,0.1183421501706485,70.0,30.109215017064848,66.0,0.9865319865319865,293.0,140,297,921,robustness__S5_ns_wait__fixed_time__2002,0,S5_ns_wait,2002,293,920,0,0.16000000000000003,55.0,18.275,50.0,0.998914223669924,920.0,1.1173723920001066
surrogate,fixed_time,robustness,0.9999238626604213,0.14008069705878054,70.0,32.08802816901409,66.0,0.9826989619377162,284.0,140,289,963,robustness__S5_ns_wait__fixed_time__2003,0,S5_ns_wait,2003,284,963,0,0.14,55.0,18.079958463136034,52.0,1.0,963.0,1.0988603699997839
surrogate,fixed_time,robustness,0.9999921494567295,0.11892151075938759,70.0,29.61744966442953,67.0,0.9933333333333333,298.0,140,300,922,robustness__S5_ns_wait__fixed_time__2004,0,S5_ns_wait,2004,298,921,0,0.15000000000000002,55.0,17.72529858849077,52.0,0.9989154013015185,921.0,1.1536706829997456
surrogate,fixed_time,robustness,0.9999716068623058,0.12783196467307098,70.0,31.196428571428573,66.0,0.9893992932862191,280.0,140,283,922,robustness__S5_ns_wait__fixed_time__2005,0,S5_ns_wait,2005,280,922,0,0.16000000000000003,55.0,18.413232104121477,50.0,1.0,922.0,1.1237761129996215
surrogate,fixed_time,robustness,0.9998900374215438,0.09182604167928024,70.0,27.527881040892193,64.0,0.9781818181818182,269.0,140,275,922,robustness__S5_ns_wait__fixed_time__2006,0,S5_ns_wait,2006,269,921,0,0.13,55.0,18.34527687296417,51.0,0.9989154013015185,921.0,1.049160595000103
surrogate,fixed_time,robustness,0.99990152851028,0.1470216569985579,70.0,32.74320241691843,67.0,0.9792899408284024,331.0,140,338,927,robustness__S5_ns_wait__fixed_time__2007,0,S5_ns_wait,2007,331,926,0,0.16000000000000003,55.0,18.041036717062635,51.0,0.9989212513484358,926.0,1.120293909999873
surrogate,fixed_time,robustness,0.9999959255326105,0.1252882683272933,70.0,31.217665615141957,68.0,0.9937304075235109,317.0,140,319,889,robustness__S5_ns_wait__fixed_time__2008,0,S5_ns_wait,2008,317,887,0,0.16000000000000003,55.0,18.688838782412628,52.0,0.9977502812148481,887.0,1.1779001949998928
surrogate,fixed_time,robustness,0.9999697004383337,0.11940927217341968,70.0,31.40221402214022,67.0,0.9890510948905109,271.0,140,274,917,robustness__S5_ns_wait__fixed_time__2009,0,S5_ns_wait,2009,271,917,0,0.15000000000000002,55.0,19.461286804798256,52.0,1.0,917.0,1.085216015000242
surrogate,fixed_time,robustness,0.9999701403404001,0.1091904761904762,70.0,30.113553113553113,65.0,0.9891304347826086,273.0,140,276,910,robustness__S5_ns_wait__fixed_time__2010,0,S5_ns_wait,2010,273,910,0,0.12,55.0,19.194505494505496,53.0,1.0,910.0,1.0864359510001123
surrogate,efficiency,robustness,0.9999969754344789,0.01889693911032639,60.0,8.347533632286995,26.0,1.0,446.0,417,446,1440,robustness__S6_conflict__efficiency__2001,0,S6_conflict,2001,446,1435,0,0.06,39.0,6.457839721254356,20.0,0.9965277777777778,1435.0,1.0987148479998723
surrogate,efficiency,robustness,0.9999989020075939,0.002067859179447157,40.0,6.896995708154506,20.0,1.0,466.0,416,466,1433,robustness__S6_conflict__efficiency__2002,0,S6_conflict,2002,466,1430,0,0.010000000000000009,55.0,6.69020979020979,19.0,0.9979064898813678,1430.0,1.1276060269997288
surrogate,efficiency,robustness,0.9999966351500342,0.01634134934166903,39.0,7.952069716775599,22.0,0.9956616052060737,459.0,419,461,1473,robustness__S6_conflict__efficiency__2003,0,S6_conflict,2003,459,1472,0,0.01999999999999999,39.0,6.317934782608695,20.0,0.9993211133740665,1472.0,1.094977722999829
surrogate,efficiency,robustness,0.9999969518042796,0.010798881513615216,38.0,7.566037735849057,21.0,0.9958246346555324,477.0,419,479,1445,robustness__S6_conflict__efficiency__2004,0,S6_conflict,2004,477,1444,0,0.01999999999999999,39.0,6.486149584487535,19.0,0.9993079584775086,1444.0,1.057693511999787
surrogate,efficiency,robustness,0.9999969457613642,0.021115196078431375,59.0,8.383928571428571,22.0,1.0,448.0,418,448,1433,robustness__S6_conflict__efficiency__2005,0,S6_conflict,2005,448,1428,0,0.03,49.0,6.272408963585434,19.0,0.9965108164689462,1428.0,1.0908140310002636
surrogate,efficiency,robustness,0.999999374197824,0.022471798160545585,50.0,8.452272727272728,22.0,0.9977324263038548,440.0,418,441,1454,robustness__S6_conflict__efficiency__2006,0,S6_conflict,2006,440,1453,0,0.03,43.0,6.205092911218169,19.0,0.9993122420907841,1453.0,1.0841891860000032
surrogate,efficiency,robustness,0.9999995157314634,0.011284269900310798,39.0,7.560878243512974,20.0,1.0,501.0,417,501,1438,robustness__S6_conflict__efficiency__2007,0,S6_conflict,2007,501,1436,0,0.0,40.0,6.4324512534818945,20.0,0.9986091794158554,1436.0,1.0512802990001546
surrogate,efficiency,robustness,0.9999979650062475,0.013160087586831772,54.0,7.346723044397463,21.0,1.0,473.0,417,473,1404,robustness__S6_conflict__efficiency__2008,0,S6_conflict,2008,473,1400,0,0.01999999999999999,38.0,6.030714285714286,19.0,0.9971509971509972,1400.0,1.0751034400000208
surrogate,efficiency,robustness,0.9999988880699043,0.01143023424996363,50.0,7.763713080168777,24.0,1.0,474.0,417,474,1424,robustness__S6_conflict__efficiency__2009,0,S6_conflict,2009,474,1421,0,0.03999999999999998,49.0,6.620689655172414,20.0,0.9978932584269663,1421.0,1.054207052000038
surrogate,efficiency,robustness,0.9999998803524625,0.022072457066317983,39.0,8.317972350230415,20.0,1.0,434.0,416,434,1446,robustness__S6_conflict__efficiency__2010,0,S6_conflict,2010,434,1445,0,0.010000000000000009,41.0,6.110726643598616,19.0,0.9993084370677732,1445.0,1.1191004620000058
surrogate,efpb,robustness,0.9999989126676395,0.031977946706360734,47.0,8.92152466367713,26.0,1.0,446.0,416,446,1440,robustness__S6_conflict__efpb__2001,0,S6_conflict,2001,446,1437,0,0.07,30.0,5.723729993041058,19.0,0.9979166666666667,1437.0,42.8946452350001
surrogate,efpb,robustness,0.9999989020075939,0.025226537411086762,44.0,8.63733905579399,25.0,1.0,466.0,415,466,1433,robustness__S6_conflict__efpb__2002,0,S6_conflict,2002,466,1430,0,0.07,40.0,6.114685314685315,18.0,0.9979064898813678,1430.0,43.31612894099999
surrogate,efpb,robustness,0.9999999250098084,0.02618693580371148,48.0,8.31304347826087,26.0,0.9978308026030369,460.0,415,461,1473,robustness__S6_conflict__efpb__2003,0,S6_conflict,2003,460,1469,0,0.08000000000000002,39.0,5.694349897889721,18.0,0.9972844534962662,1469.0,43.80584361000001
surrogate,efpb,robustness,0.9999989201871964,0.018213424291823863,39.0,8.075156576200417,24.0,1.0,479.0,415,479,1445,robustness__S6_conflict__efpb__2004,0,S6_conflict,2004,479,1442,0,0.04999999999999999,43.0,6.253814147018031,19.0,0.9979238754325259,1442.0,43.7466416809998
surrogate,efpb,robustness,0.9999969457613642,0.020714285714285713,44.0,8.0,24.0,1.0,448.0,412,448,1433,robustness__S6_conflict__efpb__2005,0,S6_conflict,2005,448,1428,0,0.04999999999999999,31.0,5.928571428571429,19.0,0.9965108164689462,1428.0,42.04432270500001
surrogate,efpb,robustness,0.999999374197824,0.034419821059876114,47.0,9.4,26.0,0.9977324263038548,440.0,416,441,1454,robustness__S6_conflict__efpb__2006,0,S6_conflict,2006,440,1453,0,0.08000000000000002,31.0,5.9580178940123885,18.0,0.9993122420907841,1453.0,42.957721859999765
surrogate,efpb,robustness,0.9999961630997264,0.01852410338216981,39.0,8.06425702811245,22.0,0.9940119760479041,498.0,414,501,1438,robustness__S6_conflict__efpb__2007,0,S6_conflict,2007,498,1435,0,0.03,32.0,6.21184668989547,19.0,0.997913769123783,1435.0,43.499119325999345
surrogate,efpb,robustness,0.9999998730843672,0.02264584045966133,43.0,8.236786469344608,22.0,1.0,473.0,416,473,1404,robustness__S6_conflict__efpb__2008,0,S6_conflict,2008,473,1403,0,0.03,40.0,5.972202423378475,19.0,0.9992877492877493,1403.0,43.48282382200068
surrogate,efpb,robustness,0.999998007879731,0.025591432453693774,41.0,8.516949152542374,24.0,0.9957805907172996,472.0,415,474,1424,robustness__S6_conflict__efpb__2009,0,S6_conflict,2009,472,1422,0,0.04999999999999999,39.0,5.957805907172996,19.0,0.9985955056179775,1422.0,43.419015121000484
surrogate,efpb,robustness,0.9999998803524625,0.023917050691244238,39.0,8.391705069124423,24.0,1.0,434.0,415,434,1446,robustness__S6_conflict__efpb__2010,0,S6_conflict,2010,434,1445,0,0.06,32.0,6.0,18.0,0.9993084370677732,1445.0,41.86145898200084
surrogate,equal_bargaining,robustness,0.9999989126676395,0.010910279574724374,32.0,7.73542600896861,19.0,1.0,446.0,416,446,1440,robustness__S6_conflict__equal_bargaining__2001,0,S6_conflict,2001,446,1437,0,0.0,30.0,6.6443980514961725,19.0,0.9979166666666667,1437.0,33.62849859100015
surrogate,equal_bargaining,robustness,0.9999969457613642,0.01781993484088916,32.0,8.356223175965665,19.0,1.0,466.0,414,466,1433,robustness__S6_conflict__equal_bargaining__2002,0,S6_conflict,2002,466,1428,0,0.0,30.0,6.57422969187675,19.0,0.9965108164689462,1428.0,32.83449877400017
surrogate,equal_bargaining,robustness,0.9999999250098084,0.007297792050196816,32.0,7.584782608695652,19.0,0.9978308026030369,460.0,413,461,1473,robustness__S6_conflict__equal_bargaining__2003,0,S6_conflict,2003,460,1469,0,0.0,30.0,6.85500340367597,19.0,0.9972844534962662,1469.0,32.01287612099986
surrogate,equal_bargaining,robustness,0.999999999966463,0.019035045467998307,68.0,8.606694560669457,22.0,0.9979123173277662,478.0,415,479,1445,robustness__S6_conflict__equal_bargaining__2004,0,S6_conflict,2004,478,1442,0,0.03,30.0,6.703190013869626,19.0,0.9979238754325259,1442.0,34.60877533799976
surrogate,equal_bargaining,robustness,0.999992918359,0.014193406041190654,39.0,7.896629213483146,19.0,0.9933035714285714,445.0,413,448,1433,robustness__S6_conflict__equal_bargaining__2005,0,S6_conflict,2005,445,1431,0,0.0,31.0,6.477288609364081,19.0,0.9986043265875785,1431.0,32.545200346
surrogate,equal_bargaining,robustness,0.999999374197824,0.009151473440530564,28.0,7.509090909090909,18.0,0.9977324263038548,440.0,414,441,1454,robustness__S6_conflict__equal_bargaining__2006,0,S6_conflict,2006,440,1453,0,0.010000000000000009,30.0,6.593943565037852,19.0,0.9993122420907841,1453.0,33.48957685200003
surrogate,equal_bargaining,robustness,0.999994677255167,0.01679229452629459,36.0,8.234939759036145,19.0,0.9940119760479041,498.0,415,501,1438,robustness__S6_conflict__equal_bargaining__2007,0,S6_conflict,2007,498,1436,0,0.0,31.0,6.555710306406685,19.0,0.9986091794158554,1436.0,33.1028220180001
surrogate,equal_bargaining,robustness,0.9999998730843672,0.019895828781273592,39.0,8.350951374207188,19.0,1.0,473.0,415,473,1404,robustness__S6_conflict__equal_bargaining__2008,0,S6_conflict,2008,473,1403,0,0.0,30.0,6.361368496079829,19.0,0.9992877492877493,1403.0,33.354862309000055
surrogate,equal_bargaining,robustness,0.999998007879731,0.01078371951655581,37.0,8.07415254237288,19.0,0.9957805907172996,472.0,416,474,1424,robustness__S6_conflict__equal_bargaining__2009,0,S6_conflict,2009,472,1422,0,0.0,32.0,6.9957805907173,19.0,0.9985955056179775,1422.0,34.06058179899992
surrogate,equal_bargaining,robustness,0.9999998803524625,0.02127814009854416,47.0,8.585253456221198,20.0,1.0,434.0,415,434,1446,robustness__S6_conflict__equal_bargaining__2010,0,S6_conflict,2010,434,1445,0,0.010000000000000009,31.0,6.457439446366782,19.0,0.9993084370677732,1445.0,32.90062992099956
surrogate,fixed_time,robustness,0.9999682254821465,0.12187627551020402,70.0,30.693877551020407,65.0,0.9887892376681614,441.0,140,446,1440,robustness__S6_conflict__fixed_time__2001,0,S6_conflict,2001,441,1440,0,0.13,55.0,18.50625,52.0,1.0,1440.0,1.138864435999949
surrogate,fixed_time,robustness,0.9999869533973766,0.131973463294218,72.0,31.4978354978355,68.0,0.9914163090128756,462.0,140,466,1433,robustness__S6_conflict__fixed_time__2002,0,S6_conflict,2002,462,1431,0,0.17000000000000004,55.0,18.300489168413698,51.0,0.9986043265875785,1431.0,1.1141591040000094
surrogate,fixed_time,robustness,0.9999859189759231,0.1201183732491993,70.0,31.13377192982456,66.0,0.9891540130151844,456.0,140,461,1473,robustness__S6_conflict__fixed_time__2003,0,S6_conflict,2003,456,1468,0,0.14,55.0,19.12193460490463,52.0,0.9966055668703326,1468.0,1.1017336319996502
surrogate,fixed_time,robustness,0.9999988913785571,0.12515226057449907,70.0,30.72327044025157,68.0,0.9958246346555324,477.0,140,479,1445,robustness__S6_conflict__fixed_time__2004,0,S6_conflict,2004,477,1442,0,0.17000000000000004,55.0,18.208044382801663,51.0,0.9979238754325259,1442.0,1.1140249449999828
surrogate,fixed_time,robustness,0.9999996860556006,0.11342692686773112,70.0,29.537078651685395,65.0,0.9933035714285714,445.0,140,448,1433,robustness__S6_conflict__fixed_time__2005,0,S6_conflict,2005,445,1425,0,0.14,55.0,18.194385964912282,51.0,0.994417306350314,1425.0,1.132295910999801
surrogate,fixed_time,robustness,0.9999999412727494,0.12251050156739812,70.0,31.238636363636363,66.0,0.9977324263038548,440.0,140,441,1454,robustness__S6_conflict__fixed_time__2006,0,S6_conflict,2006,440,1450,0,0.14,55.0,18.98758620689655,52.0,0.9972489683631361,1450.0,1.0774301050005306
surrogate,fixed_time,robustness,0.9998844053970701,0.15244859613991735,70.0,32.61020408163265,67.0,0.9780439121756487,490.0,140,501,1438,robustness__S6_conflict__fixed_time__2007,0,S6_conflict,2007,490,1437,0,0.16000000000000003,55.0,17.36534446764092,51.0,0.9993045897079277,1437.0,1.1403084839998883
surrogate,fixed_time,robustness,0.99995454727912,0.12324906785524053,70.0,30.879828326180256,67.0,0.985200845665962,466.0,140,473,1404,robustness__S6_conflict__fixed_time__2008,0,S6_conflict,2008,466,1402,0,0.15000000000000002,55.0,18.554921540656206,52.0,0.9985754985754985,1402.0,1.188557531000697
surrogate,fixed_time,robustness,0.9999718871798793,0.1367712950097027,70.0,33.072494669509595,66.0,0.989451476793249,469.0,140,474,1424,robustness__S6_conflict__fixed_time__2009,0,S6_conflict,2009,469,1424,0,0.14,55.0,19.395365168539325,52.0,1.0,1424.0,1.131761933999769
surrogate,fixed_time,robustness,0.9999993479412886,0.12689380439038817,70.0,31.69284064665127,67.0,0.9976958525345622,433.0,140,434,1446,robustness__S6_conflict__fixed_time__2010,0,S6_conflict,2010,433,1445,0,0.16000000000000003,55.0,19.003460207612456,51.0,0.9993084370677732,1445.0,1.0977249440002197
surrogate,efficiency,robustness,0.9999996950961085,0.008503577574495068,48.0,6.442622950819672,20.0,1.0,305.0,405,305,906,robustness__S7_emergency__efficiency__2001,0,S7_emergency,2001,305,905,0,0.020000000000000018,39.0,5.5922651933701655,18.0,0.9988962472406181,905.0,1.1365439920000426
surrogate,efficiency,robustness,0.9999969477674836,0.011826040397326536,42.0,6.83728813559322,24.0,0.9932659932659933,295.0,403,297,921,robustness__S7_emergency__efficiency__2002,0,S7_emergency,2002,295,918,0,0.04999999999999999,47.0,5.654684095860566,19.0,0.996742671009772,918.0,1.1401988630000233
surrogate,efficiency,robustness,0.9999989194387567,0.007920562850836609,33.0,6.2145328719723185,19.0,1.0,289.0,406,289,963,robustness__S7_emergency__efficiency__2003,0,S7_emergency,2003,289,961,0,0.0,46.0,5.422476586888657,19.0,0.9979231568016614,961.0,1.0957284639998761
surrogate,efficiency,robustness,0.999997344576593,0.000680885019949215,36.0,5.706666666666667,18.0,1.0,300.0,408,300,922,robustness__S7_emergency__efficiency__2004,0,S7_emergency,2004,300,919,0,0.010000000000000009,47.0,5.7747551686615886,19.0,0.9967462039045553,919.0,1.0463307899999563
surrogate,efficiency,robustness,0.9999997055922748,0.0022218897112141894,34.0,5.508833922261484,18.0,1.0,283.0,403,283,922,robustness__S7_emergency__efficiency__2005,0,S7_emergency,2005,283,921,0,0.0,34.0,5.286644951140065,18.0,0.9989154013015185,921.0,1.0846144260003712
surrogate,efficiency,robustness,0.9999988210911509,0.0048458498023715435,40.0,5.945454545454545,18.0,1.0,275.0,404,275,922,robustness__S7_emergency__efficiency__2006,0,S7_emergency,2006,275,920,0,0.0,35.0,5.460869565217391,18.0,0.9978308026030369,920.0,1.083109269000488
surrogate,efficiency,robustness,0.9999997087613329,0.0009010569095300805,31.0,6.017751479289941,18.0,1.0,338.0,410,338,927,robustness__S7_emergency__efficiency__2007,0,S7_emergency,2007,338,926,0,0.010000000000000009,49.0,5.927645788336933,19.0,0.9989212513484358,926.0,1.1049878310000167
surrogate,efficiency,robustness,0.9999996833168131,0.0024843966223276545,34.0,5.733542319749216,18.0,1.0,319.0,399,319,889,robustness__S7_emergency__efficiency__2008,0,S7_emergency,2008,319,888,0,0.010000000000000009,39.0,5.981981981981982,19.0,0.9988751406074241,888.0,1.0927154910000354
surrogate,efficiency,robustness,1.0,0.0032586823106129995,47.0,5.587591240875913,18.0,1.0,274.0,399,274,917,robustness__S7_emergency__efficiency__2009,0,S7_emergency,2009,274,917,0,0.010000000000000009,48.0,5.261723009814613,19.0,1.0,917.0,1.0635056780001833
surrogate,efficiency,robustness,0.999995148386596,0.0015865246184854562,53.0,6.13768115942029,20.0,1.0,276.0,403,276,910,robustness__S7_emergency__efficiency__2010,0,S7_emergency,2010,276,906,0,0.010000000000000009,50.0,5.979028697571744,19.0,0.9956043956043956,906.0,1.18980446400019
surrogate,efpb,robustness,0.9999996950961085,0.02188479304410832,38.0,7.442622950819672,19.0,1.0,305.0,404,305,906,robustness__S7_emergency__efpb__2001,0,S7_emergency,2001,305,905,0,0.010000000000000009,29.0,5.254143646408839,18.0,0.9988962472406181,905.0,33.70307568499993
surrogate,efpb,robustness,0.9999999969728632,0.013556350468115173,31.0,6.6824324324324325,21.0,0.9966329966329966,296.0,404,297,921,robustness__S7_emergency__efpb__2002,0,S7_emergency,2002,296,918,0,0.01999999999999999,50.0,5.326797385620915,19.0,0.996742671009772,918.0,31.953791998999804
surrogate,efpb,robustness,0.9999989194387567,0.02291885255050788,36.0,7.356401384083045,23.0,1.0,289.0,407,289,963,robustness__S7_emergency__efpb__2003,0,S7_emergency,2003,289,961,0,0.06,33.0,5.064516129032258,17.0,0.9979231568016614,961.0,32.76756975399985
surrogate,efpb,robustness,0.999997344576593,0.020372905331882483,39.0,7.33,21.0,1.0,300.0,403,300,922,robustness__S7_emergency__efpb__2004,0,S7_emergency,2004,300,919,0,0.03,31.0,5.292709466811752,18.0,0.9967462039045553,919.0,33.937321454000084
surrogate,efpb,robustness,0.9999997055922748,0.019069340055171254,43.0,6.628975265017668,19.0,1.0,283.0,401,283,922,robustness__S7_emergency__efpb__2005,0,S7_emergency,2005,283,921,0,0.01999999999999999,28.0,4.722041259500543,17.0,0.9989154013015185,921.0,33.395428162999906
surrogate,efpb,robustness,0.9999988210911509,0.022747628458498023,39.0,7.134545454545455,18.0,1.0,275.0,402,275,922,robustness__S7_emergency__efpb__2006,0,S7_emergency,2006,275,920,0,0.009999999999999981,28.0,4.859782608695652,17.0,0.9978308026030369,920.0,33.14448879600013
surrogate,efpb,robustness,0.9999997087613329,0.014922105639832837,28.0,6.775147928994083,18.0,1.0,338.0,407,338,927,robustness__S7_emergency__efpb__2007,0,S7_emergency,2007,338,926,0,0.0,38.0,5.282937365010799,18.0,0.9989212513484358,926.0,33.51085347000026
surrogate,efpb,robustness,1.0,0.017655073680053313,38.0,7.300940438871473,19.0,1.0,319.0,400,319,889,robustness__S7_emergency__efpb__2008,0,S7_emergency,2008,319,889,0,0.010000000000000009,30.0,5.535433070866142,18.0,1.0,889.0,31.52369114999965
surrogate,efpb,robustness,1.0,0.027891927819213708,47.0,7.733576642335766,23.0,1.0,274.0,400,274,917,robustness__S7_emergency__efpb__2009,0,S7_emergency,2009,274,917,0,0.06,42.0,4.944383860414395,17.0,1.0,917.0,31.505960909999885
surrogate,efpb,robustness,0.9999972739647275,0.021165971589728834,38.0,7.27536231884058,20.0,1.0,276.0,401,276,910,robustness__S7_emergency__efpb__2010,0,S7_emergency,2010,276,907,0,0.020000000000000018,30.0,5.158765159867696,18.0,0.9967032967032967,907.0,31.173574061999716
surrogate,equal_bargaining,robustness,0.9999996950961085,0.015557648763698945,32.0,7.00327868852459,18.0,1.0,305.0,404,305,906,robustness__S7_emergency__equal_bargaining__2001,0,S7_emergency,2001,305,905,0,0.0,29.0,5.447513812154696,18.0,0.9988962472406181,905.0,26.43270751900036
surrogate,equal_bargaining,robustness,0.9999995689352627,0.009665161720079946,34.0,6.752542372881356,18.0,0.9932659932659933,295.0,402,297,921,robustness__S7_emergency__equal_bargaining__2002,0,S7_emergency,2002,295,916,0,0.010000000000000009,29.0,5.786026200873362,19.0,0.99457111834962,916.0,26.57504289999997
surrogate,equal_bargaining,robustness,0.9999989194387567,0.010755160606202456,27.0,6.612456747404845,18.0,1.0,289.0,408,289,963,robustness__S7_emergency__equal_bargaining__2003,0,S7_emergency,2003,289,961,0,0.0,30.0,5.536940686784599,18.0,0.9979231568016614,961.0,26.56660046700017
surrogate,equal_bargaining,robustness,0.9999952741244135,0.007355773420479293,26.0,6.236666666666666,18.0,1.0,300.0,401,300,922,robustness__S7_emergency__equal_bargaining__2004,0,S7_emergency,2004,300,918,0,0.0,31.0,5.501089324618737,18.0,0.9956616052060737,918.0,24.700685963999604
surrogate,equal_bargaining,robustness,0.9999997055922748,0.016878949367525695,24.0,6.840989399293286,18.0,1.0,283.0,399,283,922,robustness__S7_emergency__equal_bargaining__2005,0,S7_emergency,2005,283,921,0,0.009999999999999981,27.0,5.153094462540716,17.0,0.9989154013015185,921.0,25.525984709000113
surrogate,equal_bargaining,robustness,0.9999988210911509,0.014452964426877477,21.0,6.701818181818182,18.0,1.0,275.0,400,275,922,robustness__S7_emergency__equal_bargaining__2006,0,S7_emergency,2006,275,920,0,0.0,30.0,5.256521739130434,18.0,0.9978308026030369,920.0,25.175072927999736
surrogate,equal_bargaining,robustness,0.9999997087613329,0.00670671080041408,19.0,6.488165680473373,18.0,1.0,338.0,408,338,927,robustness__S7_emergency__equal_bargaining__2007,0,S7_emergency,2007,338,926,0,0.0,30.0,5.817494600431965,18.0,0.9989212513484358,926.0,26.557284858000003
surrogate,equal_bargaining,robustness,1.0,0.009802567782475465,28.0,6.655172413793103,18.0,1.0,319.0,399,319,889,robustness__S7_emergency__equal_bargaining__2008,0,S7_emergency,2008,319,889,0,0.0,31.0,5.674915635545557,18.0,1.0,889.0,25.51567469299971
surrogate,equal_bargaining,robustness,1.0,0.009472255609771628,34.0,6.437956204379562,18.0,1.0,274.0,395,274,917,robustness__S7_emergency__equal_bargaining__2009,0,S7_emergency,2009,274,917,0,0.0,30.0,5.490730643402399,18.0,1.0,917.0,23.93634852499963
surrogate,equal_bargaining,robustness,0.9999972739647275,0.007987951999744329,22.0,6.550724637681159,18.0,1.0,276.0,402,276,910,robustness__S7_emergency__equal_bargaining__2010,0,S7_emergency,2010,276,907,0,0.0,30.0,5.751929437706726,18.0,0.9967032967032967,907.0,25.51673005399971
surrogate,fixed_time,robustness,0.9999988122153153,0.09220009450421635,80.0,27.55592105263158,65.0,0.9967213114754099,304.0,141,305,906,robustness__S7_emergency__fixed_time__2001,0,S7_emergency,2001,304,905,0,0.14,55.0,18.335911602209944,51.0,0.9988962472406181,905.0,1.15040976399996
surrogate,fixed_time,robustness,0.9999611075688205,0.12099907256269474,79.0,30.266211604095563,66.0,0.9865319865319865,293.0,141,297,921,robustness__S7_emergency__fixed_time__2002,0,S7_emergency,2002,293,920,0,0.16000000000000003,55.0,18.166304347826088,50.0,0.998914223669924,920.0,1.1254618930001925
surrogate,fixed_time,robustness,0.9999238626604213,0.14556539130943505,80.0,32.40492957746479,67.0,0.9826989619377162,284.0,141,289,963,robustness__S7_emergency__fixed_time__2003,0,S7_emergency,2003,284,963,0,0.16000000000000003,55.0,17.848390446521286,51.0,1.0,963.0,1.1210956659997464
surrogate,fixed_time,robustness,0.9999921494567295,0.12155382608632287,79.0,29.818791946308725,68.0,0.9933333333333333,298.0,141,300,922,robustness__S7_emergency__fixed_time__2004,0,S7_emergency,2004,298,921,0,0.16000000000000003,55.0,17.663409337676438,52.0,0.9989154013015185,921.0,1.1902808329996333
surrogate,fixed_time,robustness,0.9999716068623058,0.1330718159281066,77.0,31.539285714285715,66.0,0.9893992932862191,280.0,141,283,922,robustness__S7_emergency__fixed_time__2005,0,S7_emergency,2005,280,922,0,0.16000000000000003,55.0,18.232104121475054,50.0,1.0,922.0,1.1376087939997888
surrogate,fixed_time,robustness,0.9998900374215438,0.09364445466984733,70.0,27.602230483271377,65.0,0.9781818181818182,269.0,141,275,922,robustness__S7_emergency__fixed_time__2006,0,S7_emergency,2006,269,921,0,0.14,55.0,18.237785016286644,51.0,0.9989154013015185,921.0,1.078996819999702
surrogate,fixed_time,robustness,0.99990152851028,0.15084220211023605,70.0,33.01510574018127,67.0,0.9792899408284024,331.0,141,338,927,robustness__S7_emergency__fixed_time__2007,0,S7_emergency,2007,331,926,0,0.16000000000000003,55.0,17.930885529157667,51.0,0.9989212513484358,926.0,1.0865368169997964
surrogate,fixed_time,robustness,0.9999959255326105,0.12830840852268482,79.0,31.406940063091483,68.0,0.9937304075235109,317.0,141,319,889,robustness__S7_emergency__fixed_time__2008,0,S7_emergency,2008,317,887,0,0.16000000000000003,55.0,18.576099210823,52.0,0.9977502812148481,887.0,1.0784051679993354
surrogate,fixed_time,robustness,0.9999697004383337,0.12245727484537658,79.0,31.56088560885609,67.0,0.9890510948905109,271.0,141,274,917,robustness__S7_emergency__fixed_time__2009,0,S7_emergency,2009,271,917,0,0.15000000000000002,55.0,19.31515812431843,52.0,1.0,917.0,1.15728280500025
surrogate,fixed_time,robustness,0.9999701403404001,0.11163736263736262,70.0,30.186813186813186,65.0,0.9891304347826086,273.0,141,276,910,robustness__S7_emergency__fixed_time__2010,0,S7_emergency,2010,273,910,0,0.12,55.0,19.023076923076925,53.0,1.0,910.0,1.1632832599998437
surrogate,efficiency,robustness,0.9999999050285265,0.02107367116945781,33.0,8.900181488203266,22.0,0.9981884057971014,551.0,395,552,1672,robustness__S8_repeated_imbalance__efficiency__2001,0,S8_repeated_imbalance,2001,551,1670,0,0.03,40.0,6.792814371257485,19.0,0.9988038277511961,1670.0,1.0670883070001764
surrogate,efficiency,robustness,0.9999992340216237,0.01818672369039946,36.0,8.596715328467154,22.0,0.9981785063752276,548.0,390,549,1682,robustness__S8_repeated_imbalance__efficiency__2002,0,S8_repeated_imbalance,2002,548,1676,0,0.03,38.0,6.778042959427208,19.0,0.9964328180737217,1676.0,1.1171240009998655
surrogate,efficiency,robustness,0.9999985845254061,0.015851324867101696,36.0,8.714795008912656,20.0,0.9929203539823008,561.0,395,565,1697,robustness__S8_repeated_imbalance__efficiency__2003,0,S8_repeated_imbalance,2003,561,1689,0,0.010000000000000009,33.0,7.129662522202486,19.0,0.9952857984678845,1689.0,1.1012586220003868
surrogate,efficiency,robustness,0.9999914604245331,0.014026138369145208,30.0,8.564981949458483,22.0,1.0,554.0,400,554,1716,robustness__S8_repeated_imbalance__efficiency__2004,0,S8_repeated_imbalance,2004,554,1706,0,0.01999999999999999,35.0,7.162368112543962,20.0,0.9941724941724942,1706.0,1.1560945949995585
surrogate,efficiency,robustness,0.9999956726296652,0.028804529686427313,33.0,9.58206106870229,25.0,1.0,524.0,396,524,1686,robustness__S8_repeated_imbalance__efficiency__2005,0,S8_repeated_imbalance,2005,524,1679,0,0.06,46.0,6.701608100059559,19.0,0.9958481613285883,1679.0,1.1043353969998861
surrogate,efficiency,robustness,0.9999999908026802,0.027064204496879546,41.0,9.285714285714286,23.0,0.9942418426103646,518.0,391,521,1681,robustness__S8_repeated_imbalance__efficiency__2006,0,S8_repeated_imbalance,2006,518,1671,0,0.04000000000000001,40.0,6.5792938360263316,19.0,0.9940511600237953,1671.0,1.0730616150003698
surrogate,efficiency,robustness,0.9999984810146992,0.025366899766899764,39.0,9.423636363636364,22.0,0.9963768115942029,550.0,391,552,1718,robustness__S8_repeated_imbalance__efficiency__2007,0,S8_repeated_imbalance,2007,550,1716,0,0.01999999999999999,37.0,6.886946386946387,20.0,0.9988358556461001,1716.0,1.211482267000065
surrogate,efficiency,robustness,0.9999953689584233,0.02508224023846077,48.0,9.195571955719558,21.0,0.9944954128440368,542.0,400,545,1646,robustness__S8_repeated_imbalance__efficiency__2008,0,S8_repeated_imbalance,2008,542,1644,0,0.01999999999999999,55.0,6.68734793187348,19.0,0.9987849331713244,1644.0,1.1154955389997667
surrogate,efficiency,robustness,0.9999978773043046,0.018260311533749504,38.0,8.78688524590164,26.0,0.9981818181818182,549.0,395,550,1694,robustness__S8_repeated_imbalance__efficiency__2009,0,S8_repeated_imbalance,2009,549,1686,0,0.07,35.0,6.960854092526691,19.0,0.9952774498229043,1686.0,1.0584037690000514
surrogate,efficiency,robustness,0.9999734241027901,0.014792601976519076,38.0,8.80255941499086,24.0,0.9873646209386282,547.0,393,554,1665,robustness__S8_repeated_imbalance__efficiency__2010,0,S8_repeated_imbalance,2010,547,1661,0,0.03999999999999998,37.0,7.323299217338953,20.0,0.9975975975975976,1661.0,1.1366956000001665
surrogate,efpb,robustness,0.9999967886146159,0.04300445371832552,44.0,10.764065335753177,27.0,0.9981884057971014,551.0,388,552,1672,robustness__S8_repeated_imbalance__efpb__2001,0,S8_repeated_imbalance,2001,551,1663,0,0.08000000000000002,33.0,6.4636199639206255,19.0,0.9946172248803827,1663.0,47.956008835999455
surrogate,efpb,robustness,0.9999992340216237,0.044756197411285115,47.0,10.91058394160584,29.0,0.9981785063752276,548.0,390,549,1682,robustness__S8_repeated_imbalance__efpb__2002,0,S8_repeated_imbalance,2002,548,1676,0,0.09999999999999998,29.0,6.434964200477327,19.0,0.9964328180737217,1676.0,45.625086551000095
surrogate,efpb,robustness,0.9999999999901055,0.03834253933986609,48.0,10.61032028469751,26.0,0.9946902654867257,562.0,385,565,1697,robustness__S8_repeated_imbalance__efpb__2003,0,S8_repeated_imbalance,2003,562,1688,0,0.07,36.0,6.7760663507109005,19.0,0.99469652327637,1688.0,46.885861567999655
surrogate,efpb,robustness,0.999981700658235,0.04747987584419128,50.0,11.39051094890511,32.0,0.9891696750902527,548.0,390,554,1716,robustness__S8_repeated_imbalance__efpb__2004,0,S8_repeated_imbalance,2004,548,1712,0,0.12,31.0,6.642523364485982,20.0,0.9976689976689976,1712.0,48.21872141199992
surrogate,efpb,robustness,0.9999895157691437,0.04598520007308607,49.0,11.015384615384615,29.0,0.9923664122137404,520.0,392,524,1686,robustness__S8_repeated_imbalance__efpb__2005,0,S8_repeated_imbalance,2005,520,1684,0,0.10999999999999999,52.0,6.4168646080760094,18.0,0.9988137603795967,1684.0,45.702525454999886
surrogate,efpb,robustness,0.9999489981696327,0.05807398351613267,48.0,11.840155945419104,29.0,0.9846449136276392,513.0,388,521,1681,robustness__S8_repeated_imbalance__efpb__2006,0,S8_repeated_imbalance,2006,513,1679,0,0.09999999999999998,29.0,6.032757593805837,19.0,0.998810232004759,1679.0,46.175030455999604
surrogate,efpb,robustness,0.9999976781546893,0.05107789484830837,45.0,11.314545454545454,29.0,0.9963768115942029,550.0,387,552,1718,robustness__S8_repeated_imbalance__efpb__2007,0,S8_repeated_imbalance,2007,550,1717,0,0.09999999999999998,36.0,6.206755969714618,19.0,0.9994179278230501,1717.0,47.83631195199996
surrogate,efpb,robustness,0.9999691825900062,0.0345717440442386,48.0,9.970260223048328,26.0,0.9871559633027523,538.0,389,545,1646,robustness__S8_repeated_imbalance__efpb__2008,0,S8_repeated_imbalance,2008,538,1643,0,0.07,30.0,6.513085818624467,19.0,0.9981773997569866,1643.0,46.82967433400063
surrogate,efpb,robustness,0.999993006177753,0.04946030941567091,49.0,11.234972677595628,29.0,0.9981818181818182,549.0,391,550,1694,robustness__S8_repeated_imbalance__efpb__2009,0,S8_repeated_imbalance,2009,549,1682,0,0.09999999999999998,38.0,6.288941736028537,19.0,0.9929161747343566,1682.0,48.50402975899942
surrogate,efpb,robustness,0.999946893655289,0.04203635500502323,48.0,10.831192660550458,28.0,0.983754512635379,545.0,391,554,1665,robustness__S8_repeated_imbalance__efpb__2010,0,S8_repeated_imbalance,2010,545,1662,0,0.09000000000000002,32.0,6.627557160048135,19.0,0.9981981981981982,1662.0,47.45826409399979
surrogate,equal_bargaining,robustness,0.9999967886146159,0.017309587444464952,38.0,8.858439201451906,23.0,0.9981884057971014,551.0,381,552,1672,robustness__S8_repeated_imbalance__equal_bargaining__2001,0,S8_repeated_imbalance,2001,551,1663,0,0.04000000000000001,31.0,7.1274804570054116,19.0,0.9946172248803827,1663.0,33.70462372499969
surrogate,equal_bargaining,robustness,0.9999992340216237,0.02544710206783618,47.0,9.52919708029197,24.0,0.9981785063752276,548.0,389,549,1682,robustness__S8_repeated_imbalance__equal_bargaining__2002,0,S8_repeated_imbalance,2002,548,1676,0,0.04999999999999999,30.0,6.984486873508353,19.0,0.9964328180737217,1676.0,34.295060750999255
surrogate,equal_bargaining,robustness,0.9999609956334585,0.03488856010971239,37.0,10.614003590664273,24.0,0.9858407079646018,557.0,389,565,1697,robustness__S8_repeated_imbalance__equal_bargaining__2003,0,S8_repeated_imbalance,2003,557,1694,0,0.03999999999999998,36.0,7.125147579693034,20.0,0.9982321744254566,1694.0,35.175839964999795
surrogate,equal_bargaining,robustness,0.9999896610905482,0.023208920461162227,45.0,9.514440433212997,23.0,1.0,554.0,391,554,1716,robustness__S8_repeated_imbalance__equal_bargaining__2004,0,S8_repeated_imbalance,2004,554,1705,0,0.03,32.0,7.193548387096774,20.0,0.9935897435897436,1705.0,34.308159868000075
surrogate,equal_bargaining,robustness,0.9999913508543304,0.022431315416609518,44.0,9.294230769230769,24.0,0.9923664122137404,520.0,390,524,1686,robustness__S8_repeated_imbalance__equal_bargaining__2005,0,S8_repeated_imbalance,2005,520,1683,0,0.04999999999999999,31.0,7.051099227569816,19.0,0.998220640569395,1683.0,34.581132487000104
surrogate,equal_bargaining,robustness,0.9999943107975726,0.027216615249766818,41.0,9.575815738963533,25.0,1.0,521.0,387,521,1681,robustness__S8_repeated_imbalance__equal_bargaining__2006,0,S8_repeated_imbalance,2006,521,1673,0,0.06,28.0,6.85415421398685,19.0,0.9952409280190363,1673.0,33.878510586000175
surrogate,equal_bargaining,robustness,0.9999976781546893,0.023492889288928884,37.0,9.36909090909091,23.0,0.9963768115942029,550.0,391,552,1718,robustness__S8_repeated_imbalance__equal_bargaining__2007,0,S8_repeated_imbalance,2007,550,1717,0,0.04000000000000001,31.0,7.01980198019802,19.0,0.9994179278230501,1717.0,34.28025380000008
surrogate,equal_bargaining,robustness,0.9999691825900062,0.0177551265139705,37.0,8.936802973977695,21.0,0.9871559633027523,538.0,389,545,1646,robustness__S8_repeated_imbalance__equal_bargaining__2008,0,S8_repeated_imbalance,2008,538,1643,0,0.01999999999999999,30.0,7.161290322580645,19.0,0.9981773997569866,1643.0,33.82459143400001
surrogate,equal_bargaining,robustness,0.999993006177753,0.027001000630267114,38.0,9.6448087431694,24.0,0.9981818181818182,549.0,395,550,1694,robustness__S8_repeated_imbalance__equal_bargaining__2009,0,S8_repeated_imbalance,2009,549,1682,0,0.04999999999999999,30.0,6.944708680142687,19.0,0.9929161747343566,1682.0,35.547083499999644
surrogate,equal_bargaining,robustness,0.999999629843052,0.029421032928396443,39.0,10.201451905626135,27.0,0.9945848375451264,551.0,386,554,1665,robustness__S8_repeated_imbalance__equal_bargaining__2010,0,S8_repeated_imbalance,2010,551,1658,0,0.08000000000000002,31.0,7.25934861278649,19.0,0.9957957957957958,1658.0,35.45433939800023
surrogate,fixed_time,robustness,0.9999953709294335,0.13516251230487977,84.0,33.0018281535649,67.0,0.9909420289855072,547.0,140,552,1672,robustness__S8_repeated_imbalance__fixed_time__2001,0,S8_repeated_imbalance,2001,547,1664,0,0.16000000000000003,55.0,19.485576923076923,51.0,0.9952153110047847,1664.0,1.1938935000002857
surrogate,fixed_time,robustness,0.9999858656372718,0.12268698462594221,85.0,32.292051756007396,67.0,0.9854280510018215,541.0,140,549,1682,robustness__S8_repeated_imbalance__fixed_time__2002,0,S8_repeated_imbalance,2002,541,1670,0,0.15000000000000002,55.0,20.023353293413173,52.0,0.9928656361474435,1670.0,1.1237660090000645
surrogate,fixed_time,robustness,0.9998839325459943,0.12374966863108955,99.0,30.843920145190562,67.0,0.9752212389380531,551.0,140,565,1697,robustness__S8_repeated_imbalance__fixed_time__2003,0,S8_repeated_imbalance,2003,551,1691,0,0.17000000000000004,55.0,18.468953282081607,50.0,0.9964643488509134,1691.0,1.0979595979997612
surrogate,fixed_time,robustness,0.9999838280596041,0.10298807846931743,95.0,29.82632541133455,66.0,0.9873646209386282,547.0,140,554,1716,robustness__S8_repeated_imbalance__fixed_time__2004,0,S8_repeated_imbalance,2004,547,1708,0,0.15000000000000002,55.0,19.52751756440281,51.0,0.9953379953379954,1708.0,1.1212172229998032
surrogate,fixed_time,robustness,0.9998928415431102,0.10075908761902971,70.0,29.854616895874262,65.0,0.9713740458015268,509.0,140,524,1686,robustness__S8_repeated_imbalance__fixed_time__2005,0,S8_repeated_imbalance,2005,509,1672,0,0.13,55.0,19.778708133971293,52.0,0.9916963226571768,1672.0,1.1548552980002569
surrogate,fixed_time,robustness,0.9999409257542872,0.13415327208082517,77.0,32.48235294117647,67.0,0.9788867562380038,510.0,140,521,1681,robustness__S8_repeated_imbalance__fixed_time__2006,0,S8_repeated_imbalance,2006,510,1671,0,0.15000000000000002,55.0,19.067025733093956,52.0,0.9940511600237953,1671.0,1.1124860190002437
surrogate,fixed_time,robustness,0.9999963005082685,0.12021917518075617,70.0,31.447897623400365,68.0,0.9909420289855072,547.0,140,552,1718,robustness__S8_repeated_imbalance__fixed_time__2007,0,S8_repeated_imbalance,2007,547,1709,0,0.16000000000000003,55.0,19.42598010532475,52.0,0.9947613504074505,1709.0,1.1286463400001594
surrogate,fixed_time,robustness,0.999923605279091,0.119580667719065,89.0,30.860640301318266,67.0,0.9743119266055046,531.0,140,545,1646,robustness__S8_repeated_imbalance__fixed_time__2008,0,S8_repeated_imbalance,2008,531,1632,0,0.15000000000000002,55.0,18.902573529411764,52.0,0.991494532199271,1632.0,1.1295284610005183
surrogate,fixed_time,robustness,0.9999645763559143,0.11738466295609154,86.0,31.34322820037106,68.0,0.98,539.0,140,550,1694,robustness__S8_repeated_imbalance__fixed_time__2009,0,S8_repeated_imbalance,2009,539,1680,0,0.16000000000000003,55.0,19.604761904761904,52.0,0.9917355371900827,1680.0,1.0746507140001995
surrogate,fixed_time,robustness,0.9999462364700981,0.12600924629935953,88.0,31.715867158671585,67.0,0.9783393501805054,542.0,140,554,1665,robustness__S8_repeated_imbalance__fixed_time__2010,0,S8_repeated_imbalance,2010,542,1653,0,0.15000000000000002,55.0,19.114942528735632,52.0,0.9927927927927928,1653.0,1.1619230329997663
surrogate,efficiency,robustness,0.9999963200090121,0.0203278916090235,46.0,8.868044515103339,24.0,1.0,629.0,419,629,1828,robustness__S9_saturation__efficiency__2001,0,S9_saturation,2001,629,1821,0,0.03999999999999998,35.0,6.835255354200989,20.0,0.9961706783369803,1821.0,1.1004991099998733
surrogate,efficiency,robustness,0.9999973532097479,0.017356737585052157,37.0,8.736760124610592,23.0,1.0,642.0,419,642,1847,robustness__S9_saturation__efficiency__2002,0,S9_saturation,2002,642,1841,0,0.04000000000000001,39.0,7.001086366105378,19.0,0.9967514889009204,1841.0,1.163260827999693
surrogate,efficiency,robustness,0.9999942492380239,0.021018788682581793,45.0,9.310897435897436,26.0,0.9952153110047847,624.0,419,627,1885,robustness__S9_saturation__efficiency__2003,0,S9_saturation,2003,624,1885,0,0.06,41.0,7.209018567639257,20.0,1.0,1885.0,1.122622792000584
surrogate,efficiency,robustness,0.9999997103267081,0.02017961459547521,57.0,8.708860759493671,24.0,1.0,632.0,419,632,1859,robustness__S9_saturation__efficiency__2004,0,S9_saturation,2004,632,1857,0,0.04999999999999999,34.0,6.69089929994615,19.0,0.9989241527703067,1857.0,1.1611997300005896
surrogate,efficiency,robustness,0.999999999521164,0.0159311780821918,38.0,8.3312,20.0,0.9984025559105432,625.0,419,626,1828,robustness__S9_saturation__efficiency__2005,0,S9_saturation,2005,625,1825,0,0.0,38.0,6.738082191780822,20.0,0.9983588621444202,1825.0,1.139022178000232
surrogate,efficiency,robustness,0.9999982136612613,0.01807897386445821,42.0,8.806291390728477,24.0,1.0,604.0,419,604,1873,robustness__S9_saturation__efficiency__2006,0,S9_saturation,2006,604,1868,0,0.03999999999999998,40.0,6.998394004282655,20.0,0.997330485851575,1868.0,1.0873903309993693
surrogate,efficiency,robustness,0.9999999679348578,0.01749543256930687,40.0,8.702743902439025,21.0,0.9969604863221885,656.0,419,658,1864,robustness__S9_saturation__efficiency__2007,0,S9_saturation,2007,656,1859,0,0.01999999999999999,44.0,6.953200645508338,19.0,0.9973175965665236,1859.0,1.0799596749998273
surrogate,efficiency,robustness,0.9999913625623811,0.014677740508135875,59.0,8.293548387096774,24.0,0.9935897435897436,620.0,419,624,1809,robustness__S9_saturation__efficiency__2008,0,S9_saturation,2008,620,1808,0,0.03999999999999998,30.0,6.825774336283186,20.0,0.9994472084024323,1808.0,1.1111681100001078
surrogate,efficiency,robustness,0.9999981365108098,0.014725143923179917,40.0,8.515548281505728,20.0,0.9967373572593801,611.0,419,613,1860,robustness__S9_saturation__efficiency__2009,0,S9_saturation,2009,611,1859,0,0.010000000000000009,46.0,7.043033889187735,19.0,0.9994623655913979,1859.0,1.1005503229998794
surrogate,efficiency,robustness,0.9999988249218794,0.020341055039172065,46.0,8.964110929853181,21.0,1.0,613.0,419,613,1847,robustness__S9_saturation__efficiency__2010,0,S9_saturation,2010,613,1843,0,0.009999999999999981,39.0,6.930005425935974,20.0,0.9978343259339469,1843.0,1.181946833999973
surrogate,efpb,robustness,0.9999688781097036,0.03414836873800543,46.0,9.78743961352657,27.0,0.9872813990461049,621.0,416,629,1828,robustness__S9_saturation__efpb__2001,0,S9_saturation,2001,621,1825,0,0.08000000000000002,40.0,6.372602739726028,19.0,0.9983588621444202,1825.0,51.57743067899992
surrogate,efpb,robustness,0.9999933266440639,0.03995140641061583,49.0,10.724137931034482,28.0,0.9937694704049844,638.0,415,642,1847,robustness__S9_saturation__efpb__2002,0,S9_saturation,2002,638,1845,0,0.09000000000000002,39.0,6.7289972899729,19.0,0.9989171629669734,1845.0,52.65575151200028
surrogate,efpb,robustness,0.9999993630613818,0.03404430470928213,47.0,9.907348242811501,28.0,0.9984051036682615,626.0,415,627,1885,robustness__S9_saturation__efpb__2003,0,S9_saturation,2003,626,1885,0,0.09000000000000002,34.0,6.502917771883289,19.0,1.0,1885.0,51.28198508600008
surrogate,efpb,robustness,0.999999927620622,0.030341986755869244,47.0,9.485759493670885,24.0,1.0,632.0,416,632,1859,robustness__S9_saturation__efpb__2004,0,S9_saturation,2004,632,1858,0,0.04999999999999999,40.0,6.451560818083961,19.0,0.9994620763851533,1858.0,51.50466198099957
surrogate,efpb,robustness,0.9999993935360193,0.03578451879171057,47.0,9.751602564102564,27.0,0.9968051118210862,624.0,414,626,1828,robustness__S9_saturation__efpb__2005,0,S9_saturation,2005,624,1825,0,0.08000000000000002,50.0,6.173150684931507,19.0,0.9983588621444202,1825.0,50.606196707999516
surrogate,efpb,robustness,0.9999992657575381,0.041188960150656456,47.0,10.614617940199336,29.0,0.9966887417218543,602.0,414,604,1873,robustness__S9_saturation__efpb__2006,0,S9_saturation,2006,602,1870,0,0.09999999999999998,34.0,6.49572192513369,19.0,0.9983982915109451,1870.0,51.277438375999736
surrogate,efpb,robustness,0.9999857511071066,0.03494620775821429,49.0,10.121165644171779,28.0,0.9908814589665653,652.0,416,658,1864,robustness__S9_saturation__efpb__2007,0,S9_saturation,2007,652,1861,0,0.09000000000000002,31.0,6.626544868350349,19.0,0.9983905579399142,1861.0,53.88198657799967
surrogate,efpb,robustness,0.999997240656172,0.036502303852553444,47.0,10.096153846153847,29.0,1.0,624.0,416,624,1809,robustness__S9_saturation__efpb__2008,0,S9_saturation,2008,624,1803,0,0.09999999999999998,32.0,6.445923460898502,19.0,0.9966832504145937,1803.0,52.02280369100026
surrogate,efpb,robustness,0.9999999276984493,0.03184630653572805,46.0,10.01141924959217,27.0,1.0,613.0,416,613,1860,robustness__S9_saturation__efpb__2009,0,S9_saturation,2009,613,1859,0,0.08000000000000002,38.0,6.826788596019365,19.0,0.9994623655913979,1859.0,53.5413365710001
surrogate,efpb,robustness,0.9999988249218794,0.02898012762013845,42.0,9.259380097879282,25.0,1.0,613.0,415,613,1847,robustness__S9_saturation__efpb__2010,0,S9_saturation,2010,613,1843,0,0.06,32.0,6.361367335865436,19.0,0.9978343259339469,1843.0,50.79181104700001
surrogate,equal_bargaining,robustness,0.9999688781097036,0.01951128758299693,57.0,8.689210950080515,24.0,0.9872813990461049,621.0,414,629,1828,robustness__S9_saturation__equal_bargaining__2001,0,S9_saturation,2001,621,1825,0,0.04999999999999999,31.0,6.738082191780822,19.0,0.9983588621444202,1825.0,41.500897162999536
surrogate,equal_bargaining,robustness,0.9999988249218794,0.01916923173141448,57.0,9.085669781931465,25.0,1.0,642.0,415,642,1847,robustness__S9_saturation__equal_bargaining__2002,0,S9_saturation,2002,642,1843,0,0.06,31.0,7.168746608790016,19.0,0.9978343259339469,1843.0,40.361519926000256
surrogate,equal_bargaining,robustness,0.9999999999971275,0.01783961389725429,39.0,9.103833865814696,22.0,0.9984051036682615,626.0,415,627,1885,robustness__S9_saturation__equal_bargaining__2003,0,S9_saturation,2003,626,1882,0,0.03,30.0,7.319872476089267,19.0,0.9984084880636604,1882.0,38.56530852600008
surrogate,equal_bargaining,robustness,0.9999997103267081,0.01933605652236149,39.0,9.16139240506329,23.0,1.0,632.0,414,632,1859,robustness__S9_saturation__equal_bargaining__2004,0,S9_saturation,2004,632,1857,0,0.04000000000000001,37.0,7.22778675282714,19.0,0.9989241527703067,1857.0,39.51849993199994
surrogate,equal_bargaining,robustness,0.9999988003407032,0.019761942295835444,39.0,9.23003194888179,24.0,1.0,626.0,415,626,1828,robustness__S9_saturation__equal_bargaining__2005,0,S9_saturation,2005,626,1824,0,0.04999999999999999,30.0,7.253837719298246,19.0,0.9978118161925602,1824.0,38.98201842099979
surrogate,equal_bargaining,robustness,0.9999801310494482,0.01937021498706716,43.0,8.963210702341136,23.0,0.9900662251655629,598.0,415,604,1873,robustness__S9_saturation__equal_bargaining__2006,0,S9_saturation,2006,598,1871,0,0.04000000000000001,32.0,7.02618920363442,19.0,0.99893219434063,1871.0,39.31432514400012
surrogate,equal_bargaining,robustness,0.9999924936624454,0.01797749016120799,38.0,9.082695252679938,20.0,0.9924012158054711,653.0,416,658,1864,robustness__S9_saturation__equal_bargaining__2007,0,S9_saturation,2007,653,1860,0,0.010000000000000009,31.0,7.28494623655914,19.0,0.9978540772532188,1860.0,38.77299871599962
surrogate,equal_bargaining,robustness,0.9999965532574318,0.01985121378928073,35.0,9.051529790660226,23.0,0.9951923076923077,621.0,414,624,1809,robustness__S9_saturation__equal_bargaining__2008,0,S9_saturation,2008,621,1807,0,0.04000000000000001,30.0,7.066408411732152,19.0,0.9988944168048646,1807.0,38.199173317999794
surrogate,equal_bargaining,robustness,0.9999997106382685,0.03099945212888318,39.0,9.931484502446983,25.0,1.0,613.0,414,613,1860,robustness__S9_saturation__equal_bargaining__2009,0,S9_saturation,2009,613,1858,0,0.06,30.0,6.831539289558665,19.0,0.9989247311827957,1858.0,41.299593047999224
surrogate,equal_bargaining,robustness,0.9999993393763271,0.012281611717204613,39.0,8.34584013050571,20.0,1.0,613.0,416,613,1847,robustness__S9_saturation__equal_bargaining__2010,0,S9_saturation,2010,613,1844,0,0.010000000000000009,31.0,7.117678958785249,19.0,0.9983757444504602,1844.0,38.47829885900046
surrogate,fixed_time,robustness,0.9999797480618907,0.13240142156033174,70.0,32.21382636655949,66.0,0.9888712241653418,622.0,140,629,1828,robustness__S9_saturation__fixed_time__2001,0,S9_saturation,2001,622,1824,0,0.15000000000000002,55.0,18.973684210526315,51.0,0.9978118161925602,1824.0,1.1417950560003192
surrogate,fixed_time,robustness,0.999954232265571,0.1483401443711066,97.0,34.734177215189874,70.0,0.9844236760124611,632.0,140,642,1847,robustness__S9_saturation__fixed_time__2002,0,S9_saturation,2002,632,1843,0,0.17999999999999994,55.0,19.900162778079217,52.0,0.9978343259339469,1843.0,1.14085920000025
surrogate,fixed_time,robustness,0.999997456303525,0.14501611068346082,82.0,33.4888178913738,67.0,0.9984051036682615,626.0,140,627,1885,robustness__S9_saturation__fixed_time__2003,0,S9_saturation,2003,626,1876,0,0.15000000000000002,55.0,18.98720682302772,52.0,0.9952254641909815,1876.0,1.1671361809999325
surrogate,fixed_time,robustness,0.9999993200110121,0.14013099928757325,99.0,33.068145800316955,67.0,0.9984177215189873,631.0,140,632,1859,robustness__S9_saturation__fixed_time__2004,0,S9_saturation,2004,631,1853,0,0.16000000000000003,55.0,19.05504587155963,51.0,0.9967724583109199,1853.0,1.1424990640002761
surrogate,fixed_time,robustness,0.9999982927086158,0.1555154212779139,70.0,34.68860353130016,68.0,0.9952076677316294,623.0,140,626,1828,robustness__S9_saturation__fixed_time__2005,0,S9_saturation,2005,623,1824,0,0.17000000000000004,55.0,19.13706140350877,51.0,0.9978118161925602,1824.0,1.110523352999735
surrogate,fixed_time,robustness,0.999986639955457,0.13783665036202042,76.0,33.48494983277592,68.0,0.9900662251655629,598.0,140,604,1873,robustness__S9_saturation__fixed_time__2006,0,S9_saturation,2006,598,1868,0,0.17000000000000004,55.0,19.701284796573876,51.0,0.997330485851575,1868.0,1.0967597429998932
surrogate,fixed_time,robustness,0.9999929350128786,0.12970294642546437,70.0,32.536098310291855,67.0,0.9893617021276596,651.0,140,658,1864,robustness__S9_saturation__fixed_time__2007,0,S9_saturation,2007,651,1854,0,0.15000000000000002,55.0,19.565803667745417,52.0,0.9946351931330472,1854.0,1.1989801460003946
surrogate,fixed_time,robustness,0.9999914985776306,0.11811714900720044,72.0,30.651050080775445,66.0,0.9919871794871795,619.0,140,624,1809,robustness__S9_saturation__fixed_time__2008,0,S9_saturation,2008,619,1805,0,0.15000000000000002,55.0,18.8393351800554,51.0,0.9977888336097291,1805.0,1.0894409550001
surrogate,fixed_time,robustness,0.9999924423731056,0.12138583487019439,70.0,31.45394736842105,64.0,0.9918433931484503,608.0,140,613,1860,robustness__S9_saturation__fixed_time__2009,0,S9_saturation,2009,608,1855,0,0.12,55.0,19.315363881401616,52.0,0.9973118279569892,1855.0,1.1137779099999534
surrogate,fixed_time,robustness,0.9999668766135084,0.11138701349922017,70.0,30.26776859504132,67.0,0.9869494290375204,605.0,140,613,1847,robustness__S9_saturation__fixed_time__2010,0,S9_saturation,2010,605,1844,0,0.16000000000000003,55.0,19.129067245119305,51.0,0.9983757444504602,1844.0,1.1177121030000308
