backend,group,scenario,controller,seed,person_delay_s,max_norm_wait,ped_mean_wait_s,veh_mean_wait_s,starvation_violations,ped_service_ratio,veh_service_ratio,jain
surrogate,nominal,C_HH,efficiency,1006,12.34727867552295,0.55,13.99746835443038,11.945512820512821,0,1.0,0.9967948717948718,0.9999974235436581
surrogate,nominal,C_HH,efficiency,1019,11.695327195327193,0.8,14.684065934065934,11.038461538461538,0,0.9972527472527473,0.9968602825745683,0.9999999612651754
surrogate,nominal,C_HH,efficiency,1004,12.166600059946049,0.53,13.151960784313726,11.914355628058727,0,0.9975490196078431,0.9942903752039152,0.999997323519124
surrogate,nominal,C_HH,efficiency,1029,11.80647162204073,0.55,13.535175879396984,11.358714043993231,0,0.992462311557789,0.9949238578680203,0.9999984659100354
surrogate,nominal,C_HH,efficiency,1015,12.399483737738771,0.61,15.737891737891738,11.660655737704918,0,0.9971509971509972,0.9967213114754099,0.9999999535584135
surrogate,nominal,C_HH,efficiency,1022,11.75845697329377,0.5,13.192708333333334,11.422222222222222,0,0.9947916666666666,0.9976190476190476,0.9999979862291767
surrogate,nominal,C_HH,efficiency,1012,11.909533993136717,0.75,13.83,11.432606941081517,0,0.9975,0.9975786924939467,0.9999999984442258
surrogate,nominal,C_HH,efficiency,1017,11.69210847044485,0.8,13.804232804232804,11.190359477124183,0,1.0,0.9983660130718954,0.9999993314301379
surrogate,nominal,C_HH,efficiency,1026,11.823009291637526,0.58,13.60759493670886,11.38430420711974,0,0.9974683544303797,0.9983818770226537,0.9999997905006904
surrogate,nominal,C_HH,efficiency,1024,11.695024313571391,0.62,13.403553299492385,11.28503562945368,0,1.0,0.997624703087886,0.9999985861367885
surrogate,nominal,C_HH,efficiency,1001,11.907099292510368,0.64,13.090487238979119,11.591967871485943,0,1.0,0.9975903614457832,0.9999985449084894
surrogate,nominal,C_HH,efficiency,1027,11.859822611887042,0.59,13.083756345177665,11.552238805970148,0,0.9898477157360406,0.9975124378109452,0.9999851258140048
surrogate,nominal,C_HH,efficiency,1011,11.860354430379747,0.64,13.327710843373493,11.47,0,0.9951807228915662,0.995,0.9999999917540386
surrogate,nominal,C_HH,efficiency,1013,11.760601289929408,0.59,12.460136674259681,11.559898045879354,0,0.9954441913439636,0.9957519116397621,0.9999999761172569
surrogate,nominal,C_HH,efficiency,1030,12.08207604103802,0.55,13.686015831134565,11.704361873990306,0,0.9973614775725593,0.9967689822294022,0.9999999117199218
surrogate,nominal,C_HH,efficiency,1016,12.016683841209087,0.66,13.25916870415648,11.704708699122106,0,0.9926650366748166,0.9984038308060654,0.9999916926000486
surrogate,nominal,C_HH,efficiency,1005,11.627806343226595,0.67,14.195054945054945,11.04386677497969,0,0.9945054945054945,0.9975629569455727,0.9999976443393739
surrogate,nominal,C_HH,efficiency,1020,12.326626862676232,0.53,14.279805352798054,11.81922760887428,0,0.9951338199513382,0.9983566146261298,0.9999973864198236
surrogate,nominal,C_HH,efficiency,1025,12.39349910125824,0.74,14.254278728606357,11.915986949429037,0,0.9975550122249389,0.9975530179445351,0.9999999999990009
surrogate,nominal,C_HH,efficiency,1014,11.706265991070087,0.82,13.900763358778626,11.167343623070675,0,1.0,0.9959382615759546,0.9999958587838672
surrogate,nominal,C_HH,efficiency,1018,12.306903828760928,0.97,15.155555555555555,11.677830940988835,0,0.9944444444444445,0.9960127591706539,0.9999993791874575
surrogate,nominal,C_HH,efficiency,1003,11.856526207605343,0.65,14.452777777777778,11.267213114754098,0,0.9944444444444445,0.9967213114754099,0.9999986924450778
surrogate,nominal,C_HH,efficiency,1021,11.677946442079781,0.64,14.517711171662125,11.032984714400644,0,0.997275204359673,0.995172968624296,0.9999988867613443
surrogate,nominal,C_HH,efficiency,1008,11.657097525906094,0.68,12.91062801932367,11.333333333333334,0,0.9879227053140096,0.9935117599351176,0.9999920436509672
surrogate,nominal,C_HH,efficiency,1002,11.74782866166601,0.74,12.621483375959079,11.538950715421304,0,1.0,0.9960254372019078,0.9999960349847571
surrogate,nominal,C_HH,efficiency,1010,11.773304244347482,0.81,14.81132075471698,11.088467614533965,0,0.9973045822102425,0.9960505529225908,0.9999996042273046
surrogate,nominal,C_HH,efficiency,1023,11.702354598510768,0.7,14.270676691729323,11.057283142389526,0,0.9899749373433584,0.9950900163666121,0.9999933602402165
surrogate,nominal,C_HH,efficiency,1009,12.076572157362897,0.65,13.545226130653266,11.7202852614897,0,0.9949748743718593,0.9976228209191759,0.9999982340499567
surrogate,nominal,C_HH,efficiency,1028,12.014841376562579,0.56,13.482142857142858,11.658889782783588,0,0.9948979591836735,0.998390989541432,0.9999969291198396
surrogate,nominal,C_HH,efficiency,1007,12.209738971149443,0.6,13.406649616368286,11.912469033856317,0,1.0,0.9975227085053675,0.9999984619512371
surrogate,nominal,C_HH,equal_bargaining,1006,12.500049568751859,0.75,12.460759493670887,12.509615384615385,0,1.0,0.9967948717948718,0.9999974235436581
surrogate,nominal,C_HH,equal_bargaining,1019,12.665132165132164,0.63,14.087912087912088,12.352433281004709,0,0.9945054945054945,0.9960753532182104,0.9999993780417645
surrogate,nominal,C_HH,equal_bargaining,1004,12.412628634229195,0.82,11.029411764705882,12.766721044045678,0,0.9877450980392157,0.9959216965742251,0.9999830097204927
surrogate,nominal,C_HH,equal_bargaining,1029,12.398428615734518,0.63,11.728643216080402,12.571912013536378,0,1.0,0.9966159052453468,0.9999971272705337
surrogate,nominal,C_HH,equal_bargaining,1015,12.600258131130614,0.7,10.834757834757834,12.990983606557377,0,0.9971509971509972,0.9967213114754099,0.9999999535584135
surrogate,nominal,C_HH,equal_bargaining,1022,12.795054401582593,0.68,12.5234375,12.85873015873016,0,1.0,0.9944444444444445,0.9999922409646034
surrogate,nominal,C_HH,equal_bargaining,1012,11.579748346347042,0.72,11.7725,11.531880548829701,0,0.9975,0.9975786924939467,0.9999999984442258
surrogate,nominal,C_HH,equal_bargaining,1017,12.219378427787934,0.63,12.386243386243386,12.179738562091503,0,0.9920634920634921,0.9983660130718954,0.999989973931948
surrogate,nominal,C_HH,equal_bargaining,1026,12.051953242082126,0.51,11.275949367088607,12.242718446601941,0,1.0,0.9967637540453075,0.9999973731907852
surrogate,nominal,C_HH,equal_bargaining,1024,12.121813448597672,0.53,11.804568527918782,12.197941409342835,0,0.9949238578680203,0.997624703087886,0.9999981626970782
surrogate,nominal,C_HH,equal_bargaining,1001,12.456989509636498,0.55,11.392111368909513,12.740562248995984,0,0.9953596287703016,0.9943775100401606,0.9999997563668002
surrogate,nominal,C_HH,equal_bargaining,1027,11.928076256499134,0.53,11.104060913705585,12.135157545605306,0,0.9847715736040609,0.9966832504145937,0.9999638621959966
surrogate,nominal,C_HH,equal_bargaining,1011,12.149063291139239,0.64,10.14698795180723,12.681666666666667,0,0.9975903614457832,0.9975,0.9999999979486434
surrogate,nominal,C_HH,equal_bargaining,1013,12.058199177289117,0.66,10.863325740318906,12.401019541206457,0,1.0,0.9949022939677146,0.9999934701458697
surrogate,nominal,C_HH,equal_bargaining,1030,12.66993562663448,0.64,11.443271767810026,12.95880452342488,0,1.0,0.9959612277867528,0.9999959055767028
surrogate,nominal,C_HH,equal_bargaining,1016,12.673683693998724,0.69,12.359413202933986,12.752593774940143,0,0.9975550122249389,0.9976057462090981,0.9999999993533906
surrogate,nominal,C_HH,equal_bargaining,1005,12.17191874968182,0.51,10.43131868131868,12.56783103168156,0,1.0,0.9967506092607636,0.999997351773815
surrogate,nominal,C_HH,equal_bargaining,1020,12.160303045506998,0.47,9.5669099756691,12.834018077239113,0,1.0,0.9975349219391948,0.9999984770980934
surrogate,nominal,C_HH,equal_bargaining,1025,12.733423207509487,0.67,11.95843520782396,12.932300163132137,0,1.0,0.9967373572593801,0.9999973300938473
surrogate,nominal,C_HH,equal_bargaining,1014,12.332614257763508,0.57,11.735368956743002,12.479285134037369,0,0.9821882951653944,0.9983753046303818,0.9999332076618467
surrogate,nominal,C_HH,equal_bargaining,1018,12.674002612802733,0.55,11.508333333333333,12.931419457735247,0,0.9944444444444445,0.9968102073365231,0.9999985884761811
surrogate,nominal,C_HH,equal_bargaining,1003,12.244552929085303,0.79,10.747222222222222,12.584426229508196,0,1.0,0.9959016393442623,0.9999957836151284
surrogate,nominal,C_HH,equal_bargaining,1021,12.033637601492762,0.73,10.839237057220709,12.304907481898633,0,1.0,0.9935639581657281,0.99998957747745
surrogate,nominal,C_HH,equal_bargaining,1008,12.33020972780009,0.67,12.321256038647343,12.332522303325224,0,0.9903381642512077,0.9951338199513382,0.999994166006632
surrogate,nominal,C_HH,equal_bargaining,1002,12.379540071061982,0.68,12.713554987212277,12.299682034976152,0,1.0,0.9960254372019078,0.9999960349847571
surrogate,nominal,C_HH,equal_bargaining,1010,12.640023800079335,0.75,12.65498652291105,12.636650868878357,0,1.0,0.9960505529225908,0.9999960850355337
surrogate,nominal,C_HH,equal_bargaining,1023,11.925991145099617,0.75,9.699248120300751,12.485270049099837,0,0.9924812030075187,0.9950900163666121,0.9999982771801285
surrogate,nominal,C_HH,equal_bargaining,1009,11.52457568919847,0.55,10.361809045226131,11.806656101426308,0,1.0,0.9944532488114105,0.9999922656060342
surrogate,nominal,C_HH,equal_bargaining,1028,12.288261367597988,0.64,11.76530612244898,12.415124698310539,0,1.0,0.99597747385358,0.9999959385162848
surrogate,nominal,C_HH,equal_bargaining,1007,12.42751742736478,0.67,11.342710997442456,12.696944673823287,0,0.9974424552429667,0.9975227085053675,0.9999999983817158
surrogate,nominal,C_HH,fixed_time,1006,12.88361257063547,0.33,11.339240506329114,13.259615384615385,0,1.0,0.9959935897435898,0.9999959710599626
surrogate,nominal,C_HH,fixed_time,1019,12.727353727353726,0.35,11.043956043956044,13.097331240188383,0,1.0,0.9960753532182104,0.9999961341445652
surrogate,nominal,C_HH,fixed_time,1004,12.552103107203518,0.29,11.82843137254902,12.737357259380097,0,0.9975490196078431,0.9942903752039152,0.999997323519124
surrogate,nominal,C_HH,fixed_time,1029,12.833505634239636,0.29,11.821608040201005,13.09560067681895,0,0.9949748743718593,0.9983079526226735,0.999997203904794
surrogate,nominal,C_HH,fixed_time,1015,12.175322663913269,0.3,10.7008547008547,12.501639344262296,0,0.9971509971509972,0.9967213114754099,0.9999999535584135
surrogate,nominal,C_HH,fixed_time,1022,13.223145400593472,0.3,11.486979166666666,13.63015873015873,0,0.9973958333333334,0.9952380952380953,0.9999988274215521
surrogate,nominal,C_HH,fixed_time,1012,12.699308698463224,0.29,11.3325,13.038740920096853,0,0.9975,0.9975786924939467,0.9999999984442258
surrogate,nominal,C_HH,fixed_time,1017,12.750609384521635,0.29,11.587301587301587,13.026960784313726,0,1.0,0.9967320261437909,0.9999973213472552
surrogate,nominal,C_HH,fixed_time,1026,12.446847836946748,0.36,10.463291139240507,12.934466019417476,0,1.0,0.9983818770226537,0.999999344359459
surrogate,nominal,C_HH,fixed_time,1024,12.814725674149024,0.35,11.263959390862944,13.186856690419635,0,0.9974619289340102,0.9984164687252574,0.9999997712717434
surrogate,nominal,C_HH,fixed_time,1001,12.379946328372775,0.3,11.125290023201856,12.714056224899599,0,0.9976798143851509,0.9983935742971888,0.9999998721351305
surrogate,nominal,C_HH,fixed_time,1027,12.674176776429812,0.29,12.050761421319796,12.83084577114428,0,0.9949238578680203,0.9975124378109452,0.9999983120734615
surrogate,nominal,C_HH,fixed_time,1011,12.908,0.29,12.089156626506025,13.125833333333333,0,1.0,0.9983333333333333,0.9999993043971835
surrogate,nominal,C_HH,fixed_time,1013,12.606012899294091,0.29,11.250569476082005,12.994902293967714,0,1.0,0.9991503823279524,0.9999998193840636
surrogate,nominal,C_HH,fixed_time,1030,12.754727419030376,0.37,11.9155672823219,12.952342487883683,0,0.9973614775725593,0.9991922455573505,0.9999991591776409
surrogate,nominal,C_HH,fixed_time,1016,12.196231414691594,0.29,10.266503667481663,12.68076616121309,0,0.9975550122249389,0.9976057462090981,0.9999999993533906
surrogate,nominal,C_HH,fixed_time,1005,12.362520999847275,0.29,11.43131868131868,12.574329813160032,0,1.0,0.9951259138911455,0.9999940318025349
surrogate,nominal,C_HH,fixed_time,1020,13.19427023230144,0.38,11.525547445255475,13.627773212818406,0,1.0,0.9975349219391948,0.9999984770980934
surrogate,nominal,C_HH,fixed_time,1025,13.33008787697224,0.46,12.400977995110024,13.568515497553017,0,0.9975550122249389,0.99836867862969,0.9999998338100216
surrogate,nominal,C_HH,fixed_time,1014,12.788190437967192,0.29,11.310432569974555,13.151096669374493,0,0.9974554707379135,0.9983753046303818,0.999999787591793
surrogate,nominal,C_HH,fixed_time,1018,12.320168827253541,0.3,10.830555555555556,12.649122807017545,0,1.0,0.992822966507177,0.9999870297940043
surrogate,nominal,C_HH,fixed_time,1003,12.41891058581706,0.29,10.855555555555556,12.773770491803278,0,1.0,0.9959016393442623,0.9999957836151284
surrogate,nominal,C_HH,fixed_time,1021,12.601291038378132,0.29,10.888283378746594,12.990345937248593,0,1.0,0.9927594529364441,0.9999867983786453
surrogate,nominal,C_HH,fixed_time,1008,12.677029104070604,0.31,11.797101449275363,12.904298459042984,0,0.9927536231884058,0.9943227899432279,0.9999993763961477
surrogate,nominal,C_HH,fixed_time,1002,12.908310303987367,0.29,11.514066496163682,13.241653418124006,0,1.0,0.9960254372019078,0.9999960349847571
surrogate,nominal,C_HH,fixed_time,1010,12.829680682268942,0.3,10.514824797843666,13.351500789889416,0,0.9973045822102425,0.9960505529225908,0.9999996042273046
surrogate,nominal,C_HH,fixed_time,1023,12.683185751660295,0.29,11.353383458646617,13.017184942716858,0,0.9974937343358395,0.9934533551554828,0.999995881652173
surrogate,nominal,C_HH,fixed_time,1009,12.975669577160794,0.37,10.726130653266331,13.521394611727416,0,1.0,0.9960380348652932,0.9999960601293604
surrogate,nominal,C_HH,fixed_time,1028,12.752477713033517,0.36,11.997448979591837,12.93563958165728,0,1.0,0.996781979082864,0.9999974027407579
surrogate,nominal,C_HH,fixed_time,1007,12.752404213097236,0.36,11.230179028132993,13.13047068538398,0,1.0,0.9975227085053675,0.9999984619512371
surrogate,nominal,C_HH,efpb,1006,12.051006245662734,0.56,15.50886075949367,11.209134615384615,0,0.9974683544303797,0.9975961538461539,0.9999999958966
surrogate,nominal,C_HH,efpb,1019,12.43060093060093,0.53,17.486263736263737,11.319466248037676,0,0.9945054945054945,0.9976452119309263,0.9999975160910726
surrogate,nominal,C_HH,efpb,1004,12.246977720051953,0.57,16.78676470588235,11.084828711256117,0,0.9975490196078431,0.9951060358890701,0.9999984969402617
surrogate,nominal,C_HH,efpb,1029,11.979530652331231,0.57,15.467336683417086,11.076142131979696,0,0.9899497487437185,0.9966159052453468,0.9999887399511318
surrogate,nominal,C_HH,efpb,1015,12.139235931853381,0.57,17.17948717948718,11.023770491803278,0,0.9971509971509972,0.9967213114754099,0.9999999535584135
surrogate,nominal,C_HH,efpb,1022,12.336449060336301,0.52,16.950520833333332,11.254761904761905,0,0.9869791666666666,0.9992063492063492,0.9999621037085116
surrogate,nominal,C_HH,efpb,1012,11.691649674242802,0.55,15.7475,10.684422921711057,0,0.9975,0.9975786924939467,0.9999999984442258
surrogate,nominal,C_HH,efpb,1017,12.399705464147877,0.54,17.187830687830687,11.262254901960784,0,0.9867724867724867,0.9983660130718954,0.9999658936954063
surrogate,nominal,C_HH,efpb,1026,11.97012688580278,0.54,15.751898734177216,11.040453074433657,0,0.9974683544303797,0.9983818770226537,0.9999997905006904
surrogate,nominal,C_HH,efpb,1024,12.090279483275209,0.54,16.967005076142133,10.920031670625495,0,1.0,0.995249406175772,0.9999943310978964
surrogate,nominal,C_HH,efpb,1001,12.42376189314467,0.56,16.68445475638051,11.289156626506024,0,1.0,0.9975903614457832,0.9999985449084894
surrogate,nominal,C_HH,efpb,1027,11.197369762463044,0.57,14.939086294416244,10.257048092868988,0,1.0,0.9950248756218906,0.999993781171876
surrogate,nominal,C_HH,efpb,1011,12.12,0.57,16.29879518072289,11.008333333333333,0,1.0,0.9983333333333333,0.9999993043971835
surrogate,nominal,C_HH,efpb,1013,11.949215377583668,0.54,14.733485193621869,11.150382327952421,0,0.9954441913439636,0.9957519116397621,0.9999999761172569
surrogate,nominal,C_HH,efpb,1030,11.99079662039831,0.53,16.03693931398417,11.037964458804524,0,1.0,0.994345718901454,0.9999919619554429
surrogate,nominal,C_HH,efpb,1016,12.452426517493498,0.57,16.924205378973106,11.329608938547485,0,0.9926650366748166,0.9984038308060654,0.9999916926000486
surrogate,nominal,C_HH,efpb,1005,12.372244565494071,0.57,17.458791208791208,11.215272136474411,0,0.9917582417582418,0.9983753046303818,0.9999889449355125
surrogate,nominal,C_HH,efpb,1020,11.953389192714866,0.57,15.673965936739659,10.986852917009038,0,0.9951338199513382,0.9983566146261298,0.9999973864198236
surrogate,nominal,C_HH,efpb,1025,12.715198721789495,0.56,17.066014669926652,11.598694942903752,0,1.0,0.99836867862969,0.9999993336114393
surrogate,nominal,C_HH,efpb,1014,11.870415893242361,0.55,15.282442748091603,11.032493907392364,0,0.9974554707379135,0.9975629569455727,0.9999999970972366
surrogate,nominal,C_HH,efpb,1018,11.778414229725655,0.57,15.36111111111111,10.987240829346092,0,1.0,0.9944178628389154,0.9999921663296056
surrogate,nominal,C_HH,efpb,1003,11.694090441932168,0.57,16.669444444444444,10.564754098360655,0,0.9944444444444445,0.9975409836065574,0.9999975835390007
surrogate,nominal,C_HH,efpb,1021,11.874022895758737,0.54,16.51226158038147,10.82059533386967,0,0.9918256130790191,0.99597747385358,0.9999956374848564
surrogate,nominal,C_HH,efpb,1008,12.177549704992812,0.55,16.297101449275363,11.113544201135442,0,0.9758454106280193,0.9951338199513382,0.9999042393376352
surrogate,nominal,C_HH,efpb,1002,11.936735096723252,0.54,16.872122762148337,10.756756756756756,0,1.0,0.9960254372019078,0.9999960349847571
surrogate,nominal,C_HH,efpb,1010,12.133230860769535,0.56,18.194070080862534,10.76698262243286,0,1.0,0.995260663507109,0.9999943579964117
surrogate,nominal,C_HH,efpb,1023,11.590460857315355,0.54,14.456140350877194,10.870703764320785,0,0.9874686716791979,0.9983633387888707,0.9999699025401214
surrogate,nominal,C_HH,efpb,1009,11.729373099185716,0.57,15.869346733668342,10.725039619651348,0,1.0,0.9976228209191759,0.9999985838925648
surrogate,nominal,C_HH,efpb,1028,11.80317744907615,0.57,15.91326530612245,10.80611423974256,0,0.9948979591836735,0.998390989541432,0.9999969291198396
surrogate,nominal,C_HH,efpb,1007,12.509642293797386,0.55,17.514066496163682,11.26672171758877,0,1.0,0.9933938893476466,0.9999890175136337
surrogate,nominal,C_MM,efficiency,1006,10.806055900621118,0.63,11.31800766283525,10.675949367088608,0,0.9885057471264368,0.9974683544303797,0.999979633672177
surrogate,nominal,C_MM,efficiency,1019,10.878042921204354,0.48,12.28193832599119,10.56615776081425,0,0.986784140969163,0.9949109414758269,0.9999831826241274
surrogate,nominal,C_MM,efficiency,1004,10.581364522417154,0.7,11.417670682730924,10.379874213836478,0,0.9959839357429718,0.9987421383647799,0.9999980880128272
surrogate,nominal,C_MM,efficiency,1029,10.826080398220075,0.59,11.650557620817844,10.616236162361623,0,0.9962825278810409,0.997539975399754,0.9999996022533075
surrogate,nominal,C_MM,efficiency,1015,10.685022026431719,0.69,11.976525821596244,10.425061425061426,0,0.9953051643192489,0.9963144963144963,0.9999997431644363
surrogate,nominal,C_MM,efficiency,1022,10.669897725538085,0.5,12.25,10.293611793611793,0,1.0,1.0,1.0
surrogate,nominal,C_MM,efficiency,1012,10.915437045914164,0.83,12.348178137651821,10.590203106332138,0,0.9959514170040485,0.996415770609319,0.999999945680113
surrogate,nominal,C_MM,efficiency,1017,10.393775053053526,0.53,11.761467889908257,10.110974106041924,0,1.0,0.998766954377312,0.9999996194306532
surrogate,nominal,C_MM,efficiency,1026,10.982797475961538,0.52,11.54945054945055,10.836609336609337,0,0.989010989010989,0.995085995085995,0.9999906251664032
surrogate,nominal,C_MM,efficiency,1024,10.876807832084847,0.55,12.607438016528926,10.498237367802584,0,0.9917355371900827,0.9964747356051704,0.9999943182425662
surrogate,nominal,C_MM,efficiency,1001,10.281831610044314,0.69,11.0,10.10952380952381,0,1.0,0.9988095238095238,0.9999996452695633
surrogate,nominal,C_MM,efficiency,1027,9.582542694497155,0.59,9.842323651452283,9.518072289156626,0,1.0,0.9973226238286479,0.9999982031096983
surrogate,nominal,C_MM,efficiency,1011,10.555459747589557,0.51,11.596958174904943,10.284980744544287,0,1.0,0.9922978177150192,0.9999850544267959
surrogate,nominal,C_MM,efficiency,1013,10.878778312682504,0.59,10.585185185185185,10.958279009126466,0,0.9925925925925926,0.9960886571056062,0.999996909511186
surrogate,nominal,C_MM,efficiency,1030,10.652275291462956,0.6,11.721311475409836,10.411976047904192,0,1.0,0.9964071856287425,0.9999967613061005
surrogate,nominal,C_MM,efficiency,1016,10.982810388830504,0.61,12.965957446808511,10.558056872037914,0,1.0,0.9976303317535545,0.9999985928375429
surrogate,nominal,C_MM,efficiency,1005,10.722645099904852,0.54,11.341176470588236,10.565891472868216,0,1.0,0.9961240310077519,0.9999962296305792
surrogate,nominal,C_MM,efficiency,1020,9.923461923461923,0.77,10.757692307692308,9.714643304130163,0,1.0,0.9987484355444305,0.9999996079061798
surrogate,nominal,C_MM,efficiency,1025,10.140447234209494,0.65,10.232209737827715,10.116129032258064,0,0.9962546816479401,0.9987096774193548,0.9999984856350245
surrogate,nominal,C_MM,efficiency,1014,10.383560570443503,0.82,10.807377049180328,10.28337531486146,0,0.9959016393442623,0.9962216624685138,0.9999999741934305
surrogate,nominal,C_MM,efficiency,1018,11.161157346192734,0.64,13.863247863247864,10.559950556242274,0,0.9914529914529915,0.9962917181705809,0.9999940743171569
surrogate,nominal,C_MM,efficiency,1003,10.678653283806213,0.62,12.20253164556962,10.327433628318584,0,0.9915611814345991,0.9974715549936789,0.9999911703769132
surrogate,nominal,C_MM,efficiency,1021,10.831271878646442,0.63,12.527777777777779,10.417610062893083,0,0.996031746031746,0.9987421383647799,0.9999981538109495
surrogate,nominal,C_MM,efficiency,1008,10.4153711928934,0.52,10.845238095238095,10.30798969072165,0,1.0,1.0,1.0
surrogate,nominal,C_MM,efficiency,1002,10.492494094338186,0.57,10.404081632653062,10.51278928136419,0,0.9918367346938776,0.997563946406821,0.9999917122173836
surrogate,nominal,C_MM,efficiency,1010,10.147973895887086,0.68,11.517509727626459,9.816176470588236,0,1.0,0.9987745098039216,0.9999996240830445
surrogate,nominal,C_MM,efficiency,1023,10.39356531131857,0.53,11.418803418803419,10.167686658506732,0,1.0,1.0,1.0
surrogate,nominal,C_MM,efficiency,1009,10.255683935892657,0.73,11.903345724907064,9.842424242424242,0,1.0,0.9939393939393939,0.9999907614419542
surrogate,nominal,C_MM,efficiency,1028,10.79413524835428,0.67,11.246376811594203,10.676470588235293,0,0.9891304347826086,0.9987745098039216,0.9999764647014968
surrogate,nominal,C_MM,efficiency,1007,10.442821998254107,0.67,10.516,10.424710424710424,0,0.992,0.9987129987129987,0.9999886286799055
surrogate,nominal,C_MM,equal_bargaining,1006,10.880745341614908,0.47,7.383141762452107,11.769620253164558,0,1.0,0.9949367088607595,0.9999935582367606
surrogate,nominal,C_MM,equal_bargaining,1019,11.038677130044842,0.54,9.145374449339206,11.459287531806616,0,1.0,0.9949109414758269,0.9999934923372271
surrogate,nominal,C_MM,equal_bargaining,1004,10.806471734892789,0.52,8.301204819277109,11.410062893081761,0,1.0,0.9962264150943396,0.9999964265549846
surrogate,nominal,C_MM,equal_bargaining,1029,10.949996228976543,0.6,8.87360594795539,11.478474784747847,0,1.0,0.997539975399754,0.999998483343318
surrogate,nominal,C_MM,equal_bargaining,1015,10.838735053492764,0.49,8.023474178403756,11.405405405405405,0,0.9953051643192489,0.995085995085995,0.9999999878749845
surrogate,nominal,C_MM,equal_bargaining,1022,10.784536711952374,0.48,9.936507936507937,10.986486486486486,0,1.0,1.0,1.0
surrogate,nominal,C_MM,equal_bargaining,1012,10.769006066961277,0.58,8.530364372469636,11.277180406212665,0,0.9959514170040485,0.996415770609319,0.999999945680113
surrogate,nominal,C_MM,equal_bargaining,1017,10.658885482983575,0.5,7.81651376146789,11.246609124537608,0,1.0,1.0,1.0
surrogate,nominal,C_MM,equal_bargaining,1026,11.824969951923077,0.58,7.527472527472527,12.933660933660933,0,1.0,0.9938574938574939,0.9999905092868525
surrogate,nominal,C_MM,equal_bargaining,1024,10.942446043165468,0.58,8.541322314049587,11.467685076380729,0,1.0,0.9952996474735605,0.9999944506489272
surrogate,nominal,C_MM,equal_bargaining,1001,10.902954209748893,0.6,9.0,11.35952380952381,0,1.0,0.9964285714285714,0.9999967998156694
surrogate,nominal,C_MM,equal_bargaining,1027,11.044550779638644,0.76,7.232365145228216,11.990629183400268,0,1.0,0.9973226238286479,0.9999982031096983
surrogate,nominal,C_MM,equal_bargaining,1011,10.320137963471035,0.68,7.262357414448669,11.114249037227214,0,0.9961977186311787,0.9961489088575096,0.9999999993998168
surrogate,nominal,C_MM,equal_bargaining,1013,10.993291768605479,0.59,8.007407407407408,11.801825293350717,0,1.0,0.9947848761408083,0.9999931650687167
surrogate,nominal,C_MM,equal_bargaining,1030,10.732907107935313,0.6,8.569672131147541,11.219161676646706,0,1.0,0.9940119760479041,0.999990982054288
surrogate,nominal,C_MM,equal_bargaining,1016,10.858054346194265,0.47,7.85531914893617,11.501184834123222,0,1.0,0.9976303317535545,0.9999985928375429
surrogate,nominal,C_MM,equal_bargaining,1005,10.76673009831906,0.57,7.827450980392157,11.511627906976743,0,1.0,0.9974160206718347,0.9999983264438606
surrogate,nominal,C_MM,equal_bargaining,1020,10.242165242165242,0.56,7.334615384615384,10.969962453066334,0,1.0,0.9987484355444305,0.9999996079061798
surrogate,nominal,C_MM,equal_bargaining,1025,10.8,0.55,7.966292134831461,11.550967741935484,0,0.9962546816479401,0.9987096774193548,0.9999984856350245
surrogate,nominal,C_MM,equal_bargaining,1014,11.717834195267198,0.51,7.364754098360656,12.746851385390428,0,0.9959016393442623,0.9962216624685138,0.9999999741934305
surrogate,nominal,C_MM,equal_bargaining,1018,11.217002411137901,0.59,9.247863247863247,11.655129789864029,0,0.9914529914529915,0.9987639060568603,0.999986506123115
surrogate,nominal,C_MM,equal_bargaining,1003,11.012487157195922,0.57,7.9071729957805905,11.72819216182048,0,1.0,0.9962073324905183,0.999996390253685
surrogate,nominal,C_MM,equal_bargaining,1021,10.702061454686893,0.61,8.654761904761905,11.20125786163522,0,0.996031746031746,0.9987421383647799,0.9999981538109495
surrogate,nominal,C_MM,equal_bargaining,1008,10.868178934010151,0.58,7.007936507936508,11.832474226804123,0,1.0,1.0,1.0
surrogate,nominal,C_MM,equal_bargaining,1002,10.746475653432904,0.6,8.257142857142858,11.317904993909867,0,0.9918367346938776,0.9963459196102314,0.9999948562329015
surrogate,nominal,C_MM,equal_bargaining,1010,10.20056154196388,0.58,7.836575875486381,10.77328431372549,0,1.0,0.9987745098039216,0.9999996240830445
surrogate,nominal,C_MM,equal_bargaining,1023,10.5214875395417,0.59,8.316239316239317,11.00734394124847,0,1.0,1.0,1.0
surrogate,nominal,C_MM,equal_bargaining,1009,11.113827804696236,0.52,8.33457249070632,11.81090909090909,0,1.0,0.9963636363636363,0.9999966821719829
surrogate,nominal,C_MM,equal_bargaining,1028,10.87111011370437,0.66,7.931159420289855,11.636029411764707,0,1.0,0.9963235294117647,0.9999966084449721
surrogate,nominal,C_MM,equal_bargaining,1007,10.84715498769939,0.58,7.796,11.602316602316602,0,0.992,1.0,0.9999838714880165
surrogate,nominal,C_MM,fixed_time,1006,12.328183229813666,0.29,11.183908045977011,12.618987341772153,0,1.0,0.9974683544303797,0.9999983936310683
surrogate,nominal,C_MM,fixed_time,1019,12.28395259449071,0.29,10.801762114537445,12.61323155216285,0,1.0,1.0,1.0
surrogate,nominal,C_MM,fixed_time,1004,11.782222222222222,0.29,10.048192771084338,12.2,0,1.0,0.9937106918238994,0.9999900487610708
surrogate,nominal,C_MM,fixed_time,1029,12.4687382155517,0.29,10.903345724907064,12.867158671586715,0,1.0,0.997539975399754,0.999998483343318
surrogate,nominal,C_MM,fixed_time,1015,12.60942416614223,0.29,10.333333333333334,13.067567567567568,0,0.9953051643192489,0.9963144963144963,0.9999997431644363
surrogate,nominal,C_MM,fixed_time,1022,12.1524194779423,0.29,11.353174603174603,12.342751842751843,0,1.0,0.9975429975429976,0.9999984870720307
surrogate,nominal,C_MM,fixed_time,1012,12.726387536514117,0.29,11.526315789473685,12.998805256869773,0,1.0,0.997610513739546,0.9999985691739983
surrogate,nominal,C_MM,fixed_time,1017,12.725850821347167,0.29,10.18348623853211,13.25154130702836,0,1.0,0.998766954377312,0.9999996194306532
surrogate,nominal,C_MM,fixed_time,1026,12.347881610576923,0.29,11.32967032967033,12.61056511056511,0,1.0,0.9987714987714987,0.99999962223238
surrogate,nominal,C_MM,fixed_time,1024,12.472520952310317,0.29,11.264462809917354,12.736780258519389,0,1.0,0.9964747356051704,0.9999968821558853
surrogate,nominal,C_MM,fixed_time,1001,12.384859675036926,0.29,10.82824427480916,12.758333333333333,0,1.0,0.9976190476190476,0.9999985793880573
surrogate,nominal,C_MM,fixed_time,1027,12.622308390396832,0.29,11.348547717842324,12.938420348058902,0,1.0,0.9973226238286479,0.9999982031096983
surrogate,nominal,C_MM,fixed_time,1011,12.647017323822215,0.29,11.688212927756654,12.89602053915276,0,0.9961977186311787,0.9948652118100129,0.9999995521127354
surrogate,nominal,C_MM,fixed_time,1013,12.236840028411333,0.29,12.018518518518519,12.295958279009126,0,0.9962962962962963,0.9947848761408083,0.9999994237748133
surrogate,nominal,C_MM,fixed_time,1030,12.279127491538175,0.29,10.819672131147541,12.607185628742515,0,1.0,0.9964071856287425,0.9999967613061005
surrogate,nominal,C_MM,fixed_time,1016,12.651403693139168,0.29,10.570212765957447,13.097156398104266,0,1.0,0.995260663507109,0.9999943579964117
surrogate,nominal,C_MM,fixed_time,1005,11.89954012052014,0.29,10.529411764705882,12.246770025839794,0,1.0,0.9974160206718347,0.9999983264438606
surrogate,nominal,C_MM,fixed_time,1020,12.443443443443444,0.29,11.05,12.79224030037547,0,1.0,0.9949937421777222,0.9999937028996573
surrogate,nominal,C_MM,fixed_time,1025,12.771518242448018,0.31,11.636704119850187,13.072258064516129,0,0.9962546816479401,0.9974193548387097,0.9999996587287502
surrogate,nominal,C_MM,fixed_time,1014,11.998041059395078,0.29,10.737704918032787,12.295969773299747,0,0.9959016393442623,0.9987405541561712,0.9999979743060153
surrogate,nominal,C_MM,fixed_time,1018,12.212102356692853,0.29,11.55982905982906,12.357231149567367,0,1.0,0.9962917181705809,0.9999965493893571
surrogate,nominal,C_MM,fixed_time,1003,12.308859558997867,0.29,10.818565400843882,12.652338811630846,0,1.0,0.9962073324905183,0.999996390253685
surrogate,nominal,C_MM,fixed_time,1021,13.006534422403735,0.29,11.65079365079365,13.337106918238995,0,0.996031746031746,0.9949685534591195,0.9999997148449328
surrogate,nominal,C_MM,fixed_time,1008,11.748175761421319,0.29,11.126984126984127,11.903350515463918,0,1.0,1.0,1.0
surrogate,nominal,C_MM,fixed_time,1002,11.97980644669664,0.29,10.326530612244898,12.35931790499391,0,0.9959183673469387,0.9951278928136419,0.9999998423793928
surrogate,nominal,C_MM,fixed_time,1010,12.064956746091973,0.29,10.653696498054474,12.406862745098039,0,1.0,0.9987745098039216,0.9999996240830445
surrogate,nominal,C_MM,fixed_time,1023,12.32674947920685,0.29,10.837606837606838,12.65483476132191,0,1.0,0.996328029375765,0.9999966167575757
surrogate,nominal,C_MM,fixed_time,1009,12.52418934029072,0.29,11.405204460966543,12.804848484848485,0,1.0,0.9963636363636363,0.9999966821719829
surrogate,nominal,C_MM,fixed_time,1028,12.034485338120886,0.29,11.28623188405797,12.229166666666666,0,0.9927536231884058,0.9987745098039216,0.999990860045444
surrogate,nominal,C_MM,fixed_time,1007,11.70526148718356,0.29,9.464,12.25997425997426,0,0.996,0.9987129987129987,0.9999981501456443
surrogate,nominal,C_MM,efpb,1006,10.260093167701864,0.54,12.279693486590038,9.746835443037975,0,0.9885057471264368,0.9974683544303797,0.999979633672177
surrogate,nominal,C_MM,efpb,1019,10.532831518257526,0.56,13.687224669603523,9.83206106870229,0,1.0,0.9936386768447837,0.9999898188322282
surrogate,nominal,C_MM,efpb,1004,10.59157894736842,0.57,12.42570281124498,10.149685534591194,0,0.9959839357429718,0.9987421383647799,0.9999980880128272
surrogate,nominal,C_MM,efpb,1029,10.888754808054905,0.56,12.45724907063197,10.489544895448955,0,0.9962825278810409,0.998769987699877,0.9999984454567514
surrogate,nominal,C_MM,efpb,1015,10.806954059156702,0.55,13.985915492957746,10.167076167076168,0,0.9953051643192489,0.9963144963144963,0.9999997431644363
surrogate,nominal,C_MM,efpb,1022,10.897954510761716,0.55,13.25,10.337837837837839,0,1.0,1.0,1.0
surrogate,nominal,C_MM,efpb,1012,10.74031907722268,0.55,12.433198380566802,10.356033452807646,0,0.9959514170040485,0.996415770609319,0.999999945680113
surrogate,nominal,C_MM,efpb,1017,10.549870313605282,0.52,13.137614678899082,10.014796547472256,0,1.0,0.998766954377312,0.9999996194306532
surrogate,nominal,C_MM,efpb,1026,11.065955528846153,0.53,13.054945054945055,10.552825552825553,0,0.9926739926739927,0.995085995085995,0.9999985275961393
surrogate,nominal,C_MM,efpb,1024,11.039308759178224,0.57,13.690082644628099,10.45945945945946,0,1.0,0.9988249118683902,0.9999996543860824
surrogate,nominal,C_MM,efpb,1001,10.48493353028065,0.57,12.34732824427481,10.038095238095238,0,1.0,0.9928571428571429,0.9999871534647106
surrogate,nominal,C_MM,efpb,1027,10.32612820724363,0.5,11.526970954356846,10.028112449799197,0,1.0,0.9973226238286479,0.9999982031096983
surrogate,nominal,C_MM,efpb,1011,10.291291055890882,0.5,11.996197718631178,9.848523748395378,0,0.9923954372623575,0.9948652118100129,0.999998455441774
surrogate,nominal,C_MM,efpb,1013,10.665377633967328,0.57,12.414814814814815,10.191655801825293,0,0.9925925925925926,0.9960886571056062,0.999996909511186
surrogate,nominal,C_MM,efpb,1030,10.437307258367808,0.55,13.139344262295081,9.82994011976048,0,0.9918032786885246,0.9952095808383233,0.9999970612428051
surrogate,nominal,C_MM,efpb,1016,10.663564029425011,0.54,12.268085106382978,10.319905213270141,0,1.0,0.9964454976303317,0.9999968301309438
surrogate,nominal,C_MM,efpb,1005,10.17967015540755,0.51,12.968627450980392,9.472868217054264,0,1.0,0.9948320413436692,0.9999932884554721
surrogate,nominal,C_MM,efpb,1020,10.692307692307692,0.53,13.123076923076923,10.083854818523154,0,1.0,0.9987484355444305,0.9999996079061798
surrogate,nominal,C_MM,efpb,1025,10.684111416241663,0.54,12.617977528089888,10.171612903225807,0,0.9962546816479401,0.9987096774193548,0.9999984856350245
surrogate,nominal,C_MM,efpb,1014,9.967168155461525,0.56,11.229508196721312,9.668765743073047,0,0.9959016393442623,0.9974811083123426,0.9999993721722144
surrogate,nominal,C_MM,efpb,1018,10.61577350859454,0.57,12.166666666666666,10.27070457354759,0,0.9914529914529915,0.9962917181705809,0.9999940743171569
surrogate,nominal,C_MM,efpb,1003,10.460523196079981,0.54,12.518987341772151,9.986093552465233,0,1.0,0.9987357774968394,0.9999995999299076
surrogate,nominal,C_MM,efpb,1021,10.671256320497863,0.53,12.78968253968254,10.154716981132076,0,0.996031746031746,0.9987421383647799,0.9999981538109495
surrogate,nominal,C_MM,efpb,1008,10.355567893401012,0.5,12.392857142857142,9.846649484536082,0,1.0,1.0,1.0
surrogate,nominal,C_MM,efpb,1002,10.702049836165513,0.55,11.844897959183674,10.439707673568819,0,1.0,0.9951278928136419,0.9999940366596348
surrogate,nominal,C_MM,efpb,1010,10.575504628927,0.56,11.747081712062256,10.291666666666666,0,1.0,0.9987745098039216,0.9999996240830445
surrogate,nominal,C_MM,efpb,1023,10.64346886814289,0.54,13.175213675213675,10.085679314565484,0,0.9957264957264957,1.0,0.9999954147370351
surrogate,nominal,C_MM,efpb,1009,10.693030190085723,0.52,13.315985130111525,10.035151515151515,0,1.0,0.9963636363636363,0.9999966821719829
surrogate,nominal,C_MM,efpb,1028,10.955041891083185,0.54,13.68840579710145,10.243872549019608,0,0.9927536231884058,0.9987745098039216,0.999990860045444
surrogate,nominal,C_MM,efpb,1007,10.700658677882709,0.52,11.8,10.428571428571429,0,0.992,0.9987129987129987,0.9999886286799055
surrogate,nominal,C_LL,efficiency,1006,7.670806366975685,0.5,6.801526717557252,7.929203539823009,0,1.0,0.9970501474926253,0.9999978181659505
surrogate,nominal,C_LL,efficiency,1019,7.81278221604724,0.51,7.115044247787611,7.98314606741573,0,0.9911504424778761,1.0,0.999980247303757
surrogate,nominal,C_LL,efficiency,1004,8.40799347471452,0.43,8.679245283018869,8.351282051282052,0,1.0,1.0,1.0
surrogate,nominal,C_LL,efficiency,1029,6.979202475077347,0.38,6.235849056603773,7.144808743169399,0,1.0,1.0,1.0
surrogate,nominal,C_LL,efficiency,1015,7.5128919860627175,0.41,7.397849462365591,7.535135135135135,0,1.0,0.9972972972972973,0.9999981689073137
surrogate,nominal,C_LL,efficiency,1022,7.952290076335876,0.53,7.306451612903226,8.129310344827585,0,1.0,1.0,1.0
surrogate,nominal,C_LL,efficiency,1012,8.37945387945388,0.49,7.323076923076923,8.671270718232044,0,1.0,1.0,1.0
surrogate,nominal,C_LL,efficiency,1017,6.872256612267867,0.35,6.333333333333333,7.009174311926605,0,1.0,0.9938837920489296,0.999990590626382
surrogate,nominal,C_LL,efficiency,1026,8.436085219707058,0.46,7.288,8.737704918032787,0,1.0,0.9972677595628415,0.9999981286094445
surrogate,nominal,C_LL,efficiency,1024,7.7073170731707314,0.58,6.9523809523809526,7.884057971014493,0,1.0,1.0,1.0
surrogate,nominal,C_LL,efficiency,1001,7.4777133388566694,0.41,7.135922330097087,7.548051948051948,0,1.0,1.0,1.0
surrogate,nominal,C_LL,efficiency,1027,7.224893162393162,0.37,6.701923076923077,7.34375,0,0.9903846153846154,0.9914772727272727,0.9999996960367545
surrogate,nominal,C_LL,efficiency,1011,7.5652880621275065,0.42,8.05,7.458452722063037,0,1.0,0.994269340974212,0.9999917427026134
surrogate,nominal,C_LL,efficiency,1013,8.169851380042463,0.41,7.161016949152542,8.436046511627907,0,1.0,1.0,1.0
surrogate,nominal,C_LL,efficiency,1030,8.064164432529044,0.53,8.17117117117117,8.03768115942029,0,1.0,0.9971014492753624,0.9999978935039876
surrogate,nominal,C_LL,efficiency,1016,7.832225913621262,0.51,7.380165289256198,7.945945945945946,0,1.0,0.9972972972972973,0.9999981689073137
surrogate,nominal,C_LL,efficiency,1005,7.427763589930682,0.47,6.605263157894737,7.6437125748503,0,1.0,1.0,1.0
surrogate,nominal,C_LL,efficiency,1020,7.950862068965518,0.38,6.4646464646464645,8.256756756756756,0,1.0,1.0,1.0
surrogate,nominal,C_LL,efficiency,1025,7.4860759493670885,0.41,6.4,7.72,0,1.0,0.9973333333333333,0.9999982174751604
surrogate,nominal,C_LL,efficiency,1014,8.310679611650487,0.54,8.435643564356436,8.28415300546448,0,1.0,0.9890710382513661,0.9999698113207547
surrogate,nominal,C_LL,efficiency,1018,7.59784337988333,0.54,7.272,7.6902654867256635,0,1.0,1.0,1.0
surrogate,nominal,C_LL,efficiency,1003,7.0508078994614,0.38,6.5,7.174285714285714,0,1.0,0.9971428571428571,0.9999979533444397
surrogate,nominal,C_LL,efficiency,1021,7.553854276663147,0.4,7.277777777777778,7.61864406779661,0,1.0,0.9971751412429378,0.9999979993998198
surrogate,nominal,C_LL,efficiency,1008,7.60191421481744,0.48,7.615384615384615,7.598870056497175,0,0.9903846153846154,1.0,0.9999766627771295
surrogate,nominal,C_LL,efficiency,1002,7.765778401122019,0.47,6.876190476190477,7.966480446927374,0,0.9904761904761905,0.9972067039106145,0.9999885343887956
surrogate,nominal,C_LL,efficiency,1010,7.634205092911218,0.47,7.138888888888889,7.747252747252747,0,0.9814814814814815,0.9972527472527473,0.9999364770615667
surrogate,nominal,C_LL,efficiency,1023,7.491669822037108,0.5,7.252336448598131,7.552469135802469,0,0.9906542056074766,1.0,0.9999779590037469
surrogate,nominal,C_LL,efficiency,1009,7.420776495278071,0.51,7.63302752293578,7.370786516853933,0,0.9908256880733946,1.0,0.9999787640688044
surrogate,nominal,C_LL,efficiency,1028,6.98921519827443,0.45,6.904411764705882,7.013927576601671,0,0.9926470588235294,1.0,0.999986383813077
surrogate,nominal,C_LL,efficiency,1007,7.80789381767377,0.59,7.608695652173913,7.857954545454546,0,1.0,1.0,1.0
surrogate,nominal,C_LL,equal_bargaining,1006,7.564281966066118,0.33,5.2748091603053435,8.244837758112094,0,1.0,0.9970501474926253,0.9999978181659505
surrogate,nominal,C_LL,equal_bargaining,1019,7.7143105244876695,0.51,5.68141592920354,8.210674157303371,0,0.9911504424778761,1.0,0.999980247303757
surrogate,nominal,C_LL,equal_bargaining,1004,8.734910277324634,0.43,7.40566037735849,9.012820512820513,0,1.0,1.0,1.0
surrogate,nominal,C_LL,equal_bargaining,1029,6.942420075627364,0.38,5.39622641509434,7.286885245901639,0,1.0,1.0,1.0
surrogate,nominal,C_LL,equal_bargaining,1015,7.691811846689896,0.45,6.419354838709677,7.937837837837838,0,1.0,0.9972972972972973,0.9999981689073137
surrogate,nominal,C_LL,equal_bargaining,1022,7.9014573213046475,0.51,6.661290322580645,8.241379310344827,0,1.0,1.0,1.0
surrogate,nominal,C_LL,equal_bargaining,1012,8.207459207459207,0.58,6.338461538461538,8.723756906077348,0,1.0,1.0,1.0
surrogate,nominal,C_LL,equal_bargaining,1017,7.1093603451510035,0.35,5.361111111111111,7.553516819571866,0,1.0,0.9938837920489296,0.999990590626382
surrogate,nominal,C_LL,equal_bargaining,1026,8.291777629826898,0.56,6.272,8.8224043715847,0,1.0,0.9972677595628415,0.9999981286094445
surrogate,nominal,C_LL,equal_bargaining,1024,7.676242095754289,0.58,5.847619047619047,8.104347826086956,0,1.0,1.0,1.0
surrogate,nominal,C_LL,equal_bargaining,1001,7.51565865782933,0.43,6.184466019417476,7.78961038961039,0,1.0,1.0,1.0
surrogate,nominal,C_LL,equal_bargaining,1027,7.564814814814814,0.37,6.625,7.778409090909091,0,1.0,0.9914772727272727,0.9999816853543884
surrogate,nominal,C_LL,equal_bargaining,1011,7.720245620372042,0.42,6.62,7.962750716332378,0,1.0,0.994269340974212,0.9999917427026134
surrogate,nominal,C_LL,equal_bargaining,1013,8.729299363057324,0.36,6.271186440677966,9.377906976744185,0,1.0,1.0,1.0
surrogate,nominal,C_LL,equal_bargaining,1030,8.080607685433423,0.54,7.153153153153153,8.310144927536232,0,1.0,0.9971014492753624,0.9999978935039876
surrogate,nominal,C_LL,equal_bargaining,1016,7.941029900332228,0.52,5.8264462809917354,8.472972972972974,0,1.0,0.9972972972972973,0.9999981689073137
surrogate,nominal,C_LL,equal_bargaining,1005,7.283655600145931,0.66,5.114035087719298,7.8532934131736525,0,1.0,1.0,1.0
surrogate,nominal,C_LL,equal_bargaining,1020,7.974482758620689,0.38,6.222222222222222,8.335135135135134,0,1.0,1.0,1.0
surrogate,nominal,C_LL,equal_bargaining,1025,8.044894514767932,0.37,5.876190476190477,8.512,0,1.0,0.9973333333333333,0.9999982174751604
surrogate,nominal,C_LL,equal_bargaining,1014,8.311893203883496,0.38,6.524752475247524,8.691256830601093,0,1.0,0.9890710382513661,0.9999698113207547
surrogate,nominal,C_LL,equal_bargaining,1018,7.998762595015024,0.64,6.216,8.504424778761061,0,1.0,1.0,1.0
surrogate,nominal,C_LL,equal_bargaining,1003,6.766427289048474,0.38,5.686274509803922,7.008571428571429,0,1.0,0.9971428571428571,0.9999979533444397
surrogate,nominal,C_LL,equal_bargaining,1021,7.387011615628298,0.33,6.231481481481482,7.65819209039548,0,1.0,0.9971751412429378,0.9999979993998198
surrogate,nominal,C_LL,equal_bargaining,1008,7.705246366536689,0.41,5.288461538461538,8.251412429378531,0,0.9903846153846154,1.0,0.9999766627771295
surrogate,nominal,C_LL,equal_bargaining,1002,7.651998597475456,0.47,5.6761904761904765,8.097765363128492,0,0.9904761904761905,0.9972067039106145,0.9999885343887956
surrogate,nominal,C_LL,equal_bargaining,1010,7.447350309704059,0.47,5.675925925925926,7.851648351648351,0,0.9814814814814815,0.9972527472527473,0.9999364770615667
surrogate,nominal,C_LL,equal_bargaining,1023,7.459106399091253,0.5,6.046728971962617,7.817901234567901,0,0.9906542056074766,1.0,0.9999779590037469
surrogate,nominal,C_LL,equal_bargaining,1009,7.473242392444911,0.36,5.8807339449541285,7.848314606741573,0,0.9908256880733946,1.0,0.9999787640688044
surrogate,nominal,C_LL,equal_bargaining,1028,6.99054255848681,0.44,5.897058823529412,7.309192200557103,0,0.9926470588235294,1.0,0.999986383813077
surrogate,nominal,C_LL,equal_bargaining,1007,7.813657003143556,0.59,6.156521739130435,8.230113636363637,0,1.0,1.0,1.0
surrogate,nominal,C_LL,fixed_time,1006,12.182788175616581,0.29,11.358778625954198,12.427728613569322,0,1.0,0.9970501474926253,0.9999978181659505
surrogate,nominal,C_LL,fixed_time,1019,11.953282389718655,0.29,9.955752212389381,12.441011235955056,0,1.0,0.9971910112359551,0.9999980218467248
surrogate,nominal,C_LL,fixed_time,1004,11.189070146818924,0.29,10.584905660377359,11.315384615384616,0,1.0,1.0,1.0
surrogate,nominal,C_LL,fixed_time,1029,11.693537298040566,0.29,9.59433962264151,12.16120218579235,0,1.0,1.0,1.0
surrogate,nominal,C_LL,fixed_time,1015,11.96951219512195,0.29,9.225806451612904,12.5,0,1.0,0.9972972972972973,0.9999981689073137
surrogate,nominal,C_LL,fixed_time,1022,11.713219986120748,0.29,10.991935483870968,11.910919540229886,0,1.0,0.9971264367816092,0.999997929718069
surrogate,nominal,C_LL,fixed_time,1012,13.018648018648019,0.29,10.646153846153846,13.67403314917127,0,1.0,1.0,1.0
surrogate,nominal,C_LL,fixed_time,1017,11.71393734758957,0.29,10.527777777777779,12.015290519877675,0,1.0,0.9969418960244648,0.9999976548392393
surrogate,nominal,C_LL,fixed_time,1026,11.610186418109189,0.29,10.688,11.852459016393443,0,1.0,0.9972677595628415,0.9999981286094445
surrogate,nominal,C_LL,fixed_time,1024,11.928635953026198,0.29,10.076190476190476,12.36231884057971,0,1.0,0.9971014492753624,0.9999978935039876
surrogate,nominal,C_LL,fixed_time,1001,12.309527754763877,0.29,12.097087378640778,12.353246753246752,0,1.0,0.9948051948051948,0.9999932183619631
surrogate,nominal,C_LL,fixed_time,1027,12.069800569800568,0.29,11.576923076923077,12.181818181818182,0,1.0,0.9943181818181818,0.9999918832486485
surrogate,nominal,C_LL,fixed_time,1011,11.629582806573957,0.29,10.69,11.836676217765042,0,1.0,0.994269340974212,0.9999917427026134
surrogate,nominal,C_LL,fixed_time,1013,12.745576786978061,0.29,12.177966101694915,12.895348837209303,0,1.0,0.997093023255814,0.999997881221264
surrogate,nominal,C_LL,fixed_time,1030,12.25183199285076,0.29,10.306306306306306,12.733333333333333,0,1.0,1.0,1.0
surrogate,nominal,C_LL,fixed_time,1016,11.412292358803988,0.29,10.214876033057852,11.713513513513513,0,1.0,0.9972972972972973,0.9999981689073137
surrogate,nominal,C_LL,fixed_time,1005,11.219080627508209,0.29,9.12280701754386,11.769461077844312,0,1.0,1.0,1.0
surrogate,nominal,C_LL,fixed_time,1020,11.948448275862068,0.29,10.16161616161616,12.316216216216215,0,0.98989898989899,0.9972972972972973,0.9999861395544619
surrogate,nominal,C_LL,fixed_time,1025,12.48793248945148,0.29,10.58095238095238,12.898666666666667,0,0.9904761904761905,0.9946666666666667,0.9999955440399472
surrogate,nominal,C_LL,fixed_time,1014,11.024965325936202,0.29,8.594059405940595,11.540983606557377,0,1.0,0.9890710382513661,0.9999698113207547
surrogate,nominal,C_LL,fixed_time,1018,11.047374933710447,0.29,8.968,11.63716814159292,0,1.0,1.0,1.0
surrogate,nominal,C_LL,fixed_time,1003,11.750089766606823,0.29,9.92156862745098,12.16,0,1.0,0.9971428571428571,0.9999979533444397
surrogate,nominal,C_LL,fixed_time,1021,12.733016543470608,0.29,11.583333333333334,13.002824858757062,0,1.0,0.9943502824858758,0.9999919749618811
surrogate,nominal,C_LL,fixed_time,1008,11.366182204891881,0.29,10.836538461538462,11.485875706214689,0,1.0,0.9971751412429378,0.9999979993998198
surrogate,nominal,C_LL,fixed_time,1002,12.110273492286113,0.29,9.961904761904762,12.594972067039107,0,0.9904761904761905,0.9972067039106145,0.9999885343887956
surrogate,nominal,C_LL,fixed_time,1010,12.0942876806607,0.29,10.38888888888889,12.483516483516484,0,0.9814814814814815,1.0,0.9999126637554583
surrogate,nominal,C_LL,fixed_time,1023,12.173419159409313,0.29,10.158878504672897,12.685185185185185,0,0.9906542056074766,1.0,0.9999779590037469
surrogate,nominal,C_LL,fixed_time,1009,11.676635187128369,0.29,8.908256880733944,12.32865168539326,0,1.0,0.9943820224719101,0.9999920651294176
surrogate,nominal,C_LL,fixed_time,1028,12.265803882528623,0.29,8.933823529411764,13.236768802228413,0,0.9926470588235294,1.0,0.999986383813077
surrogate,nominal,C_LL,fixed_time,1007,12.431889626266155,0.29,9.956521739130435,13.053977272727273,0,1.0,0.9971590909090909,0.9999979765686651
surrogate,nominal,C_LL,efpb,1006,7.458107398985483,0.34,6.687022900763359,7.687315634218289,0,1.0,0.9970501474926253,0.9999978181659505
surrogate,nominal,C_LL,efpb,1019,7.744182007641544,0.51,7.283185840707965,7.856741573033708,0,0.9911504424778761,1.0,0.999980247303757
surrogate,nominal,C_LL,efpb,1004,8.449429037520392,0.43,8.943396226415095,8.346153846153847,0,1.0,1.0,1.0
surrogate,nominal,C_LL,efpb,1029,7.0338604331385355,0.34,6.7075471698113205,7.10655737704918,0,1.0,1.0,1.0
surrogate,nominal,C_LL,efpb,1015,7.44738675958188,0.36,7.860215053763441,7.367567567567567,0,1.0,0.9972972972972973,0.9999981689073137
surrogate,nominal,C_LL,efpb,1022,7.676960444136015,0.53,9.056451612903226,7.2988505747126435,0,1.0,1.0,1.0
surrogate,nominal,C_LL,efpb,1012,7.989843489843488,0.4,7.923076923076923,8.008287292817679,0,1.0,1.0,1.0
surrogate,nominal,C_LL,efpb,1017,6.940161320577753,0.35,6.5,7.051987767584098,0,1.0,0.9938837920489296,0.999990590626382
surrogate,nominal,C_LL,efpb,1026,8.399300932090545,0.42,8.12,8.472677595628415,0,1.0,0.9972677595628415,0.9999981286094445
surrogate,nominal,C_LL,efpb,1024,7.535862691960253,0.39,7.3238095238095235,7.585507246376811,0,1.0,1.0,1.0
surrogate,nominal,C_LL,efpb,1001,7.388566694283347,0.41,7.194174757281553,7.428571428571429,0,1.0,1.0,1.0
surrogate,nominal,C_LL,efpb,1027,7.239494301994302,0.37,7.730769230769231,7.127840909090909,0,1.0,0.9914772727272727,0.9999816853543884
surrogate,nominal,C_LL,efpb,1011,7.459996387935705,0.42,8.13,7.312320916905444,0,1.0,0.994269340974212,0.9999917427026134
surrogate,nominal,C_LL,efpb,1013,8.224345364472752,0.39,7.906779661016949,8.30813953488372,0,1.0,1.0,1.0
surrogate,nominal,C_LL,efpb,1030,8.109919571045577,0.4,8.612612612612613,7.9855072463768115,0,1.0,0.9971014492753624,0.9999978935039876
surrogate,nominal,C_LL,efpb,1016,7.781727574750831,0.52,7.429752066115703,7.870270270270271,0,1.0,0.9972972972972973,0.9999981689073137
surrogate,nominal,C_LL,efpb,1005,7.176577891280554,0.4,6.868421052631579,7.25748502994012,0,1.0,1.0,1.0
surrogate,nominal,C_LL,efpb,1020,7.812241379310345,0.38,6.9393939393939394,7.991891891891892,0,1.0,1.0,1.0
surrogate,nominal,C_LL,efpb,1025,7.555780590717299,0.41,7.0285714285714285,7.669333333333333,0,1.0,0.9973333333333333,0.9999982174751604
surrogate,nominal,C_LL,efpb,1014,8.418862690707352,0.54,9.336633663366337,8.224043715846994,0,1.0,0.9890710382513661,0.9999698113207547
surrogate,nominal,C_LL,efpb,1018,7.759943432914972,0.44,7.704,7.775811209439528,0,1.0,1.0,1.0
surrogate,nominal,C_LL,efpb,1003,6.832136445242369,0.33,6.784313725490196,6.8428571428571425,0,1.0,0.9971428571428571,0.9999979533444397
surrogate,nominal,C_LL,efpb,1021,7.415698697641676,0.4,7.333333333333333,7.435028248587571,0,1.0,0.9971751412429378,0.9999979993998198
surrogate,nominal,C_LL,efpb,1008,7.642679900744416,0.48,7.586538461538462,7.655367231638418,0,0.9903846153846154,1.0,0.9999766627771295
surrogate,nominal,C_LL,efpb,1002,7.266479663394107,0.36,7.20952380952381,7.279329608938547,0,0.9904761904761905,0.9972067039106145,0.9999885343887956
surrogate,nominal,C_LL,efpb,1010,7.60461114934618,0.39,7.5092592592592595,7.626373626373627,0,0.9814814814814815,0.9972527472527473,0.9999364770615667
surrogate,nominal,C_LL,efpb,1023,7.494131010980689,0.43,7.4953271028037385,7.493827160493828,0,0.9906542056074766,1.0,0.9999779590037469
surrogate,nominal,C_LL,efpb,1009,7.286813571178733,0.51,7.5504587155963305,7.224719101123595,0,0.9908256880733946,1.0,0.9999787640688044
surrogate,nominal,C_LL,efpb,1028,6.909573585531772,0.39,7.029411764705882,6.874651810584958,0,0.9926470588235294,1.0,0.999986383813077
surrogate,nominal,C_LL,efpb,1007,7.652287809989521,0.41,8.043478260869565,7.5539772727272725,0,1.0,1.0,1.0
surrogate,nominal,C_LM,efficiency,1006,10.2835255789381,0.77,14.203252032520325,9.807445442875482,0,0.991869918699187,0.9961489088575096,0.9999953672424011
surrogate,nominal,C_LM,efficiency,1019,9.660646057658909,0.98,14.954128440366972,9.107231920199501,0,0.9908256880733946,0.9975062344139651,0.9999887113686949
surrogate,nominal,C_LM,efficiency,1004,9.97054195804196,0.72,16.75824175824176,9.38395061728395,0,1.0,1.0,1.0
surrogate,nominal,C_LM,efficiency,1029,9.244626772496208,0.85,12.556603773584905,8.898847631241997,0,1.0,0.9974391805377721,0.9999983563472118
surrogate,nominal,C_LM,efficiency,1015,9.787152034261242,0.68,16.347368421052632,9.206060606060607,0,1.0,0.9987878787878788,0.9999996322450484
surrogate,nominal,C_LM,efficiency,1022,9.805358550039402,0.62,14.915966386554622,9.210927573062262,0,1.0,0.9961880559085133,0.9999963533964061
surrogate,nominal,C_LM,efficiency,1012,10.118714491647589,1.1,18.11111111111111,9.386281588447654,1,1.0,0.9987966305655837,0.9999996375395899
surrogate,nominal,C_LM,efficiency,1017,9.349804602692142,1.19,16.684782608695652,8.712883435582823,1,0.9891304347826086,1.0,0.9999701403404001
surrogate,nominal,C_LM,efficiency,1026,10.04417358229599,0.61,15.036697247706423,9.524813895781637,0,1.0,0.9962779156327544,0.9999965236066422
surrogate,nominal,C_LM,efficiency,1024,9.503045380458094,0.67,16.89108910891089,8.802197802197803,0,0.9801980198019802,0.9987789987789988,0.9999118509983723
surrogate,nominal,C_LM,efficiency,1001,9.775297619047617,0.76,15.052173913043479,9.220902612826603,0,0.9826086956521739,0.995249406175772,0.9999591553694906
surrogate,nominal,C_LM,efficiency,1027,9.310096818810512,0.68,15.029126213592233,8.709933774834438,0,1.0,0.9960264900662251,0.9999960370893213
surrogate,nominal,C_LM,efficiency,1011,9.663371627037135,0.93,15.561904761904762,9.054916985951468,0,1.0,0.9961685823754789,0.9999963159717361
surrogate,nominal,C_LM,efficiency,1013,9.76861868573983,0.78,14.056451612903226,9.233986928104574,0,1.0,0.9947712418300654,0.9999931291901205
surrogate,nominal,C_LM,efficiency,1030,9.346859986273163,0.9,16.77319587628866,8.672749391727494,0,1.0,0.9975669099756691,0.9999985164129236
surrogate,nominal,C_LM,efficiency,1016,9.58378424078458,0.67,16.110091743119266,8.92130750605327,0,1.0,0.9987893462469734,0.9999996331354953
surrogate,nominal,C_LM,efficiency,1005,9.49268762588668,0.63,13.620967741935484,8.989782886334611,0,1.0,0.9974457215836526,0.9999983647438782
surrogate,nominal,C_LM,efficiency,1020,9.763223105186706,0.9,15.349514563106796,9.224116930572473,0,1.0,0.9963459196102314,0.9999966497042432
surrogate,nominal,C_LM,efficiency,1025,9.459047109207708,1.25,13.688,8.928198433420366,1,0.992,0.9973890339425587,0.9999926619745818
surrogate,nominal,C_LM,efficiency,1014,9.936331877729257,0.78,15.584745762711865,9.2873417721519,0,1.0,0.9987341772151899,0.9999995989157892
surrogate,nominal,C_LM,efficiency,1018,9.865814977973569,0.63,16.064814814814813,9.213924050632912,0,1.0,1.0,1.0
surrogate,nominal,C_LM,efficiency,1003,8.96637665397861,0.65,13.782608695652174,8.528277634961439,0,1.0,1.0,1.0
surrogate,nominal,C_LM,efficiency,1021,9.697201689545933,0.85,17.383838383838384,8.963659147869674,0,1.0,0.9924812030075187,0.9999857602597328
surrogate,nominal,C_LM,efficiency,1008,9.730463517013487,0.73,17.106382978723403,9.05449936628644,0,1.0,0.9974651457541192,0.9999983895514094
surrogate,nominal,C_LM,efficiency,1002,9.430918788713008,0.74,13.321428571428571,9.016089108910892,0,0.9910714285714286,0.9962871287128713,0.9999931123704475
surrogate,nominal,C_LM,efficiency,1010,9.632601136460012,0.58,15.509615384615385,9.064087061668681,0,0.9903846153846154,0.9963724304715841,0.9999909167076627
surrogate,nominal,C_LM,efficiency,1023,9.388499658236501,0.65,14.841121495327103,8.839853300733497,0,1.0,1.0,1.0
surrogate,nominal,C_LM,efficiency,1009,9.686562014835259,0.77,14.752293577981652,9.160891089108912,0,1.0,0.9987623762376238,0.9999996165976416
surrogate,nominal,C_LM,efficiency,1028,10.37360500507271,0.81,15.844444444444445,9.668734491315137,0,1.0,0.9925558312655087,0.9999860425732532
surrogate,nominal,C_LM,efficiency,1007,9.03366354797285,0.63,12.268292682926829,8.62231182795699,0,1.0,1.0,1.0
surrogate,nominal,C_LM,equal_bargaining,1006,10.235097296821344,0.55,7.7317073170731705,10.539152759948653,0,1.0,0.9974326059050064,0.9999983478857069
surrogate,nominal,C_LM,equal_bargaining,1019,9.422542549496352,0.51,6.8807339449541285,9.688279301745636,0,0.9908256880733946,0.9975062344139651,0.9999887113686949
surrogate,nominal,C_LM,equal_bargaining,1004,9.570104895104896,0.43,9.395604395604396,9.585185185185185,0,1.0,1.0,1.0
surrogate,nominal,C_LM,equal_bargaining,1029,9.094533131187013,0.55,7.669811320754717,9.243277848911651,0,1.0,0.9974391805377721,0.9999983563472118
surrogate,nominal,C_LM,equal_bargaining,1015,10.783468950749466,0.56,9.789473684210526,10.871515151515151,0,1.0,0.9987878787878788,0.9999996322450484
surrogate,nominal,C_LM,equal_bargaining,1022,10.118553541721392,0.44,8.53781512605042,10.302414231257941,0,1.0,0.9961880559085133,0.9999963533964061
surrogate,nominal,C_LM,equal_bargaining,1012,10.142626982108032,0.59,8.757575757575758,10.269554753309267,0,1.0,1.0,1.0
surrogate,nominal,C_LM,equal_bargaining,1017,9.691272253582286,0.36,9.315217391304348,9.723926380368098,0,1.0,0.9950920245398773,0.9999939483155893
surrogate,nominal,C_LM,equal_bargaining,1026,10.427126556016598,0.5,8.486238532110091,10.629032258064516,0,1.0,0.9962779156327544,0.9999965236066422
surrogate,nominal,C_LM,equal_bargaining,1024,9.972806039289695,0.5,8.257425742574258,10.135531135531135,0,1.0,0.9951159951159951,0.9999940074277933
surrogate,nominal,C_LM,equal_bargaining,1001,9.844163359788359,0.5,8.191304347826087,10.017814726840855,0,0.9826086956521739,0.996437054631829,0.9999511788034893
surrogate,nominal,C_LM,equal_bargaining,1027,10.527616413093591,0.85,12.097087378640778,10.362913907284769,0,1.0,0.9986754966887417,0.9999995608414629
surrogate,nominal,C_LM,equal_bargaining,1011,9.638258081752605,0.48,9.4,9.662835249042146,0,1.0,0.9961685823754789,0.9999963159717361
surrogate,nominal,C_LM,equal_bargaining,1013,9.935091640590075,0.43,8.596774193548388,10.101960784313725,0,1.0,0.9973856209150327,0.9999982867823545
surrogate,nominal,C_LM,equal_bargaining,1030,9.960964310226494,0.54,10.0,9.95742092457421,0,1.0,0.9975669099756691,0.9999985164129236
surrogate,nominal,C_LM,equal_bargaining,1016,10.061717957389247,0.66,10.908256880733944,9.975786924939467,0,1.0,0.9987893462469734,0.9999996331354953
surrogate,nominal,C_LM,equal_bargaining,1005,9.905946229967595,0.59,8.693548387096774,10.053639846743295,0,1.0,0.9948914431673053,0.9999934422466863
surrogate,nominal,C_LM,equal_bargaining,1020,9.749124156199267,0.6,9.825242718446601,9.741778319123021,0,1.0,0.9963459196102314,0.9999966497042432
surrogate,nominal,C_LM,equal_bargaining,1025,10.052819414703782,0.51,8.144,10.29242819843342,0,1.0,0.9986945169712794,0.9999995733719232
surrogate,nominal,C_LM,equal_bargaining,1014,9.535458515283842,0.42,7.398305084745763,9.781012658227848,0,1.0,0.9987341772151899,0.9999995989157892
surrogate,nominal,C_LM,equal_bargaining,1018,10.137444933920705,0.45,8.194444444444445,10.341772151898734,0,1.0,1.0,1.0
surrogate,nominal,C_LM,equal_bargaining,1003,9.440456769983687,0.5,7.923913043478261,9.57840616966581,0,1.0,1.0,1.0
surrogate,nominal,C_LM,equal_bargaining,1021,9.714185146075325,0.45,7.717171717171717,9.904761904761905,0,1.0,0.9962406015037594,0.9999964534228017
surrogate,nominal,C_LM,equal_bargaining,1008,10.02491738858623,0.68,10.946808510638299,9.9404309252218,0,1.0,0.9961977186311787,0.9999963718952491
surrogate,nominal,C_LM,equal_bargaining,1002,9.301359256710253,0.5,8.517857142857142,9.384900990099009,0,1.0,0.9962871287128713,0.9999965408270806
surrogate,nominal,C_LM,equal_bargaining,1010,9.886269188364006,0.57,9.423076923076923,9.931076178960097,0,1.0,0.9939540507859734,0.9999908062073546
surrogate,nominal,C_LM,equal_bargaining,1023,9.755126452494872,0.5,8.560747663551401,9.875305623471883,0,1.0,1.0,1.0
surrogate,nominal,C_LM,equal_bargaining,1009,9.453596687942039,0.47,7.467889908256881,9.659653465346535,0,1.0,0.9987623762376238,0.9999996165976416
surrogate,nominal,C_LM,equal_bargaining,1028,10.855596888738587,0.52,8.540740740740741,11.153846153846153,0,1.0,0.9925558312655087,0.9999860425732532
surrogate,nominal,C_LM,equal_bargaining,1007,9.275178866263072,0.59,7.845528455284553,9.456989247311828,0,1.0,1.0,1.0
surrogate,nominal,C_LM,fixed_time,1006,12.115171260015849,0.29,9.40650406504065,12.444159178433889,0,1.0,0.9961489088575096,0.999996277967969
surrogate,nominal,C_LM,fixed_time,1019,12.459795067731852,0.3,10.477064220183486,12.66708229426434,0,0.9908256880733946,0.9962593516209476,0.9999925226220651
surrogate,nominal,C_LM,fixed_time,1004,12.444143356643355,0.29,9.483516483516484,12.7,0,1.0,0.9987654320987654,0.9999996184898147
surrogate,nominal,C_LM,fixed_time,1029,12.659769909925979,0.29,9.952830188679245,12.942381562099872,0,1.0,0.998719590268886,0.9999995896126027
surrogate,nominal,C_LM,fixed_time,1015,12.363854389721629,0.29,11.326315789473684,12.455757575757575,0,1.0,0.9987878787878788,0.9999996322450484
surrogate,nominal,C_LM,fixed_time,1022,12.989405481131252,0.29,10.46218487394958,13.283354510800509,0,1.0,0.9974587039390089,0.9999983813453286
surrogate,nominal,C_LM,fixed_time,1012,12.549648096328331,0.29,9.303030303030303,12.847172081829122,0,1.0,1.0,1.0
surrogate,nominal,C_LM,fixed_time,1017,11.940512375162832,0.29,11.326086956521738,11.993865030674847,0,1.0,0.996319018404908,0.9999966001016948
surrogate,nominal,C_LM,fixed_time,1026,12.856327800829877,0.29,10.091743119266056,13.1439205955335,0,1.0,0.9962779156327544,0.9999965236066422
surrogate,nominal,C_LM,fixed_time,1024,12.0676846529982,0.29,9.653465346534654,12.296703296703297,0,1.0,0.9975579975579976,0.9999985055109284
surrogate,nominal,C_LM,fixed_time,1001,12.911127645502644,0.29,9.295652173913043,13.290973871733966,0,0.991304347826087,0.996437054631829,0.9999933323890574
surrogate,nominal,C_LM,fixed_time,1027,12.255325034578146,0.29,10.359223300970873,12.45430463576159,0,1.0,0.9973509933774835,0.9999982410376469
surrogate,nominal,C_LM,fixed_time,1011,12.224686080683943,0.29,9.314285714285715,12.524904214559387,0,1.0,0.9961685823754789,0.9999963159717361
surrogate,nominal,C_LM,fixed_time,1013,11.912203844434512,0.29,10.725806451612904,12.060130718954248,0,0.9919354838709677,0.9986928104575163,0.9999884770290094
surrogate,nominal,C_LM,fixed_time,1030,12.68582704186685,0.29,10.082474226804123,12.922141119221411,0,1.0,0.9975669099756691,0.9999985164129236
surrogate,nominal,C_LM,fixed_time,1016,12.15869124112276,0.29,9.321100917431192,12.446731234866828,0,1.0,0.9963680387409201,0.999996690215173
surrogate,nominal,C_LM,fixed_time,1005,12.234871705052981,0.29,9.82258064516129,12.528735632183908,0,1.0,0.9974457215836526,0.9999983647438782
surrogate,nominal,C_LM,fixed_time,1020,12.321199692386568,0.29,10.436893203883495,12.503045066991474,0,1.0,0.997563946406821,0.9999985127922176
surrogate,nominal,C_LM,fixed_time,1025,12.625267665952888,0.29,9.432,13.026109660574413,0,1.0,1.0,1.0
surrogate,nominal,C_LM,fixed_time,1014,12.406812227074237,0.29,11.915254237288135,12.463291139240507,0,1.0,0.9974683544303797,0.9999983936310683
surrogate,nominal,C_LM,fixed_time,1018,12.339295154185022,0.29,9.342592592592593,12.654430379746836,0,1.0,0.9987341772151899,0.9999995989157892
surrogate,nominal,C_LM,fixed_time,1003,12.580206634040236,0.29,10.423913043478262,12.776349614395887,0,1.0,0.9961439588688946,0.9999962683751425
surrogate,nominal,C_LM,fixed_time,1021,12.564237944385779,0.29,10.676767676767676,12.74436090225564,0,1.0,0.9962406015037594,0.9999964534228017
surrogate,nominal,C_LM,fixed_time,1008,12.335089756184692,0.29,9.712765957446809,12.575411913814955,0,1.0,0.9974651457541192,0.9999983895514094
surrogate,nominal,C_LM,fixed_time,1002,11.636699931176874,0.29,9.982142857142858,11.813118811881187,0,1.0,0.9962871287128713,0.9999965408270806
surrogate,nominal,C_LM,fixed_time,1010,11.881180561445168,0.29,10.490384615384615,12.015719467956469,0,1.0,0.9963724304715841,0.9999966982291503
surrogate,nominal,C_LM,fixed_time,1023,12.33902939166097,0.29,10.411214953271028,12.533007334963326,0,1.0,0.9975550122249389,0.9999985018502151
surrogate,nominal,C_LM,fixed_time,1009,12.857771260997067,0.29,12.0,12.946782178217822,0,1.0,0.9962871287128713,0.9999965408270806
surrogate,nominal,C_LM,fixed_time,1028,12.477764626310453,0.29,12.459259259259259,12.48014888337469,0,1.0,0.9950372208436724,0.9999938120726463
surrogate,nominal,C_LM,fixed_time,1007,12.082645386167675,0.29,10.333333333333334,12.30510752688172,0,1.0,0.9946236559139785,0.9999927347757226
surrogate,nominal,C_LM,efpb,1006,10.463854891256492,0.51,15.170731707317072,9.89216944801027,0,0.991869918699187,0.9961489088575096,0.9999953672424011
surrogate,nominal,C_LM,efpb,1019,9.609065647794372,0.56,14.623853211009175,9.084788029925187,0,1.0,0.9975062344139651,0.9999984414013673
surrogate,nominal,C_LM,efpb,1004,9.99965034965035,0.56,16.53846153846154,9.434567901234567,0,1.0,1.0,1.0
surrogate,nominal,C_LM,efpb,1029,9.549540711673949,0.57,14.028301886792454,9.081946222791293,0,1.0,0.9974391805377721,0.9999983563472118
surrogate,nominal,C_LM,efpb,1015,9.787066381156317,0.57,15.894736842105264,9.246060606060606,0,1.0,0.9987878787878788,0.9999996322450484
surrogate,nominal,C_LM,efpb,1022,9.44654583661676,0.57,15.142857142857142,8.783989834815756,0,1.0,0.9961880559085133,0.9999963533964061
surrogate,nominal,C_LM,efpb,1012,10.036123123887052,0.57,17.363636363636363,9.364620938628159,0,1.0,0.9987966305655837,0.9999996375395899
surrogate,nominal,C_LM,efpb,1017,9.215979157620493,0.54,14.684782608695652,8.741104294478527,0,0.9891304347826086,1.0,0.9999701403404001
surrogate,nominal,C_LM,efpb,1026,10.403008298755188,0.57,17.091743119266056,9.707196029776675,0,1.0,0.9962779156327544,0.9999965236066422
surrogate,nominal,C_LM,efpb,1024,9.594492579565927,0.52,15.217821782178218,9.06105006105006,0,0.9801980198019802,0.9987789987789988,0.9999118509983723
surrogate,nominal,C_LM,efpb,1001,9.795386904761903,0.55,16.608695652173914,9.079572446555819,0,0.9826086956521739,1.0,0.9999230591675002
surrogate,nominal,C_LM,efpb,1027,9.693868142000921,0.57,15.233009708737864,9.112582781456954,0,1.0,0.9960264900662251,0.9999960370893213
surrogate,nominal,C_LM,efpb,1011,9.617062961973462,0.55,14.2,9.144316730523627,0,1.0,0.9961685823754789,0.9999963159717361
surrogate,nominal,C_LM,efpb,1013,9.399463567277605,0.57,13.693548387096774,8.8640522875817,0,1.0,0.9947712418300654,0.9999931291901205
surrogate,nominal,C_LM,efpb,1030,9.433167467398764,0.57,15.639175257731958,8.869829683698297,0,1.0,0.9975669099756691,0.9999985164129236
surrogate,nominal,C_LM,efpb,1016,9.916976665539398,0.53,16.422018348623855,9.256658595641646,0,1.0,0.9987893462469734,0.9999996331354953
surrogate,nominal,C_LM,efpb,1005,9.191785620457132,0.56,12.653225806451612,8.770114942528735,0,1.0,0.9974457215836526,0.9999983647438782
surrogate,nominal,C_LM,efpb,1020,9.550713492266942,0.55,15.067961165048544,9.018270401948843,0,1.0,0.9963459196102314,0.9999966497042432
surrogate,nominal,C_LM,efpb,1025,9.477516059957173,0.54,13.448,8.97911227154047,0,1.0,1.0,1.0
surrogate,nominal,C_LM,efpb,1014,9.542620087336246,0.53,15.90677966101695,8.811392405063291,0,1.0,0.9987341772151899,0.9999995989157892
surrogate,nominal,C_LM,efpb,1018,9.761145374449338,0.55,16.962962962962962,9.00379746835443,0,1.0,1.0,1.0
surrogate,nominal,C_LM,efpb,1003,8.99284031176364,0.56,14.326086956521738,8.507712082262211,0,1.0,1.0,1.0
surrogate,nominal,C_LM,efpb,1021,9.368444209785286,0.57,15.343434343434344,8.798245614035087,0,1.0,0.9962406015037594,0.9999964534228017
surrogate,nominal,C_LM,efpb,1008,9.474234169866929,0.52,16.72340425531915,8.809885931558936,0,1.0,0.9974651457541192,0.9999983895514094
surrogate,nominal,C_LM,efpb,1002,9.41543358568479,0.54,13.508928571428571,8.978960396039604,0,0.9910714285714286,0.9975247524752475,0.9999894690111811
surrogate,nominal,C_LM,efpb,1010,9.405987617674496,0.56,15.240384615384615,8.841596130592503,0,0.9903846153846154,0.9963724304715841,0.9999909167076627
surrogate,nominal,C_LM,efpb,1023,9.444890635680109,0.53,15.214953271028037,8.864303178484107,0,1.0,1.0,1.0
surrogate,nominal,C_LM,efpb,1009,9.57866137657409,0.57,15.477064220183486,8.966584158415841,0,1.0,0.9987623762376238,0.9999996165976416
surrogate,nominal,C_LM,efpb,1028,10.04506256340886,0.54,14.814814814814815,9.430521091811414,0,1.0,0.9925558312655087,0.9999860425732532
surrogate,nominal,C_LM,efpb,1007,9.376903320491653,0.57,13.260162601626016,8.883064516129032,0,1.0,1.0,1.0
surrogate,nominal,C_MH,efficiency,1006,11.516281315380077,0.8,16.6484375,10.699272433306387,0,0.99609375,0.9975747776879548,0.9999994481510637
surrogate,nominal,C_MH,efficiency,1019,11.726668108575753,0.87,17.666666666666668,10.840872374798062,0,0.9916666666666667,0.9983844911147012,0.9999886047496621
surrogate,nominal,C_MH,efficiency,1004,11.106357237131546,0.65,15.721774193548388,10.37748344370861,0,1.0,0.9975165562913907,0.9999984542929268
surrogate,nominal,C_MH,efficiency,1029,11.403119507908613,0.92,15.596837944664031,10.72636815920398,0,0.9920948616600791,0.9966832504145937,0.9999946771351608
surrogate,nominal,C_MH,efficiency,1015,11.183454615090003,0.72,19.073529411764707,10.192153722978382,0,0.9901960784313726,0.9967974379503602,0.9999889625416495
surrogate,nominal,C_MH,efficiency,1022,11.506264869151469,0.81,15.673076923076923,10.842231075697212,0,0.9923076923076923,0.9976095617529881,0.9999929012000051
surrogate,nominal,C_MH,efficiency,1012,11.342694234253436,1.12,15.164658634538153,10.757987220447284,1,1.0,0.9992012779552716,0.9999998403833352
surrogate,nominal,C_MH,efficiency,1017,11.56728653169014,0.96,17.847161572052403,10.6620294599018,0,0.982532751091703,0.997545008183306,0.9999425218830049
surrogate,nominal,C_MH,efficiency,1026,11.310016242555497,0.75,15.923371647509578,10.550819672131148,0,0.9885057471264368,0.9983606557377049,0.9999753987493402
surrogate,nominal,C_MH,efficiency,1024,11.084788956729493,0.93,17.21031746031746,10.138645418326693,0,0.996031746031746,0.9976095617529881,0.999999373648331
surrogate,nominal,C_MH,efficiency,1001,11.896280585587915,0.69,15.63986013986014,11.246250986582478,0,1.0,0.9952644041041832,0.999994366920051
surrogate,nominal,C_MH,efficiency,1027,11.407302318111247,0.85,16.206349206349206,10.658889782783588,0,0.996031746031746,0.997586484312148,0.9999993918225312
surrogate,nominal,C_MH,efficiency,1011,11.913702844190189,1.02,16.333333333333332,11.1401483924155,1,0.9963768115942029,0.9958779884583677,0.9999999373092616
surrogate,nominal,C_MH,efficiency,1013,11.571973094170405,0.62,14.329710144927537,11.067241379310344,0,1.0,0.996551724137931,0.9999970170801988
surrogate,nominal,C_MH,efficiency,1030,11.487235750602087,0.97,16.168776371308017,10.807171314741035,0,0.9915611814345991,0.998406374501992,0.999988167561026
surrogate,nominal,C_MH,efficiency,1016,11.548388798059174,0.62,16.867469879518072,10.744277821625888,0,0.9799196787148594,0.9960536700868192,0.9999333358229116
surrogate,nominal,C_MH,efficiency,1005,11.16219119226638,0.89,15.4106463878327,10.463414634146341,0,1.0,0.9959349593495935,0.9999958520337479
surrogate,nominal,C_MH,efficiency,1020,12.13671209540034,0.93,17.75836431226766,11.197092084006462,0,1.0,0.9975767366720517,0.9999985283869258
surrogate,nominal,C_MH,efficiency,1025,11.402992330128551,0.94,14.705882352941176,10.875407166123779,0,0.996078431372549,0.997557003257329,0.9999994499614098
surrogate,nominal,C_MH,efficiency,1014,11.363151303969076,0.83,17.217573221757323,10.487388120423109,0,1.0,0.9967453213995118,0.9999973431336275
surrogate,nominal,C_MH,efficiency,1018,11.069134605022095,0.74,15.834745762711865,10.374799357945426,0,0.9957627118644068,0.9983948635634029,0.9999982577834747
surrogate,nominal,C_MH,efficiency,1003,11.073687696638517,0.7,14.995833333333334,10.474772539288669,0,1.0,0.9975186104218362,0.9999984568520397
surrogate,nominal,C_MH,efficiency,1021,11.231496755746177,0.83,16.477366255144034,10.422442244224422,0,1.0,0.9983498349834984,0.9999993181145597
surrogate,nominal,C_MH,efficiency,1008,11.179425967120611,0.62,16.58467741935484,10.339038304808476,0,1.0,0.9975550122249389,0.9999985018502151
surrogate,nominal,C_MH,efficiency,1002,11.204165351846008,0.69,18.120833333333334,10.205007824726135,0,1.0,0.9937402190923318,0.999990142271664
surrogate,nominal,C_MH,efficiency,1010,11.047332509536346,0.88,15.651063829787233,10.382094324540368,0,0.9957446808510638,0.9984012789768185,0.9999982252504809
surrogate,nominal,C_MH,efficiency,1023,11.676807542619088,0.92,15.944,10.999174236168455,0,0.996,0.9991742361684558,0.9999974688626276
surrogate,nominal,C_MH,efficiency,1009,11.681253001761032,0.84,17.7015503875969,10.720032180209172,0,0.9922480620155039,0.9943684633950121,0.9999988607800705
surrogate,nominal,C_MH,efficiency,1028,11.813169250439508,0.67,17.53125,10.91018444266239,0,0.984375,0.9991980753809142,0.9999441586418086
surrogate,nominal,C_MH,efficiency,1007,11.369367917942109,1.02,15.673228346456693,10.689571544058206,1,1.0,0.9991915925626516,0.9999998364872223
surrogate,nominal,C_MH,equal_bargaining,1006,12.009978005471808,0.47,9.7265625,12.373484236054972,0,1.0,0.9951495553759094,0.9999940896986731
surrogate,nominal,C_MH,equal_bargaining,1019,12.0395804044555,0.63,12.175,12.019386106623587,0,1.0,0.9983844911147012,0.9999993464778422
surrogate,nominal,C_MH,equal_bargaining,1004,11.816597008358995,0.51,9.475806451612904,12.186258278145695,0,0.9959677419354839,0.9975165562913907,0.9999993963672001
surrogate,nominal,C_MH,equal_bargaining,1029,12.392739455184532,0.55,12.118577075098814,12.43698175787728,0,0.9920948616600791,0.9975124378109452,0.9999925856668231
surrogate,nominal,C_MH,equal_bargaining,1015,11.64622202768507,0.54,10.245098039215685,11.822257806244997,0,0.9950980392156863,0.9967974379503602,0.9999992721243786
surrogate,nominal,C_MH,equal_bargaining,1022,12.276711604546657,0.6,11.123076923076923,12.460557768924303,0,0.9923076923076923,0.9968127490039841,0.9999948704870181
surrogate,nominal,C_MH,equal_bargaining,1012,11.736917830118298,0.77,11.630522088353414,11.753194888178914,0,0.9959839357429718,0.9976038338658147,0.9999993397561019
surrogate,nominal,C_MH,equal_bargaining,1017,11.96225792253521,0.61,11.37117903930131,12.047463175122749,0,0.9912663755458515,0.9983633387888707,0.9999872768376314
surrogate,nominal,C_MH,equal_bargaining,1026,11.765403356794803,0.51,9.946360153256705,12.064754098360655,0,1.0,0.9959016393442623,0.9999957836151284
surrogate,nominal,C_MH,equal_bargaining,1024,12.007539155826919,0.58,11.107142857142858,12.146613545816733,0,1.0,0.9936254980079682,0.9999897764688818
surrogate,nominal,C_MH,equal_bargaining,1001,12.370286069008328,0.9,13.520979020979022,12.170481452249408,0,0.9965034965034965,0.9984214680347278,0.9999990756620551
surrogate,nominal,C_MH,equal_bargaining,1027,11.754108892338992,0.76,11.369047619047619,11.814159292035399,0,1.0,0.995172968624296,0.9999941467564251
surrogate,nominal,C_MH,equal_bargaining,1011,12.397808840196447,0.56,10.869565217391305,12.665292662819455,0,1.0,0.9942291838417148,0.9999916262361983
surrogate,nominal,C_MH,equal_bargaining,1013,11.891199551569507,0.6,10.01086956521739,12.235344827586207,0,1.0,0.996551724137931,0.9999970170801988
surrogate,nominal,C_MH,equal_bargaining,1030,11.960770671661761,0.81,10.928270042194093,12.110756972111554,0,1.0,0.998406374501992,0.9999993640768272
surrogate,nominal,C_MH,equal_bargaining,1016,11.854701756236485,0.58,11.076305220883533,11.972375690607734,0,0.9919678714859438,0.9952644041041832,0.9999972482036181
surrogate,nominal,C_MH,equal_bargaining,1005,11.308055853920514,0.66,9.019011406844106,11.684552845528454,0,0.9961977186311787,0.9951219512195122,0.9999997081533757
surrogate,nominal,C_MH,equal_bargaining,1020,12.449265332197616,0.85,13.817843866171003,12.220516962843295,0,1.0,0.9983844911147012,0.9999993464778422
surrogate,nominal,C_MH,equal_bargaining,1025,12.039105541752187,0.68,13.211764705882352,11.851791530944626,0,0.996078431372549,0.997557003257329,0.9999994499614098
surrogate,nominal,C_MH,equal_bargaining,1014,11.294223335329669,0.58,9.682008368200837,11.53539462978031,0,1.0,0.9967453213995118,0.9999973431336275
surrogate,nominal,C_MH,equal_bargaining,1018,12.490731759887918,0.63,12.559322033898304,12.480738362760835,0,0.9957627118644068,0.9967897271268058,0.9999997343351111
surrogate,nominal,C_MH,equal_bargaining,1003,11.788596345973396,0.58,10.35,12.008271298593879,0,0.9958333333333333,0.9983457402812241,0.9999984127293969
surrogate,nominal,C_MH,equal_bargaining,1021,12.429231276806336,0.83,12.205761316872428,12.463696369636963,0,0.9958847736625515,0.9966996699669967,0.9999998327480641
surrogate,nominal,C_MH,equal_bargaining,1008,11.855732190331505,0.52,10.262096774193548,12.103504482477588,0,1.0,0.9975550122249389,0.9999985018502151
surrogate,nominal,C_MH,equal_bargaining,1002,12.30803618386452,0.59,11.195833333333333,12.46870109546166,0,0.9958333333333333,0.9984350547730829,0.9999982980231751
surrogate,nominal,C_MH,equal_bargaining,1010,12.324665556331597,0.76,14.953191489361702,11.94484412470024,0,0.9957446808510638,0.9984012789768185,0.9999982252504809
surrogate,nominal,C_MH,equal_bargaining,1023,11.998574795812093,0.62,11.896,12.014863748967795,0,1.0,0.9966969446738233,0.9999972634322717
surrogate,nominal,C_MH,equal_bargaining,1009,11.696355195047762,0.59,11.104651162790697,11.790828640386163,0,1.0,0.998390989541432,0.9999993517291006
surrogate,nominal,C_MH,equal_bargaining,1028,11.915614511746842,0.71,12.18359375,11.873295910184442,0,0.99609375,0.9991980753809142,0.9999975794136852
surrogate,nominal,C_MH,equal_bargaining,1007,12.025938456581278,0.54,11.11023622047244,12.170573969280518,0,1.0,0.9967663702506063,0.9999973774429938
surrogate,nominal,C_MH,fixed_time,1006,12.427176653613003,0.31,11.5,12.574777687954729,0,0.99609375,0.9967663702506063,0.999999886083615
surrogate,nominal,C_MH,fixed_time,1019,13.057315886233376,0.3,10.408333333333333,13.452342487883683,0,1.0,0.9975767366720517,0.9999985283869258
surrogate,nominal,C_MH,fixed_time,1004,12.675923889133305,0.3,9.475806451612904,13.181291390728477,0,0.9959677419354839,0.9966887417218543,0.9999998690801973
surrogate,nominal,C_MH,fixed_time,1029,12.55508567662566,0.29,10.861660079051383,12.828358208955224,0,0.9960474308300395,0.9950248756218906,0.9999997362458194
surrogate,nominal,C_MH,fixed_time,1015,12.992449526727583,0.37,11.759803921568627,13.147317854283427,0,0.9950980392156863,0.9967974379503602,0.9999992721243786
surrogate,nominal,C_MH,fixed_time,1022,12.798202484800422,0.34,11.176923076923076,13.056573705179282,0,0.9961538461538462,0.9968127490039841,0.999999890694331
surrogate,nominal,C_MH,fixed_time,1012,13.232494937653202,0.29,11.405622489959839,13.511980830670927,0,1.0,0.9984025559105432,0.9999993610231808
surrogate,nominal,C_MH,fixed_time,1017,12.70417033450704,0.29,10.816593886462883,12.976268412438625,0,0.9956331877729258,0.9983633387888707,0.9999981253347392
surrogate,nominal,C_MH,fixed_time,1026,12.528045479155388,0.33,11.149425287356323,12.754918032786886,0,0.9961685823754789,0.9983606557377049,0.999998792105982
surrogate,nominal,C_MH,fixed_time,1024,12.795593310326522,0.3,11.472222222222221,13.0,0,1.0,0.9920318725099602,0.999984000255996
surrogate,nominal,C_MH,fixed_time,1001,12.630438156329213,0.29,10.356643356643357,13.025256511444356,0,1.0,0.9960536700868192,0.9999960912251757
surrogate,nominal,C_MH,fixed_time,1027,12.673858343594413,0.29,10.757936507936508,12.972646822204345,0,1.0,0.997586484312148,0.9999985402165475
surrogate,nominal,C_MH,fixed_time,1011,12.244589562307736,0.29,10.043478260869565,12.629843363561418,0,1.0,0.9950535861500412,0.9999938529166886
surrogate,nominal,C_MH,fixed_time,1013,12.931109865470853,0.31,10.920289855072463,13.299137931034483,0,0.9963768115942029,0.996551724137931,0.9999999922970255
surrogate,nominal,C_MH,fixed_time,1030,12.471233609847472,0.33,11.573839662447257,12.601593625498008,0,1.0,0.998406374501992,0.9999993640768272
surrogate,nominal,C_MH,fixed_time,1016,12.736248088181002,0.35,10.714859437751004,13.041831097079715,0,1.0,0.9960536700868192,0.9999960912251757
surrogate,nominal,C_MH,fixed_time,1005,12.67046186895811,0.29,10.97338403041825,12.949593495934959,0,0.9961977186311787,0.9959349593495935,0.9999999826027899
surrogate,nominal,C_MH,fixed_time,1020,12.954376064735943,0.31,11.226765799256505,13.243134087237479,0,0.9925650557620818,0.9983844911147012,0.9999914564674889
surrogate,nominal,C_MH,fixed_time,1025,12.700118828994274,0.38,9.619607843137254,13.192182410423452,0,1.0,0.995928338762215,0.9999958384839029
surrogate,nominal,C_MH,fixed_time,1014,13.232536614580498,0.31,11.05020920502092,13.558991049633848,0,1.0,0.9951179820992677,0.9999940123146729
surrogate,nominal,C_MH,fixed_time,1018,12.681700614290333,0.31,10.877118644067796,12.9446227929374,0,0.9957627118644068,0.9975922953451043,0.9999991575681224
surrogate,nominal,C_MH,fixed_time,1003,13.365457857261136,0.36,10.7375,13.766749379652605,0,1.0,0.9991728701406121,0.9999998288225216
surrogate,nominal,C_MH,fixed_time,1021,12.403552182997911,0.3,10.296296296296296,12.728547854785479,0,0.9958847736625515,0.9975247524752475,0.9999993231645113
surrogate,nominal,C_MH,fixed_time,1008,12.756877000705332,0.39,10.96774193548387,13.035044824775877,0,1.0,0.9959250203748982,0.9999958316840696
surrogate,nominal,C_MH,fixed_time,1002,12.543336488902915,0.34,9.929166666666667,12.920970266040689,0,0.9958333333333333,0.9960876369327074,0.9999999837010061
surrogate,nominal,C_MH,fixed_time,1010,12.775909310696827,0.39,9.438297872340426,13.258193445243805,0,1.0,0.9984012789768185,0.9999993600004095
surrogate,nominal,C_MH,fixed_time,1023,12.869100476895246,0.35,11.192,13.135425268373245,0,0.996,0.9983484723369116,0.9999986133456897
surrogate,nominal,C_MH,fixed_time,1009,12.610438123699236,0.31,10.775193798449612,12.903459372485921,0,1.0,0.9943684633950121,0.999992026673219
surrogate,nominal,C_MH,fixed_time,1028,12.611901337169035,0.39,10.63671875,12.923817161186848,0,0.9921875,0.9991980753809142,0.9999876065782115
surrogate,nominal,C_MH,fixed_time,1007,13.060361956930345,0.36,11.456692913385826,13.313662085691188,0,1.0,0.9991915925626516,0.9999998364872223
surrogate,nominal,C_MH,efpb,1006,11.467571482216618,0.53,18.1015625,10.411479385610347,0,0.99609375,0.9975747776879548,0.9999994481510637
surrogate,nominal,C_MH,efpb,1019,11.810911647020657,0.56,18.879166666666666,10.756865912762521,0,0.9791666666666666,0.9975767366720517,0.999913269347195
surrogate,nominal,C_MH,efpb,1004,11.208315002199736,0.55,17.370967741935484,10.235099337748345,0,1.0,0.9975165562913907,0.9999984542929268
surrogate,nominal,C_MH,efpb,1029,11.607370386643234,0.54,17.102766798418973,10.720563847429519,0,0.9920948616600791,0.9975124378109452,0.9999925856668231
surrogate,nominal,C_MH,efpb,1015,11.494938994364501,0.57,21.348039215686274,10.257005604483586,0,0.9901960784313726,0.9967974379503602,0.9999889625416495
surrogate,nominal,C_MH,efpb,1022,12.054665609304786,0.55,18.657692307692308,11.002390438247012,0,0.9923076923076923,1.0,0.9999850928714111
surrogate,nominal,C_MH,efpb,1012,11.468453586273046,0.57,18.879518072289155,10.334664536741213,0,1.0,0.9968051118210862,0.9999974400065538
surrogate,nominal,C_MH,efpb,1017,11.678367077464786,0.57,18.087336244541486,10.754500818330605,0,0.9956331877729258,0.9983633387888707,0.9999981253347392
surrogate,nominal,C_MH,efpb,1026,11.639902544667029,0.54,18.00383141762452,10.592622950819672,0,0.9885057471264368,0.9983606557377049,0.9999753987493402
surrogate,nominal,C_MH,efpb,1024,11.195858773559863,0.56,17.349206349206348,10.245418326693228,0,0.996031746031746,0.9976095617529881,0.999999373648331
surrogate,nominal,C_MH,efpb,1001,11.858413946510785,0.54,18.856643356643357,10.64325177584846,0,1.0,0.994475138121547,0.9999923266984855
surrogate,nominal,C_MH,efpb,1027,11.525724075164623,0.54,18.3015873015873,10.469026548672566,0,0.996031746031746,0.996781979082864,0.999999858270938
surrogate,nominal,C_MH,efpb,1011,11.888930865130336,0.57,18.818840579710145,10.6760098928277,0,0.9963768115942029,0.9967023907666942,0.9999999733151907
surrogate,nominal,C_MH,efpb,1013,11.3722533632287,0.57,16.246376811594203,10.480172413793104,0,0.9927536231884058,1.0,0.9999867770343532
surrogate,nominal,C_MH,efpb,1030,11.614824725715817,0.57,19.434599156118143,10.478884462151395,0,0.9831223628691983,0.998406374501992,0.9999405094297804
surrogate,nominal,C_MH,efpb,1016,11.612467696851432,0.56,17.433734939759034,10.732438831886345,0,0.9919678714859438,0.9952644041041832,0.9999972482036181
surrogate,nominal,C_MH,efpb,1005,11.467078410311494,0.57,17.623574144486692,10.454471544715448,0,0.9885931558935361,0.9959349593495935,0.9999863137316177
surrogate,nominal,C_MH,efpb,1020,11.906037052810904,0.56,17.69888475836431,10.937802907915994,0,1.0,0.9967689822294022,0.9999973816848857
surrogate,nominal,C_MH,efpb,1025,11.155990061575022,0.56,16.63921568627451,10.280130293159608,0,0.996078431372549,0.999185667752443,0.9999975748044865
surrogate,nominal,C_MH,efpb,1014,11.113028801655142,0.56,17.569037656903767,10.14727420667209,0,0.9916317991631799,0.9967453213995118,0.9999933863697521
surrogate,nominal,C_MH,efpb,1018,11.97564392714732,0.57,20.809322033898304,10.68860353130016,0,0.9872881355932204,0.9959871589085072,0.999980761702753
surrogate,nominal,C_MH,efpb,1003,11.716012584865044,0.55,19.091666666666665,10.58974358974359,0,1.0,0.9975186104218362,0.9999984568520397
surrogate,nominal,C_MH,efpb,1021,11.273122181898163,0.55,18.185185185185187,10.207095709570957,0,1.0,0.9958745874587459,0.9999957276540069
surrogate,nominal,C_MH,efpb,1008,11.279854592805599,0.55,17.556451612903224,10.3039934800326,0,0.9919354838709677,0.9951100244498777,0.9999974476217807
surrogate,nominal,C_MH,efpb,1002,11.915167771116021,0.56,20.8125,10.629890453834117,0,0.9875,0.9960876369327074,0.9999812571156884
surrogate,nominal,C_MH,efpb,1010,11.818836297211625,0.57,20.157446808510638,10.613908872901678,0,0.9957446808510638,0.9984012789768185,0.9999982252504809
surrogate,nominal,C_MH,efpb,1023,11.397412706243493,0.54,18.216,10.314616019818333,0,0.988,0.9991742361684558,0.9999683808592396
surrogate,nominal,C_MH,efpb,1009,11.530231068893752,0.57,17.25968992248062,10.615446500402253,0,1.0,0.998390989541432,0.9999993517291006
surrogate,nominal,C_MH,efpb,1028,11.380800170475734,0.57,17.62109375,10.395348837209303,0,1.0,0.9991980753809142,0.9999998391002486
surrogate,nominal,C_MH,efpb,1007,11.379839965630202,0.54,17.15748031496063,10.467259498787389,0,1.0,0.9991915925626516,0.9999998364872223
surrogate,nominal,C_LH,efficiency,1006,10.622689172120793,0.97,22.598360655737704,9.720706260032102,0,1.0,0.9991974317817014,0.9999998388417751
surrogate,nominal,C_LH,efficiency,1019,10.244574192026421,1.35,22.514018691588785,9.418166939443536,1,0.9906542056074766,0.9967266775777414,0.9999906639156448
surrogate,nominal,C_LH,efficiency,1004,10.628037937166567,1.39,23.900990099009903,9.782786885245901,2,1.0,0.9950819672131147,0.9999939234270792
surrogate,nominal,C_LH,efficiency,1029,10.42499402342816,1.07,23.12037037037037,9.549003322259136,2,1.0,0.9975083056478405,0.9999984439925492
surrogate,nominal,C_LH,efficiency,1015,9.762120157736025,1.14,27.06741573033708,8.820349761526233,1,1.0,1.0,1.0
surrogate,nominal,C_LH,efficiency,1022,10.542088516054383,1.21,24.9,9.566265060240964,5,1.0,0.9983935742971888,0.999999353811896
surrogate,nominal,C_LH,efficiency,1012,10.55261760018887,1.11,22.50467289719626,9.746928746928747,2,0.9906542056074766,0.9983619983619983,0.9999849832173935
surrogate,nominal,C_LH,efficiency,1017,10.978822725720141,1.11,29.116504854368934,9.849056603773585,2,1.0,0.9984276729559748,0.9999993809743712
surrogate,nominal,C_LH,efficiency,1026,10.579620881420798,1.27,26.642857142857142,9.579686209744013,3,1.0,0.9991742361684558,0.9999998293876964
surrogate,nominal,C_LH,efficiency,1024,10.291307531970029,0.72,20.860869565217392,9.55912294440094,0,0.991304347826087,0.9984338292873923,0.9999871613769858
surrogate,nominal,C_LH,efficiency,1001,10.311534294999715,1.23,19.592,9.599361532322426,1,0.992,0.9984038308060654,0.9999896487498302
surrogate,nominal,C_LH,efficiency,1027,10.403057846264975,1.16,23.82,9.543713572023314,1,0.99,0.9991673605328892,0.9999787608686819
surrogate,nominal,C_LH,efficiency,1011,10.889178463543209,1.12,25.06140350877193,9.862923203963666,1,0.9912280701754386,0.9966969446738233,0.9999924317994809
surrogate,nominal,C_LH,efficiency,1013,10.641360316129802,0.78,20.519083969465647,9.800675675675675,0,1.0,0.9974662162162162,0.999998390913021
surrogate,nominal,C_LH,efficiency,1030,10.791293590951932,0.85,26.6875,9.838474025974026,0,0.9895833333333334,0.997564935064935,0.9999838670957911
surrogate,nominal,C_LH,efficiency,1016,10.63632734530938,1.34,26.844036697247706,9.56205533596838,2,0.9724770642201835,0.9984189723320158,0.9998267787510646
surrogate,nominal,C_LH,efficiency,1005,10.408604706441645,0.92,22.17391304347826,9.545605306799336,0,1.0,0.9983416252072969,0.999999311307098
surrogate,nominal,C_LH,efficiency,1020,10.658811892709608,0.9,22.785123966942148,9.740439381611067,0,1.0,0.9975589910496339,0.999998506728185
surrogate,nominal,C_LH,efficiency,1025,10.471748931436267,1.07,21.02542372881356,9.688470973017171,1,1.0,0.9975470155355682,0.9999984920222954
surrogate,nominal,C_LH,efficiency,1014,10.603491563029134,1.4,21.452173913043477,9.822620016273394,1,1.0,0.9951179820992677,0.9999940123146729
surrogate,nominal,C_LH,efficiency,1018,10.443134699680131,1.5,24.051546391752577,9.613562091503267,1,1.0,0.9967320261437909,0.9999973213472552
surrogate,nominal,C_LH,efficiency,1003,10.354619728463295,1.26,23.42156862745098,9.501663893510816,2,0.9901960784313726,0.997504159733777,0.9999864824155864
surrogate,nominal,C_LH,efficiency,1021,10.649033025885153,1.48,26.603960396039604,9.62880658436214,4,1.0,0.9975308641975309,0.9999984720740983
surrogate,nominal,C_LH,efficiency,1008,10.354600642780623,1.67,28.43820224719101,9.343137254901961,2,0.9775280898876404,0.9934640522875817,0.9999346330204707
surrogate,nominal,C_LH,efficiency,1002,10.30257510729614,1.73,27.151515151515152,9.304821150855366,1,0.9595959595959596,0.9976671850699844,0.9996217917557376
surrogate,nominal,C_LH,efficiency,1010,9.76782481751825,0.96,22.25531914893617,9.042570281124497,0,0.9893617021276596,0.993574297188755,0.9999954868468216
surrogate,nominal,C_LH,efficiency,1023,9.761245885651592,1.24,25.10989010989011,8.859899328859061,1,1.0,0.9991610738255033,0.9999998239030483
surrogate,nominal,C_LH,efficiency,1009,10.200716431707882,1.08,23.693693693693692,9.276083467094702,1,1.0,0.9983948635634029,0.9999993548495315
surrogate,nominal,C_LH,efficiency,1028,10.62436666472541,0.9,20.950819672131146,9.834555827220864,0,1.0,0.9959250203748982,0.9999958316840696
surrogate,nominal,C_LH,efficiency,1007,10.948957378551787,1.16,26.952380952380953,9.92472266244057,2,1.0,0.9968304278922345,0.9999974804800191
surrogate,nominal,C_LH,equal_bargaining,1006,11.342117349867953,0.44,11.057377049180328,11.363563402889245,0,1.0,0.9967897271268058,0.9999974152525944
surrogate,nominal,C_LH,equal_bargaining,1019,11.265097900448216,0.56,11.738317757009346,11.233224222585925,0,1.0,0.9959083469721768,0.9999957974336103
surrogate,nominal,C_LH,equal_bargaining,1004,11.17136929460581,0.68,11.455445544554456,11.15327868852459,0,1.0,0.9983606557377049,0.9999993270352808
surrogate,nominal,C_LH,equal_bargaining,1029,10.826021993784364,0.79,11.277777777777779,10.794850498338871,0,1.0,0.9975083056478405,0.9999984439925492
surrogate,nominal,C_LH,equal_bargaining,1015,10.559035026675945,0.44,9.876404494382022,10.59618441971383,0,1.0,1.0,1.0
surrogate,nominal,C_LH,equal_bargaining,1022,11.282499276829622,0.52,10.581818181818182,11.330120481927711,0,1.0,0.9967871485943776,0.9999974110920467
surrogate,nominal,C_LH,equal_bargaining,1012,10.940388360975035,0.61,14.065420560747663,10.72972972972973,0,0.9906542056074766,0.9983619983619983,0.9999849832173935
surrogate,nominal,C_LH,equal_bargaining,1017,10.946145963793692,0.52,10.864077669902912,10.95125786163522,0,1.0,1.0,1.0
surrogate,nominal,C_LH,equal_bargaining,1026,10.691981103868924,0.58,10.081632653061224,10.729975227085054,0,1.0,0.9983484723369116,0.999999316987011
surrogate,nominal,C_LH,equal_bargaining,1024,10.610669821418513,0.6,9.478260869565217,10.689115113547377,0,0.991304347826087,0.9968676585747847,0.9999921701159981
surrogate,nominal,C_LH,equal_bargaining,1001,11.54204914761389,0.63,13.312,11.406225059856345,0,0.992,0.9992019154030327,0.9999869184336809
surrogate,nominal,C_LH,equal_bargaining,1027,10.52037560946247,0.61,12.6,10.387177352206495,0,1.0,0.9991673605328892,0.9999998265335045
surrogate,nominal,C_LH,equal_bargaining,1011,11.013978558313097,0.84,10.5,11.05119735755574,0,0.9912280701754386,0.9966969446738233,0.9999924317994809
surrogate,nominal,C_LH,equal_bargaining,1013,11.83936055562208,0.49,11.15267175572519,11.897804054054054,0,1.0,0.9966216216216216,0.9999971369838696
surrogate,nominal,C_LH,equal_bargaining,1030,11.161934495758718,0.52,9.895833333333334,11.237824675324676,0,0.9895833333333334,0.9983766233766234,0.999980435036797
surrogate,nominal,C_LH,equal_bargaining,1016,10.992244083262047,0.51,11.376146788990825,10.966798418972331,0,1.0,0.9960474308300395,0.999996078831178
surrogate,nominal,C_LH,equal_bargaining,1005,11.044271452341336,0.52,12.043478260869565,10.970978441127695,0,1.0,0.9983416252072969,0.999999311307098
surrogate,nominal,C_LH,equal_bargaining,1020,11.346831907837318,0.48,11.016528925619834,11.371847030105776,0,1.0,0.9983726606997559,0.9999993368634305
surrogate,nominal,C_LH,equal_bargaining,1025,10.8506352830962,0.65,12.55084745762712,10.724448078495502,0,1.0,0.9983646770237122,0.9999993303354684
surrogate,nominal,C_LH,equal_bargaining,1014,10.97968120511473,0.42,9.069565217391304,11.117168429617575,0,1.0,0.9959316517493898,0.9999958452671109
surrogate,nominal,C_LH,equal_bargaining,1018,10.722011609998816,0.58,11.0,10.705065359477125,0,1.0,0.9967320261437909,0.9999973213472552
surrogate,nominal,C_LH,equal_bargaining,1003,10.852517121230326,0.5,10.441176470588236,10.87936772046589,0,0.9901960784313726,0.9991680532445923,0.9999796605740514
surrogate,nominal,C_LH,equal_bargaining,1021,10.578577804224933,0.71,11.118811881188119,10.5440329218107,0,1.0,0.9991769547325103,0.9999998305096811
surrogate,nominal,C_LH,equal_bargaining,1008,10.657600285680276,0.5,10.685393258426966,10.656045751633988,0,1.0,0.9918300653594772,0.9999831761537458
surrogate,nominal,C_LH,equal_bargaining,1002,11.07770499209397,0.52,13.151515151515152,10.954898911353032,0,1.0,0.994556765163297,0.9999925523697598
surrogate,nominal,C_LH,equal_bargaining,1010,10.588496350364963,0.57,11.648936170212766,10.52690763052209,0,1.0,0.993574297188755,0.9999896110439799
surrogate,nominal,C_LH,equal_bargaining,1023,10.699073509691576,0.92,12.131868131868131,10.61493288590604,0,1.0,0.99748322147651,0.9999984124660223
surrogate,nominal,C_LH,equal_bargaining,1009,10.592269470764963,0.49,11.072072072072071,10.559390048154093,0,1.0,0.9967897271268058,0.9999974152525944
surrogate,nominal,C_LH,equal_bargaining,1028,10.812823947353095,0.61,12.28688524590164,10.700081499592502,0,1.0,0.9983700081499592,0.9999993346980893
surrogate,nominal,C_LH,equal_bargaining,1007,11.264379010082491,0.82,12.114285714285714,11.20998415213946,0,1.0,0.9968304278922345,0.9999974804800191
surrogate,nominal,C_LH,fixed_time,1006,13.04024572281548,0.31,10.19672131147541,13.254414125200642,0,1.0,0.9967897271268058,0.9999974152525944
surrogate,nominal,C_LH,fixed_time,1019,12.948277895730124,0.32,12.046728971962617,13.00900163666121,0,0.9906542056074766,0.9967266775777414,0.9999906639156448
surrogate,nominal,C_LH,fixed_time,1004,13.217486662714878,0.31,10.029702970297029,13.420491803278688,0,1.0,0.9975409836065574,0.9999984845877523
surrogate,nominal,C_LH,fixed_time,1029,12.42618933779584,0.3,10.694444444444445,12.545681063122924,0,1.0,0.9983388704318937,0.9999993090152776
surrogate,nominal,C_LH,fixed_time,1015,12.788332173509627,0.29,10.9438202247191,12.888712241653419,0,1.0,1.0,1.0
surrogate,nominal,C_LH,fixed_time,1022,12.714145212612092,0.39,11.427272727272728,12.801606425702811,0,1.0,0.9975903614457832,0.9999985449084894
surrogate,nominal,C_LH,fixed_time,1012,13.672372071061798,0.32,9.990654205607477,13.92055692055692,0,1.0,0.9959049959049959,0.9999957905328747
surrogate,nominal,C_LH,fixed_time,1017,12.584139815552772,0.33,10.514563106796116,12.71305031446541,0,1.0,0.9976415094339622,0.999998606096932
surrogate,nominal,C_LH,fixed_time,1026,12.893141182802133,0.34,11.295918367346939,12.992568125516103,0,1.0,0.9958711808422791,0.9999957205806179
surrogate,nominal,C_LH,fixed_time,1024,12.922708579798321,0.3,11.513043478260869,13.0203602192639,0,0.991304347826087,0.9976507439310884,0.9999898187764582
surrogate,nominal,C_LH,fixed_time,1001,12.965277381834767,0.33,11.088,13.109337589784516,0,1.0,0.9960095770151636,0.9999960032140555
surrogate,nominal,C_LH,fixed_time,1027,13.03996869921146,0.3,10.31,13.21482098251457,0,1.0,0.9950041631973355,0.999993729153791
surrogate,nominal,C_LH,fixed_time,1011,13.00787774684594,0.29,12.421052631578947,13.050371593724195,0,0.9912280701754386,0.9975227085053675,0.9999899821047147
surrogate,nominal,C_LH,fixed_time,1013,12.727397916417194,0.34,10.030534351145038,12.956925675675675,0,1.0,0.9966216216216216,0.9999971369838696
surrogate,nominal,C_LH,fixed_time,1030,13.10308671065033,0.29,10.354166666666666,13.267857142857142,0,1.0,0.9959415584415584,0.9999958655175233
surrogate,nominal,C_LH,fixed_time,1016,12.737952666096378,0.3,11.229357798165138,12.837944664031621,0,1.0,0.9968379446640316,0.9999974924349899
surrogate,nominal,C_LH,fixed_time,1005,13.433444259567388,0.29,11.226086956521739,13.595356550580432,0,1.0,0.9983416252072969,0.999999311307098
surrogate,nominal,C_LH,fixed_time,1020,12.79624134520277,0.29,12.082644628099173,12.850284784377543,0,1.0,1.0,1.0
surrogate,nominal,C_LH,fixed_time,1025,13.017506879793899,0.31,10.686440677966102,13.19051512673753,0,1.0,0.9967293540474244,0.9999973169578329
surrogate,nominal,C_LH,fixed_time,1014,12.817539557423949,0.32,10.452173913043477,12.98779495524817,0,1.0,0.9967453213995118,0.9999973431336275
surrogate,nominal,C_LH,fixed_time,1018,13.093650041464281,0.33,11.587628865979381,13.18545751633987,0,1.0,0.9959150326797386,0.9999958111842719
surrogate,nominal,C_LH,fixed_time,1003,12.856962633665745,0.31,10.882352941176471,12.98585690515807,0,0.9901960784313726,0.9983361064891847,0.9999832436556249
surrogate,nominal,C_LH,fixed_time,1021,12.92091639393038,0.29,9.792079207920793,13.120987654320988,0,1.0,0.9983539094650206,0.9999993214805022
surrogate,nominal,C_LH,fixed_time,1008,12.919414355433878,0.32,11.01123595505618,13.026143790849673,0,1.0,0.9959150326797386,0.9999958111842719
surrogate,nominal,C_LH,fixed_time,1002,12.98689857691439,0.29,10.06060606060606,13.1601866251944,0,0.98989898989899,0.9961119751166407,0.9999902133714196
surrogate,nominal,C_LH,fixed_time,1010,12.975941605839415,0.33,10.680851063829786,13.109236947791164,0,1.0,0.9959839357429718,0.9999959515809077
surrogate,nominal,C_LH,fixed_time,1023,12.83237839814702,0.29,11.12087912087912,12.93288590604027,0,1.0,0.99748322147651,0.9999984124660223
surrogate,nominal,C_LH,fixed_time,1009,13.018026346198292,0.32,10.072072072072071,13.219903691813805,0,1.0,0.9983948635634029,0.9999993548495315
surrogate,nominal,C_LH,fixed_time,1028,12.981247452099469,0.37,11.819672131147541,13.070089649551752,0,1.0,0.9967400162999185,0.9999973344510867
surrogate,nominal,C_LH,fixed_time,1007,13.068515123739688,0.33,11.142857142857142,13.19175911251981,0,1.0,0.9968304278922345,0.9999974804800191
surrogate,nominal,C_LH,efpb,1006,10.82753473418303,0.57,21.83606557377049,9.998394863563403,0,1.0,0.9991974317817014,0.9999998388417751
surrogate,nominal,C_LH,efpb,1019,10.51904930408115,0.56,21.299065420560748,9.792962356792144,0,0.9906542056074766,0.9967266775777414,0.9999906639156448
surrogate,nominal,C_LH,efpb,1004,10.643034973325431,0.57,23.623762376237625,9.816393442622951,0,0.9801980198019802,0.9975409836065574,0.9999231090398684
surrogate,nominal,C_LH,efpb,1029,10.516076978245279,0.57,22.26851851851852,9.705149501661129,0,1.0,0.9975083056478405,0.9999984439925492
surrogate,nominal,C_LH,efpb,1015,10.086928786824403,0.54,24.202247191011235,9.318759936406995,0,1.0,1.0,1.0
surrogate,nominal,C_LH,efpb,1022,10.635811397165172,0.56,21.881818181818183,9.8714859437751,0,1.0,0.9951807228915662,0.9999941655921633
surrogate,nominal,C_LH,efpb,1012,10.714277282653605,0.57,22.233644859813083,9.937755937755938,0,0.9906542056074766,0.9991809991809992,0.9999816376059432
surrogate,nominal,C_LH,efpb,1017,11.304224069224638,0.55,24.66990291262136,10.471698113207546,0,1.0,0.9992138364779874,0.9999998453652087
surrogate,nominal,C_LH,efpb,1026,10.51701249775758,0.57,22.642857142857142,9.762180016515277,0,1.0,0.9983484723369116,0.999999316987011
surrogate,nominal,C_LH,efpb,1024,10.405610951495689,0.57,22.36521739130435,9.577133907595927,0,0.991304347826087,0.9968676585747847,0.9999921701159981
surrogate,nominal,C_LH,efpb,1001,10.491647186270598,0.57,22.296,9.585794094173982,0,0.992,0.9976057462090981,0.9999920616660822
surrogate,nominal,C_LH,efpb,1027,10.785950761451875,0.57,22.81,10.015820149875104,0,0.99,0.9991673605328892,0.9999787608686819
surrogate,nominal,C_LH,efpb,1011,10.461233193152877,0.57,20.263157894736842,9.751445086705202,0,0.9912280701754386,0.9966969446738233,0.9999924317994809
surrogate,nominal,C_LH,efpb,1013,11.280086217219495,0.57,22.946564885496183,10.287162162162161,0,1.0,0.9974662162162162,0.999998390913021
surrogate,nominal,C_LH,efpb,1030,10.2192507068803,0.57,20.458333333333332,9.605519480519481,0,1.0,0.997564935064935,0.999998514000591
surrogate,nominal,C_LH,efpb,1016,11.162703165098375,0.57,22.31192660550459,10.423715415019762,0,1.0,0.9944664031620554,0.9999923023486634
surrogate,nominal,C_LH,efpb,1005,10.794271452341336,0.55,21.82608695652174,9.985074626865671,0,1.0,0.9983416252072969,0.999999311307098
surrogate,nominal,C_LH,efpb,1020,10.904113574213069,0.57,25.49586776859504,9.799023596419854,0,1.0,0.9975589910496339,0.999998506728185
surrogate,nominal,C_LH,efpb,1025,10.666081152292287,0.57,24.6864406779661,9.62551103843009,0,1.0,0.9967293540474244,0.9999973169578329
surrogate,nominal,C_LH,efpb,1014,10.551059730250481,0.57,21.756521739130434,9.744507729861676,0,1.0,0.9951179820992677,0.9999940123146729
surrogate,nominal,C_LH,efpb,1018,10.925601232081508,0.57,25.010309278350515,10.066993464052288,0,1.0,0.9967320261437909,0.9999973213472552
surrogate,nominal,C_LH,efpb,1003,10.117746005046257,0.56,21.735294117647058,9.359400998336106,0,0.9901960784313726,0.997504159733777,0.9999864824155864
surrogate,nominal,C_LH,efpb,1021,10.411722701576913,0.57,24.92079207920792,9.48395061728395,0,1.0,0.9958847736625515,0.9999957487692689
surrogate,nominal,C_LH,efpb,1008,10.3691227234853,0.57,24.213483146067414,9.594771241830065,0,0.9775280898876404,0.9967320261437909,0.9999053913865769
surrogate,nominal,C_LH,efpb,1002,10.773718093517056,0.57,25.97979797979798,9.873250388802488,0,0.9696969696969697,0.9961119751166407,0.9998194737395747
surrogate,nominal,C_LH,efpb,1010,9.78738686131387,0.57,23.925531914893618,8.966265060240964,0,0.9893617021276596,0.993574297188755,0.9999954868468216
surrogate,nominal,C_LH,efpb,1023,9.979824454467877,0.57,23.307692307692307,9.197147651006711,0,1.0,0.9966442953020134,0.9999971753487031
surrogate,nominal,C_LH,efpb,1009,10.145019644095218,0.57,22.45045045045045,9.301765650080258,0,1.0,0.9967897271268058,0.9999974152525944
surrogate,nominal,C_LH,efpb,1028,10.853182691747714,0.57,21.795081967213115,10.016299918500408,0,1.0,0.9959250203748982,0.9999958316840696
surrogate,nominal,C_LH,efpb,1007,10.88892071494042,0.57,24.542857142857144,10.015055467511885,0,0.9904761904761905,0.9968304278922345,0.9999897766629933
surrogate,nominal,C_ML,efficiency,1006,8.193496587715778,0.56,5.985611510791367,9.501385041551247,0,1.0,0.997229916897507,0.9999980763385798
surrogate,nominal,C_ML,efficiency,1019,8.506476683937825,0.73,6.224806201550388,9.854166666666666,0,1.0,1.0,1.0
surrogate,nominal,C_ML,efficiency,1004,8.073766165215098,0.65,6.32421875,8.966321243523316,0,1.0,0.9974093264248705,0.9999983177500916
surrogate,nominal,C_ML,efficiency,1029,8.217706622879037,1.07,5.891791044776119,9.564606741573034,1,1.0,0.9971910112359551,0.9999980218467248
surrogate,nominal,C_ML,efficiency,1015,8.673469387755102,0.66,6.088983050847458,9.95890410958904,0,1.0,0.9972602739726028,0.9999981183271175
surrogate,nominal,C_ML,efficiency,1022,8.004175064785489,0.52,5.771863117870723,9.364457831325302,0,1.0,1.0,1.0
surrogate,nominal,C_ML,efficiency,1012,8.488532110091743,0.55,6.202846975088968,9.884180790960452,0,0.99644128113879,0.9971751412429378,0.9999998644987528
surrogate,nominal,C_ML,efficiency,1017,8.528946990374946,0.57,6.244897959183674,9.769452449567723,0,1.0,1.0,1.0
surrogate,nominal,C_ML,efficiency,1026,8.184566537824406,0.63,6.563706563706564,9.08659217877095,0,1.0,0.9972067039106145,0.999998043917954
surrogate,nominal,C_ML,efficiency,1024,8.536247478143913,0.58,6.24907063197026,9.832876712328767,0,1.0,0.9972602739726028,0.9999981183271175
surrogate,nominal,C_ML,efficiency,1001,8.783669700567208,0.58,6.827450980392157,9.775193798449612,0,0.996078431372549,0.9974160206718347,0.9999995497898176
surrogate,nominal,C_ML,efficiency,1027,8.448833286477367,0.58,6.366795366795367,9.64080459770115,0,1.0,1.0,1.0
surrogate,nominal,C_ML,efficiency,1011,8.380394922425952,0.58,6.508771929824562,9.267567567567568,0,0.9912280701754386,1.0,0.9999805938288375
surrogate,nominal,C_ML,efficiency,1013,8.524787040916074,0.58,6.439330543933054,9.569482288828338,0,1.0,1.0,1.0
surrogate,nominal,C_ML,efficiency,1030,8.460934212372,0.6,6.817427385892116,9.300275482093664,0,0.995850622406639,1.0,0.9999956777690372
surrogate,nominal,C_ML,efficiency,1016,8.984385795219012,0.74,6.705627705627705,10.052770448548813,0,1.0,0.9947229551451188,0.999993001364734
surrogate,nominal,C_ML,efficiency,1005,7.676727909011375,0.73,5.329317269076305,9.014880952380953,0,1.0,1.0,1.0
surrogate,nominal,C_ML,efficiency,1020,7.625354911981828,0.57,5.547169811320755,8.878698224852071,0,0.9962264150943396,0.9940828402366864,0.9999988400595862
surrogate,nominal,C_ML,efficiency,1025,8.129278093390605,0.51,6.015686274509804,9.284122562674094,0,1.0,0.9916434540389972,0.9999823955370731
surrogate,nominal,C_ML,efficiency,1014,6.895384148193136,0.49,5.5375,7.673913043478261,0,1.0,0.9937888198757764,0.9999902952194253
surrogate,nominal,C_ML,efficiency,1018,8.700584159760902,0.62,6.411764705882353,10.042016806722689,0,0.9889705882352942,1.0,0.999969250743107
surrogate,nominal,C_ML,efficiency,1003,7.362243422954613,0.48,6.037190082644628,8.07514450867052,0,1.0,1.0,1.0
surrogate,nominal,C_ML,efficiency,1021,7.393357400722021,0.47,5.714285714285714,8.233802816901408,0,1.0,1.0,1.0
surrogate,nominal,C_ML,efficiency,1008,9.122145655992433,0.62,7.032,10.188328912466844,0,0.996,1.0,0.9999959839680003
surrogate,nominal,C_ML,efficiency,1002,8.073006993006993,0.61,6.506072874493927,8.9,0,1.0,0.9972222222222222,0.9999980656218445
surrogate,nominal,C_ML,efficiency,1010,8.043864678899084,0.59,5.335968379446641,9.584795321637428,0,0.9960474308300395,1.0,0.999996078831178
surrogate,nominal,C_ML,efficiency,1023,7.980267895722312,0.63,5.972111553784861,9.117302052785924,0,0.9960159362549801,1.0,0.9999960159680004
surrogate,nominal,C_ML,efficiency,1009,7.827932960893854,0.58,5.624087591240876,9.194117647058823,0,1.0,0.9970588235294118,0.9999978310002127
surrogate,nominal,C_ML,efficiency,1028,8.101877415792378,0.48,6.447876447876448,9.022346368715084,0,1.0,1.0,1.0
surrogate,nominal,C_ML,efficiency,1007,8.945464586497309,0.53,6.933333333333334,10.038781163434903,0,1.0,0.9944598337950139,0.9999922840101542
surrogate,nominal,C_ML,equal_bargaining,1006,8.062625451625854,0.56,5.942446043165468,9.318559556786704,0,0.9928057553956835,0.997229916897507,0.9999950575979021
surrogate,nominal,C_ML,equal_bargaining,1019,8.332757628094416,0.5,6.104651162790698,9.648809523809524,0,1.0,1.0,1.0
surrogate,nominal,C_ML,equal_bargaining,1004,7.84138295064661,0.65,6.28125,8.637305699481866,0,1.0,0.9974093264248705,0.9999983177500916
surrogate,nominal,C_ML,equal_bargaining,1029,7.681992337164751,1.08,5.619402985074627,8.876404494382022,1,1.0,0.9971910112359551,0.9999980218467248
surrogate,nominal,C_ML,equal_bargaining,1015,8.298381421534131,0.55,5.978813559322034,9.452054794520548,0,1.0,0.9972602739726028,0.9999981183271175
surrogate,nominal,C_ML,equal_bargaining,1022,7.831413763317018,0.5,6.007604562737643,8.94277108433735,0,1.0,1.0,1.0
surrogate,nominal,C_ML,equal_bargaining,1012,8.304910955207772,0.72,5.889679715302491,9.779661016949152,0,1.0,0.9943502824858758,0.9999919749618811
surrogate,nominal,C_ML,equal_bargaining,1017,8.164631518459991,0.68,6.122448979591836,9.27377521613833,0,1.0,1.0,1.0
surrogate,nominal,C_ML,equal_bargaining,1026,8.250552181115404,0.63,6.918918918918919,8.991620111731844,0,1.0,0.9972067039106145,0.999998043917954
surrogate,nominal,C_ML,equal_bargaining,1024,8.36072629455279,0.58,6.41635687732342,9.463013698630137,0,1.0,0.9972602739726028,0.9999981183271175
surrogate,nominal,C_ML,equal_bargaining,1001,8.685397704788286,0.55,6.91764705882353,9.581395348837209,0,0.996078431372549,0.9974160206718347,0.9999995497898176
surrogate,nominal,C_ML,equal_bargaining,1027,8.300955861681192,0.62,6.532818532818533,9.313218390804598,0,1.0,1.0,1.0
surrogate,nominal,C_ML,equal_bargaining,1011,7.783638928067702,0.53,6.2894736842105265,8.491891891891893,0,0.9912280701754386,1.0,0.9999805938288375
surrogate,nominal,C_ML,equal_bargaining,1013,8.498533724340176,0.58,6.2845188284518825,9.607629427792915,0,1.0,1.0,1.0
surrogate,nominal,C_ML,equal_bargaining,1030,8.107448449992985,0.46,6.580912863070539,8.887052341597796,0,0.995850622406639,1.0,0.9999956777690372
surrogate,nominal,C_ML,equal_bargaining,1016,8.68882133480724,0.74,6.134199134199134,9.886543535620053,0,1.0,0.9947229551451188,0.999993001364734
surrogate,nominal,C_ML,equal_bargaining,1005,7.298337707786528,0.68,4.835341365461847,8.702380952380953,0,1.0,1.0,1.0
surrogate,nominal,C_ML,equal_bargaining,1020,7.492475865985235,0.57,5.645283018867924,8.606508875739644,0,0.9962264150943396,0.9940828402366864,0.9999988400595862
surrogate,nominal,C_ML,equal_bargaining,1025,7.963004018290149,0.51,6.105882352941176,8.977715877437326,0,0.996078431372549,0.9916434540389972,0.9999950218336117
surrogate,nominal,C_ML,equal_bargaining,1014,6.854084421500152,0.49,5.5,7.630434782608695,0,1.0,0.9937888198757764,0.9999902952194253
surrogate,nominal,C_ML,equal_bargaining,1018,8.423855454421954,0.58,6.088235294117647,9.792717086834735,0,0.9889705882352942,1.0,0.999969250743107
surrogate,nominal,C_ML,equal_bargaining,1003,7.414426134721018,0.45,5.7727272727272725,8.297687861271676,0,1.0,1.0,1.0
surrogate,nominal,C_ML,equal_bargaining,1021,7.415162454873646,0.47,5.683982683982684,8.28169014084507,0,1.0,1.0,1.0
surrogate,nominal,C_ML,equal_bargaining,1008,9.282124037292258,0.49,7.464,10.209549071618037,0,0.996,1.0,0.9999959839680003
surrogate,nominal,C_ML,equal_bargaining,1002,8.183216783216784,0.57,6.635627530364372,9.0,0,1.0,0.9972222222222222,0.9999980656218445
surrogate,nominal,C_ML,equal_bargaining,1010,7.845183486238532,0.7,5.620553359683795,9.11111111111111,0,0.9960474308300395,1.0,0.999996078831178
surrogate,nominal,C_ML,equal_bargaining,1023,7.721878150655338,0.65,5.661354581673307,8.888563049853373,0,0.9960159362549801,1.0,0.9999960159680004
surrogate,nominal,C_ML,equal_bargaining,1009,7.753072625698323,0.58,5.437956204379562,9.188235294117646,0,1.0,0.9970588235294118,0.9999978310002127
surrogate,nominal,C_ML,equal_bargaining,1028,8.143981225842076,0.48,6.691119691119691,8.952513966480447,0,1.0,1.0,1.0
surrogate,nominal,C_ML,equal_bargaining,1007,8.719177136545632,0.56,6.6117647058823525,9.86426592797784,0,1.0,0.997229916897507,0.9999980763385798
surrogate,nominal,C_ML,fixed_time,1006,12.101699451358224,0.29,11.992805755395683,12.166204986149584,0,0.9928057553956835,0.997229916897507,0.9999950575979021
surrogate,nominal,C_ML,fixed_time,1019,12.45336787564767,0.29,12.162790697674419,12.625,0,1.0,1.0,1.0
surrogate,nominal,C_ML,fixed_time,1004,11.835048825547641,0.29,11.0546875,12.233160621761659,0,1.0,0.9974093264248705,0.9999983177500916
surrogate,nominal,C_ML,fixed_time,1029,11.676929392446635,0.29,11.783582089552239,11.615168539325843,0,1.0,0.9971910112359551,0.9999980218467248
surrogate,nominal,C_ML,fixed_time,1015,11.846727656579874,0.29,10.508474576271187,12.512328767123288,0,1.0,1.0,1.0
surrogate,nominal,C_ML,fixed_time,1022,12.54477397063058,0.29,11.422053231939163,13.228915662650602,0,1.0,0.9939759036144579,0.9999908727478504
surrogate,nominal,C_ML,fixed_time,1012,11.693200215866161,0.29,10.718861209964412,12.288135593220339,0,0.99644128113879,0.9943502824858758,0.9999988967969761
surrogate,nominal,C_ML,fixed_time,1017,11.441890532969401,0.29,10.971428571428572,11.697406340057636,0,1.0,0.9971181556195965,0.9999979177511713
surrogate,nominal,C_ML,fixed_time,1026,11.764632799558253,0.29,11.718146718146718,11.79050279329609,0,1.0,0.9972067039106145,0.999998043917954
surrogate,nominal,C_ML,fixed_time,1024,11.50114324142569,0.29,11.16728624535316,11.69041095890411,0,0.9962825278810409,0.9945205479452055,0.9999992166696184
surrogate,nominal,C_ML,fixed_time,1001,12.202479883920327,0.29,10.588235294117647,13.020671834625324,0,1.0,0.9948320413436692,0.9999932884554721
surrogate,nominal,C_ML,fixed_time,1027,11.623840314872083,0.29,11.328185328185327,11.793103448275861,0,1.0,1.0,1.0
surrogate,nominal,C_ML,fixed_time,1011,11.885472496473906,0.29,10.298245614035087,12.637837837837838,0,0.9956140350877193,1.0,0.9999951696888312
surrogate,nominal,C_ML,fixed_time,1013,11.599636922217567,0.29,11.121338912133892,11.839237057220709,0,1.0,0.9945504087193461,0.9999925349179215
surrogate,nominal,C_ML,fixed_time,1030,11.781456024687893,0.29,10.576763485477178,12.396694214876034,0,0.995850622406639,0.9889807162534435,0.9999880202104413
surrogate,nominal,C_ML,fixed_time,1016,11.963520795909906,0.29,11.761904761904763,12.058047493403693,0,1.0,0.9947229551451188,0.999993001364734
surrogate,nominal,C_ML,fixed_time,1005,11.115193934091574,0.29,10.481927710843374,11.476190476190476,0,1.0,0.9940476190476191,0.9999910894088714
surrogate,nominal,C_ML,fixed_time,1020,11.950028392958545,0.29,11.052830188679245,12.49112426035503,0,1.0,0.9970414201183432,0.999997805217437
surrogate,nominal,C_ML,fixed_time,1025,11.606207565470417,0.29,10.701960784313725,12.100278551532034,0,0.996078431372549,0.9944289693593314,0.9999993133162898
surrogate,nominal,C_ML,fixed_time,1014,11.921348314606742,0.29,10.895833333333334,12.509316770186336,0,0.9958333333333333,0.9937888198757764,0.9999989440623558
surrogate,nominal,C_ML,fixed_time,1018,11.217361771498437,0.29,11.301470588235293,11.168067226890756,0,0.9963235294117647,0.9943977591036415,0.9999990641900796
surrogate,nominal,C_ML,fixed_time,1003,12.249349522983522,0.29,11.181818181818182,12.823699421965317,0,0.9958677685950413,0.9971098265895953,0.9999996116004236
surrogate,nominal,C_ML,fixed_time,1021,12.80606498194946,0.29,11.2987012987013,13.56056338028169,0,1.0,1.0,1.0
surrogate,nominal,C_ML,fixed_time,1008,11.379408188082692,0.29,11.156,11.493368700265252,0,0.996,0.9973474801061007,0.9999995430396662
surrogate,nominal,C_ML,fixed_time,1002,11.54853146853147,0.29,11.303643724696355,11.677777777777777,0,1.0,0.9972222222222222,0.9999980656218445
surrogate,nominal,C_ML,fixed_time,1010,11.917431192660553,0.29,11.063241106719367,12.403508771929825,0,0.9960474308300395,1.0,0.999996078831178
surrogate,nominal,C_ML,fixed_time,1023,11.876278265879305,0.29,10.585657370517929,12.607038123167156,0,0.9960159362549801,0.9941348973607038,0.9999991066468411
surrogate,nominal,C_ML,fixed_time,1009,11.333100558659218,0.29,11.41970802919708,11.279411764705882,0,1.0,0.9970588235294118,0.9999978310002127
surrogate,nominal,C_ML,fixed_time,1028,12.500138045278847,0.29,12.54054054054054,12.477653631284916,0,1.0,1.0,1.0
surrogate,nominal,C_ML,fixed_time,1007,12.231810023470938,0.29,12.08235294117647,12.313019390581717,0,1.0,0.997229916897507,0.9999980763385798
surrogate,nominal,C_ML,efpb,1006,8.610999598554798,0.39,7.4352517985611515,9.307479224376731,0,1.0,0.997229916897507,0.9999980763385798
surrogate,nominal,C_ML,efpb,1019,8.124640184225678,0.4,6.9147286821705425,8.839285714285714,0,1.0,1.0,1.0
surrogate,nominal,C_ML,efpb,1004,8.04671417260491,0.43,6.9296875,8.61658031088083,0,1.0,0.9974093264248705,0.9999983177500916
surrogate,nominal,C_ML,efpb,1029,7.734948002189382,0.51,6.496268656716418,8.452247191011235,0,1.0,0.9971910112359551,0.9999980218467248
surrogate,nominal,C_ML,efpb,1015,8.46052076002815,0.43,7.0508474576271185,9.161643835616438,0,1.0,0.9972602739726028,0.9999981183271175
surrogate,nominal,C_ML,efpb,1022,7.6148862654765335,0.39,6.513307984790875,8.286144578313253,0,1.0,1.0,1.0
surrogate,nominal,C_ML,efpb,1012,8.000404749055585,0.41,6.7935943060498225,8.73728813559322,0,0.99644128113879,1.0,0.9999968225926373
surrogate,nominal,C_ML,efpb,1017,8.02169228559115,0.48,6.644897959183673,8.769452449567723,0,1.0,1.0,1.0
surrogate,nominal,C_ML,efpb,1026,8.110988404196576,0.63,7.416988416988417,8.497206703910615,0,1.0,0.9972067039106145,0.999998043917954
surrogate,nominal,C_ML,efpb,1024,8.577135171486214,0.46,7.144981412639405,9.389041095890411,0,1.0,0.9972602739726028,0.9999981183271175
surrogate,nominal,C_ML,efpb,1001,8.52103944070703,0.43,7.6117647058823525,8.981912144702843,0,0.996078431372549,0.9974160206718347,0.9999995497898176
surrogate,nominal,C_ML,efpb,1027,8.27228001124543,0.36,7.397683397683398,8.772988505747126,0,1.0,1.0,1.0
surrogate,nominal,C_ML,efpb,1011,8.284767277856135,0.44,7.785087719298246,8.521621621621621,0,0.9912280701754386,1.0,0.9999805938288375
surrogate,nominal,C_ML,efpb,1013,8.489875715682166,0.44,7.313807531380753,9.079019073569482,0,0.9832635983263598,1.0,0.9999287914122443
surrogate,nominal,C_ML,efpb,1030,8.27661663627437,0.42,7.609958506224066,8.617079889807162,0,0.995850622406639,1.0,0.9999956777690372
surrogate,nominal,C_ML,efpb,1016,8.572198424761641,0.5,7.220779220779221,9.20580474934037,0,1.0,0.9947229551451188,0.999993001364734
surrogate,nominal,C_ML,efpb,1005,7.595217264508604,0.35,6.008032128514056,8.5,0,1.0,1.0,1.0
surrogate,nominal,C_ML,efpb,1020,7.613287904599659,0.44,6.8641509433962264,8.065088757396449,0,0.9962264150943396,0.9940828402366864,0.9999988400595862
surrogate,nominal,C_ML,efpb,1025,7.688651794374393,0.39,6.552941176470588,8.309192200557103,0,0.996078431372549,0.9916434540389972,0.9999950218336117
surrogate,nominal,C_ML,efpb,1014,6.928940176131188,0.4,5.970833333333333,7.478260869565218,0,1.0,0.9937888198757764,0.9999902952194253
surrogate,nominal,C_ML,efpb,1018,8.051351718516505,0.48,6.676470588235294,8.857142857142858,0,0.9889705882352942,1.0,0.999969250743107
surrogate,nominal,C_ML,efpb,1003,7.330442324371207,0.39,6.107438016528926,7.988439306358382,0,1.0,1.0,1.0
surrogate,nominal,C_ML,efpb,1021,7.88086642599278,0.43,7.1645021645021645,8.23943661971831,0,1.0,1.0,1.0
surrogate,nominal,C_ML,efpb,1008,9.214970949871638,0.42,8.196,9.73474801061008,0,0.996,1.0,0.9999959839680003
surrogate,nominal,C_ML,efpb,1002,8.18097902097902,0.43,7.218623481781377,8.688888888888888,0,1.0,0.9972222222222222,0.9999980656218445
surrogate,nominal,C_ML,efpb,1010,8.168147935779817,0.49,6.91699604743083,8.880116959064328,0,0.9960474308300395,1.0,0.999996078831178
surrogate,nominal,C_ML,efpb,1023,8.140861299150224,0.46,6.804780876494024,8.897360703812316,0,0.9960159362549801,1.0,0.9999960159680004
surrogate,nominal,C_ML,efpb,1009,8.089385474860336,0.38,6.857664233576642,8.852941176470589,0,1.0,0.9970588235294118,0.9999978310002127
surrogate,nominal,C_ML,efpb,1028,8.124792932081723,0.46,7.305019305019305,8.581005586592179,0,1.0,1.0,1.0
surrogate,nominal,C_ML,efpb,1007,8.280546734778408,0.38,7.450980392156863,8.731301939058172,0,1.0,0.997229916897507,0.9999980763385798
surrogate,nominal,C_HM,efficiency,1006,11.441037901694676,0.5,9.715025906735752,12.084065244667503,0,1.0,0.9962358845671268,0.9999964445006299
surrogate,nominal,C_HM,efficiency,1019,11.269005424954791,0.59,10.638968481375358,11.481761006289307,0,0.997134670487106,0.9987421383647799,0.999999351340384
surrogate,nominal,C_HM,efficiency,1004,10.969641025641025,0.5,9.818858560794045,11.407361963190183,0,0.9975186104218362,1.0,0.9999984568520397
surrogate,nominal,C_HM,efficiency,1029,10.706070732386522,0.69,9.824561403508772,11.045112781954888,0,1.0,0.9962406015037594,0.9999964534228017
surrogate,nominal,C_HM,efficiency,1015,10.737801837737731,0.66,9.479892761394101,11.192938209331652,0,1.0,0.9949558638083228,0.9999936070067206
surrogate,nominal,C_HM,efficiency,1022,11.164083228599358,0.53,10.666666666666666,11.348258706467663,0,1.0,0.9912935323383084,0.9999808836438115
surrogate,nominal,C_HM,efficiency,1012,11.168787399408487,0.57,9.987804878048781,11.632627646326277,0,0.9975609756097561,0.9987546699875467,0.9999996424574605
surrogate,nominal,C_HM,efficiency,1017,10.91973655641601,0.52,10.151685393258427,11.186311787072244,0,1.0,0.9961977186311787,0.9999963718952491
surrogate,nominal,C_HM,efficiency,1026,11.065384353972677,0.61,9.47242206235012,11.695437731196055,0,0.9904076738609112,0.9950678175092479,0.9999944910712633
surrogate,nominal,C_HM,efficiency,1024,11.051073279052552,0.62,10.11021505376344,11.365227537922987,0,1.0,0.9941656942823804,0.9999914404257053
surrogate,nominal,C_HM,efficiency,1001,10.940114003159124,0.6,9.901015228426395,11.325581395348838,0,1.0,0.9987760097919217,0.9999996250032814
surrogate,nominal,C_HM,efficiency,1027,10.627867143282693,0.74,9.5,11.08288043478261,0,0.9974093264248705,0.9959239130434783,0.999999444691137
surrogate,nominal,C_HM,efficiency,1011,10.651154478518837,0.56,9.545454545454545,11.104849279161206,0,0.9901719901719902,0.9960681520314548,0.9999911880614963
surrogate,nominal,C_HM,efficiency,1013,11.16757560733763,0.67,10.472081218274111,11.436781609195402,0,1.0,0.9961685823754789,0.9999963159717361
surrogate,nominal,C_HM,efficiency,1030,10.984534011783609,0.59,10.660621761658032,11.097417840375586,0,1.0,0.9953051643192489,0.999994463698471
surrogate,nominal,C_HM,efficiency,1016,10.634964939750834,0.49,9.538847117794486,11.04374240583232,0,0.9949874686716792,0.9975698663426489,0.99999832033041
surrogate,nominal,C_HM,efficiency,1005,11.010391459074734,0.57,10.0,11.382278481012658,0,0.9947089947089947,0.9987341772151899,0.9999959228033067
surrogate,nominal,C_HM,efficiency,1020,11.096287786314353,0.65,9.994910941475826,11.52925877763329,0,1.0,0.9973992197659298,0.9999983045818676
surrogate,nominal,C_HM,efficiency,1025,10.851687573636426,0.55,9.81203007518797,11.24906600249066,0,0.9924812030075187,0.9987546699875467,0.9999900742003044
surrogate,nominal,C_HM,efficiency,1014,11.153792671904332,0.55,10.365239294710328,11.454431960049938,0,0.9924433249370277,0.9975031210986267,0.9999935348224341
surrogate,nominal,C_HM,efficiency,1018,11.263410227904393,0.55,10.913385826771654,11.38943488943489,0,0.9973753280839895,1.0,0.999998273248124
surrogate,nominal,C_HM,efficiency,1003,11.25351524432688,0.53,10.372703412073491,11.571428571428571,0,0.9973753280839895,0.9987684729064039,0.9999995129106096
surrogate,nominal,C_HM,efficiency,1021,10.655136773926825,0.72,9.755667506297229,10.99383477188656,0,1.0,0.9963008631319359,0.999996566418813
surrogate,nominal,C_HM,efficiency,1008,11.357117873382302,0.65,10.315165876777252,11.793548387096774,0,1.0,0.9948387096774194,0.9999933058090515
surrogate,nominal,C_HM,efficiency,1002,10.856638271348432,0.52,9.72609819121447,11.270602706027061,0,0.9922480620155039,0.997539975399754,0.9999929269170468
surrogate,nominal,C_HM,efficiency,1010,11.003565062388592,0.6,10.366666666666667,11.236009732360097,0,1.0,0.9975669099756691,0.9999985164129236
surrogate,nominal,C_HM,efficiency,1023,11.000691945751452,0.52,10.655080213903743,11.12135922330097,0,0.983957219251337,0.9963592233009708,0.999960780909522
surrogate,nominal,C_HM,efficiency,1009,10.949305891290834,0.63,9.414868105515588,11.56998738965952,0,1.0,0.9962168978562421,0.9999964084731303
surrogate,nominal,C_HM,efficiency,1028,10.836652571272678,0.65,9.489311163895486,11.379353233830846,0,1.0,0.9975124378109452,0.9999984491555652
surrogate,nominal,C_HM,efficiency,1007,10.835877307748218,0.52,9.605263157894736,11.305483028720626,0,1.0,0.9947780678851175,0.9999931471646393
surrogate,nominal,C_HM,equal_bargaining,1006,10.92954081991421,0.52,9.204663212435234,11.572145545796738,0,1.0,0.9962358845671268,0.9999964445006299
surrogate,nominal,C_HM,equal_bargaining,1019,10.822784810126583,0.48,10.707736389684813,10.861635220125786,0,0.994269340974212,0.9987421383647799,0.9999949634092435
surrogate,nominal,C_HM,equal_bargaining,1004,11.182495726495727,0.61,9.6848635235732,11.752147239263804,0,1.0,0.9987730061349693,0.9999996231594164
surrogate,nominal,C_HM,equal_bargaining,1029,10.972918407128933,0.57,9.576441102756892,11.510025062656641,0,0.9974937343358395,0.9962406015037594,0.9999996049432658
surrogate,nominal,C_HM,equal_bargaining,1015,10.841797848849634,0.57,9.10455764075067,11.470365699873897,0,1.0,0.9949558638083228,0.9999936070067206
surrogate,nominal,C_HM,equal_bargaining,1022,10.831936880323976,0.53,9.131782945736434,11.461442786069652,0,0.9974160206718347,0.9912935323383084,0.9999905221660331
surrogate,nominal,C_HM,equal_bargaining,1012,11.313501616342252,0.66,10.44390243902439,11.655043586550436,0,0.9975609756097561,0.9987546699875467,0.9999996424574605
surrogate,nominal,C_HM,equal_bargaining,1017,11.431931678367228,0.86,11.741573033707866,11.32446134347275,0,1.0,0.9961977186311787,0.9999963718952491
surrogate,nominal,C_HM,equal_bargaining,1026,10.967783592741114,0.68,9.477218225419664,11.557336621454994,0,0.9904076738609112,0.9950678175092479,0.9999944910712633
surrogate,nominal,C_HM,equal_bargaining,1024,10.657560056523787,0.73,9.67741935483871,10.98483080513419,0,1.0,0.9976662777129521,0.9999986352538496
surrogate,nominal,C_HM,equal_bargaining,1001,11.096627978847607,0.67,10.66751269035533,11.255813953488373,0,1.0,0.9987760097919217,0.9999996250032814
surrogate,nominal,C_HM,equal_bargaining,1027,10.321566875186178,0.66,8.16839378238342,11.190217391304348,0,0.9974093264248705,0.9959239130434783,0.999999444691137
surrogate,nominal,C_HM,equal_bargaining,1011,10.845664450639788,0.68,10.287469287469287,11.07470511140236,0,0.9901719901719902,0.9960681520314548,0.9999911880614963
surrogate,nominal,C_HM,equal_bargaining,1013,10.642467596855301,0.74,8.946700507614214,11.298850574712644,0,0.9974619289340102,0.9987228607918263,0.9999996009920237
surrogate,nominal,C_HM,equal_bargaining,1030,11.266671130155329,0.59,10.176165803108809,11.646713615023474,0,0.9922279792746114,0.9976525821596244,0.9999925684628249
surrogate,nominal,C_HM,equal_bargaining,1016,10.599291987201306,0.51,8.553884711779448,11.362089914945322,0,0.9949874686716792,0.9975698663426489,0.99999832033041
surrogate,nominal,C_HM,equal_bargaining,1005,10.911459074733097,0.63,9.632275132275133,11.382278481012658,0,0.9947089947089947,0.9987341772151899,0.9999959228033067
surrogate,nominal,C_HM,equal_bargaining,1020,10.650822144036765,0.52,8.376590330788805,11.544863459037712,0,0.9974554707379135,0.9986996098829649,0.9999996115374257
surrogate,nominal,C_HM,equal_bargaining,1025,10.685009356157737,0.46,8.736842105263158,11.429638854296389,0,0.9924812030075187,0.9987546699875467,0.9999900742003044
surrogate,nominal,C_HM,equal_bargaining,1014,10.723145379962457,0.5,9.453400503778338,11.207240948813983,0,0.9924433249370277,0.9962546816479401,0.9999963270085113
surrogate,nominal,C_HM,equal_bargaining,1018,11.784672040022235,0.66,10.30971128608924,12.315724815724815,0,0.9921259842519685,1.0,0.9999843774410249
surrogate,nominal,C_HM,equal_bargaining,1003,10.665112070165668,0.52,9.146981627296588,11.213054187192117,0,1.0,0.9975369458128078,0.9999984796008039
surrogate,nominal,C_HM,equal_bargaining,1021,11.028663956452835,0.52,9.952141057934508,11.43403205918619,0,1.0,0.998766954377312,0.9999996194306532
surrogate,nominal,C_HM,equal_bargaining,1008,11.070863938440015,0.66,9.111374407582938,11.891612903225807,0,1.0,0.9948387096774194,0.9999933058090515
surrogate,nominal,C_HM,equal_bargaining,1002,11.129648867650113,0.61,9.723514211886306,11.644526445264452,0,0.9922480620155039,0.997539975399754,0.9999929269170468
surrogate,nominal,C_HM,equal_bargaining,1010,11.078225695872755,0.54,10.435897435897436,11.312652068126521,0,0.9974358974358974,0.9939172749391727,0.999996877895655
surrogate,nominal,C_HM,equal_bargaining,1023,11.0479518405757,0.44,10.48663101604278,11.243932038834952,0,0.9893048128342246,0.9987864077669902,0.9999772552953111
surrogate,nominal,C_HM,equal_bargaining,1009,10.546308446715933,0.55,8.467625899280575,11.387137452711222,0,1.0,0.9987389659520807,0.9999996019466402
surrogate,nominal,C_HM,equal_bargaining,1028,10.814895648615467,0.44,9.391923990498812,11.388059701492537,0,1.0,0.9950248756218906,0.999993781171876
surrogate,nominal,C_HM,equal_bargaining,1007,10.614188108736734,0.48,8.73421052631579,11.33159268929504,0,0.9947368421052631,0.9921671018276762,0.9999983272771363
surrogate,nominal,C_HM,fixed_time,1006,12.551508332747344,0.29,11.536269430051814,12.9297365119197,0,1.0,0.9974905897114178,0.9999984217595174
surrogate,nominal,C_HM,fixed_time,1019,12.735696202531647,0.29,11.275071633237822,13.228930817610063,0,0.997134670487106,1.0,0.9999979415821
surrogate,nominal,C_HM,fixed_time,1004,12.14051282051282,0.34,11.138957816377172,12.521472392638037,0,1.0,1.0,1.0
surrogate,nominal,C_HM,fixed_time,1029,12.792467279309383,0.29,11.949874686716791,13.11654135338346,0,1.0,0.9962406015037594,0.9999964534228017
surrogate,nominal,C_HM,fixed_time,1015,12.233349953700406,0.29,12.836461126005362,12.015132408575031,0,1.0,0.9962168978562421,0.9999964084731303
surrogate,nominal,C_HM,fixed_time,1022,12.16652702136573,0.29,10.785529715762275,12.677860696517413,0,0.9948320413436692,0.996268656716418,0.9999994794117718
surrogate,nominal,C_HM,fixed_time,1012,12.029369282619161,0.36,12.012195121951219,12.036114570361146,0,0.9975609756097561,0.9987546699875467,0.9999996424574605
surrogate,nominal,C_HM,fixed_time,1017,12.53108489541869,0.29,12.25,12.628643852978454,0,1.0,0.9961977186311787,0.9999963718952491
surrogate,nominal,C_HM,fixed_time,1026,12.260042139604431,0.29,11.477218225419664,12.569667077681874,0,1.0,0.9963008631319359,0.999996566418813
surrogate,nominal,C_HM,fixed_time,1024,12.50898324473454,0.29,11.174731182795698,12.954492415402568,0,1.0,0.9988331388564761,0.9999996592113469
surrogate,nominal,C_HM,fixed_time,1001,12.224709841357049,0.29,11.398477157360405,12.531211750305998,0,1.0,0.9987760097919217,0.9999996250032814
surrogate,nominal,C_HM,fixed_time,1027,12.30674709562109,0.29,11.00259067357513,12.83288043478261,0,0.9974093264248705,0.9959239130434783,0.999999444691137
surrogate,nominal,C_HM,fixed_time,1011,11.507899063549932,0.29,10.525798525798526,11.910878112712975,0,0.9926289926289926,0.9947575360419397,0.9999988529037945
surrogate,nominal,C_HM,fixed_time,1013,12.272611374743253,0.29,11.218274111675127,12.680715197956577,0,1.0,0.9974457215836526,0.9999983647438782
surrogate,nominal,C_HM,fixed_time,1030,12.126138189608996,0.29,10.94559585492228,12.53755868544601,0,0.9922279792746114,0.9964788732394366,0.9999954310435417
surrogate,nominal,C_HM,fixed_time,1016,12.396623323575465,0.29,11.889724310776943,12.585662211421628,0,1.0,0.9975698663426489,0.9999985200204238
surrogate,nominal,C_HM,fixed_time,1005,12.395302491103203,0.29,11.447089947089948,12.744303797468355,0,0.9973544973544973,0.9924050632911392,0.9999938126141692
surrogate,nominal,C_HM,fixed_time,1020,11.775472104545129,0.29,11.16793893129771,12.014304291287386,0,1.0,0.9973992197659298,0.9999983045818676
surrogate,nominal,C_HM,fixed_time,1025,12.115392612100631,0.29,11.130325814536342,12.491905354919053,0,0.9974937343358395,0.9975093399750934,0.9999999999388107
surrogate,nominal,C_HM,fixed_time,1014,12.368142946534102,0.29,11.778337531486146,12.593008739076154,0,0.9974811083123426,0.9975031210986267,0.9999999998782495
surrogate,nominal,C_HM,fixed_time,1018,12.207823790994997,0.32,11.396325459317586,12.5,0,0.9973753280839895,1.0,0.999998273248124
surrogate,nominal,C_HM,fixed_time,1003,11.99874704162606,0.29,11.811023622047244,12.066502463054187,0,0.9973753280839895,0.9975369458128078,0.9999999934365771
surrogate,nominal,C_HM,fixed_time,1021,11.75959484600014,0.29,10.869017632241814,12.094944512946979,0,1.0,0.998766954377312,0.9999996194306532
surrogate,nominal,C_HM,fixed_time,1008,12.547743966421827,0.29,11.791469194312796,12.864516129032259,0,1.0,0.9974193548387097,0.9999983307654943
surrogate,nominal,C_HM,fixed_time,1002,12.286515686681902,0.29,11.594315245478036,12.539975399753997,0,0.9974160206718347,0.997539975399754,0.999999996139358
surrogate,nominal,C_HM,fixed_time,1010,12.767036884683943,0.29,11.648717948717948,13.175182481751825,0,1.0,0.9975669099756691,0.9999985164129236
surrogate,nominal,C_HM,fixed_time,1023,12.659908663160806,0.29,11.320855614973262,13.12742718446602,0,0.9946524064171123,0.9975728155339806,0.9999978511327366
surrogate,nominal,C_HM,fixed_time,1009,12.371572622418674,0.29,11.731414868105515,12.630517023959646,0,1.0,0.9962168978562421,0.9999964084731303
surrogate,nominal,C_HM,fixed_time,1028,11.883371981994271,0.29,10.636579572446555,12.385572139303482,0,1.0,0.996268656716418,0.9999965062572932
surrogate,nominal,C_HM,fixed_time,1007,12.357246692833257,0.29,12.147368421052631,12.43733681462141,0,0.9973684210526316,0.9973890339425587,0.9999999998932182
surrogate,nominal,C_HM,efpb,1006,11.07643625624077,0.56,11.689119170984457,10.848180677540778,0,0.9922279792746114,0.9962358845671268,0.9999959374592459
surrogate,nominal,C_HM,efpb,1019,11.122893309222425,0.52,12.10888252148997,10.78993710691824,0,0.9914040114613181,1.0,0.9999813677712127
surrogate,nominal,C_HM,efpb,1004,11.088410256410256,0.53,11.511166253101736,10.92760736196319,0,0.9950372208436724,0.996319018404908,0.9999995856753391
surrogate,nominal,C_HM,efpb,1029,10.44541910331384,0.57,10.736842105263158,10.333333333333334,0,0.9974937343358395,0.9974937343358395,1.0
surrogate,nominal,C_HM,efpb,1015,10.681031412493766,0.46,11.040214477211796,10.551071878940732,0,1.0,0.9949558638083228,0.9999936070067206
surrogate,nominal,C_HM,efpb,1022,11.218335428012846,0.52,11.509043927648579,11.110696517412935,0,0.9974160206718347,0.9912935323383084,0.9999905221660331
surrogate,nominal,C_HM,efpb,1012,10.883760918907765,0.55,11.317073170731707,10.71357409713574,0,1.0,0.9987546699875467,0.9999996118051604
surrogate,nominal,C_HM,efpb,1017,11.03727292465803,0.54,12.842696629213483,10.4106463878327,0,0.9915730337078652,0.9974651457541192,0.9999912249026344
surrogate,nominal,C_HM,efpb,1026,11.480595391830356,0.53,11.988009592326138,11.279901356350186,0,1.0,0.9889025893958077,0.9999688683052443
surrogate,nominal,C_HM,efpb,1024,11.03478904515174,0.56,12.086021505376344,10.683780630105018,0,1.0,0.9953325554259043,0.9999945282608487
surrogate,nominal,C_HM,efpb,1001,11.261039763752487,0.53,12.238578680203046,10.898408812729498,0,1.0,0.9987760097919217,0.9999996250032814
surrogate,nominal,C_HM,efpb,1027,10.278299076556449,0.52,9.927461139896373,10.419836956521738,0,0.9974093264248705,0.9959239130434783,0.999999444691137
surrogate,nominal,C_HM,efpb,1011,10.774108227893345,0.52,11.469287469287469,10.488859764089122,0,0.9901719901719902,0.9960681520314548,0.9999911880614963
surrogate,nominal,C_HM,efpb,1013,10.985338905021601,0.51,12.626903553299492,10.349936143039592,0,0.9949238578680203,0.9987228607918263,0.9999963688743769
surrogate,nominal,C_HM,efpb,1030,11.142407605784681,0.51,12.295336787564766,10.740610328638498,0,0.9922279792746114,0.9964788732394366,0.9999954310435417
surrogate,nominal,C_HM,efpb,1016,10.917421199537069,0.55,11.481203007518797,10.707168894289186,0,0.9949874686716792,0.9975698663426489,0.99999832033041
surrogate,nominal,C_HM,efpb,1005,10.346619217081852,0.61,10.91005291005291,10.139240506329115,0,0.9947089947089947,0.9962025316455696,0.9999994372341069
surrogate,nominal,C_HM,efpb,1020,10.777554390751778,0.57,10.926208651399492,10.719115734720416,0,0.9974554707379135,0.9986996098829649,0.9999996115374257
surrogate,nominal,C_HM,efpb,1025,10.700464342643288,0.51,11.656641604010025,10.334993773349938,0,1.0,0.9937733499377335,0.9999902466657251
surrogate,nominal,C_HM,efpb,1014,10.805464784815408,0.49,11.46095717884131,10.555555555555555,0,0.9924433249370277,0.9962546816479401,0.9999963270085113
surrogate,nominal,C_HM,efpb,1018,11.061075597554197,0.55,12.31233595800525,10.61056511056511,0,1.0,0.9963144963144963,0.9999965917275927
surrogate,nominal,C_HM,efpb,1003,10.947863009884449,0.52,12.144356955380577,10.516009852216749,0,0.9973753280839895,0.9987684729064039,0.9999995129106096
surrogate,nominal,C_HM,efpb,1021,10.682284848067251,0.54,11.171284634760704,10.498150431565968,0,1.0,0.9963008631319359,0.999996566418813
surrogate,nominal,C_HM,efpb,1008,11.164183280867435,0.54,11.713270142180095,10.934193548387096,0,0.9976303317535545,0.9974193548387097,0.9999999888168941
surrogate,nominal,C_HM,efpb,1002,11.238866957545536,0.54,13.191214470284237,10.523985239852399,0,0.9948320413436692,0.996309963099631,0.9999994490677736
surrogate,nominal,C_HM,efpb,1010,10.691142191142191,0.54,11.961538461538462,10.22749391727494,0,1.0,0.9963503649635036,0.9999966578657129
surrogate,nominal,C_HM,efpb,1023,11.098048712980903,0.53,12.494652406417112,10.610436893203884,0,1.0,0.9939320388349514,0.9999907389365482
surrogate,nominal,C_HM,efpb,1009,10.5972788175979,0.43,10.558752997601918,10.612862547288778,0,1.0,1.0,1.0
surrogate,nominal,C_HM,efpb,1028,11.118333105988269,0.54,12.292161520190025,10.645522388059701,0,1.0,0.9987562189054726,0.9999996127708184
surrogate,nominal,C_HM,efpb,1007,10.748291902892861,0.49,11.836842105263157,10.332898172323759,0,1.0,0.9921671018276762,0.9999845408105426
surrogate,nominal,C_HL,efficiency,1006,8.22443213922477,0.6,6.171361502347418,10.130311614730878,0,1.0,1.0,1.0
surrogate,nominal,C_HL,efficiency,1019,9.192711550339718,0.52,6.5344827586206895,11.19718309859155,0,1.0,1.0,1.0
surrogate,nominal,C_HL,efficiency,1004,8.63632297025274,0.61,5.985294117647059,10.86096256684492,0,1.0,0.9946524064171123,0.999992812477539
surrogate,nominal,C_HL,efficiency,1029,7.761035359371388,0.72,5.4366925064599485,9.641304347826088,0,1.0,1.0,1.0
surrogate,nominal,C_HL,efficiency,1015,8.491240283095486,0.84,6.026525198938992,10.407506702412869,0,1.0,1.0,1.0
surrogate,nominal,C_HL,efficiency,1022,8.088870722877497,0.51,5.6537467700258395,10.096952908587257,0,1.0,1.0,1.0
surrogate,nominal,C_HL,efficiency,1012,8.762510879025237,0.59,6.157043879907621,11.082887700534759,0,0.9976905311778291,0.9973262032085561,0.9999999666503004
surrogate,nominal,C_HL,efficiency,1017,8.56616773580423,0.61,6.027322404371585,10.519125683060109,0,1.0,0.9918032786885246,0.999983065198984
surrogate,nominal,C_HL,efficiency,1026,8.325270079849695,0.44,6.3727034120734904,9.9060773480663,0,0.9973753280839895,1.0,0.999998273248124
surrogate,nominal,C_HL,efficiency,1024,8.27184805406665,0.64,5.316582914572864,10.82768361581921,0,1.0,0.9971751412429378,0.9999979993998198
surrogate,nominal,C_HL,efficiency,1001,8.581996837587532,0.71,6.467005076142132,10.277777777777779,0,1.0,1.0,1.0
surrogate,nominal,C_HL,efficiency,1027,8.995806150978565,0.58,6.31638418079096,10.876288659793815,0,0.9887005649717514,0.9948453608247423,0.999990403204741
surrogate,nominal,C_HL,efficiency,1011,8.010236876562315,0.52,5.73404255319149,9.854341736694678,0,0.9973404255319149,1.0,0.999998226956642
surrogate,nominal,C_HL,efficiency,1013,8.496893031513537,0.73,5.95771144278607,10.541666666666666,0,1.0,0.9947916666666666,0.9999931829027199
surrogate,nominal,C_HL,efficiency,1030,9.146335833814195,0.76,6.432717678100264,11.256,0,1.0,0.9893333333333333,0.9999712505300683
surrogate,nominal,C_HL,efficiency,1016,8.890059171597633,0.58,5.94044665012407,11.579411764705883,0,0.9975186104218362,0.9911764705882353,0.9999898297691575
surrogate,nominal,C_HL,efficiency,1005,7.43,0.6,4.916666666666667,9.75,0,1.0,1.0,1.0
surrogate,nominal,C_HL,efficiency,1020,8.421955403087479,0.63,5.6075,10.794520547945206,0,0.995,1.0,0.999993718671876
surrogate,nominal,C_HL,efficiency,1025,8.122141725152819,0.59,6.041975308641975,9.883152173913043,0,1.0,0.9972826086956522,0.9999981489228582
surrogate,nominal,C_HL,efficiency,1014,8.053488937515196,0.73,5.571428571428571,10.163742690058479,0,0.9973544973544973,1.0,0.9999982456940558
surrogate,nominal,C_HL,efficiency,1018,8.757958162801273,0.54,6.200488997555012,10.980662983425415,0,1.0,0.9972375690607734,0.9999980869665026
surrogate,nominal,C_HL,efficiency,1003,7.265569500355197,0.49,5.1576227390180875,9.048295454545455,0,1.0,0.9943181818181818,0.9999918832486485
surrogate,nominal,C_HL,efficiency,1021,7.860838433999306,0.55,5.824146981627297,9.46112600536193,0,0.9921259842519685,0.9973190348525469,0.9999931863743862
surrogate,nominal,C_HL,efficiency,1008,8.465403162498598,0.85,5.504854368932039,11.008130081300813,0,1.0,1.0,1.0
surrogate,nominal,C_HL,efficiency,1002,7.560370066752546,0.78,5.10126582278481,9.677053824362606,0,1.0,1.0,1.0
surrogate,nominal,C_HL,efficiency,1010,8.813325674899483,0.61,6.196078431372549,10.632911392405063,0,0.9943977591036415,1.0,0.9999921096443817
surrogate,nominal,C_HL,efficiency,1023,8.055509429486419,0.58,5.844387755102041,9.976945244956772,0,0.9974489795918368,0.9971181556195965,0.9999999724896184
surrogate,nominal,C_HL,efficiency,1009,8.109243697478991,0.8,5.574626865671642,10.292479108635098,0,0.9975124378109452,1.0,0.9999984491555652
surrogate,nominal,C_HL,efficiency,1028,8.185102834908282,0.66,5.895631067961165,10.12,0,0.9975728155339806,0.9866666666666667,0.9999697906382998
surrogate,nominal,C_HL,efficiency,1007,8.717336968870711,0.52,5.8525798525798525,11.18131868131868,0,0.9975429975429976,1.0,0.9999984870720307
surrogate,nominal,C_HL,equal_bargaining,1006,7.863487399706181,0.64,7.093896713615023,8.577903682719548,0,1.0,1.0,1.0
surrogate,nominal,C_HL,equal_bargaining,1019,8.480420012353305,0.48,7.649425287356322,9.107042253521128,0,0.9913793103448276,1.0,0.9999812600727109
surrogate,nominal,C_HL,equal_bargaining,1004,8.532207559830015,0.53,7.754901960784314,9.184491978609625,0,1.0,0.9973262032085561,0.9999982079174209
surrogate,nominal,C_HL,equal_bargaining,1029,7.729720360526923,0.4,7.271317829457364,8.10054347826087,0,1.0,1.0,1.0
surrogate,nominal,C_HL,equal_bargaining,1015,8.679661213597864,0.52,8.222811671087532,9.03485254691689,0,1.0,1.0,1.0
surrogate,nominal,C_HL,equal_bargaining,1022,8.384678266962514,0.46,7.749354005167959,8.908587257617729,0,1.0,1.0,1.0
surrogate,nominal,C_HL,equal_bargaining,1012,8.908289817232376,0.45,8.087759815242494,9.63903743315508,0,1.0,0.9973262032085561,0.9999982079174209
surrogate,nominal,C_HL,equal_bargaining,1017,8.852459016393444,0.44,8.532786885245901,9.098360655737705,0,0.9918032786885246,0.9972677595628415,0.9999924526593055
surrogate,nominal,C_HL,equal_bargaining,1026,8.184593705965241,0.53,8.091863517060368,8.259668508287293,0,0.9973753280839895,1.0,0.999998273248124
surrogate,nominal,C_HL,equal_bargaining,1024,8.803192728967606,0.52,8.389447236180905,9.161016949152541,0,0.9974874371859297,1.0,0.99999841778661
surrogate,nominal,C_HL,equal_bargaining,1001,8.019200361418568,0.53,7.647208121827411,8.317460317460318,0,1.0,1.0,1.0
surrogate,nominal,C_HL,equal_bargaining,1027,8.347972972972972,0.4,7.598870056497175,8.873711340206185,0,0.9887005649717514,0.9948453608247423,0.999990403204741
surrogate,nominal,C_HL,equal_bargaining,1011,8.086775383882872,0.52,7.699468085106383,8.400560224089636,0,0.9973404255319149,1.0,0.999998226956642
surrogate,nominal,C_HL,equal_bargaining,1013,8.357301375943187,0.53,7.733830845771144,8.859375,0,1.0,0.9973958333333334,0.9999983001580853
surrogate,nominal,C_HL,equal_bargaining,1030,8.813618003462205,0.71,8.350923482849604,9.173333333333334,0,1.0,0.992,0.9999838714880165
surrogate,nominal,C_HL,equal_bargaining,1016,8.479881656804734,0.62,8.086848635235732,8.838235294117647,0,0.9900744416873449,1.0,0.9999751251515809
surrogate,nominal,C_HL,equal_bargaining,1005,7.59725,0.52,6.8359375,8.3,0,1.0,1.0,1.0
surrogate,nominal,C_HL,equal_bargaining,1020,8.712292738707834,0.53,8.02,9.295890410958904,0,0.9975,1.0,0.9999984335888673
surrogate,nominal,C_HL,equal_bargaining,1025,8.018451437627348,0.51,7.619753086419753,8.355978260869565,0,1.0,0.9972826086956522,0.9999981489228582
surrogate,nominal,C_HL,equal_bargaining,1014,8.061147580841235,0.55,7.235449735449736,8.763157894736842,0,0.9973544973544973,1.0,0.9999982456940558
surrogate,nominal,C_HL,equal_bargaining,1018,8.881764438381081,0.55,7.506112469437653,10.077348066298342,0,1.0,0.9972375690607734,0.9999980869665026
surrogate,nominal,C_HL,equal_bargaining,1003,7.638290314941984,0.4,7.126614987080103,8.071022727272727,0,1.0,0.9971590909090909,0.9999979765686651
surrogate,nominal,C_HL,equal_bargaining,1021,7.973899988451322,0.5,7.5380577427821525,8.316353887399464,0,0.9921259842519685,0.9973190348525469,0.9999931863743862
surrogate,nominal,C_HL,equal_bargaining,1008,8.563081753953123,0.42,7.808252427184466,9.211382113821138,0,1.0,0.997289972899729,0.9999981589557598
surrogate,nominal,C_HL,equal_bargaining,1002,7.21126595620096,0.4,6.706329113924051,7.645892351274788,0,1.0,1.0,1.0
surrogate,nominal,C_HL,equal_bargaining,1010,9.060310166570936,0.56,8.69187675070028,9.316455696202532,0,0.9943977591036415,1.0,0.9999921096443817
surrogate,nominal,C_HL,equal_bargaining,1023,7.984343494247421,0.42,7.448979591836735,8.44956772334294,0,0.9974489795918368,0.9971181556195965,0.9999999724896184
surrogate,nominal,C_HL,equal_bargaining,1009,8.117071486128697,0.5,7.253731343283582,8.860724233983287,0,0.9975124378109452,1.0,0.9999984491555652
surrogate,nominal,C_HL,equal_bargaining,1028,8.19811006114508,0.52,7.788834951456311,8.544,0,0.9902912621359223,0.9946666666666667,0.9999951411700307
surrogate,nominal,C_HL,equal_bargaining,1007,8.312201772324473,0.56,7.6339066339066335,8.895604395604396,0,1.0,1.0,1.0
surrogate,nominal,C_HL,fixed_time,1006,12.01062266922816,0.29,11.02112676056338,12.929178470254957,0,1.0,0.9971671388101983,0.999997988032819
surrogate,nominal,C_HL,fixed_time,1019,11.93539221741816,0.29,10.471264367816092,13.03943661971831,0,0.9971264367816092,0.9943661971830986,0.9999980789648082
surrogate,nominal,C_HL,fixed_time,1004,12.07615745918139,0.29,11.156862745098039,12.8475935828877,0,1.0,1.0,1.0
surrogate,nominal,C_HL,fixed_time,1029,12.252368846776056,0.29,11.462532299741602,12.891304347826088,0,1.0,0.9891304347826086,0.9999701403404001
surrogate,nominal,C_HL,fixed_time,1015,11.79510384035271,0.29,11.848806366047745,11.753351206434317,0,1.0,1.0,1.0
surrogate,nominal,C_HL,fixed_time,1022,12.016816536260658,0.29,11.607235142118864,12.354570637119114,0,1.0,0.9944598337950139,0.9999922840101542
surrogate,nominal,C_HL,fixed_time,1012,12.052654482158397,0.29,11.787528868360278,12.288770053475936,0,1.0,0.9973262032085561,0.9999982079174209
surrogate,nominal,C_HL,fixed_time,1017,12.015205511998102,0.29,10.912568306010929,12.863387978142077,0,1.0,0.9972677595628415,0.9999981286094445
surrogate,nominal,C_HL,fixed_time,1026,11.813997181775482,0.29,11.167979002624673,12.337016574585636,0,1.0,0.9972375690607734,0.9999980869665026
surrogate,nominal,C_HL,fixed_time,1024,12.542647401538103,0.32,12.258793969849247,12.788135593220339,0,1.0,1.0,1.0
surrogate,nominal,C_HL,fixed_time,1001,11.455161508922519,0.29,11.131979695431472,11.714285714285714,0,1.0,0.9973544973544973,0.9999982456940558
surrogate,nominal,C_HL,fixed_time,1027,11.935927306616959,0.29,10.963276836158192,12.618556701030927,0,0.9971751412429378,0.9948453608247423,0.9999986321395913
surrogate,nominal,C_HL,fixed_time,1011,11.44149506011189,0.29,11.284574468085106,11.568627450980392,0,1.0,0.9971988795518207,0.9999980329287724
surrogate,nominal,C_HL,fixed_time,1013,12.075011096316022,0.29,11.74129353233831,12.34375,0,0.9975124378109452,0.9973958333333334,0.9999999965834752
surrogate,nominal,C_HL,fixed_time,1030,12.257587997691864,0.29,12.16358839050132,12.330666666666668,0,1.0,0.992,0.9999838714880165
surrogate,nominal,C_HL,fixed_time,1016,11.508284023668638,0.29,10.8560794044665,12.102941176470589,0,0.9975186104218362,0.9970588235294118,0.9999999468612485
surrogate,nominal,C_HL,fixed_time,1005,11.595875000000001,0.29,10.6875,12.434375,0,1.0,1.0,1.0
surrogate,nominal,C_HL,fixed_time,1020,12.354716981132077,0.29,11.755,12.860273972602739,0,0.9975,0.9945205479452055,0.9999977629061548
surrogate,nominal,C_HL,fixed_time,1025,11.708286167081729,0.29,11.45679012345679,11.921195652173912,0,1.0,1.0,1.0
surrogate,nominal,C_HL,fixed_time,1014,11.73292000972526,0.29,11.140211640211641,12.236842105263158,0,0.9973544973544973,0.9970760233918129,0.9999999805046355
surrogate,nominal,C_HL,fixed_time,1018,12.009436107321509,0.29,11.06356968215159,12.831491712707182,0,0.9975550122249389,1.0,0.9999985018502151
surrogate,nominal,C_HL,fixed_time,1003,11.86230168126924,0.29,11.366925064599483,12.28125,0,1.0,0.9971590909090909,0.9999979765686651
surrogate,nominal,C_HL,fixed_time,1021,11.639681256496129,0.29,11.181102362204724,12.0,0,0.994750656167979,0.9946380697050938,0.999999996797176
surrogate,nominal,C_HL,fixed_time,1008,11.75698104743748,0.29,11.565533980582524,11.92140921409214,0,1.0,0.994579945799458,0.9999926158390253
surrogate,nominal,C_HL,fixed_time,1002,11.721630167466914,0.29,11.559493670886075,11.861189801699716,0,0.9974683544303797,1.0,0.9999983936310683
surrogate,nominal,C_HL,fixed_time,1010,11.889029293509477,0.29,11.408963585434174,12.222784810126582,0,0.9971988795518207,0.9974683544303797,0.9999999817486221
surrogate,nominal,C_HL,fixed_time,1023,11.719724825050411,0.29,10.83673469387755,12.487031700288185,0,0.9948979591836735,0.9971181556195965,0.9999987577855753
surrogate,nominal,C_HL,fixed_time,1009,11.688960515713134,0.29,11.502487562189055,11.84958217270195,0,0.9975124378109452,1.0,0.9999984491555652
surrogate,nominal,C_HL,fixed_time,1028,11.958977209560867,0.29,11.004854368932039,12.765333333333333,0,0.9975728155339806,0.9946666666666667,0.9999978720975972
surrogate,nominal,C_HL,fixed_time,1007,11.981935923653715,0.29,11.171990171990172,12.678571428571429,0,0.9975429975429976,1.0,0.9999984870720307
surrogate,nominal,C_HL,efpb,1006,7.9747994123629775,0.43,6.974178403755869,8.903682719546742,0,1.0,1.0,1.0
surrogate,nominal,C_HL,efpb,1019,8.563557751698578,0.44,7.316091954022989,9.504225352112677,0,1.0,1.0,1.0
surrogate,nominal,C_HL,efpb,1004,8.35528964437486,0.52,7.125,9.38770053475936,0,1.0,0.9973262032085561,0.9999982079174209
surrogate,nominal,C_HL,efpb,1029,7.8577536399352885,0.4,6.865633074935401,8.660326086956522,0,1.0,1.0,1.0
surrogate,nominal,C_HL,efpb,1015,8.634064276598213,0.44,7.915119363395226,9.193029490616622,0,1.0,1.0,1.0
surrogate,nominal,C_HL,efpb,1022,8.759313324769357,0.46,7.6175710594315245,9.700831024930748,0,1.0,1.0,1.0
surrogate,nominal,C_HL,efpb,1012,8.838555265448216,0.45,7.4203233256351036,10.101604278074866,0,1.0,0.9946524064171123,0.999992812477539
surrogate,nominal,C_HL,efpb,1017,8.745901639344263,0.44,7.538251366120218,9.674863387978142,0,1.0,0.9972677595628415,0.9999981286094445
surrogate,nominal,C_HL,efpb,1026,7.998825739783936,0.44,6.973753280839895,8.828729281767956,0,0.9973753280839895,1.0,0.999998273248124
surrogate,nominal,C_HL,efpb,1024,8.39757632253554,0.45,7.1457286432160805,9.480225988700566,0,0.9974874371859297,1.0,0.99999841778661
surrogate,nominal,C_HL,efpb,1001,8.29229726677208,0.49,7.020304568527918,9.312169312169312,0,1.0,1.0,1.0
surrogate,nominal,C_HL,efpb,1027,8.058597390493942,0.45,6.4858757062146895,9.162371134020619,0,0.9887005649717514,0.9948453608247423,0.999990403204741
surrogate,nominal,C_HL,efpb,1011,8.100940364242353,0.44,7.444148936170213,8.633053221288515,0,0.9973404255319149,1.0,0.999998226956642
surrogate,nominal,C_HL,efpb,1013,8.30947625388371,0.53,7.002487562189055,9.361979166666666,0,0.9975124378109452,0.9947916666666666,0.9999981350295426
surrogate,nominal,C_HL,efpb,1030,8.679053664166187,0.62,7.638522427440633,9.488,0,1.0,0.9893333333333333,0.9999712505300683
surrogate,nominal,C_HL,efpb,1016,8.518579881656805,0.49,7.590570719602978,9.364705882352942,0,0.9900744416873449,1.0,0.9999751251515809
surrogate,nominal,C_HL,efpb,1005,7.387125,0.61,6.354166666666667,8.340625,0,1.0,1.0,1.0
surrogate,nominal,C_HL,efpb,1020,8.428816466552316,0.54,7.1175,9.534246575342467,0,0.9975,1.0,0.9999984335888673
surrogate,nominal,C_HL,efpb,1025,7.989132895630518,0.51,6.987654320987654,8.83695652173913,0,1.0,0.9972826086956522,0.9999981489228582
surrogate,nominal,C_HL,efpb,1014,7.6974228057379035,0.51,6.595238095238095,8.634502923976608,0,0.9973544973544973,1.0,0.9999982456940558
surrogate,nominal,C_HL,efpb,1018,8.952478399272398,0.55,7.550122249388753,10.171270718232044,0,1.0,0.9972375690607734,0.9999980869665026
surrogate,nominal,C_HL,efpb,1003,7.508169547714894,0.41,6.516795865633075,8.346590909090908,0,1.0,0.9914772727272727,0.9999816853543884
surrogate,nominal,C_HL,efpb,1021,8.02448319667398,0.46,7.086614173228346,8.761394101876675,0,0.9921259842519685,0.9973190348525469,0.9999931863743862
surrogate,nominal,C_HL,efpb,1008,9.028597061792082,0.52,7.910194174757281,9.989159891598916,0,1.0,1.0,1.0
surrogate,nominal,C_HL,efpb,1002,7.245110668696569,0.4,6.539240506329114,7.852691218130311,0,1.0,1.0,1.0
surrogate,nominal,C_HL,efpb,1010,8.192533026995978,0.56,7.187675070028011,8.891139240506329,0,0.9943977591036415,1.0,0.9999921096443817
surrogate,nominal,C_HL,efpb,1023,8.480963112323568,0.45,7.525510204081633,9.311239193083573,0,0.9974489795918368,0.9971181556195965,0.9999999724896184
surrogate,nominal,C_HL,efpb,1009,7.8615172096235755,0.5,6.5721393034825875,8.972144846796658,0,0.9975124378109452,1.0,0.9999984491555652
surrogate,nominal,C_HL,efpb,1028,8.368649249583102,0.52,7.757281553398058,8.885333333333334,0,0.9902912621359223,0.9946666666666667,0.9999951411700307
surrogate,nominal,C_HL,efpb,1007,8.458418541240627,0.52,7.250614250614251,9.497252747252746,0,1.0,1.0,1.0
surrogate,stress,T_HS,efficiency,1130,14.174172013926855,0.91,24.53435114503817,12.853226486714467,0,0.989821882951654,0.9974694221847322,0.999985191402429
surrogate,stress,T_HS,efficiency,1128,14.426834096951184,1.09,26.29873417721519,12.933774834437086,2,0.9974683544303797,0.9966887417218543,0.9999998471593005
surrogate,stress,T_HS,efficiency,1110,13.750818448107516,1.25,25.681462140992167,12.276426174496644,3,0.9869451697127938,0.9949664429530202,0.9999836201114393
surrogate,stress,T_HS,efficiency,1107,14.39740064260283,0.87,24.120772946859905,13.073535699016674,0,0.9830917874396136,0.9978623343309106,0.9999444069921721
surrogate,stress,T_HS,efficiency,1117,14.384429861461664,0.84,24.334117647058825,13.038079470198676,0,1.0,0.9958609271523179,0.9999956992547326
surrogate,stress,T_HS,efficiency,1104,13.808790896159318,0.97,25.06020942408377,12.436929460580913,0,0.9921465968586387,0.9962655601659751,0.9999957089738286
surrogate,stress,T_HS,efficiency,1118,13.765325364820562,1.09,25.494475138121548,12.388959123472398,1,0.9834254143646409,0.9978929624947324,0.9999466839236956
surrogate,stress,T_HS,efficiency,1113,14.091235175007233,0.97,24.910025706940875,12.719491525423729,0,0.9794344473007712,0.9944915254237288,0.9999418172270883
surrogate,stress,T_HS,efficiency,1106,14.047459698539255,0.81,23.20740740740741,12.823756432246999,0,0.9975308641975309,0.9952830188679245,0.9999987276727844
surrogate,stress,T_HS,efficiency,1120,14.070090495129403,0.81,23.357142857142858,12.791133844842285,0,0.9952380952380953,0.9961636828644501,0.9999997839684381
surrogate,stress,T_HS,efficiency,1116,13.981051064804214,1.19,21.934508816120907,12.961376994122586,4,0.9949622166246851,0.9974811083123426,0.999998401744017
surrogate,stress,T_HS,efficiency,1102,13.959144470885061,1.05,24.50132625994695,12.681571249477644,1,0.9973474801061007,0.9954032595068951,0.9999990481145048
surrogate,stress,T_HS,efficiency,1109,14.14157239009022,0.93,23.539641943734015,12.956394129979035,0,1.0,0.9941299790356394,0.9999913349990176
surrogate,stress,T_HS,efficiency,1129,13.97582829155863,0.85,24.374005305039788,12.708823529411765,0,0.9946949602122016,0.9957983193277311,0.9999996927356252
surrogate,stress,T_HS,efficiency,1114,13.81487287652491,0.83,23.445544554455445,12.561557788944723,0,0.9851485148514851,0.9962311557788944,0.9999687149010863
surrogate,stress,T_HS,efficiency,1119,13.899069927661042,0.82,23.885,12.603709949409781,0,0.9875,0.9957841483979764,0.9999825530996169
surrogate,stress,T_HS,efficiency,1122,14.055862510177967,1.1,25.097686375321338,12.647485080988917,1,0.9974293059125964,0.9978687127024722,0.999999951502655
surrogate,stress,T_HS,efficiency,1115,13.679632369679036,0.97,23.40731707317073,12.394891122278057,0,0.9878048780487805,0.9974874371859297,0.9999762140192496
surrogate,stress,T_HS,efficiency,1112,13.936725071307992,0.91,25.01608579088472,12.587436332767403,0,0.9865951742627346,0.9953310696095077,0.9999805718507633
surrogate,stress,T_HS,efficiency,1105,13.578055563519596,0.9,25.056410256410256,12.133025597985732,0,0.9974358974358974,0.9974821653378095,0.9999999994620901
surrogate,stress,T_HS,efficiency,1101,13.627400951780288,0.79,22.70602409638554,12.401438240270728,0,1.0,0.9957698815566836,0.999995507561134
surrogate,stress,T_HS,efficiency,1127,13.374576029642299,0.91,22.435443037974682,12.225052192066807,0,0.9924050632911392,0.9966597077244259,0.999995424624898
surrogate,stress,T_HS,efficiency,1123,13.799930791856507,1.01,24.641160949868073,12.469696969696969,2,1.0,0.9983164983164983,0.9999992902616804
surrogate,stress,T_HS,efficiency,1125,14.384619820651078,0.97,24.948849104859335,13.042247570764681,0,0.9948849104859335,0.9953527672158851,0.9999999447393677
surrogate,stress,T_HS,efficiency,1124,13.973844531661884,0.95,26.45762711864407,12.529736618521666,0,0.9915254237288136,0.9966015293118097,0.9999934811612807
surrogate,stress,T_HS,efficiency,1103,13.623635841470419,1.11,22.64588528678304,12.449367088607595,1,0.9900249376558603,0.9983122362869198,0.9999826284580703
surrogate,stress,T_HS,efficiency,1108,13.325412618518085,0.9,23.454054054054055,12.095563139931741,0,0.9891891891891892,0.9965870307167235,0.9999861214718995
surrogate,stress,T_HS,efficiency,1126,14.105315605159012,0.88,24.559405940594058,12.7465495608532,0,0.9876237623762376,0.9979088247595148,0.9999731683012699
surrogate,stress,T_HS,efficiency,1121,13.703389349381174,0.75,23.475949367088607,12.469243557772236,0,1.0,0.9966749792186201,0.9999972268537614
surrogate,stress,T_HS,efficiency,1111,14.112719988553442,0.8,24.125307125307124,12.792842105263158,0,0.9901719901719902,0.992421052631579,0.9999987131280977
surrogate,stress,T_HS,equal_bargaining,1130,16.256841136017034,1.4,29.974554707379134,14.507802614930409,17,1.0,0.9953606073386757,0.9999945939864935
surrogate,stress,T_HS,equal_bargaining,1128,16.049012953221336,1.6,32.00253164556962,14.042632450331126,13,0.9949367088607595,0.9975165562913907,0.9999983234711507
surrogate,stress,T_HS,equal_bargaining,1110,17.280397449888003,2.11,43.0443864229765,14.096476510067115,45,0.9895561357702349,0.9970637583892618,0.9999857186551747
surrogate,stress,T_HS,equal_bargaining,1107,15.976235273685125,1.67,27.85024154589372,14.35955536554083,14,0.9782608695652174,0.9974348011970928,0.9999058237593
surrogate,stress,T_HS,equal_bargaining,1117,16.889982612597453,1.74,35.99294117647059,14.305049668874172,26,0.9905882352941177,0.9975165562913907,0.9999878557084897
surrogate,stress,T_HS,equal_bargaining,1104,14.415419630156473,1.09,25.908376963350786,13.014107883817427,6,0.9947643979057592,0.9975103734439834,0.9999981002605894
surrogate,stress,T_HS,equal_bargaining,1118,15.454350285764018,1.08,25.837016574585636,14.23598820058997,3,0.994475138121547,0.9957859249894648,0.9999995662456115
surrogate,stress,T_HS,equal_bargaining,1113,15.158547873879085,1.06,24.506426735218508,13.973305084745762,3,0.9717223650385605,0.9957627118644068,0.9998507227146763
surrogate,stress,T_HS,equal_bargaining,1106,15.19193388814526,1.33,27.632098765432097,13.530017152658662,10,1.0,0.9969982847341338,0.9999977406546326
surrogate,stress,T_HS,equal_bargaining,1120,15.581560896881664,2.04,28.802380952380954,13.76086956521739,13,1.0,0.994458653026428,0.9999922807116909
surrogate,stress,T_HS,equal_bargaining,1116,15.836472406686514,1.52,31.395465994962215,13.841729638958858,18,0.9924433249370277,0.9979009235936188,0.9999924812866344
surrogate,stress,T_HS,equal_bargaining,1102,15.143954815218327,1.64,27.549071618037136,13.640618470539073,12,0.9920424403183024,0.9962390305056414,0.9999955451256796
surrogate,stress,T_HS,equal_bargaining,1109,16.09296863812115,1.49,30.78772378516624,14.239832285115304,13,1.0,0.9945492662473795,0.9999925317790477
surrogate,stress,T_HS,equal_bargaining,1129,15.187381158167675,0.97,29.145888594164457,13.48655462184874,0,0.9734748010610079,0.9966386554621849,0.9998617773723791
surrogate,stress,T_HS,equal_bargaining,1114,15.498517842891346,1.37,25.82920792079208,14.154103852596315,9,0.9900990099009901,0.9974874371859297,0.999986181975692
surrogate,stress,T_HS,equal_bargaining,1119,15.560512113905155,1.46,26.18,14.182967959527824,11,0.995,0.9953625632377741,0.9999999668179563
surrogate,stress,T_HS,equal_bargaining,1122,15.26794230545539,1.1,27.902313624678662,13.656436487638533,7,1.0,0.9965899403239556,0.9999970829428732
surrogate,stress,T_HS,equal_bargaining,1115,15.211358980195767,1.32,23.83170731707317,14.07286432160804,3,0.9829268292682927,0.9949748743718593,0.9999628971178881
surrogate,stress,T_HS,equal_bargaining,1112,15.561062925665057,1.91,36.37801608579088,13.025891341256367,28,0.9973190348525469,0.9927843803056027,0.9999948079977645
surrogate,stress,T_HS,equal_bargaining,1105,15.195991857564724,0.96,24.31282051282051,14.048258497691984,0,1.0,0.9974821653378095,0.9999984111316819
surrogate,stress,T_HS,equal_bargaining,1101,15.341436844217647,1.45,27.424096385542168,13.709813874788495,9,1.0,0.9928087986463621,0.9999869783511709
surrogate,stress,T_HS,equal_bargaining,1127,15.74185549380077,1.38,31.870886075949368,13.695615866388309,14,1.0,0.9958246346555324,0.9999956233450773
surrogate,stress,T_HS,equal_bargaining,1123,16.350308552973065,2.21,37.15831134564644,13.797138047138047,23,1.0,0.9949494949494949,0.9999935908117876
surrogate,stress,T_HS,equal_bargaining,1125,15.659669559701278,1.66,28.312020460358056,14.051964512040557,17,0.9974424552429667,0.9966201943388255,0.9999998299637137
surrogate,stress,T_HS,equal_bargaining,1124,14.715189502665337,1.23,24.98870056497175,13.526762956669499,6,0.9943502824858758,0.9957519116397621,0.9999995039616296
surrogate,stress,T_HS,equal_bargaining,1103,15.331361286616888,1.36,28.977556109725686,13.555274261603376,8,0.9900249376558603,0.9970464135021097,0.9999875139673576
surrogate,stress,T_HS,equal_bargaining,1108,15.43758047524289,1.23,29.016216216216215,13.78882252559727,12,1.0,0.9957337883959044,0.9999954304063685
surrogate,stress,T_HS,equal_bargaining,1126,15.93804629445093,1.14,28.725247524752476,14.27603513174404,9,0.9975247524752475,0.9962358845671268,0.9999995821017005
surrogate,stress,T_HS,equal_bargaining,1121,15.671823549449302,0.9,22.969620253164557,14.750207813798836,0,1.0,0.9937655860349127,0.9999902222521205
surrogate,stress,T_HS,equal_bargaining,1111,15.371726999570754,1.09,28.380835380835382,13.656842105263157,2,0.9803439803439803,0.9957894736842106,0.9999389136047372
surrogate,stress,T_HS,fixed_time,1130,16.83946709636578,0.7,11.720101781170483,17.49219738506959,0,0.9974554707379135,0.9962041332770982,0.9999996060449222
surrogate,stress,T_HS,fixed_time,1128,16.65526896317665,0.57,12.015189873417722,17.238824503311257,0,1.0,0.9942052980132451,0.9999915565718304
surrogate,stress,T_HS,fixed_time,1110,17.086554477054733,0.82,10.530026109660575,17.89681208053691,0,0.9947780678851175,0.9953859060402684,0.9999999067179344
surrogate,stress,T_HS,fixed_time,1107,17.542362578516226,0.9,10.946859903381643,18.44035912783241,0,0.9975845410628019,0.9965797349294571,0.9999997461117625
surrogate,stress,T_HS,fixed_time,1117,16.610466094565034,0.58,11.284705882352942,17.33112582781457,0,0.9976470588235294,0.9958609271523179,0.9999991972309239
surrogate,stress,T_HS,fixed_time,1104,16.381024182076814,0.59,11.879581151832461,16.929875518672198,0,0.9947643979057592,0.9950207468879668,0.9999999834021889
surrogate,stress,T_HS,fixed_time,1118,16.843975746322783,0.94,10.867403314917127,17.545301306363253,0,1.0,0.9945217024863042,0.9999924558481863
surrogate,stress,T_HS,fixed_time,1113,16.995024587792884,0.71,11.789203084832906,17.65508474576271,0,1.0,0.9919491525423729,0.9999836649824555
surrogate,stress,T_HS,fixed_time,1106,15.751964150613981,0.52,11.674074074074074,16.296740994854204,0,0.9975308641975309,0.9952830188679245,0.9999987276727844
surrogate,stress,T_HS,fixed_time,1120,16.298259265663724,0.61,11.614285714285714,16.943307757885762,0,1.0,0.9965899403239556,0.9999970829428732
surrogate,stress,T_HS,fixed_time,1116,17.311684222578428,0.65,10.924433249370278,18.13056255247691,0,1.0,0.9962216624685138,0.9999964175311694
surrogate,stress,T_HS,fixed_time,1102,16.704836721236273,0.54,11.907161803713528,17.28625156707062,0,1.0,0.9933138320100292,0.9999887488135711
surrogate,stress,T_HS,fixed_time,1109,16.579722182443078,0.74,11.843989769820972,17.176939203354298,0,1.0,0.9941299790356394,0.9999913349990176
surrogate,stress,T_HS,fixed_time,1129,16.578017862287528,0.59,10.594164456233422,17.307142857142857,0,1.0,0.9915966386554622,0.999982196902261
surrogate,stress,T_HS,fixed_time,1114,16.13818264736062,0.54,11.388613861386139,16.756281407035175,0,1.0,0.9932998324958124,0.999988701490556
surrogate,stress,T_HS,fixed_time,1119,16.30451257320014,0.63,11.9375,16.87099494097808,0,0.9975,0.9940978077571669,0.9999970818127637
surrogate,stress,T_HS,fixed_time,1122,16.66040479236943,0.66,11.946015424164525,17.2617220801364,0,1.0,0.9953111679454391,0.9999944778819089
surrogate,stress,T_HS,fixed_time,1115,16.00128044616435,0.48,12.697560975609756,16.437604690117254,0,1.0,0.9941373534338358,0.9999913568204388
surrogate,stress,T_HS,fixed_time,1112,16.183887304266836,0.57,11.53887399463807,16.749575551782684,0,0.9973190348525469,0.9936332767402377,0.9999965728709647
surrogate,stress,T_HS,fixed_time,1105,16.358582528168814,0.62,11.61025641025641,16.95635753252203,0,1.0,0.9958036088963491,0.9999955790623687
surrogate,stress,T_HS,fixed_time,1101,16.142910383578926,0.49,11.390361445783132,16.784686971235196,0,1.0,0.9936548223350253,0.9999898706112396
surrogate,stress,T_HS,fixed_time,1127,16.53735214479122,0.54,12.179746835443037,17.0901878914405,0,0.9924050632911392,0.9949895615866389,0.9999983088444939
surrogate,stress,T_HS,fixed_time,1123,16.11061768268066,0.53,11.379947229551451,16.69107744107744,0,0.9973614775725593,0.9970538720538721,0.99999997621205
surrogate,stress,T_HS,fixed_time,1125,17.229059139009834,0.59,11.823529411764707,17.915927334178285,0,0.9974424552429667,0.9932403886776511,0.9999955442606958
surrogate,stress,T_HS,fixed_time,1124,16.410227871829417,0.61,11.72316384180791,16.952421410365336,0,0.9971751412429378,0.9953271028037384,0.999999139751372
surrogate,stress,T_HS,fixed_time,1103,16.49428489373923,0.59,12.488778054862843,17.01561181434599,0,0.9975062344139651,0.9962025316455696,0.9999995724040798
surrogate,stress,T_HS,fixed_time,1108,16.40802411330914,0.66,12.07027027027027,16.934726962457336,0,1.0,0.9965870307167235,0.9999970779543342
surrogate,stress,T_HS,fixed_time,1126,16.386755117729127,0.7,11.195544554455445,17.061480552070265,0,0.9975247524752475,0.9945629443747386,0.9999977894722736
surrogate,stress,T_HS,fixed_time,1121,17.326643578971275,0.66,12.215189873417721,17.972152950955945,0,1.0,0.9954280964256027,0.9999947504789861
surrogate,stress,T_HS,fixed_time,1111,16.559307483187865,0.75,11.331695331695332,17.248421052631578,0,0.995085995085995,0.9903157894736843,0.9999942273546721
surrogate,stress,T_HS,efpb,1130,14.328575950277672,0.57,24.834605597964376,12.989034162800506,0,0.9974554707379135,0.9970476592155209,0.9999999581929502
surrogate,stress,T_HS,efpb,1128,14.451524407489112,0.57,24.146835443037975,13.232201986754967,0,0.9974683544303797,0.9954470198675497,0.9999989712774916
surrogate,stress,T_HS,efpb,1110,14.199155706162772,0.56,25.16187989556136,12.844379194630873,0,0.9947780678851175,0.9945469798657718,0.9999999865059177
surrogate,stress,T_HS,efpb,1107,14.571974411671054,0.56,25.241545893719806,13.119281744335186,0,0.9830917874396136,0.9957246686618213,0.99995924545029
surrogate,stress,T_HS,efpb,1117,14.41839138482248,0.55,25.668235294117647,12.896109271523178,0,0.9905882352941177,0.9966887417218543,0.9999905765293305
surrogate,stress,T_HS,efpb,1104,14.064267425320057,0.57,24.484293193717278,12.79377593360996,0,0.9947643979057592,0.9970954356846473,0.999998630441835
surrogate,stress,T_HS,efpb,1118,14.865183208100033,0.57,26.066298342541437,13.550779603876949,0,0.988950276243094,0.9978929624947324,0.9999797418405771
surrogate,stress,T_HS,efpb,1113,14.506248192074052,0.57,25.426735218509,13.121610169491525,0,0.9768637532133676,0.9957627118644068,0.9999082203963902
surrogate,stress,T_HS,efpb,1106,13.735203398708027,0.56,23.404938271604937,12.443396226415095,0,0.9925925925925926,0.9987135506003431,0.9999905515921962
surrogate,stress,T_HS,efpb,1120,14.363219782120007,0.57,24.952380952380953,12.904944586530265,0,0.9952380952380953,0.9974424552429667,0.9999987762600161
surrogate,stress,T_HS,efpb,1116,14.323763453171514,0.57,24.848866498740556,12.97439126784215,0,0.9874055415617129,0.9979009235936188,0.9999720533824216
surrogate,stress,T_HS,efpb,1102,14.118753404627425,0.56,25.53315649867374,12.735478478896782,0,0.9920424403183024,0.9958211450062683,0.9999963866404439
surrogate,stress,T_HS,efpb,1109,14.217900615781184,0.56,26.166240409207163,12.71111111111111,0,0.9872122762148338,0.9970649895178197,0.9999753454959418
surrogate,stress,T_HS,efpb,1129,14.238461538461538,0.57,25.47480106100796,12.869327731092437,0,0.9920424403183024,0.9953781512605042,0.9999971829404655
surrogate,stress,T_HS,efpb,1114,14.283263025880743,0.56,24.742574257425744,12.922110552763819,0,0.995049504950495,0.9949748743718593,0.9999999985935742
surrogate,stress,T_HS,efpb,1119,14.128889654380526,0.57,24.3525,12.802698145025294,0,0.985,0.9966273187183811,0.9999655729158615
surrogate,stress,T_HS,efpb,1122,14.248836803536115,0.56,24.491002570694086,12.942455242966751,0,1.0,0.9970161977834612,0.9999977675799206
surrogate,stress,T_HS,efpb,1115,14.229968131117687,0.57,24.39268292682927,12.887772194304858,0,0.9902439024390244,0.9962311557788944,0.999990915833375
surrogate,stress,T_HS,efpb,1112,14.12160195587636,0.56,26.5656836461126,12.606112054329373,0,0.9973190348525469,0.9944821731748726,0.9999979714605534
surrogate,stress,T_HS,efpb,1105,14.179133576077296,0.57,25.715384615384615,12.726814939152328,0,1.0,0.9983214435585397,0.999999294428721
surrogate,stress,T_HS,efpb,1101,14.117195114959005,0.57,23.925301204819277,12.792724196277495,0,0.9903614457831326,0.9957698815566836,0.9999925847771088
surrogate,stress,T_HS,efpb,1127,14.32084936582585,0.57,23.00759493670886,13.218789144050104,0,0.9924050632911392,0.9979123173277662,0.999992343642151
surrogate,stress,T_HS,efpb,1123,14.326547090374302,0.57,26.11873350923483,12.87962962962963,0,0.9894459102902374,1.0,0.9999718573448811
surrogate,stress,T_HS,efpb,1125,14.62847092067703,0.57,25.25319693094629,13.278411491339249,0,0.9974424552429667,0.9974651457541192,0.999999999870627
surrogate,stress,T_HS,efpb,1124,14.444408646242165,0.56,25.73728813559322,13.138062871707731,0,0.9858757062146892,0.9961767204757859,0.9999729904112786
surrogate,stress,T_HS,efpb,1103,14.09801838024124,0.57,23.957605985037407,12.81476793248945,0,0.9900249376558603,0.9974683544303797,0.9999859742130022
surrogate,stress,T_HS,efpb,1108,14.322778883296266,0.56,25.13243243243243,13.01023890784983,0,0.9891891891891892,0.9974402730375427,0.9999827503310084
surrogate,stress,T_HS,efpb,1126,14.291062836318082,0.57,25.537128712871286,12.829360100376412,0,0.9975247524752475,0.9958176495190297,0.9999992665756913
surrogate,stress,T_HS,efpb,1121,14.161831497672306,0.56,24.50379746835443,12.855777223607648,0,0.9924050632911392,0.9966749792186201,0.9999953917914327
surrogate,stress,T_HS,efpb,1111,14.354585777650595,0.57,25.007371007371006,12.950315789473684,0,0.995085995085995,0.9932631578947368,0.9999991595534486
surrogate,stress,T_SS,efficiency,1130,16.94904507257448,0.73,21.59022118742724,15.64957627118644,0,0.9953434225844005,0.9961864406779661,0.9999998208156533
surrogate,stress,T_SS,efficiency,1128,17.053175701169664,0.56,21.14354066985646,15.963975155279503,0,1.0,0.9937888198757764,0.9999902952194253
surrogate,stress,T_SS,efficiency,1110,16.449256365011344,0.72,21.220462850182702,15.204132231404959,0,0.9926918392204629,0.9983471074380166,0.9999919324177744
surrogate,stress,T_SS,efficiency,1107,16.55667751608191,0.54,18.905100830367733,15.909477263068423,0,0.9988137603795967,0.9961750956226094,0.9999982506096559
surrogate,stress,T_SS,efficiency,1117,16.17426472470371,0.58,20.637952559300874,15.02302218501465,0,0.9950062421972534,0.9970699037254082,0.9999989268396965
surrogate,stress,T_SS,efficiency,1104,15.885810723094899,0.7,20.340506329113925,14.736305732484077,0,0.9911392405063291,0.9957537154989384,0.9999946062189791
surrogate,stress,T_SS,efficiency,1118,15.896874275259615,0.63,20.385749385749385,14.705383637134378,0,0.9987714987714987,0.9957609156422212,0.99999772166249
surrogate,stress,T_SS,efficiency,1113,16.879589828577345,0.76,22.610687022900763,15.41504649196957,0,0.9961832061068703,0.9949281487743026,0.999999602684178
surrogate,stress,T_SS,efficiency,1106,16.288695877625095,0.62,19.336196319018406,15.472222222222221,0,0.9987730061349693,0.9978632478632479,0.9999997923872455
surrogate,stress,T_SS,efficiency,1120,16.542384911782598,0.72,20.509179926560588,15.506234413965087,0,0.996328029375765,0.9958437240232751,0.9999999409003436
surrogate,stress,T_SS,efficiency,1116,16.078576498022915,0.59,19.040816326530614,15.285714285714286,0,0.9975990396158463,0.9974937343358395,0.9999999972140451
surrogate,stress,T_SS,efficiency,1102,17.044228475728897,0.62,22.796817625458996,15.539741989180191,0,0.9938800489596084,0.997919267582189,0.9999958875391561
surrogate,stress,T_SS,efficiency,1109,16.34339729119639,0.76,20.91165172855314,15.198915763135947,0,0.998719590268886,0.994161801501251,0.9999947694999337
surrogate,stress,T_SS,efficiency,1129,16.183566614826336,0.66,19.948952879581153,15.253781512605043,0,0.993455497382199,0.9983193277310924,0.9999940368769783
surrogate,stress,T_SS,efficiency,1114,15.82457886676876,0.67,19.900485436893202,14.7390756302521,0,0.9890776699029126,0.9970588235294118,0.9999838524683068
surrogate,stress,T_SS,efficiency,1119,16.099992335794393,0.73,21.327543424317618,14.744458385612715,0,0.9962779156327544,0.9958176495190297,0.9999999466176553
surrogate,stress,T_SS,efficiency,1122,15.859885535900105,0.57,19.69201995012469,14.84957264957265,0,0.9887780548628429,0.994017094017094,0.9999930185672172
surrogate,stress,T_SS,efficiency,1115,16.233085797980316,0.55,21.111959287531807,14.998325659271663,0,0.9987277353689568,0.9949769778149854,0.9999964607211814
surrogate,stress,T_SS,efficiency,1112,15.837573385518592,0.59,20.79161372299873,14.578505457598657,0,0.9923761118170267,0.9966414777497901,0.9999954013183375
surrogate,stress,T_SS,efficiency,1105,16.0856131894054,0.68,20.312421580928483,15.0,0,0.9912170639899623,0.9953917050691244,0.999995584176864
surrogate,stress,T_SS,efficiency,1101,15.396316489708607,0.7,19.168119551681194,14.396825396825397,0,0.9950186799501868,0.9965679965679966,0.9999993948240355
surrogate,stress,T_SS,efficiency,1127,16.35574891861986,0.65,19.82305005820722,15.400333611342786,0,0.9918509895227008,0.9962468723936614,0.9999951110613846
surrogate,stress,T_SS,efficiency,1123,16.776053728578045,0.75,21.01651842439644,15.699244966442953,0,0.9987293519695044,0.9941275167785235,0.9999946677857606
surrogate,stress,T_SS,efficiency,1125,16.328892971979787,0.56,21.006180469715698,15.112040133779264,0,0.9987639060568603,0.995819397993311,0.9999978206840836
surrogate,stress,T_SS,efficiency,1124,16.61298415380283,0.71,21.769417475728154,15.234500210881485,0,0.9939320388349514,0.9978911851539435,0.9999960490657237
surrogate,stress,T_SS,efficiency,1103,16.507318327974275,0.63,21.09125,15.319578947368422,0,0.99625,0.9949473684210526,0.9999995720289427
surrogate,stress,T_SS,efficiency,1108,16.52602225639155,0.73,21.84346701164295,15.184556639796352,0,0.9948253557567918,0.9961815867628341,0.9999995359961464
surrogate,stress,T_SS,efficiency,1126,16.634986852750806,0.64,20.92778457772338,15.517398508699255,0,0.9902080783353733,0.9942004971002486,0.999995952300826
surrogate,stress,T_SS,efficiency,1121,15.638014126526762,0.74,19.96637608966376,14.523551479783244,0,0.9863013698630136,0.9945810754481034,0.9999825295217296
surrogate,stress,T_SS,efficiency,1111,16.31679813785077,0.62,20.824494949494948,15.155602536997886,0,0.9974747474747475,0.9953488372093023,0.9999988619753868
surrogate,stress,T_SS,equal_bargaining,1130,23.7048128342246,1.65,37.13969732246799,19.94322033898305,47,0.9930151338766007,0.9949152542372881,0.9999990863928673
surrogate,stress,T_SS,equal_bargaining,1128,22.268821531882782,1.49,35.09808612440192,18.852587991718426,28,0.9988038277511961,0.9937888198757764,0.9999936656298082
surrogate,stress,T_SS,equal_bargaining,1110,21.660650365515504,1.29,32.907429963459194,18.725619834710745,7,0.9951278928136419,0.9971074380165289,0.9999990126999878
surrogate,stress,T_SS,equal_bargaining,1107,21.970578436146493,1.17,34.36417556346382,18.555036124096898,7,0.9845788849347569,0.9970250743731407,0.9999605522752737
surrogate,stress,T_SS,equal_bargaining,1117,24.957099342155786,1.53,47.418227215980025,19.164085391377146,82,0.9700374531835206,0.9974884889074926,0.9998053779674472
surrogate,stress,T_SS,equal_bargaining,1104,20.355134363235106,1.12,32.94430379746836,17.106581740976644,11,0.9962025316455696,0.9932059447983015,0.9999977311550148
surrogate,stress,T_SS,equal_bargaining,1118,22.399644394052615,1.4,37.95454545454545,18.27087749046206,43,0.9987714987714987,0.9927935565917761,0.9999909902962199
surrogate,stress,T_SS,equal_bargaining,1113,21.039722409239218,1.02,30.03053435114504,18.74218089602705,3,0.9961832061068703,0.9928148774302621,0.9999971321333702
surrogate,stress,T_SS,equal_bargaining,1106,23.86326160228157,1.93,40.752147239263806,19.338461538461537,40,0.996319018404908,0.9880341880341881,0.9999825690235224
surrogate,stress,T_SS,equal_bargaining,1120,22.30518657473129,1.25,32.98408812729498,19.515793848711553,23,0.988984088127295,0.9954280964256027,0.9999894550668126
surrogate,stress,T_SS,equal_bargaining,1116,24.90271722599615,1.67,40.373349339735896,20.761904761904763,43,0.9915966386554622,0.9979114452798663,0.9999899254810029
surrogate,stress,T_SS,equal_bargaining,1102,24.349285696160777,1.42,44.1187270501836,19.17894298793175,63,0.9877600979192166,0.9895963379109447,0.9999991376400366
surrogate,stress,T_SS,equal_bargaining,1109,22.238302893494765,2.0,37.75416133162612,18.3511259382819,46,0.9935979513444302,0.9966638865721434,0.9999976269631136
surrogate,stress,T_SS,equal_bargaining,1129,22.578875064800414,1.64,38.38089005235602,18.67689075630252,38,0.9829842931937173,0.9978991596638656,0.9999433113296607
surrogate,stress,T_SS,equal_bargaining,1114,21.594920877998977,1.1,34.599514563106794,18.131512605042015,13,0.9987864077669902,0.9899159663865547,0.9999801050782322
surrogate,stress,T_SS,equal_bargaining,1119,22.87359170222006,1.79,38.94416873449131,18.706398996235883,51,0.9913151364764268,0.9953994144709327,0.9999957737244601
surrogate,stress,T_SS,equal_bargaining,1122,20.778694068678462,1.98,32.43516209476309,17.705555555555556,32,0.9850374064837906,0.9978632478632479,0.9999581638561703
surrogate,stress,T_SS,equal_bargaining,1115,18.729141506282602,1.1,28.520356234096692,16.25115110925073,3,0.9987277353689568,0.992465466722478,0.9999901091801501
surrogate,stress,T_SS,equal_bargaining,1112,19.044675043773818,1.06,28.0,16.76868178001679,2,0.9949174078780177,0.9953820319059614,0.9999999455037691
surrogate,stress,T_SS,equal_bargaining,1105,24.488654137073407,1.5,44.91091593475533,19.24340175953079,81,0.9711417816813049,0.9970674486803519,0.9998265229605626
surrogate,stress,T_SS,equal_bargaining,1101,22.472751936973363,1.5,37.60647571606476,18.46246246246246,54,0.9925280199252802,0.9935649935649936,0.9999997273935372
surrogate,stress,T_SS,equal_bargaining,1127,24.799215370687055,1.38,42.031431897555294,20.050875729774813,57,0.9988358556461001,0.9916597164303587,0.9999870026853044
surrogate,stress,T_SS,equal_bargaining,1123,23.36351706036745,1.92,44.23888182973317,18.0625,69,0.9644218551461246,0.9949664429530202,0.9997570471535518
surrogate,stress,T_SS,equal_bargaining,1125,24.34160159240545,1.38,42.44375772558715,19.632107023411372,59,0.9987639060568603,0.9945652173913043,0.9999955632251087
surrogate,stress,T_SS,equal_bargaining,1124,21.492435296828198,1.38,33.980582524271846,18.153943483762127,22,0.9878640776699029,0.9983129481231547,0.9999723248003863
surrogate,stress,T_SS,equal_bargaining,1103,23.39181993569132,1.38,40.57875,18.938526315789474,40,0.99625,0.9932631578947368,0.999997746124517
surrogate,stress,T_SS,equal_bargaining,1108,20.033671262151106,1.18,30.385510996119017,17.42214679677556,10,0.9922380336351876,0.996605854900297,0.999995176900385
surrogate,stress,T_SS,equal_bargaining,1126,24.542677993527505,2.35,41.52386780905753,20.12178956089478,58,0.9975520195838433,0.9933719966859983,0.9999955919548287
surrogate,stress,T_SS,equal_bargaining,1121,18.167758880077518,0.95,25.160647571606475,16.36723634847853,0,0.9850560398505604,0.995831596498541,0.9999704098685139
surrogate,stress,T_SS,equal_bargaining,1111,21.59591361696625,1.48,34.73106060606061,18.212262156448205,11,0.9974747474747475,0.9940803382663848,0.999997095024423
surrogate,stress,T_SS,fixed_time,1130,17.167405143875733,0.58,18.434225844004658,16.81271186440678,0,0.9988358556461001,0.9961864406779661,0.99999823638535
surrogate,stress,T_SS,fixed_time,1128,17.027267010438937,0.53,17.086124401913874,17.01159420289855,0,0.9976076555023924,0.9966873706004141,0.9999997870558618
surrogate,stress,T_SS,fixed_time,1110,17.865616334761782,0.65,20.259439707673568,17.240909090909092,0,0.997563946406821,0.9950413223140496,0.9999983972645841
surrogate,stress,T_SS,fixed_time,1107,17.910248853122837,0.6,15.848161328588375,18.478538036549086,0,1.0,0.9970250743731407,0.9999977808624295
surrogate,stress,T_SS,fixed_time,1117,17.415516932449375,0.69,18.9438202247191,17.02134784428631,0,1.0,0.9941398074508162,0.9999913640759305
surrogate,stress,T_SS,fixed_time,1104,16.14599506685707,0.62,15.558227848101266,16.297664543524416,0,0.9949367088607595,0.99447983014862,0.9999999472587554
surrogate,stress,T_SS,fixed_time,1118,16.92550313087845,0.7,16.67199017199017,16.992793556591778,0,0.9987714987714987,0.9953370072064434,0.99999703362503
surrogate,stress,T_SS,fixed_time,1113,17.814879071935366,0.75,15.474554707379134,18.41293322062553,0,1.0,0.9936601859678783,0.9999898877831565
surrogate,stress,T_SS,fixed_time,1106,17.68325123152709,0.56,17.647852760736196,17.69273504273504,0,0.9987730061349693,0.9974358974358974,0.9999995513359659
surrogate,stress,T_SS,fixed_time,1120,17.765691543297507,0.57,16.201958384332926,18.174147963424772,0,1.0,0.9933499584372403,0.9999888704710643
surrogate,stress,T_SS,fixed_time,1116,17.3442917976275,0.64,17.645858343337334,17.26357560568087,0,0.9975990396158463,0.9966583124477861,0.999999777482141
surrogate,stress,T_SS,fixed_time,1102,17.156461721941685,0.57,16.494492044063648,17.329588014981272,0,0.988984088127295,0.9950062421972534,0.9999907865852687
surrogate,stress,T_SS,fixed_time,1109,17.38756925918326,0.76,17.314980793854033,17.405754795663054,0,1.0,0.9954128440366973,0.9999947153139633
surrogate,stress,T_SS,fixed_time,1129,16.648678071539656,0.6,14.422774869109947,17.19831932773109,0,0.9986910994764397,0.996218487394958,0.999998463739473
surrogate,stress,T_SS,fixed_time,1114,16.94647779479326,0.77,16.649271844660195,17.02563025210084,0,0.9963592233009708,0.9949579831932773,0.999999504841759
surrogate,stress,T_SS,fixed_time,1119,16.783971591344557,0.56,16.341191066997517,16.89878711836052,0,0.9962779156327544,0.9958176495190297,0.9999999466176553
surrogate,stress,T_SS,fixed_time,1122,16.34789281997919,0.64,16.56359102244389,16.29102564102564,0,0.9975062344139651,0.9931623931623932,0.9999952384551607
surrogate,stress,T_SS,fixed_time,1115,16.49171313307809,0.58,16.64503816793893,16.452909167015488,0,0.9987277353689568,0.9958141481791545,0.9999978661259098
surrogate,stress,T_SS,fixed_time,1112,16.26720053558554,0.54,15.58576874205845,16.440386230058774,0,0.9974587039390089,0.9941225860621327,0.9999971940141222
surrogate,stress,T_SS,fixed_time,1105,16.803364016307274,0.62,15.993726474278544,17.011311269375785,0,0.9974905897114178,0.9949727691663176,0.9999984031351349
surrogate,stress,T_SS,fixed_time,1101,16.30488091200793,0.63,16.809464508094646,16.17117117117117,0,0.9975093399750934,0.9944229944229944,0.9999975992944745
surrogate,stress,T_SS,fixed_time,1127,17.35494417060658,0.59,18.646100116414434,16.999165971643034,0,0.9965075669383003,0.9949958298582152,0.9999994237775455
surrogate,stress,T_SS,fixed_time,1123,17.618624877772636,0.68,16.95425667090216,17.7873322147651,0,1.0,0.9941275167785235,0.999991327706844
surrogate,stress,T_SS,fixed_time,1125,17.59865768386669,0.64,18.448702101359704,17.377508361204015,0,0.9987639060568603,0.9954013377926422,0.9999971567260938
surrogate,stress,T_SS,fixed_time,1124,17.411028338837262,0.72,16.62621359223301,17.620835090679037,0,0.9975728155339806,0.9962041332770982,0.9999995287493865
surrogate,stress,T_SS,fixed_time,1103,16.653736334405146,0.63,16.53125,16.685473684210525,0,0.99625,0.9932631578947368,0.999997746124517
surrogate,stress,T_SS,fixed_time,1108,17.64715540382059,0.78,17.884864165588617,17.58718710224862,0,1.0,0.9927874416631312,0.9999869006111751
surrogate,stress,T_SS,fixed_time,1126,17.894088794498384,0.89,16.42594859241126,18.276304888152445,0,0.9987760097919217,0.9913007456503728,0.9999858906403231
surrogate,stress,T_SS,fixed_time,1121,16.503633628273455,0.6,14.88667496886675,16.91996665277199,0,0.9975093399750934,0.9933305543976657,0.9999955941917597
surrogate,stress,T_SS,fixed_time,1111,17.27725332988491,0.68,14.643939393939394,17.955602536997887,0,0.9974747474747475,0.9953488372093023,0.9999988619753868
surrogate,stress,T_SS,efpb,1130,19.040667175961296,0.56,25.331781140861466,17.279237288135594,0,0.9906868451688009,0.9983050847457627,0.99998532977283
surrogate,stress,T_SS,efpb,1128,18.893044900012573,0.57,26.288277511961724,16.923809523809524,0,0.9988038277511961,0.9950310559006211,0.9999964195208334
surrogate,stress,T_SS,efpb,1110,18.01547769095034,0.57,24.300852618757613,16.37520661157025,0,0.9902557856272838,0.9979338842975206,0.9999850863043922
surrogate,stress,T_SS,efpb,1107,18.759578666803353,0.57,25.392645314353498,16.931576710582235,0,0.9916963226571768,0.9978750531236719,0.9999903555988906
surrogate,stress,T_SS,efpb,1117,17.566027593621218,0.57,23.637952559300874,16.0,0,1.0,0.9937212222687317,0.9999900821611404
surrogate,stress,T_SS,efpb,1104,17.011476048292874,0.59,23.48354430379747,15.341401273885351,0,0.9974683544303797,0.991932059447983,0.9999922555483525
surrogate,stress,T_SS,efpb,1118,18.003762207849096,0.56,25.08968058968059,16.122933446375583,0,0.9914004914004914,0.9970326409495549,0.9999919772568238
surrogate,stress,T_SS,efpb,1113,19.154927753897145,0.57,27.78117048346056,16.95054945054945,0,0.9860050890585241,0.996196111580727,0.9999735680883698
surrogate,stress,T_SS,efpb,1106,18.121415607985483,0.57,24.570552147239265,16.393589743589743,0,0.9975460122699387,0.9987179487179487,0.999999655354954
surrogate,stress,T_SS,efpb,1120,18.54241026161022,0.68,24.94859241126071,16.869077306733168,0,0.9902080783353733,0.9945968412302577,0.9999951107025618
surrogate,stress,T_SS,efpb,1116,18.293673324546283,0.56,26.58223289315726,16.075187969924812,0,0.9975990396158463,0.9962406015037594,0.9999995358064936
surrogate,stress,T_SS,efpb,1102,18.121317465553556,0.57,25.193390452876375,16.271743653766126,0,0.996328029375765,0.9937578027465668,0.9999983319905854
surrogate,stress,T_SS,efpb,1109,17.522881182023394,0.56,25.02304737516005,15.643869891576314,0,1.0,0.9924937447873228,0.9999858079034909
surrogate,stress,T_SS,efpb,1129,17.80832037325039,0.57,24.42539267015707,16.17436974789916,0,0.9947643979057592,0.9949579831932773,0.9999999905341477
surrogate,stress,T_SS,efpb,1114,17.91830015313936,0.57,24.485436893203882,16.169327731092437,0,0.9902912621359223,0.9949579831932773,0.9999944742503306
surrogate,stress,T_SS,efpb,1119,18.026032751705287,0.56,25.331265508684865,16.131744040150565,0,0.9838709677419355,0.9974905897114178,0.9999527521422972
surrogate,stress,T_SS,efpb,1122,18.23954214360042,0.57,26.465087281795512,16.070940170940172,0,0.9925187032418953,0.9978632478632479,0.999992789831177
surrogate,stress,T_SS,efpb,1115,17.806691163244853,0.56,24.751908396946565,16.048974466303893,0,0.9987277353689568,0.9937212222687317,0.9999936861601374
surrogate,stress,T_SS,efpb,1112,16.97654238335565,0.57,22.792884371029224,15.498320738874895,0,0.9974587039390089,0.9958018471872376,0.9999993090581789
surrogate,stress,T_SS,efpb,1105,17.786261890720752,0.57,24.15056461731493,16.151654796816086,0,0.9924717691342535,0.9979053204859657,0.999992547644102
surrogate,stress,T_SS,efpb,1101,17.77995460830094,0.57,23.72478206724782,16.204633204633204,0,0.987546699875467,0.9987129987129987,0.9999683966801969
surrogate,stress,T_SS,efpb,1127,18.897897595815312,0.63,26.018626309662398,16.93577981651376,0,0.9965075669383003,0.9949958298582152,0.9999994237775455
surrogate,stress,T_SS,efpb,1123,17.533631825433588,0.57,25.05972045743329,15.62248322147651,0,1.0,0.9949664429530202,0.9999936338621944
surrogate,stress,T_SS,efpb,1125,18.18391772571837,0.57,25.448702101359704,16.293896321070235,0,0.9888751545117429,0.9974916387959866,0.9999811837473483
surrogate,stress,T_SS,efpb,1124,18.317615134526278,0.56,26.11771844660194,16.23239139603543,0,0.991504854368932,0.9978911851539435,0.9999896948137521
surrogate,stress,T_SS,efpb,1103,17.936102893890677,0.57,25.29125,16.030315789473683,0,0.99625,0.9941052631578947,0.9999988388553732
surrogate,stress,T_SS,efpb,1108,17.16186703500039,0.56,24.61966364812419,15.280441238862961,0,1.0,0.9923631735256683,0.9999853079481278
surrogate,stress,T_SS,efpb,1126,18.495449029126217,0.58,25.66217870257038,16.629660314830158,0,0.9938800489596084,0.9937862468931234,0.9999999977729095
surrogate,stress,T_SS,efpb,1121,17.67098452201851,0.57,25.0560398505604,15.769487286369321,0,0.9950186799501868,0.9912463526469362,0.9999963930279816
surrogate,stress,T_SS,efpb,1111,18.022940643993273,0.57,24.154040404040405,16.44355179704017,0,0.9974747474747475,0.9928118393234673,0.9999945111658832
surrogate,stress,T_OO,efficiency,1130,87.11247526274329,2.86,60.48755760368664,94.12464499842221,1043,0.9852534562211982,0.962764278952351,0.9998667388845636
surrogate,stress,T_OO,efficiency,1128,99.30916111185815,3.24,62.20754716981132,108.79554719347757,1432,0.9820754716981132,0.9655064283474444,0.9999276277662984
surrogate,stress,T_OO,efficiency,1110,112.93522352177978,5.31,60.705069124423964,126.57053487644667,1328,0.9834101382488479,0.9424460431654677,0.9995477666560819
surrogate,stress,T_OO,efficiency,1107,105.94081495039015,3.25,59.80127041742287,118.37710651828299,1513,0.9809437386569873,0.9558028616852147,0.9998315224392965
surrogate,stress,T_OO,efficiency,1117,69.48890695783481,2.48,63.07067812798472,71.1205808080808,627,0.9828080229226361,0.9725378787878788,0.9999724136713609
surrogate,stress,T_OO,efficiency,1104,87.90242264976119,3.76,61.26159554730983,94.84721785602012,943,0.9842300556586271,0.95881798176674,0.9998289831646465
surrogate,stress,T_OO,efficiency,1118,72.13332165040794,2.37,63.987366375121475,74.1744222855334,858,0.9844509232264335,0.9702437480215258,0.9999471755878754
surrogate,stress,T_OO,efficiency,1113,84.264874830196,3.42,63.04748062015504,89.57823343848581,957,0.9825581395348837,0.9618296529968454,0.999886362921118
surrogate,stress,T_OO,efficiency,1106,87.1488350527414,3.2,61.58550185873606,93.857324032974,1054,0.9869888475836431,0.9559289790741915,0.9997445067762755
surrogate,stress,T_OO,efficiency,1120,122.13252041872772,5.09,60.202391904323825,138.43702770780857,1307,0.9862005519779209,0.9370277078085643,0.9993467112472472
surrogate,stress,T_OO,efficiency,1116,145.75145979071516,5.35,60.39526411657559,168.65999364474104,1425,0.9854280510018215,0.9399428026692088,0.9994422108764289
surrogate,stress,T_OO,efficiency,1102,89.20907517785042,3.79,61.132407407407406,96.56719242902209,1158,0.9824074074074074,0.9539432176656152,0.9997839591805426
surrogate,stress,T_OO,efficiency,1109,103.36448327739845,3.79,61.726672950047124,114.07786885245902,1235,0.9820923656927427,0.9583858764186634,0.9998507713816845
surrogate,stress,T_OO,efficiency,1129,63.99097423447412,1.98,63.148648648648646,64.20530012771393,509,0.9806949806949807,0.9706257982120051,0.9999733731666144
surrogate,stress,T_OO,efficiency,1114,101.16706622427647,5.02,60.60055350553505,111.81429021089077,1219,0.981549815498155,0.9559332703808624,0.9998252209554239
surrogate,stress,T_OO,efficiency,1119,102.37012217625237,4.3,61.46291079812207,113.03947787328876,1165,0.9830985915492958,0.9656160458452722,0.999919521866136
surrogate,stress,T_OO,efficiency,1122,156.83467045410924,6.95,60.609778597785976,182.11405166981726,1502,0.9833948339483395,0.9373030875866415,0.9994244564827353
surrogate,stress,T_OO,efficiency,1115,133.6252620242697,6.19,61.213235294117645,152.7853303825482,1400,0.984375,0.9364527347454947,0.9993779466929466
surrogate,stress,T_OO,efficiency,1112,112.22412490556535,3.85,62.28048780487805,125.22119961916852,1362,0.975609756097561,0.9638210092034275,0.9999630537231777
surrogate,stress,T_OO,efficiency,1105,86.34532262445195,2.78,62.544938505203405,92.48477157360406,1108,0.9820245979186376,0.9673223350253807,0.9999431192405311
surrogate,stress,T_OO,efficiency,1101,126.68904668031922,4.86,59.80323450134771,144.79355042681,1239,0.9811320754716981,0.9355042680999052,0.9994335863632675
surrogate,stress,T_OO,efficiency,1127,104.34688533363918,4.86,59.66515013648772,116.22900283107896,985,0.9799818016378526,0.9518716577540107,0.9997883170716343
surrogate,stress,T_OO,efficiency,1123,102.90904571614308,2.95,59.86727272727273,114.37267862763613,1440,0.9790909090909091,0.959395656279509,0.9998967826512158
surrogate,stress,T_OO,efficiency,1125,104.89047454636129,3.25,63.23394055608821,115.30860349127182,1332,0.9789069990412272,0.9616583541147132,0.9999210014522331
surrogate,stress,T_OO,efficiency,1124,87.96092713958986,2.99,59.85259326660601,95.48780487804878,1036,0.9818016378525932,0.9556541019955654,0.9998178962620241
surrogate,stress,T_OO,efficiency,1103,92.708581449577,4.49,59.37173717371737,101.79056423334396,1060,0.9801980198019802,0.9534587185208798,0.9998088130222049
surrogate,stress,T_OO,efficiency,1108,94.51088618373942,4.89,58.82342007434944,103.89704480457578,996,0.9804832713754646,0.9551954242135366,0.9998293591283204
surrogate,stress,T_OO,efficiency,1126,113.979050998798,5.1,59.01590106007067,129.11989876621323,1233,0.9867491166077739,0.9364125276811136,0.9993153973661169
surrogate,stress,T_OO,efficiency,1121,89.11790023825992,2.77,61.99433962264151,96.05520702634881,1207,0.9867924528301887,0.9692597239648683,0.9999196652821538
surrogate,stress,T_OO,efficiency,1111,103.76705151653711,4.62,60.446983546617915,115.17365456821027,1117,0.9817184643510055,0.932415519399249,0.9993370007725181
surrogate,stress,T_OO,equal_bargaining,1130,123.51985705227969,5.54,274.09032258064514,83.8643105080467,1885,0.9179723502304148,0.9637109498264437,0.999409505113191
surrogate,stress,T_OO,equal_bargaining,1128,112.42728163359394,8.09,255.20849056603774,75.92003762935089,1751,0.7820754716981132,0.995609909062402,0.9857765635391343
surrogate,stress,T_OO,equal_bargaining,1110,286.4466047203831,29.88,1277.6801843317971,27.673131060369094,1212,0.17327188940092167,0.9968720675633407,0.6687182808137646
surrogate,stress,T_OO,equal_bargaining,1107,322.13310856372215,32.29,1428.755898366606,23.857869634340222,1192,0.11433756805807622,0.9968203497615262,0.6132127843680282
surrogate,stress,T_OO,equal_bargaining,1117,94.05788515894218,4.89,196.41069723018148,68.03724747474747,1543,0.9828080229226361,0.9444444444444444,0.999603914495832
surrogate,stress,T_OO,equal_bargaining,1104,100.30991886137379,4.72,201.68923933209646,73.8821125432254,1676,0.898886827458256,0.9937126689720214,0.9974959263325286
surrogate,stress,T_OO,equal_bargaining,1118,100.00697081215803,6.11,225.64334305150632,68.52674897119341,1596,0.9805636540330418,0.9382716049382716,0.9995144531358635
surrogate,stress,T_OO,equal_bargaining,1113,247.23209780710266,28.24,1107.9476744186047,31.687697160883282,1164,0.22093023255813954,0.9965299684542587,0.711313341526618
surrogate,stress,T_OO,equal_bargaining,1106,382.55270275491677,36.0,1787.724907063197,13.798668357641091,1050,0.0,0.9961953075459734,0.5
surrogate,stress,T_OO,equal_bargaining,1120,271.6481843628974,28.3,1186.4351425942962,30.809823677581864,1258,0.20239190432382706,0.9959068010075567,0.6951635084296817
surrogate,stress,T_OO,equal_bargaining,1116,258.18203542040044,27.18,1091.568306010929,34.51159834763266,1308,0.24225865209471767,0.9955513187162377,0.7297373181637467
surrogate,stress,T_OO,equal_bargaining,1102,306.9462026533359,31.1,1398.9166666666667,20.77097791798107,1121,0.13240740740740742,0.9958990536277602,0.6306433346567974
surrogate,stress,T_OO,equal_bargaining,1109,121.91922231223238,6.51,254.1856738925542,87.88713745271123,1848,0.9264844486333648,0.9791929382093316,0.9992355831137678
surrogate,stress,T_OO,equal_bargaining,1129,82.53892239016368,5.68,177.63706563706563,58.341634738186464,1334,0.834942084942085,0.9974457215836526,0.9921965064432677
surrogate,stress,T_OO,equal_bargaining,1114,167.18923687692984,19.53,612.2380073800738,50.38023292414227,1473,0.46955719557195574,0.9974819011646208,0.8853496425441174
surrogate,stress,T_OO,equal_bargaining,1119,129.32595225608455,14.64,418.49577464788734,53.90512575612862,1404,0.5990610328638498,0.9984081502706145,0.941182065039262
surrogate,stress,T_OO,equal_bargaining,1122,260.7853441326629,27.51,1119.8966789667898,35.08695652173913,1319,0.24261992619926198,0.997164461247637,0.7297110220136065
surrogate,stress,T_OO,equal_bargaining,1115,192.86880516933016,11.84,514.1158088235294,107.86753082516599,1929,0.65625,0.9971546000632311,0.9592219415306037
surrogate,stress,T_OO,equal_bargaining,1112,373.7632256939736,34.87,1741.06191369606,17.94446207553158,1041,0.0300187617260788,0.9974611234528721,0.5300679365379651
surrogate,stress,T_OO,equal_bargaining,1105,246.57579637605247,27.22,1075.666982024598,32.70685279187817,1244,0.2412488174077578,0.9971446700507615,0.7285608728970968
surrogate,stress,T_OO,equal_bargaining,1101,288.6652567513254,29.15,1258.8894878706199,26.04710717673095,1204,0.16891284815813118,0.9968384445147013,0.6647190219770269
surrogate,stress,T_OO,equal_bargaining,1127,226.77315213028274,25.02,947.3739763421293,35.14532871972318,1297,0.2966333030027298,0.9959106637307329,0.773580510792127
surrogate,stress,T_OO,equal_bargaining,1123,130.12024626680176,6.58,269.5854545454545,92.97544853635505,2007,0.8763636363636363,0.987724268177526,0.9964438226235337
surrogate,stress,T_OO,equal_bargaining,1125,223.7153680899221,25.73,980.4074784276127,34.469763092269325,1241,0.29050814956855225,0.9981296758104738,0.768322493798283
surrogate,stress,T_OO,equal_bargaining,1124,391.959639445715,35.93,1809.8025477707006,12.288248337028826,1071,0.0,0.9955654101995566,0.5
surrogate,stress,T_OO,equal_bargaining,1103,156.6682469021603,15.01,485.21872187218725,67.16098182977368,1631,0.5706570657065707,0.9961746891934969,0.931311307445442
surrogate,stress,T_OO,equal_bargaining,1108,257.13152445278786,27.56,1133.2927509293681,26.69240546552272,1176,0.22026022304832713,0.998093422306959,0.7104328688420738
surrogate,stress,T_OO,equal_bargaining,1126,121.83017571976417,12.34,334.4125441696113,63.269534957291995,1590,0.6590106007067138,0.9962037329958874,0.9601535481604065
surrogate,stress,T_OO,equal_bargaining,1121,178.81544462377985,21.09,700.454716981132,45.3974278544542,1362,0.4320754716981132,0.9959222082810539,0.8651210925687025
surrogate,stress,T_OO,equal_bargaining,1111,356.33512421886905,34.57,1644.762340036563,17.07947434292866,1070,0.038391224862888484,0.9949937421777222,0.5385270309478006
surrogate,stress,T_OO,fixed_time,1130,122.54375852594771,4.42,222.03410138248847,96.34111707163143,2026,0.8866359447004608,0.9630798359103818,0.9982949604910244
surrogate,stress,T_OO,fixed_time,1128,125.78867395355094,4.08,234.53867924528302,97.98275321417373,2324,0.9056603773584906,0.9592348698651615,0.9991753892812144
surrogate,stress,T_OO,fixed_time,1110,142.3314762168247,4.14,227.59078341013824,120.0735064122615,2594,0.8903225806451613,0.9465123553331248,0.9990650936601614
surrogate,stress,T_OO,fixed_time,1107,164.85111260957518,5.84,349.8802177858439,114.97901430842607,2477,0.8466424682395645,0.9484896661367249,0.996791443961767
surrogate,stress,T_OO,fixed_time,1117,108.77717117744994,2.75,145.93218720152817,99.33143939393939,2246,0.9255014326647565,0.9627525252525253,0.9996109653942922
surrogate,stress,T_OO,fixed_time,1104,132.12903535188843,4.55,269.01669758812614,96.44482867022948,2422,0.8794063079777366,0.9569317824583464,0.998220859600573
surrogate,stress,T_OO,fixed_time,1118,112.1544093307631,2.92,198.3002915451895,90.56916745805634,2082,0.923226433430515,0.9654954099398544,0.9994994009786826
surrogate,stress,T_OO,fixed_time,1113,108.15389093731807,3.51,137.08624031007753,100.90851735015772,1780,0.9273255813953488,0.9602523659305994,0.9996958017423898
surrogate,stress,T_OO,fixed_time,1106,126.18061512306328,4.36,258.43587360594796,91.47336715282181,2377,0.8782527881040892,0.9648065948002537,0.9977994211355111
surrogate,stress,T_OO,fixed_time,1120,144.4618275240615,4.75,279.90432382704694,108.80352644836272,2427,0.8702851885924563,0.9537153652392947,0.9979122007992232
surrogate,stress,T_OO,fixed_time,1116,151.88791890693952,6.03,339.59380692167576,101.51000953288846,2397,0.8533697632058288,0.9625039720368606,0.9964009766922549
surrogate,stress,T_OO,fixed_time,1102,128.4572774466449,3.77,215.45925925925926,105.6564668769716,2455,0.8981481481481481,0.9523659305993691,0.9991423184498441
surrogate,stress,T_OO,fixed_time,1109,122.75176484203217,4.12,229.02167766258248,95.40857503152586,2060,0.8934967012252591,0.9609079445145019,0.9986802789777706
surrogate,stress,T_OO,fixed_time,1129,102.12869057874539,2.73,138.65926640926642,92.83365261813537,1963,0.9305019305019305,0.9636015325670498,0.9996947149444466
surrogate,stress,T_OO,fixed_time,1114,124.01039489077692,4.38,235.32472324723247,94.79446018256216,2009,0.8874538745387454,0.9565627950897073,0.9985974157056632
surrogate,stress,T_OO,fixed_time,1119,125.42788881766796,4.6,234.32394366197184,97.02578796561605,2441,0.8967136150234741,0.9659344157911494,0.9986208475630638
surrogate,stress,T_OO,fixed_time,1122,161.6871713177997,5.04,293.75,126.9927536231884,2850,0.8819188191881919,0.9505356017643353,0.998599813716539
surrogate,stress,T_OO,fixed_time,1115,148.04559703071212,4.22,239.03033088235293,123.97122984508378,2733,0.8777573529411765,0.9566866898514069,0.9981521584794938
surrogate,stress,T_OO,fixed_time,1112,133.63374852294518,4.7,282.94465290806755,94.77784830212632,2440,0.8921200750469043,0.9654078070453824,0.9984457661585145
surrogate,stress,T_OO,fixed_time,1105,136.06126566561903,3.56,210.77388836329234,116.78870558375634,2624,0.902554399243141,0.9603426395939086,0.9990386455867055
surrogate,stress,T_OO,fixed_time,1101,130.29818752512008,5.92,297.02425876010784,85.16914321846349,2252,0.8481581311769991,0.9658552007587733,0.9958079549415094
surrogate,stress,T_OO,fixed_time,1127,133.99613892233884,4.66,246.4203821656051,104.09940232777603,2594,0.8726114649681529,0.9559609940232777,0.9979266121169841
surrogate,stress,T_OO,fixed_time,1123,143.33936253608917,5.08,313.2081818181818,98.0969468051621,2474,0.8554545454545455,0.9625432798237331,0.9965422263634889
surrogate,stress,T_OO,fixed_time,1125,133.50901522998427,3.58,219.77756471716202,111.93360349127182,2685,0.9137104506232023,0.9526184538653366,0.9995655769964751
surrogate,stress,T_OO,fixed_time,1124,122.19507601237721,5.51,296.631483166515,75.48432055749129,1923,0.8644222020018199,0.9676908457396263,0.9968329508976803
surrogate,stress,T_OO,fixed_time,1103,125.08841610298511,5.05,254.99639963996398,89.69748167038571,2188,0.8694869486948695,0.9639783232387632,0.9973509694260834
surrogate,stress,T_OO,fixed_time,1108,105.85769580615819,3.88,194.32434944237917,82.59008579599619,1586,0.8996282527881041,0.9640927867810614,0.9988050201130829
surrogate,stress,T_OO,fixed_time,1126,134.1748611985576,5.72,319.4681978798587,83.13160392280923,2070,0.8418727915194346,0.9639354634609301,0.9954517670656966
surrogate,stress,T_OO,fixed_time,1121,115.4158404427023,3.88,219.0132075471698,88.91907151819322,2048,0.9113207547169812,0.9620451693851945,0.9992673938292335
surrogate,stress,T_OO,fixed_time,1111,136.24443682365492,4.77,296.51188299817187,94.04443053817272,2460,0.8574040219378428,0.9549436795994993,0.9971118265016035
surrogate,stress,T_OO,efpb,1130,112.81793379061236,5.07,37.91520737327189,132.54496686651942,1260,0.9944700460829493,0.933101924897444,0.9989874313576804
surrogate,stress,T_OO,efpb,1128,151.45576963712855,6.13,37.60943396226415,180.56475384132958,1527,0.9924528301886792,0.9269363436814049,0.9988362239889674
surrogate,stress,T_OO,efpb,1110,134.29728492110434,6.39,37.2147465437788,159.6418517360025,1421,0.9870967741935484,0.9286831404441664,0.9990711755385893
surrogate,stress,T_OO,efpb,1107,170.2413254985069,6.94,38.73956442831216,205.6858505564388,1610,0.9900181488203267,0.9090620031796502,0.9981860531659497
surrogate,stress,T_OO,efpb,1117,117.24849963216788,5.15,37.181470869149955,137.60353535353536,1423,0.9875835721107927,0.9349747474747475,0.9992517735088181
surrogate,stress,T_OO,efpb,1104,114.44975351504804,5.93,37.16326530612245,134.59698208110657,1357,0.9907235621521335,0.931153725243634,0.9990401917603979
surrogate,stress,T_OO,efpb,1118,116.47652705570809,3.28,196.9834791059281,96.30421019309908,2300,0.9115646258503401,0.965178854067743,0.9991845525161243
surrogate,stress,T_OO,efpb,1113,127.62728507665437,6.47,38.10174418604651,150.04668769716088,1437,0.9854651162790697,0.9309148264984227,0.999190383899625
surrogate,stress,T_OO,efpb,1106,111.05747459526295,4.69,38.53810408921933,130.08845909955613,1417,0.991635687732342,0.9422954977805961,0.9993495154181197
surrogate,stress,T_OO,efpb,1120,162.8151002722497,7.62,37.34866605335787,195.8469773299748,1544,0.9917203311867525,0.9064861460957179,0.997987823988177
surrogate,stress,T_OO,efpb,1116,176.71551906881734,4.94,295.3479052823315,144.87607244995235,2583,0.8743169398907104,0.9472513504925326,0.998399416414392
surrogate,stress,T_OO,efpb,1102,101.07877331282445,5.01,37.608333333333334,117.71261829652997,1276,0.9898148148148148,0.9362776025236593,0.9992279919024241
surrogate,stress,T_OO,efpb,1109,130.15144852061877,5.62,37.94627709707823,153.87578814627994,1405,0.9849198868991518,0.9353720050441362,0.999334686015753
surrogate,stress,T_OO,efpb,1129,93.42830292113712,3.69,37.0984555984556,107.76117496807151,1418,0.9884169884169884,0.9521072796934866,0.9996500102318617
surrogate,stress,T_OO,efpb,1114,127.23075890374177,6.56,37.776752767527675,150.70915958451369,1502,0.988929889298893,0.9285489455461127,0.9990093774710562
surrogate,stress,T_OO,efpb,1119,138.71174950954682,7.12,37.72018779342723,165.05221267112384,1313,0.9934272300469483,0.9312320916905444,0.9989568377424818
surrogate,stress,T_OO,efpb,1122,189.76336800890564,8.83,38.32287822878229,229.54851921865153,1523,0.9898523985239852,0.9108380592312539,0.9982748012064842
surrogate,stress,T_OO,efpb,1115,165.65347410527127,8.13,38.06341911764706,199.4135314574771,1505,0.984375,0.9174834018337021,0.998764479732339
surrogate,stress,T_OO,efpb,1112,152.1517928055324,4.23,261.4155722326454,123.71754998413202,2319,0.9127579737335835,0.951126626467788,0.999576424274137
surrogate,stress,T_OO,efpb,1105,110.6867846195631,4.16,37.62819299905393,129.5326776649746,1475,0.9914853358561968,0.9486040609137056,0.9995117078078138
surrogate,stress,T_OO,efpb,1101,144.99444965453884,6.41,39.01168014375561,173.6816313626304,1382,0.9865229110512129,0.9146380018969333,0.9985723648055593
surrogate,stress,T_OO,efpb,1127,143.57709731062562,4.65,271.75614194722476,109.49072035231205,2182,0.8707916287534122,0.9550173010380623,0.9978764861016995
surrogate,stress,T_OO,efpb,1123,166.08879371331332,5.49,38.45727272727273,200.08183821214982,1559,0.99,0.9216241737488197,0.9987222529886979
surrogate,stress,T_OO,efpb,1125,154.21383358269074,5.51,36.34132310642378,183.69326683291771,1581,0.9884947267497604,0.9286159600997507,0.9990253967723911
surrogate,stress,T_OO,efpb,1124,135.17775941265782,5.46,38.249317561419474,161.13335445042762,1515,0.9872611464968153,0.9261957554640482,0.9989825552860321
surrogate,stress,T_OO,efpb,1103,132.22073191882987,6.47,37.75067506750675,157.95728402932738,1350,0.9828982898289829,0.9273190946764425,0.9991541537685473
surrogate,stress,T_OO,efpb,1108,118.94329507847729,7.0,38.5771375464684,140.08039402605655,1235,0.9879182156133829,0.9291388624086432,0.9990607711485539
surrogate,stress,T_OO,efpb,1126,149.48468891305595,7.53,38.2773851590106,180.11926605504587,1491,0.9885159010600707,0.9003479911420437,0.9978259248834235
surrogate,stress,T_OO,efpb,1121,119.05873875951119,3.59,191.67264150943396,100.48651191969887,2170,0.9207547169811321,0.9551442910915935,0.9996640390838613
surrogate,stress,T_OO,efpb,1111,134.0866864807194,6.13,39.446983546617915,159.00625782227786,1499,0.9835466179159049,0.9145807259073843,0.9986816064317904
surrogate,stress,T_SH,efficiency,1130,12.519632904496499,0.51,11.328484848484848,13.149042464612823,0,0.9987878787878788,0.9958368026644463,0.999997811041658
surrogate,stress,T_SH,efficiency,1128,12.667728816401826,0.66,11.220747889022919,13.43859649122807,0,0.9975874547647768,0.9966583124477861,0.9999997829263906
surrogate,stress,T_SH,efficiency,1110,12.768056128765993,0.65,11.823308270676693,13.232,0,0.9874686716791979,0.9984,0.999969700764634
surrogate,stress,T_SH,efficiency,1107,13.152009248923616,0.52,12.398837209302325,13.544952681388013,0,0.9918604651162791,0.9976340694006309,0.999991578201025
surrogate,stress,T_SH,efficiency,1117,12.518702429891325,0.57,11.851288056206089,12.874290348742903,0,0.9976580796252927,0.9951338199513382,0.9999983954861751
surrogate,stress,T_SH,efficiency,1104,12.479814308215202,0.59,11.240291262135923,13.122749590834697,0,0.9963592233009708,1.0,0.9999966740994385
surrogate,stress,T_SH,efficiency,1118,12.524017104662267,0.6,11.00125313283208,13.278450363196125,0,1.0,0.9983857949959645,0.999999347533186
surrogate,stress,T_SH,efficiency,1113,12.307968565151258,0.54,11.589486858573217,12.67412935323383,0,0.9912390488110138,0.9983416252072969,0.999987256075631
surrogate,stress,T_SH,efficiency,1106,12.443254549257476,0.61,12.154140127388535,12.584615384615384,0,1.0,0.9959514170040485,0.9999958856202428
surrogate,stress,T_SH,efficiency,1120,12.63484792208328,0.56,11.940821256038648,12.995110024449877,0,0.998792270531401,0.9942950285248574,0.9999949085947896
surrogate,stress,T_SH,efficiency,1116,12.70975549721037,0.66,12.08641975308642,13.01996805111821,0,1.0,0.9968051118210862,0.9999974400065538
surrogate,stress,T_SH,efficiency,1102,13.101526345701064,0.57,12.568840579710145,13.371224165341813,0,1.0,0.9960254372019078,0.9999960349847571
surrogate,stress,T_SH,efficiency,1109,12.308307974488308,0.53,10.661310259579729,13.146361406377759,0,0.9987639060568603,0.9975470155355682,0.9999996284249972
surrogate,stress,T_SH,efficiency,1129,12.434537490784509,0.52,11.428211586901764,12.963026655202064,0,0.9937027707808564,0.9948409286328461,0.9999996724070274
surrogate,stress,T_SH,efficiency,1114,12.270554030043613,0.6,11.17360285374554,12.834658187599365,0,0.9988109393579072,0.9936406995230525,0.9999932664688019
surrogate,stress,T_SH,efficiency,1119,12.75301102629347,0.52,11.501295336787564,13.362295081967213,0,0.9922279792746114,0.9983606557377049,0.9999905085416878
surrogate,stress,T_SH,efficiency,1122,13.019727108334704,0.75,12.794536817102138,13.13888888888889,0,0.994061757719715,0.9983660130718954,0.9999953330961137
surrogate,stress,T_SH,efficiency,1115,12.565608421750662,0.62,11.378310214375787,13.146869983948635,0,0.9924337957124842,0.9975922953451043,0.9999932806641496
surrogate,stress,T_SH,efficiency,1112,12.447772464132896,0.57,11.510688836104514,12.959527824620574,0,0.998812351543943,0.9966273187183811,0.9999988009474781
surrogate,stress,T_SH,efficiency,1105,12.689473042701012,0.51,11.7125748502994,13.191047162270184,0,1.0,0.9952038369304557,0.9999942215570593
surrogate,stress,T_SH,efficiency,1101,12.580726432920429,0.73,11.11660329531052,13.306122448979592,0,0.9987325728770595,0.9951020408163266,0.9999966844097778
surrogate,stress,T_SH,efficiency,1127,12.71021397182636,0.68,11.655048076923077,13.257907542579076,0,0.9975961538461539,0.9983779399837794,0.999999846585622
surrogate,stress,T_SH,efficiency,1123,12.658522516583577,0.6,12.030264817150064,12.96340493237868,0,0.9974779319041615,0.9952267303102625,0.9999987237306281
surrogate,stress,T_SH,efficiency,1125,12.85699550274374,0.55,11.737783075089393,13.44954881050041,0,0.9964243146603099,0.9950779327317474,0.9999995429383874
surrogate,stress,T_SH,efficiency,1124,12.549013171392227,0.69,11.471204188481675,13.04118104118104,0,0.9960732984293194,0.9961149961149961,0.9999999995619103
surrogate,stress,T_SH,efficiency,1103,12.19433779165436,0.71,11.046192259675406,12.780447390223696,0,0.9962546816479401,0.9975144987572494,0.9999996007314762
surrogate,stress,T_SH,efficiency,1108,12.142009307886084,0.55,11.24969696969697,12.627249357326479,0,0.9915151515151515,0.9965724078834619,0.9999935292277508
surrogate,stress,T_SH,efficiency,1126,12.18731772352304,0.88,10.885029940119761,12.882059800664452,0,0.9988023952095808,0.9983388704318937,0.9999999461323148
surrogate,stress,T_SH,efficiency,1121,12.237630542715287,0.58,10.890683229813664,12.945670628183361,0,0.9975155279503105,0.9966044142614601,0.9999997912423019
surrogate,stress,T_SH,efficiency,1111,12.20056136769584,0.52,10.939024390243903,12.876061120543294,0,1.0,0.9915110356536503,0.9999818307879478
surrogate,stress,T_SH,equal_bargaining,1130,13.267024263504169,0.81,13.907878787878788,12.928393005828477,0,0.9951515151515151,0.9966694421315571,0.9999994192343612
surrogate,stress,T_SH,equal_bargaining,1128,12.51377300742107,0.53,11.17611580217129,13.22639933166249,0,0.9975874547647768,0.9966583124477861,0.9999997829263906
surrogate,stress,T_SH,equal_bargaining,1110,13.454601733388362,0.65,14.095238095238095,13.14,0,0.993734335839599,0.9952,0.9999994569650145
surrogate,stress,T_SH,equal_bargaining,1107,14.169590177005261,0.78,15.67674418604651,13.383280757097792,0,0.9965116279069768,0.9952681388012619,0.9999996102364991
surrogate,stress,T_SH,equal_bargaining,1117,13.242093695307094,0.76,13.580796252927401,13.061638280616382,0,0.9929742388758782,0.9951338199513382,0.9999988200637541
surrogate,stress,T_SH,equal_bargaining,1104,13.170189836690705,0.81,12.595873786407767,13.46808510638298,0,0.9963592233009708,0.9983633387888707,0.9999989905610689
surrogate,stress,T_SH,equal_bargaining,1118,13.283596961016316,0.6,13.942355889724311,12.95722356739306,0,1.0,0.9975786924939467,0.9999985307643258
surrogate,stress,T_SH,equal_bargaining,1113,13.042842656751732,0.64,12.902377972465581,13.114427860696518,0,0.9887359198998749,0.9983416252072969,0.9999766321509956
surrogate,stress,T_SH,equal_bargaining,1106,13.700104580631669,0.9,14.664968152866242,13.22834008097166,0,0.9987261146496815,0.9975708502024292,0.9999996651021354
surrogate,stress,T_SH,equal_bargaining,1120,12.632041599603811,0.79,12.444444444444445,12.729421352893235,0,0.9975845410628019,0.9951100244498777,0.999998457949469
surrogate,stress,T_SH,equal_bargaining,1116,13.304069576632752,0.93,14.069135802469136,12.92332268370607,0,1.0,0.9992012779552716,0.9999998403833352
surrogate,stress,T_SH,equal_bargaining,1102,13.29613542258667,0.82,12.821256038647343,13.536565977742448,0,0.9927536231884058,0.9976152623211447,0.9999940338289658
surrogate,stress,T_SH,equal_bargaining,1109,12.644378673558714,0.78,11.65142150803461,13.149632052330336,0,0.9987639060568603,0.9975470155355682,0.9999996284249972
surrogate,stress,T_SH,equal_bargaining,1129,13.340387701114532,0.76,13.394206549118389,13.312123817712811,0,0.9949622166246851,0.9974204643164231,0.9999984776829794
surrogate,stress,T_SH,equal_bargaining,1114,13.973227265385237,0.67,14.741973840665874,13.577901430842607,0,1.0,0.9928457869634341,0.9999871124384062
surrogate,stress,T_SH,equal_bargaining,1119,12.972094995759118,0.6,12.3860103626943,13.257377049180327,0,0.9948186528497409,0.9959016393442623,0.9999997040451467
surrogate,stress,T_SH,equal_bargaining,1122,12.946366924215026,0.62,12.821852731591449,13.012254901960784,0,0.996437054631829,0.9983660130718954,0.9999990649275093
surrogate,stress,T_SH,equal_bargaining,1115,13.834176061007955,0.9,14.211853720050442,13.649277688603531,0,0.9924337957124842,0.9991974317817014,0.9999884671245983
surrogate,stress,T_SH,equal_bargaining,1112,12.955868780937998,0.66,11.985748218527316,13.48566610455312,0,0.995249406175772,0.9966273187183811,0.9999995214600664
surrogate,stress,T_SH,equal_bargaining,1105,13.95075772965506,0.78,14.68622754491018,13.573141486810552,0,1.0,0.9952038369304557,0.9999942215570593
surrogate,stress,T_SH,equal_bargaining,1101,13.782196094898175,0.67,14.247148288973383,13.551836734693877,0,0.9949302915082383,0.996734693877551,0.9999991792066213
surrogate,stress,T_SH,equal_bargaining,1127,12.71415663887634,0.51,11.850961538461538,13.16220600162206,0,0.9975961538461539,0.9983779399837794,0.999999846585622
surrogate,stress,T_SH,equal_bargaining,1123,13.13827201186601,0.67,12.862547288776797,13.272076372315036,0,0.9936948297604036,0.9976133651551312,0.9999961277008209
surrogate,stress,T_SH,equal_bargaining,1125,13.367124644139128,0.66,13.400476758045292,13.34946677604594,0,1.0,0.992616899097621,0.9999862714703187
surrogate,stress,T_SH,equal_bargaining,1124,13.861310574042918,0.68,14.952879581151832,13.362859362859362,0,1.0,0.9976689976689976,0.9999986384369256
surrogate,stress,T_SH,equal_bargaining,1103,12.64258892029872,0.67,11.97003745318352,12.985915492957746,0,0.9975031210986267,0.9991714995857498,0.9999993018089719
surrogate,stress,T_SH,equal_bargaining,1108,13.032791084923785,0.82,13.256969696969698,12.91088260497001,0,0.9963636363636363,0.9948586118251928,0.9999994287220765
surrogate,stress,T_SH,equal_bargaining,1126,13.339638363469714,0.84,14.125748502994012,12.920265780730897,0,0.9844311377245509,0.9941860465116279,0.9999756940658742
surrogate,stress,T_SH,equal_bargaining,1121,13.451763396678649,0.61,13.334161490683229,13.513582342954159,0,1.0,0.9932088285229203,0.9999883914293921
surrogate,stress,T_SH,equal_bargaining,1111,12.871693459215786,0.62,11.758536585365853,13.46774193548387,0,1.0,0.9949066213921901,0.9999934812557127
surrogate,stress,T_SH,fixed_time,1130,14.096634957884591,0.52,16.466666666666665,12.844296419650291,0,0.9987878787878788,0.9933388842631141,0.9999925183815903
surrogate,stress,T_SH,fixed_time,1128,14.516582113957483,0.48,17.15319662243667,13.111946532999164,0,0.9939686369119421,0.9974937343358395,0.999996866738243
surrogate,stress,T_SH,fixed_time,1110,14.608089145687165,0.49,16.924812030075188,13.4704,0,0.9912280701754386,0.9984,0.9999870066056042
surrogate,stress,T_SH,fixed_time,1107,15.294769574230582,0.64,18.961627906976744,13.381703470031546,0,0.9930232558139535,0.998422712933754,0.999992648771116
surrogate,stress,T_SH,fixed_time,1117,14.30013431560096,0.53,16.830210772833723,12.952149229521492,0,0.9976580796252927,0.9967558799675588,0.9999997953674971
surrogate,stress,T_SH,fixed_time,1104,14.069054132471194,0.53,16.518203883495147,12.798690671031096,0,0.9987864077669902,0.997545008183306,0.9999996133146306
surrogate,stress,T_SH,fixed_time,1118,13.279902021837506,0.39,15.141604010025063,12.357546408393866,0,0.9962406015037594,0.9983857949959645,0.9999988433304172
surrogate,stress,T_SH,fixed_time,1113,13.846881865810378,0.46,15.609511889862327,12.948590381426202,0,0.9949937421777222,0.9975124378109452,0.9999984020936217
surrogate,stress,T_SH,fixed_time,1106,13.9100188245137,0.44,14.863694267515923,13.443724696356275,0,0.9987261146496815,0.9975708502024292,0.9999996651021354
surrogate,stress,T_SH,fixed_time,1120,15.140439932318104,0.68,18.769323671497585,13.256723716381417,0,0.9963768115942029,0.9967400162999185,0.9999999667924063
surrogate,stress,T_SH,fixed_time,1116,14.089021988841482,0.55,17.493827160493826,12.394568690095847,0,1.0,0.9968051118210862,0.9999974400065538
surrogate,stress,T_SH,fixed_time,1102,13.906754891613218,0.45,16.01328502415459,12.840222575516693,0,0.998792270531401,0.9984101748807631,0.9999999633984066
surrogate,stress,T_SH,fixed_time,1109,13.876526741423152,0.48,15.809641532756489,12.892886345053148,0,0.9987639060568603,0.9942763695829926,0.99999493030735
surrogate,stress,T_SH,fixed_time,1129,13.276031050782775,0.36,13.302267002518892,13.262252794496991,0,0.9924433249370277,0.9965606190885641,0.9999957150018258
surrogate,stress,T_SH,fixed_time,1114,13.917945404619608,0.51,14.97027348394768,13.376788553259141,0,0.9988109393579072,0.9952305246422893,0.9999967759861625
surrogate,stress,T_SH,fixed_time,1119,13.436471586089908,0.44,13.939119170984457,13.191803278688525,0,0.9961139896373057,0.9967213114754099,0.9999999071258312
surrogate,stress,T_SH,fixed_time,1122,14.973491698175243,0.55,19.315914489311165,12.675653594771243,0,0.996437054631829,0.9967320261437909,0.9999999780986011
surrogate,stress,T_SH,fixed_time,1115,15.057609416445622,0.73,18.453972257250946,13.39486356340289,0,0.9962168978562421,0.9983948635634029,0.9999988077020266
surrogate,stress,T_SH,fixed_time,1112,14.799899320412786,0.6,17.96912114014252,13.069139966273188,0,0.998812351543943,0.9957841483979764,0.9999976950638129
surrogate,stress,T_SH,fixed_time,1105,14.389306464063706,0.51,16.69820359281437,13.203836930455635,0,0.9928143712574851,0.9976019184652278,0.9999942145680253
surrogate,stress,T_SH,fixed_time,1101,13.497207642242286,0.38,14.044359949302915,13.226122448979591,0,0.9987325728770595,0.9975510204081632,0.9999996496828517
surrogate,stress,T_SH,fixed_time,1127,14.36161649349049,0.44,16.78485576923077,13.103811841038118,0,0.9975961538461539,0.9959448499594485,0.9999993138748123
surrogate,stress,T_SH,fixed_time,1123,13.725474846524659,0.47,15.194199243379572,13.012728719172634,0,0.9974779319041615,0.9936356404136834,0.999996276194961
surrogate,stress,T_SH,fixed_time,1125,14.136031687089988,0.45,16.439809296781885,12.916324856439704,0,0.9952324195470799,0.9958982772764561,0.9999998881687171
surrogate,stress,T_SH,fixed_time,1124,13.77321406589799,0.54,16.099476439790575,12.71095571095571,0,0.9986910994764397,0.9968919968919969,0.999999187222133
surrogate,stress,T_SH,fixed_time,1103,13.532846715328468,0.47,14.928838951310862,12.820215410107705,0,0.9937578027465668,0.9991714995857498,0.9999926209428465
surrogate,stress,T_SH,fixed_time,1108,15.288672558814737,0.68,19.606060606060606,12.940874035989717,0,0.9963636363636363,0.9957155098543273,0.9999998941462261
surrogate,stress,T_SH,fixed_time,1126,15.05987001083243,0.47,17.74251497005988,13.628737541528238,0,0.9988023952095808,0.9950166112956811,0.9999963947231992
surrogate,stress,T_SH,fixed_time,1121,14.687553501112822,0.66,17.839751552795033,13.03056027164686,0,1.0,0.99830220713073,0.9999992781503326
surrogate,stress,T_SH,fixed_time,1111,14.295355958152593,0.59,17.391463414634146,12.637521222410866,0,1.0,0.9949066213921901,0.9999934812557127
surrogate,stress,T_SH,efpb,1130,13.64107614298286,0.54,14.93939393939394,12.95503746877602,0,1.0,0.9925062447960034,0.9999858553085377
surrogate,stress,T_SH,efpb,1128,12.9786591757159,0.55,14.009650180940893,12.429406850459483,0,0.9891435464414958,0.9974937343358395,0.9999823336161933
surrogate,stress,T_SH,efpb,1110,12.818530747007841,0.53,13.799498746867167,12.3368,0,0.993734335839599,0.9936,0.9999999954307814
surrogate,stress,T_SH,efpb,1107,13.779022484452241,0.55,15.140697674418604,13.068611987381704,0,0.9918604651162791,0.999211356466877,0.9999863698625395
surrogate,stress,T_SH,efpb,1117,13.208555496764214,0.54,14.988290398126464,12.260340632603405,0,0.9918032786885246,0.9959448499594485,0.9999956588410575
surrogate,stress,T_SH,efpb,1104,13.694437536267923,0.56,14.641990291262136,13.202945990180032,0,0.9951456310679612,0.997545008183306,0.9999985501714965
surrogate,stress,T_SH,efpb,1118,13.086312118570184,0.54,13.30451127819549,12.978208232445521,0,1.0,0.9983857949959645,0.999999347533186
surrogate,stress,T_SH,efpb,1113,13.695580530674327,0.54,15.270337922403003,12.893034825870647,0,0.9912390488110138,0.9991708126036484,0.9999841201052773
surrogate,stress,T_SH,efpb,1106,13.273248274419577,0.54,14.819108280254778,12.517408906882592,0,0.9987261146496815,0.9975708502024292,0.9999996651021354
surrogate,stress,T_SH,efpb,1120,12.840658660393709,0.57,14.35024154589372,12.057049714751427,0,0.9939613526570048,0.9951100244498777,0.9999996665036905
surrogate,stress,T_SH,efpb,1116,13.84628322940597,0.54,16.023456790123458,12.762779552715655,0,0.9938271604938271,0.9992012779552716,0.9999927291671619
surrogate,stress,T_SH,efpb,1102,14.019160509864415,0.55,16.07608695652174,12.977742448330684,0,0.9891304347826086,0.9960254372019078,0.9999879364707593
surrogate,stress,T_SH,efpb,1109,13.092750844136896,0.54,14.825710754017305,12.210956663941129,0,0.992583436341162,0.9942763695829926,0.9999992739861561
surrogate,stress,T_SH,efpb,1129,13.358298278329503,0.54,14.246851385390428,12.891659501289768,0,0.9886649874055415,0.999140154772141,0.9999722308707666
surrogate,stress,T_SH,efpb,1114,13.61439993539008,0.53,15.466111771700357,12.662162162162161,0,0.9976218787158145,0.9984101748807631,0.9999998440290429
surrogate,stress,T_SH,efpb,1119,13.038931297709924,0.56,14.759067357512953,12.201639344262295,0,1.0,0.9926229508196721,0.9999862940498241
surrogate,stress,T_SH,efpb,1122,13.611951339799445,0.54,15.494061757719715,12.616013071895425,0,0.994061757719715,0.9975490196078431,0.9999969340938263
surrogate,stress,T_SH,efpb,1115,13.893691976127322,0.54,15.766708701134931,12.976725521669342,0,0.9962168978562421,0.9967897271268058,0.9999999173899504
surrogate,stress,T_SH,efpb,1112,13.25492910479067,0.54,14.078384798099762,12.80522765598651,0,0.9928741092636579,1.0,0.9999872146378191
surrogate,stress,T_SH,efpb,1105,14.11534554910007,0.54,16.561676646706587,12.859312549960032,0,1.0,0.9944044764188649,0.9999921286076278
surrogate,stress,T_SH,efpb,1101,13.444971656519002,0.54,14.542458808618504,12.901224489795919,0,0.9974651457541192,0.9983673469387755,0.9999997956575858
surrogate,stress,T_SH,efpb,1127,14.3675715635139,0.54,16.356971153846153,13.334955393349555,0,0.9975961538461539,0.9983779399837794,0.999999846585622
surrogate,stress,T_SH,efpb,1123,13.145235054179883,0.54,14.141235813366961,12.661893396976929,0,0.9936948297604036,0.9976133651551312,0.9999961277008209
surrogate,stress,T_SH,efpb,1125,13.45125221768371,0.54,15.35876042908224,12.441345365053323,0,0.99880810488677,0.9967186218211649,0.999998903617392
surrogate,stress,T_SH,efpb,1124,14.180296253744203,0.57,16.68848167539267,13.034965034965035,0,0.9960732984293194,0.9984459984459985,0.9999985848301509
surrogate,stress,T_SH,efpb,1103,12.998692038310619,0.54,14.192259675405742,12.389395194697597,0,0.9962546816479401,0.9983429991714996,0.9999989038197578
surrogate,stress,T_SH,efpb,1108,12.899064941718967,0.54,13.498181818181818,12.573264781491002,0,0.9963636363636363,0.9974293059125964,0.999999714316683
surrogate,stress,T_SH,efpb,1126,13.471877343554706,0.54,15.10059880239521,12.602990033222591,0,0.9928143712574851,0.9950166112956811,0.999998772645937
surrogate,stress,T_SH,efpb,1121,13.38054271528848,0.53,14.448447204968945,12.81918505942275,0,0.9975155279503105,0.9974533106960951,0.999999999027366
surrogate,stress,T_SH,efpb,1111,13.204091179722717,0.52,14.008536585365853,12.773344651952462,0,0.9963414634146341,0.9957555178268251,0.9999999134845672
surrogate,robustness,S7_emergency,efficiency,2003,9.731565427621636,0.53,10.256198347107437,9.614182692307692,0,1.0,0.9975961538461539,0.9999985519041011
surrogate,robustness,S7_emergency,efficiency,2010,11.239996867903844,0.7,12.352697095435685,10.981179422835634,0,1.0,0.9962358845671268,0.9999964445006299
surrogate,robustness,S7_emergency,efficiency,2002,10.000314021039408,0.65,11.25,9.692111959287532,0,0.9880952380952381,0.9961832061068703,0.9999833862984124
surrogate,robustness,S7_emergency,efficiency,2004,10.510861893184849,0.56,11.305555555555555,10.315120711562898,0,1.0,0.9949174078780177,0.9999935089065913
surrogate,robustness,S7_emergency,efficiency,2006,10.615873015873017,0.59,12.166666666666666,10.250980392156864,0,1.0,0.996078431372549,0.9999961402181549
surrogate,robustness,S7_emergency,efficiency,2008,10.503420843277645,0.49,10.535315985130111,10.494736842105263,0,1.0,0.9960526315789474,0.9999960891635938
surrogate,robustness,S7_emergency,efficiency,2007,10.656214496705296,0.78,11.150684931506849,10.515802781289507,0,0.9965753424657534,0.9987357774968394,0.9999988276408796
surrogate,robustness,S7_emergency,efficiency,2009,10.382039573820395,0.55,12.141630901287554,9.978233034571062,0,0.9914163090128756,1.0,0.9999814212726429
surrogate,robustness,S7_emergency,efficiency,2005,10.3241780434607,0.87,10.656652360515022,10.247089262613196,0,0.9914163090128756,0.9987063389391979,0.9999865818355357
surrogate,robustness,S7_emergency,efficiency,2001,10.704348517370219,0.73,10.8300395256917,10.672703751617076,0,1.0,0.9974126778783958,0.9999983221054222
surrogate,robustness,S7_emergency,equal_bargaining,2003,10.726050166213357,0.57,8.115702479338843,11.310096153846153,0,1.0,0.9975961538461539,0.9999985519041011
surrogate,robustness,S7_emergency,equal_bargaining,2010,10.89202098504424,0.55,8.340248962655602,11.485570890840652,0,1.0,0.998745294855709,0.9999996059346246
surrogate,robustness,S7_emergency,equal_bargaining,2002,10.401868425184485,0.5,8.25,10.932569974554708,0,0.9920634920634921,0.9961832061068703,0.9999957066950269
surrogate,robustness,S7_emergency,equal_bargaining,2004,10.162889185161948,0.48,7.579365079365079,10.799237611181702,0,1.0,0.9923761118170267,0.9999853578778685
surrogate,robustness,S7_emergency,equal_bargaining,2006,10.871957671957672,0.8,8.444444444444445,11.443137254901961,0,1.0,0.996078431372549,0.9999961402181549
surrogate,robustness,S7_emergency,equal_bargaining,2008,11.066746221161496,0.54,8.591078066914498,11.740789473684211,0,1.0,0.9960526315789474,0.9999960891635938
surrogate,robustness,S7_emergency,equal_bargaining,2007,10.464439900022724,0.7,7.4965753424657535,11.307206068268016,0,0.9965753424657534,0.9962073324905183,0.9999999658964737
surrogate,robustness,S7_emergency,equal_bargaining,2009,10.729552190979732,0.51,7.497854077253219,11.471190781049936,0,1.0,0.9961587708066582,0.9999962970429832
surrogate,robustness,S7_emergency,equal_bargaining,2005,10.49470878100008,0.48,7.339055793991417,11.226390685640363,0,1.0,0.9948253557567918,0.999993271034326
surrogate,robustness,S7_emergency,equal_bargaining,2001,10.896812147229511,0.69,6.664031620553359,11.96248382923674,0,1.0,0.9974126778783958,0.9999983221054222
surrogate,robustness,S7_emergency,fixed_time,2003,12.60433665760048,0.29,11.045454545454545,12.953125,0,1.0,0.9975961538461539,0.9999985519041011
surrogate,robustness,S7_emergency,fixed_time,2010,12.127554615926709,0.29,10.933609958506224,12.405269761606023,0,1.0,0.9949811794228356,0.9999936711764809
surrogate,robustness,S7_emergency,fixed_time,2002,12.675145234730726,0.29,10.76984126984127,13.145038167938932,0,0.996031746031746,0.9961832061068703,0.9999999942200519
surrogate,robustness,S7_emergency,fixed_time,2004,11.869892557446477,0.29,11.047619047619047,12.072426937738246,0,1.0,0.9949174078780177,0.9999935089065913
surrogate,robustness,S7_emergency,fixed_time,2006,12.722425722425724,0.38,10.764957264957266,13.183006535947712,0,1.0,0.9986928104575163,0.9999995722550967
surrogate,robustness,S7_emergency,fixed_time,2008,12.232696897374703,0.29,11.613382899628252,12.401315789473685,0,1.0,0.9960526315789474,0.9999960891635938
surrogate,robustness,S7_emergency,fixed_time,2007,12.47383170491555,0.29,12.486301369863014,12.470290771175726,0,1.0,0.9962073324905183,0.999996390253685
surrogate,robustness,S7_emergency,fixed_time,2009,12.591764800128173,0.29,11.660944206008583,12.805377720870679,0,0.9957081545064378,1.0,0.9999953752092718
surrogate,robustness,S7_emergency,fixed_time,2005,11.747071653606913,0.29,10.918454935622318,11.939197930142303,0,1.0,0.9987063389391979,0.9999995810686603
surrogate,robustness,S7_emergency,fixed_time,2001,12.220764766674616,0.29,10.071146245059289,12.76196636481242,0,1.0,0.9961190168175937,0.9999962198501549
surrogate,robustness,S7_emergency,efpb,2003,10.766999093381685,0.54,13.152892561983471,10.233173076923077,0,1.0,0.9975961538461539,0.9999985519041011
surrogate,robustness,S7_emergency,efpb,2010,10.920601362461827,0.56,13.697095435684647,10.274780426599749,0,1.0,0.9937264742785445,0.9999900987981525
surrogate,robustness,S7_emergency,efpb,2002,10.247370073794945,0.51,11.523809523809524,9.932569974554708,0,0.9920634920634921,0.9910941475826972,0.9999997610859416
surrogate,robustness,S7_emergency,efpb,2004,10.254254568269157,0.52,12.34920634920635,9.738246505717916,0,1.0,0.9949174078780177,0.9999935089065913
surrogate,robustness,S7_emergency,efpb,2006,10.162148962148963,0.57,12.32905982905983,9.652287581699346,0,0.9914529914529915,0.9973856209150327,0.9999911020185096
surrogate,robustness,S7_emergency,efpb,2008,10.996260938743038,0.55,13.394052044609666,10.343421052631578,0,0.9925650557620818,0.9973684210526316,0.9999941734485726
surrogate,robustness,S7_emergency,efpb,2007,10.598348860107553,0.53,11.058219178082192,10.467762326169407,0,0.9965753424657534,0.9987357774968394,0.9999988276408796
surrogate,robustness,S7_emergency,efpb,2009,10.21757590322839,0.53,12.660944206008583,9.65685019206146,0,0.9957081545064378,1.0,0.9999953752092718
surrogate,robustness,S7_emergency,efpb,2005,10.367477179093626,0.57,11.545064377682403,10.094437257438551,0,0.9914163090128756,0.9987063389391979,0.9999865818355357
surrogate,robustness,S7_emergency,efpb,2001,10.17561014389061,0.53,12.245059288537549,9.654592496765847,0,1.0,0.9974126778783958,0.9999983221054222
surrogate,robustness,S9_saturation,efficiency,2003,12.843292336802271,0.65,15.318600368324125,12.203095975232198,0,0.996316758747698,0.9975232198142415,0.9999996338611068
surrogate,robustness,S9_saturation,efficiency,2010,12.600007760058975,0.66,14.145593869731801,12.207463630613535,0,0.9942528735632183,0.9974699557242251,0.9999973910523231
surrogate,robustness,S9_saturation,efficiency,2002,12.558812231100182,0.55,13.577205882352942,12.289772727272727,0,0.9926470588235294,0.9974747474747475,0.9999941154042351
surrogate,robustness,S9_saturation,efficiency,2004,12.921473432743808,0.69,16.155597722960152,12.097423004399749,0,0.9981024667931688,0.9987429289754871,0.9999998971277938
surrogate,robustness,S9_saturation,efficiency,2006,12.895564704054683,0.55,14.81,12.43421052631579,0,0.988,0.9974937343358395,0.999977137317867
surrogate,robustness,S9_saturation,efficiency,2008,12.656398291679848,0.8,15.112781954887218,12.001953125,0,0.9924812030075187,0.9967447916666666,0.9999954061125597
surrogate,robustness,S9_saturation,efficiency,2007,12.625090067882743,0.63,14.42756183745583,12.132454488386692,0,0.9964664310954063,0.9943502824858758,0.999998870127913
surrogate,robustness,S9_saturation,efficiency,2009,12.817355817355818,0.69,14.807692307692308,12.319148936170214,0,0.9961538461538462,0.9974968710888611,0.9999995461944443
surrogate,robustness,S9_saturation,efficiency,2005,12.867611367728804,0.61,14.74618320610687,12.382842509603073,0,0.9980916030534351,0.9974391805377721,0.9999998931090416
surrogate,robustness,S9_saturation,efficiency,2001,12.748475132937129,0.55,14.05,12.400128865979381,0,1.0,0.9922680412371134,0.9999849381963993
surrogate,robustness,S9_saturation,equal_bargaining,2003,13.762573320719016,1.11,15.47329650092081,13.320123839009288,5,0.994475138121547,0.9962848297213622,0.9999991736367705
surrogate,robustness,S9_saturation,equal_bargaining,2010,14.220967679354361,1.24,18.316091954022987,13.1808981657179,9,0.9923371647509579,0.9955724225173941,0.9999973513573372
surrogate,robustness,S9_saturation,equal_bargaining,2002,13.661954517516902,0.75,17.66360294117647,12.60479797979798,0,0.9963235294117647,0.9968434343434344,0.9999999319605988
surrogate,robustness,S9_saturation,equal_bargaining,2004,14.257696605402073,1.22,18.091081593927893,13.28095537397863,4,0.9981024667931688,0.9949717159019484,0.9999975325462155
surrogate,robustness,S9_saturation,equal_bargaining,2006,13.448811558179274,0.94,16.034,12.825814536340852,0,0.998,0.9962406015037594,0.9999992216534819
surrogate,robustness,S9_saturation,equal_bargaining,2008,12.783415058525783,0.68,13.287593984962406,12.649088541666666,0,0.9924812030075187,0.9986979166666666,0.9999902524193677
surrogate,robustness,S9_saturation,equal_bargaining,2007,13.732906063938717,0.92,16.524734982332156,12.969868173258003,0,0.9929328621908127,0.992467043314501,0.9999999449524302
surrogate,robustness,S9_saturation,equal_bargaining,2009,13.93924693924694,1.09,17.26153846153846,13.107634543178973,1,0.9846153846153847,0.9956195244055068,0.9999691208482265
surrogate,robustness,S9_saturation,equal_bargaining,2005,13.053941908713691,0.67,14.166030534351146,12.76696542893726,0,0.9980916030534351,0.9980793854033291,0.9999999999625389
surrogate,robustness,S9_saturation,equal_bargaining,2001,13.440217391304344,0.67,14.33148148148148,13.201675257731958,0,0.9944444444444445,0.9980670103092784,0.9999966945583747
surrogate,robustness,S9_saturation,fixed_time,2003,13.898543046357617,0.43,12.134438305709024,14.354798761609906,0,0.998158379373849,0.9944272445820433,0.999996493721817
surrogate,robustness,S9_saturation,fixed_time,2010,13.263104799596476,0.4,11.442528735632184,13.72549019607843,0,1.0,0.9968374446552815,0.9999974916406416
surrogate,robustness,S9_saturation,fixed_time,2002,13.874346957590655,0.43,13.056985294117647,14.090277777777779,0,0.9963235294117647,0.9962121212121212,0.9999999968737616
surrogate,robustness,S9_saturation,fixed_time,2004,13.288791276538358,0.38,12.411764705882353,13.512256442489,0,1.0,0.9956002514142049,0.9999951392139058
surrogate,robustness,S9_saturation,fixed_time,2006,12.994873388224326,0.35,11.814,13.279448621553884,0,1.0,0.9962406015037594,0.9999964534228017
surrogate,robustness,S9_saturation,fixed_time,2008,13.044210692818726,0.38,11.216165413533835,13.53125,0,0.9981203007518797,0.9973958333333334,0.9999998681964299
surrogate,robustness,S9_saturation,fixed_time,2007,13.693845045318367,0.37,12.667844522968197,13.974262397991211,0,0.9946996466431095,0.9930947897049592,0.9999993481773859
surrogate,robustness,S9_saturation,fixed_time,2009,13.356972356972355,0.45,11.773076923076923,13.753441802252816,0,1.0,0.9987484355444305,0.9999996079061798
surrogate,robustness,S9_saturation,fixed_time,2005,13.124403037657556,0.45,11.929389312977099,13.432778489116517,0,1.0,0.9967989756722151,0.9999974301478199
surrogate,robustness,S9_saturation,fixed_time,2001,12.71262120738192,0.36,11.59074074074074,13.012886597938145,0,0.9981481481481481,0.9961340206185567,0.9999989799997556
surrogate,robustness,S9_saturation,efpb,2003,13.409877010406815,0.55,18.880294659300183,11.995046439628483,0,0.998158379373849,0.9969040247678018,0.9999996046993606
surrogate,robustness,S9_saturation,efpb,2010,12.925270632056804,0.54,17.591954022988507,11.740037950664137,0,0.9923371647509579,0.9987349778621126,0.99998967512927
surrogate,robustness,S9_saturation,efpb,2002,13.76075599262446,0.56,19.27389705882353,12.304292929292929,0,0.9981617647058824,0.9981060606060606,0.99999999922136
surrogate,robustness,S9_saturation,efpb,2004,13.598851770508228,0.57,18.77609108159393,12.279698302954117,0,0.9981024667931688,0.9949717159019484,0.9999975325462155
surrogate,robustness,S9_saturation,efpb,2006,13.3624747553208,0.56,17.828,12.286340852130326,0,0.994,0.9974937343358395,0.9999969223407744
surrogate,robustness,S9_saturation,efpb,2008,13.374446377728567,0.54,18.144736842105264,12.103515625,0,0.9981203007518797,0.9947916666666666,0.9999972103181921
surrogate,robustness,S9_saturation,efpb,2007,13.367097728393187,0.54,18.614840989399294,11.932831136220967,0,0.9858657243816255,0.9962335216572504,0.9999726403637865
surrogate,robustness,S9_saturation,efpb,2009,13.328867328867327,0.55,19.857692307692307,11.694618272841051,0,1.0,0.9968710888610763,0.9999975448087141
surrogate,robustness,S9_saturation,efpb,2005,13.370586393173097,0.56,19.001908396946565,11.91741357234315,0,0.9980916030534351,0.9980793854033291,0.9999999999625389
surrogate,robustness,S9_saturation,efpb,2001,13.213950578667498,0.54,18.36111111111111,11.836340206185566,0,0.9944444444444445,0.9974226804123711,0.9999977643875986
surrogate,robustness,S5_ns_wait,efficiency,2003,9.731565427621636,0.53,10.256198347107437,9.614182692307692,0,1.0,0.9975961538461539,0.9999985519041011
surrogate,robustness,S5_ns_wait,efficiency,2010,11.239996867903844,0.7,12.352697095435685,10.981179422835634,0,1.0,0.9962358845671268,0.9999964445006299
surrogate,robustness,S5_ns_wait,efficiency,2002,10.000314021039408,0.65,11.25,9.692111959287532,0,0.9880952380952381,0.9961832061068703,0.9999833862984124
surrogate,robustness,S5_ns_wait,efficiency,2004,10.510861893184849,0.56,11.305555555555555,10.315120711562898,0,1.0,0.9949174078780177,0.9999935089065913
surrogate,robustness,S5_ns_wait,efficiency,2006,10.615873015873017,0.59,12.166666666666666,10.250980392156864,0,1.0,0.996078431372549,0.9999961402181549
surrogate,robustness,S5_ns_wait,efficiency,2008,10.483611774065237,0.49,10.50557620817844,10.477631578947369,0,1.0,0.9960526315789474,0.9999960891635938
surrogate,robustness,S5_ns_wait,efficiency,2007,10.656214496705296,0.78,11.150684931506849,10.515802781289507,0,0.9965753424657534,0.9987357774968394,0.9999988276408796
surrogate,robustness,S5_ns_wait,efficiency,2009,10.382039573820395,0.55,12.141630901287554,9.978233034571062,0,0.9914163090128756,1.0,0.9999814212726429
surrogate,robustness,S5_ns_wait,efficiency,2005,10.3241780434607,0.87,10.656652360515022,10.247089262613196,0,0.9914163090128756,0.9987063389391979,0.9999865818355357
surrogate,robustness,S5_ns_wait,efficiency,2001,10.704348517370219,0.73,10.8300395256917,10.672703751617076,0,1.0,0.9974126778783958,0.9999983221054222
surrogate,robustness,S5_ns_wait,equal_bargaining,2003,10.726050166213357,0.57,8.115702479338843,11.310096153846153,0,1.0,0.9975961538461539,0.9999985519041011
surrogate,robustness,S5_ns_wait,equal_bargaining,2010,10.89202098504424,0.55,8.340248962655602,11.485570890840652,0,1.0,0.998745294855709,0.9999996059346246
surrogate,robustness,S5_ns_wait,equal_bargaining,2002,10.401868425184485,0.5,8.25,10.932569974554708,0,0.9920634920634921,0.9961832061068703,0.9999957066950269
surrogate,robustness,S5_ns_wait,equal_bargaining,2004,10.162889185161948,0.48,7.579365079365079,10.799237611181702,0,1.0,0.9923761118170267,0.9999853578778685
surrogate,robustness,S5_ns_wait,equal_bargaining,2006,10.867969067969067,0.8,8.44017094017094,11.43921568627451,0,1.0,0.996078431372549,0.9999961402181549
surrogate,robustness,S5_ns_wait,equal_bargaining,2008,11.066746221161496,0.54,8.591078066914498,11.740789473684211,0,1.0,0.9960526315789474,0.9999960891635938
surrogate,robustness,S5_ns_wait,equal_bargaining,2007,10.464439900022724,0.7,7.4965753424657535,11.307206068268016,0,0.9965753424657534,0.9962073324905183,0.9999999658964737
surrogate,robustness,S5_ns_wait,equal_bargaining,2009,10.729552190979732,0.51,7.497854077253219,11.471190781049936,0,1.0,0.9961587708066582,0.9999962970429832
surrogate,robustness,S5_ns_wait,equal_bargaining,2005,10.49470878100008,0.48,7.339055793991417,11.226390685640363,0,1.0,0.9948253557567918,0.999993271034326
surrogate,robustness,S5_ns_wait,equal_bargaining,2001,10.896812147229511,0.69,6.664031620553359,11.96248382923674,0,1.0,0.9974126778783958,0.9999983221054222
surrogate,robustness,S5_ns_wait,fixed_time,2003,12.60433665760048,0.29,11.045454545454545,12.953125,0,1.0,0.9975961538461539,0.9999985519041011
surrogate,robustness,S5_ns_wait,fixed_time,2010,12.127554615926709,0.29,10.933609958506224,12.405269761606023,0,1.0,0.9949811794228356,0.9999936711764809
surrogate,robustness,S5_ns_wait,fixed_time,2002,12.675145234730726,0.29,10.76984126984127,13.145038167938932,0,0.996031746031746,0.9961832061068703,0.9999999942200519
surrogate,robustness,S5_ns_wait,fixed_time,2004,11.869892557446477,0.29,11.047619047619047,12.072426937738246,0,1.0,0.9949174078780177,0.9999935089065913
surrogate,robustness,S5_ns_wait,fixed_time,2006,12.722425722425724,0.38,10.764957264957266,13.183006535947712,0,1.0,0.9986928104575163,0.9999995722550967
surrogate,robustness,S5_ns_wait,fixed_time,2008,12.232696897374703,0.29,11.613382899628252,12.401315789473685,0,1.0,0.9960526315789474,0.9999960891635938
surrogate,robustness,S5_ns_wait,fixed_time,2007,12.47383170491555,0.29,12.486301369863014,12.470290771175726,0,1.0,0.9962073324905183,0.999996390253685
surrogate,robustness,S5_ns_wait,fixed_time,2009,12.591764800128173,0.29,11.660944206008583,12.805377720870679,0,0.9957081545064378,1.0,0.9999953752092718
surrogate,robustness,S5_ns_wait,fixed_time,2005,11.747071653606913,0.29,10.918454935622318,11.939197930142303,0,1.0,0.9987063389391979,0.9999995810686603
surrogate,robustness,S5_ns_wait,fixed_time,2001,12.220764766674616,0.29,10.071146245059289,12.76196636481242,0,1.0,0.9961190168175937,0.9999962198501549
surrogate,robustness,S5_ns_wait,efpb,2003,10.766999093381685,0.54,13.152892561983471,10.233173076923077,0,1.0,0.9975961538461539,0.9999985519041011
surrogate,robustness,S5_ns_wait,efpb,2010,10.920601362461827,0.56,13.697095435684647,10.274780426599749,0,1.0,0.9937264742785445,0.9999900987981525
surrogate,robustness,S5_ns_wait,efpb,2002,10.247370073794945,0.51,11.523809523809524,9.932569974554708,0,0.9920634920634921,0.9910941475826972,0.9999997610859416
surrogate,robustness,S5_ns_wait,efpb,2004,10.254254568269157,0.52,12.34920634920635,9.738246505717916,0,1.0,0.9949174078780177,0.9999935089065913
surrogate,robustness,S5_ns_wait,efpb,2006,10.162148962148963,0.57,12.32905982905983,9.652287581699346,0,0.9914529914529915,0.9973856209150327,0.9999911020185096
surrogate,robustness,S5_ns_wait,efpb,2008,10.996260938743038,0.55,13.394052044609666,10.343421052631578,0,0.9925650557620818,0.9973684210526316,0.9999941734485726
surrogate,robustness,S5_ns_wait,efpb,2007,10.598348860107553,0.53,11.058219178082192,10.467762326169407,0,0.9965753424657534,0.9987357774968394,0.9999988276408796
surrogate,robustness,S5_ns_wait,efpb,2009,10.21757590322839,0.53,12.660944206008583,9.65685019206146,0,0.9957081545064378,1.0,0.9999953752092718
surrogate,robustness,S5_ns_wait,efpb,2005,10.367477179093626,0.57,11.545064377682403,10.094437257438551,0,0.9914163090128756,0.9987063389391979,0.9999865818355357
surrogate,robustness,S5_ns_wait,efpb,2001,10.17561014389061,0.53,12.245059288537549,9.654592496765847,0,1.0,0.9974126778783958,0.9999983221054222
surrogate,robustness,S8_repeated_imbalance,efficiency,2003,13.48759315718157,0.54,16.632443531827516,12.670596393897364,0,0.9794661190965093,0.9937586685159501,0.9999475381627552
surrogate,robustness,S8_repeated_imbalance,efficiency,2010,13.260058631091475,0.66,15.486542443064183,12.685198054204308,0,0.9813664596273292,0.9944405837387075,0.9999562158288732
surrogate,robustness,S8_repeated_imbalance,efficiency,2002,13.145987283038322,0.52,13.879828326180258,12.962290502793296,0,0.9935622317596566,0.9930167597765364,0.9999999246066242
surrogate,robustness,S8_repeated_imbalance,efficiency,2004,13.206129303106634,0.59,14.898089171974522,12.789115646258503,0,0.9787685774946921,0.9945578231292517,0.9999359827363754
surrogate,robustness,S8_repeated_imbalance,efficiency,2006,13.120357961177639,0.54,16.93258426966292,12.212247738343772,0,0.9842696629213483,0.9937369519832986,0.9999770920700285
surrogate,robustness,S8_repeated_imbalance,efficiency,2008,13.345092698356911,0.52,15.211206896551724,12.86728837876614,0,0.9762931034482759,0.9935437589670014,0.999923313771521
surrogate,robustness,S8_repeated_imbalance,efficiency,2007,13.501253970907875,0.55,17.16348195329087,12.603518267929635,0,0.9893842887473461,0.9939106901217862,0.9999947913012885
surrogate,robustness,S8_repeated_imbalance,efficiency,2009,13.157660332541566,0.68,16.03404255319149,12.44146005509642,0,0.9851063829787234,0.9910468319559229,0.999990963642815
surrogate,robustness,S8_repeated_imbalance,efficiency,2005,12.919051091759254,0.54,15.235555555555555,12.364892881824465,0,0.9866666666666667,0.9937802349689012,0.999987098416939
surrogate,robustness,S8_repeated_imbalance,efficiency,2001,13.526270714683339,0.58,16.673160173160174,12.750173490631505,0,0.9978354978354979,0.9937543372657877,0.9999958008079417
surrogate,robustness,S8_repeated_imbalance,equal_bargaining,2003,14.278243563685635,0.78,18.720739219712527,13.124133148404994,0,0.9815195071868583,0.9965325936199723,0.9999423977430929
surrogate,robustness,S8_repeated_imbalance,equal_bargaining,2010,14.263032671963293,0.82,19.21946169772257,12.983321751216122,0,0.9937888198757764,0.9909659485753995,0.9999979771318797
surrogate,robustness,S8_repeated_imbalance,equal_bargaining,2002,14.382539955318782,0.7,19.51502145922747,13.097765363128492,0,0.9957081545064378,0.9916201117318436,0.9999957685442307
surrogate,robustness,S8_repeated_imbalance,equal_bargaining,2004,14.315281276238455,0.59,17.526539278131636,13.523809523809524,0,0.9851380042462845,0.9938775510204082,0.9999804983688985
surrogate,robustness,S8_repeated_imbalance,equal_bargaining,2006,13.335653452077297,0.77,16.006741573033707,12.69937369519833,0,1.0,0.988169798190675,0.9999645952130278
surrogate,robustness,S8_repeated_imbalance,equal_bargaining,2008,14.128547579298834,0.7,18.603448275862068,12.982783357245337,0,0.9698275862068966,0.9978479196556671,0.9997972543340142
surrogate,robustness,S8_repeated_imbalance,equal_bargaining,2007,13.84943989299448,0.7,17.0276008492569,13.070365358592692,0,0.9893842887473461,0.9939106901217862,0.9999947913012885
surrogate,robustness,S8_repeated_imbalance,equal_bargaining,2009,14.169876145232438,0.81,19.23617021276596,12.908402203856749,0,0.9787234042553191,0.9931129476584022,0.9999467488290453
surrogate,robustness,S8_repeated_imbalance,equal_bargaining,2005,14.408305092016642,1.12,22.424444444444443,12.490670352453352,3,0.98,0.995162404975812,0.9999410742700665
surrogate,robustness,S8_repeated_imbalance,equal_bargaining,2001,14.03361452490044,0.72,17.982683982683984,13.059680777238029,0,0.9978354978354979,0.9965301873698821,0.9999995716311645
surrogate,robustness,S8_repeated_imbalance,fixed_time,2003,14.050093157181568,0.48,13.813141683778234,14.111650485436893,0,0.9856262833675564,0.992371705963939,0.9999883704855136
surrogate,robustness,S8_repeated_imbalance,fixed_time,2010,14.303097251136512,0.47,12.467908902691512,14.776928422515637,0,0.9937888198757764,0.9916608756080612,0.9999988513116309
surrogate,robustness,S8_repeated_imbalance,fixed_time,2002,13.902474652002061,0.49,12.703862660944205,14.202513966480447,0,0.9978540772532188,0.99231843575419,0.9999922633828628
surrogate,robustness,S8_repeated_imbalance,fixed_time,2004,14.238623005877415,0.47,11.955414012738853,14.801360544217687,0,0.9957537154989384,0.9918367346938776,0.9999961162846002
surrogate,robustness,S8_repeated_imbalance,fixed_time,2006,14.020535212485408,0.48,12.280898876404494,14.434933890048713,0,0.9955056179775281,0.9909533750869868,0.9999947484275247
surrogate,robustness,S8_repeated_imbalance,fixed_time,2008,14.02776557420262,0.46,12.640086206896552,14.383070301291248,0,0.9870689655172413,0.990674318507891,0.9999966768166485
surrogate,robustness,S8_repeated_imbalance,fixed_time,2007,14.250083598060526,0.51,12.507430997876858,14.677266576454668,0,1.0,0.9884979702300406,0.9999665432200239
surrogate,robustness,S8_repeated_imbalance,fixed_time,2009,13.892136070580248,0.45,12.327659574468084,14.28168044077135,0,0.997872340425532,0.9910468319559229,0.9999882231095092
surrogate,robustness,S8_repeated_imbalance,fixed_time,2005,13.704860366350648,0.42,12.471111111111112,14.0,0,0.9888888888888889,0.9930891499654457,0.9999955088977273
surrogate,robustness,S8_repeated_imbalance,fixed_time,2001,14.284759988010103,0.46,12.681818181818182,14.680083275503122,0,0.9978354978354979,0.9916724496877168,0.9999904038816199
surrogate,robustness,S8_repeated_imbalance,efpb,2003,14.700372628726283,0.57,21.50718685831622,12.932038834951456,0,0.9958932238193019,0.992371705963939,0.9999968630331978
surrogate,robustness,S8_repeated_imbalance,efpb,2010,14.326337256234863,0.57,21.600414078674948,12.448227936066713,0,0.968944099378882,0.9944405837387075,0.9998313926226463
surrogate,robustness,S8_repeated_imbalance,efpb,2002,14.261170304175975,0.57,22.744635193133046,12.137569832402235,0,0.9978540772532188,0.9909217877094972,0.9999878499957725
surrogate,robustness,S8_repeated_imbalance,efpb,2004,14.712636439966415,0.57,20.985138004246284,13.166666666666666,0,0.9851380042462845,0.9938775510204082,0.9999804983688985
surrogate,robustness,S8_repeated_imbalance,efpb,2006,13.727249146167479,0.56,20.65393258426966,12.077244258872652,0,0.9775280898876404,0.9909533750869868,0.999953488089292
surrogate,robustness,S8_repeated_imbalance,efpb,2008,14.04551445391442,0.57,20.63362068965517,12.35868005738881,0,0.9719827586206896,0.990674318507891,0.9999093092788075
surrogate,robustness,S8_repeated_imbalance,efpb,2007,14.21438722621635,0.56,21.014861995753716,12.547361299052774,0,0.9893842887473461,0.9918809201623816,0.9999984121007431
surrogate,robustness,S8_repeated_imbalance,efpb,2009,14.293603664743808,0.54,22.04468085106383,12.363636363636363,0,0.9787234042553191,0.9931129476584022,0.9999467488290453
surrogate,robustness,S8_repeated_imbalance,efpb,2005,13.942044528334261,0.57,20.942222222222224,12.267449896337249,0,1.0,0.9889426399447132,0.9999690938460536
surrogate,robustness,S8_repeated_imbalance,efpb,2001,14.163833340470175,0.56,21.181818181818183,12.433032616238723,0,0.9935064935064936,0.9951422623178349,0.9999993234071761
surrogate,robustness,S6_conflict,efficiency,2003,12.164822075537248,0.68,14.621761658031089,11.582601755786113,0,1.0,0.9952114924181963,0.9999942400331774
surrogate,robustness,S6_conflict,efficiency,2010,12.215733134179736,0.64,14.83554376657825,11.610358565737052,0,0.9973474801061007,0.9960159362549801,0.9999995537915545
surrogate,robustness,S6_conflict,efficiency,2002,12.20147883479728,0.78,14.562653562653562,11.603880355699273,0,0.9877149877149877,0.9959579628132579,0.9999827328630299
surrogate,robustness,S6_conflict,efficiency,2004,12.108054027013507,0.53,13.939467312348668,11.631147540983607,0,0.9951573849878934,0.9967213114754099,0.9999993835375485
surrogate,robustness,S6_conflict,efficiency,2006,11.43847487001733,0.58,12.369565217391305,11.223491027732463,0,0.9972826086956522,0.99836867862969,0.9999997038265389
surrogate,robustness,S6_conflict,efficiency,2008,11.942138558864373,0.6,13.488997555012224,11.530059271803557,0,0.9951100244498777,0.9983065198983911,0.999997428710672
surrogate,robustness,S6_conflict,efficiency,2007,11.783171841012459,0.67,13.741258741258742,11.256117455138662,0,0.993006993006993,0.9967373572593801,0.9999964851532485
surrogate,robustness,S6_conflict,efficiency,2009,11.911864750977305,0.65,13.829683698296837,11.406171809841535,0,1.0,0.9958298582151793,0.9999956343117948
surrogate,robustness,S6_conflict,efficiency,2005,11.993990506009494,0.81,13.361702127659575,11.673419773095624,0,0.9973404255319149,0.9959481361426256,0.9999995121138768
surrogate,robustness,S6_conflict,efficiency,2001,11.805592272496188,0.58,13.343832020997375,11.436065573770492,0,0.9921259842519685,0.9975409836065574,0.9999925931624126
surrogate,robustness,S6_conflict,equal_bargaining,2003,11.795721872053203,0.56,10.67098445595855,12.062250598563448,0,1.0,0.9952114924181963,0.9999942400331774
surrogate,robustness,S6_conflict,equal_bargaining,2010,12.654518297236743,0.72,11.583554376657824,12.90199203187251,0,1.0,0.999203187250996,0.9999998411458343
surrogate,robustness,S6_conflict,equal_bargaining,2002,12.817378790134486,0.78,12.702702702702704,12.8464025869038,0,1.0,0.9951495553759094,0.9999940896986731
surrogate,robustness,S6_conflict,equal_bargaining,2004,12.02376188094047,0.53,9.675544794188863,12.635245901639344,0,0.9951573849878934,0.9967213114754099,0.9999993835375485
surrogate,robustness,S6_conflict,equal_bargaining,2006,12.385666224895505,0.65,11.682065217391305,12.548123980424144,0,0.9972826086956522,0.9991843393148451,0.9999990926531112
surrogate,robustness,S6_conflict,equal_bargaining,2008,12.21673610039603,0.71,10.748166259168704,12.607959356477561,0,1.0,0.9966130397967824,0.9999971223953181
surrogate,robustness,S6_conflict,equal_bargaining,2007,12.307840616966581,0.53,10.272727272727273,12.85562805872757,0,0.9953379953379954,0.9959216965742251,0.999999914073844
surrogate,robustness,S6_conflict,equal_bargaining,2009,12.093770624968268,0.72,11.02919708029197,12.374478732276897,0,0.9927007299270073,0.9966638865721434,0.9999960312661562
surrogate,robustness,S6_conflict,equal_bargaining,2005,12.426876073123927,0.6,12.34308510638298,12.446515397082658,0,0.9973404255319149,0.9975688816855753,0.9999999868852686
surrogate,robustness,S6_conflict,equal_bargaining,2001,12.838078291814949,0.77,12.727034120734908,12.864754098360656,0,1.0,0.9959016393442623,0.9999957836151284
surrogate,robustness,S6_conflict,fixed_time,2003,13.334805697553227,0.37,11.77720207253886,13.703910614525139,0,0.9974093264248705,0.9960095770151636,0.9999995069360765
surrogate,robustness,S6_conflict,fixed_time,2010,12.89494647747075,0.3,10.440318302387269,13.46215139442231,0,1.0,0.998406374501992,0.9999993640768272
surrogate,robustness,S6_conflict,fixed_time,2002,12.959307230410403,0.35,12.31941031941032,13.121261115602264,0,1.0,0.9975747776879548,0.9999985260037503
surrogate,robustness,S6_conflict,fixed_time,2004,12.943221610805402,0.41,12.23728813559322,13.12704918032787,0,1.0,0.9926229508196721,0.9999862940498241
surrogate,robustness,S6_conflict,fixed_time,2006,13.384544805790602,0.34,11.347826086956522,13.854812398042414,0,0.9972826086956522,0.9967373572593801,0.9999999252287572
surrogate,robustness,S6_conflict,fixed_time,2008,13.086457851154659,0.29,12.594132029339853,13.217612193056732,0,0.9975550122249389,0.9983065198983911,0.9999998582229412
surrogate,robustness,S6_conflict,fixed_time,2007,12.685880957089184,0.3,11.24009324009324,13.075040783034257,0,0.9953379953379954,0.9967373572593801,0.9999995065440781
surrogate,robustness,S6_conflict,fixed_time,2009,12.526882266334972,0.31,11.343065693430656,12.839032527105921,0,1.0,0.994161801501251,0.9999914289662458
surrogate,robustness,S6_conflict,fixed_time,2005,12.68033531966468,0.29,11.59308510638298,12.935170178282009,0,0.9973404255319149,0.9951377633711507,0.9999987778961856
surrogate,robustness,S6_conflict,fixed_time,2001,12.951499745805796,0.29,11.20734908136483,13.37049180327869,0,1.0,0.9967213114754099,0.9999973037246348
surrogate,robustness,S6_conflict,efpb,2003,12.051665095041939,0.54,16.759067357512954,10.936153232242617,0,0.9974093264248705,0.9960095770151636,0.9999995069360765
surrogate,robustness,S6_conflict,efpb,2010,12.34737366193677,0.57,17.957559681697614,11.050996015936255,0,1.0,0.999203187250996,0.9999998411458343
surrogate,robustness,S6_conflict,efpb,2002,12.865912361669395,0.54,17.651105651105652,11.654810024252223,0,1.0,0.9935327405012127,0.9999894757959752
surrogate,robustness,S6_conflict,efpb,2004,12.404902451225613,0.56,16.54721549636804,11.326229508196722,0,0.9951573849878934,0.9959016393442623,0.9999998602748964
surrogate,robustness,S6_conflict,efpb,2006,11.576358446324804,0.57,14.67663043478261,10.860522022838499,0,0.9972826086956522,0.99836867862969,0.9999997038265389
surrogate,robustness,S6_conflict,efpb,2008,11.947230365684309,0.53,14.234718826405867,11.337849280270957,0,0.9975550122249389,0.9991532599491956,0.9999993592941685
surrogate,robustness,S6_conflict,efpb,2007,12.252570694087403,0.54,16.575757575757574,11.088907014681892,0,0.993006993006993,0.9967373572593801,0.9999964851532485
surrogate,robustness,S6_conflict,efpb,2009,11.75260191907397,0.54,15.245742092457421,10.831526271893244,0,0.9927007299270073,0.9958298582151793,0.9999975238262777
surrogate,robustness,S6_conflict,efpb,2005,12.132461367538632,0.56,16.08244680851064,11.206645056726094,0,0.9973404255319149,0.9943273905996759,0.9999977113808449
surrogate,robustness,S6_conflict,efpb,2001,12.107625826131164,0.53,16.141732283464567,11.138524590163934,0,1.0,0.9950819672131147,0.9999939234270792
surrogate,robustness,S12_sensor_error,efficiency,2003,12.60433665760048,0.29,11.045454545454545,12.953125,0,1.0,0.9975961538461539,0.9999985519041011
surrogate,robustness,S12_sensor_error,efficiency,2010,12.127554615926709,0.29,10.933609958506224,12.405269761606023,0,1.0,0.9949811794228356,0.9999936711764809
surrogate,robustness,S12_sensor_error,efficiency,2002,12.675145234730726,0.29,10.76984126984127,13.145038167938932,0,0.996031746031746,0.9961832061068703,0.9999999942200519
surrogate,robustness,S12_sensor_error,efficiency,2004,11.869892557446477,0.29,11.047619047619047,12.072426937738246,0,1.0,0.9949174078780177,0.9999935089065913
surrogate,robustness,S12_sensor_error,efficiency,2006,12.722425722425724,0.38,10.764957264957266,13.183006535947712,0,1.0,0.9986928104575163,0.9999995722550967
surrogate,robustness,S12_sensor_error,efficiency,2008,12.232696897374703,0.29,11.613382899628252,12.401315789473685,0,1.0,0.9960526315789474,0.9999960891635938
surrogate,robustness,S12_sensor_error,efficiency,2007,12.47383170491555,0.29,12.486301369863014,12.470290771175726,0,1.0,0.9962073324905183,0.999996390253685
surrogate,robustness,S12_sensor_error,efficiency,2009,12.591764800128173,0.29,11.660944206008583,12.805377720870679,0,0.9957081545064378,1.0,0.9999953752092718
surrogate,robustness,S12_sensor_error,efficiency,2005,11.747071653606913,0.29,10.918454935622318,11.939197930142303,0,1.0,0.9987063389391979,0.9999995810686603
surrogate,robustness,S12_sensor_error,efficiency,2001,12.220764766674616,0.29,10.071146245059289,12.76196636481242,0,1.0,0.9961190168175937,0.9999962198501549
surrogate,robustness,S12_sensor_error,equal_bargaining,2003,12.60433665760048,0.29,11.045454545454545,12.953125,0,1.0,0.9975961538461539,0.9999985519041011
surrogate,robustness,S12_sensor_error,equal_bargaining,2010,12.127554615926709,0.29,10.933609958506224,12.405269761606023,0,1.0,0.9949811794228356,0.9999936711764809
surrogate,robustness,S12_sensor_error,equal_bargaining,2002,12.675145234730726,0.29,10.76984126984127,13.145038167938932,0,0.996031746031746,0.9961832061068703,0.9999999942200519
surrogate,robustness,S12_sensor_error,equal_bargaining,2004,11.869892557446477,0.29,11.047619047619047,12.072426937738246,0,1.0,0.9949174078780177,0.9999935089065913
surrogate,robustness,S12_sensor_error,equal_bargaining,2006,12.722425722425724,0.38,10.764957264957266,13.183006535947712,0,1.0,0.9986928104575163,0.9999995722550967
surrogate,robustness,S12_sensor_error,equal_bargaining,2008,12.232696897374703,0.29,11.613382899628252,12.401315789473685,0,1.0,0.9960526315789474,0.9999960891635938
surrogate,robustness,S12_sensor_error,equal_bargaining,2007,12.47383170491555,0.29,12.486301369863014,12.470290771175726,0,1.0,0.9962073324905183,0.999996390253685
surrogate,robustness,S12_sensor_error,equal_bargaining,2009,12.591764800128173,0.29,11.660944206008583,12.805377720870679,0,0.9957081545064378,1.0,0.9999953752092718
surrogate,robustness,S12_sensor_error,equal_bargaining,2005,11.747071653606913,0.29,10.918454935622318,11.939197930142303,0,1.0,0.9987063389391979,0.9999995810686603
surrogate,robustness,S12_sensor_error,equal_bargaining,2001,12.220764766674616,0.29,10.071146245059289,12.76196636481242,0,1.0,0.9961190168175937,0.9999962198501549
surrogate,robustness,S12_sensor_error,fixed_time,2003,12.60433665760048,0.29,11.045454545454545,12.953125,0,1.0,0.9975961538461539,0.9999985519041011
surrogate,robustness,S12_sensor_error,fixed_time,2010,12.127554615926709,0.29,10.933609958506224,12.405269761606023,0,1.0,0.9949811794228356,0.9999936711764809
surrogate,robustness,S12_sensor_error,fixed_time,2002,12.675145234730726,0.29,10.76984126984127,13.145038167938932,0,0.996031746031746,0.9961832061068703,0.9999999942200519
surrogate,robustness,S12_sensor_error,fixed_time,2004,11.869892557446477,0.29,11.047619047619047,12.072426937738246,0,1.0,0.9949174078780177,0.9999935089065913
surrogate,robustness,S12_sensor_error,fixed_time,2006,12.722425722425724,0.38,10.764957264957266,13.183006535947712,0,1.0,0.9986928104575163,0.9999995722550967
surrogate,robustness,S12_sensor_error,fixed_time,2008,12.232696897374703,0.29,11.613382899628252,12.401315789473685,0,1.0,0.9960526315789474,0.9999960891635938
surrogate,robustness,S12_sensor_error,fixed_time,2007,12.47383170491555,0.29,12.486301369863014,12.470290771175726,0,1.0,0.9962073324905183,0.999996390253685
surrogate,robustness,S12_sensor_error,fixed_time,2009,12.591764800128173,0.29,11.660944206008583,12.805377720870679,0,0.9957081545064378,1.0,0.9999953752092718
surrogate,robustness,S12_sensor_error,fixed_time,2005,11.747071653606913,0.29,10.918454935622318,11.939197930142303,0,1.0,0.9987063389391979,0.9999995810686603
surrogate,robustness,S12_sensor_error,fixed_time,2001,12.220764766674616,0.29,10.071146245059289,12.76196636481242,0,1.0,0.9961190168175937,0.9999962198501549
surrogate,robustness,S12_sensor_error,efpb,2003,12.60433665760048,0.29,11.045454545454545,12.953125,0,1.0,0.9975961538461539,0.9999985519041011
surrogate,robustness,S12_sensor_error,efpb,2010,12.127554615926709,0.29,10.933609958506224,12.405269761606023,0,1.0,0.9949811794228356,0.9999936711764809
surrogate,robustness,S12_sensor_error,efpb,2002,12.675145234730726,0.29,10.76984126984127,13.145038167938932,0,0.996031746031746,0.9961832061068703,0.9999999942200519
surrogate,robustness,S12_sensor_error,efpb,2004,11.869892557446477,0.29,11.047619047619047,12.072426937738246,0,1.0,0.9949174078780177,0.9999935089065913
surrogate,robustness,S12_sensor_error,efpb,2006,12.722425722425724,0.38,10.764957264957266,13.183006535947712,0,1.0,0.9986928104575163,0.9999995722550967
surrogate,robustness,S12_sensor_error,efpb,2008,12.232696897374703,0.29,11.613382899628252,12.401315789473685,0,1.0,0.9960526315789474,0.9999960891635938
surrogate,robustness,S12_sensor_error,efpb,2007,12.47383170491555,0.29,12.486301369863014,12.470290771175726,0,1.0,0.9962073324905183,0.999996390253685
surrogate,robustness,S12_sensor_error,efpb,2009,12.591764800128173,0.29,11.660944206008583,12.805377720870679,0,0.9957081545064378,1.0,0.9999953752092718
surrogate,robustness,S12_sensor_error,efpb,2005,11.747071653606913,0.29,10.918454935622318,11.939197930142303,0,1.0,0.9987063389391979,0.9999995810686603
surrogate,robustness,S12_sensor_error,efpb,2001,12.220764766674616,0.29,10.071146245059289,12.76196636481242,0,1.0,0.9961190168175937,0.9999962198501549
surrogate,robustness,S11_accessibility,efficiency,2003,1439.9670595346026,35.99,0.0,1762.1490384615386,814,1.0,0.0,0.5
surrogate,robustness,S11_accessibility,efficiency,2010,1440.4490642862731,35.98,0.0,1775.5018820577163,771,1.0,0.0,0.5
surrogate,robustness,S11_accessibility,efficiency,2002,1427.6649395509498,35.99,0.0,1779.7608142493639,763,1.0,0.0,0.5
surrogate,robustness,S11_accessibility,efficiency,2004,1459.3460905027057,35.96,0.0,1818.797966963151,765,1.0,0.0,0.5
surrogate,robustness,S11_accessibility,efficiency,2006,1489.8560846560847,35.94,0.0,1840.4104575163399,742,1.0,0.0,0.5
surrogate,robustness,S11_accessibility,efficiency,2008,1428.8551312649165,35.99,0.0,1817.8855263157895,742,1.0,0.0,0.5
surrogate,robustness,S11_accessibility,efficiency,2007,1361.1294402787246,36.0,0.0,1747.6409608091024,768,1.0,0.0,0.5
surrogate,robustness,S11_accessibility,efficiency,2009,1500.2664423616118,35.91,0.0,1844.560819462228,764,1.0,0.0,0.5
surrogate,robustness,S11_accessibility,efficiency,2005,1477.1513854107764,35.99,0.0,1819.6494178525227,752,1.0,0.0,0.5
surrogate,robustness,S11_accessibility,efficiency,2001,1406.3118689879957,35.99,0.0,1760.3738680465717,748,1.0,0.0,0.5
surrogate,robustness,S11_accessibility,equal_bargaining,2003,1439.9670595346026,35.99,0.0,1762.1490384615386,814,1.0,0.0,0.5
surrogate,robustness,S11_accessibility,equal_bargaining,2010,1440.4490642862731,35.98,0.0,1775.5018820577163,771,1.0,0.0,0.5
surrogate,robustness,S11_accessibility,equal_bargaining,2002,1427.6649395509498,35.99,0.0,1779.7608142493639,763,1.0,0.0,0.5
surrogate,robustness,S11_accessibility,equal_bargaining,2004,1459.3460905027057,35.96,0.0,1818.797966963151,765,1.0,0.0,0.5
surrogate,robustness,S11_accessibility,equal_bargaining,2006,1489.8560846560847,35.94,0.0,1840.4104575163399,742,1.0,0.0,0.5
surrogate,robustness,S11_accessibility,equal_bargaining,2008,1428.8551312649165,35.99,0.0,1817.8855263157895,742,1.0,0.0,0.5
surrogate,robustness,S11_accessibility,equal_bargaining,2007,1361.1294402787246,36.0,0.0,1747.6409608091024,768,1.0,0.0,0.5
surrogate,robustness,S11_accessibility,equal_bargaining,2009,1500.2664423616118,35.91,0.0,1844.560819462228,764,1.0,0.0,0.5
surrogate,robustness,S11_accessibility,equal_bargaining,2005,1477.1513854107764,35.99,0.0,1819.6494178525227,752,1.0,0.0,0.5
surrogate,robustness,S11_accessibility,equal_bargaining,2001,1406.3118689879957,35.99,0.0,1760.3738680465717,748,1.0,0.0,0.5
surrogate,robustness,S11_accessibility,fixed_time,2003,1439.9670595346026,35.99,0.0,1762.1490384615386,814,1.0,0.0,0.5
surrogate,robustness,S11_accessibility,fixed_time,2010,1440.4490642862731,35.98,0.0,1775.5018820577163,771,1.0,0.0,0.5
surrogate,robustness,S11_accessibility,fixed_time,2002,1427.6649395509498,35.99,0.0,1779.7608142493639,763,1.0,0.0,0.5
surrogate,robustness,S11_accessibility,fixed_time,2004,1459.3460905027057,35.96,0.0,1818.797966963151,765,1.0,0.0,0.5
surrogate,robustness,S11_accessibility,fixed_time,2006,1489.8560846560847,35.94,0.0,1840.4104575163399,742,1.0,0.0,0.5
surrogate,robustness,S11_accessibility,fixed_time,2008,1428.8551312649165,35.99,0.0,1817.8855263157895,742,1.0,0.0,0.5
surrogate,robustness,S11_accessibility,fixed_time,2007,1361.1294402787246,36.0,0.0,1747.6409608091024,768,1.0,0.0,0.5
surrogate,robustness,S11_accessibility,fixed_time,2009,1500.2664423616118,35.91,0.0,1844.560819462228,764,1.0,0.0,0.5
surrogate,robustness,S11_accessibility,fixed_time,2005,1477.1513854107764,35.99,0.0,1819.6494178525227,752,1.0,0.0,0.5
surrogate,robustness,S11_accessibility,fixed_time,2001,1406.3118689879957,35.99,0.0,1760.3738680465717,748,1.0,0.0,0.5
surrogate,robustness,S11_accessibility,efpb,2003,1439.9670595346026,35.99,0.0,1762.1490384615386,814,1.0,0.0,0.5
surrogate,robustness,S11_accessibility,efpb,2010,1440.4490642862731,35.98,0.0,1775.5018820577163,771,1.0,0.0,0.5
surrogate,robustness,S11_accessibility,efpb,2002,1427.6649395509498,35.99,0.0,1779.7608142493639,763,1.0,0.0,0.5
surrogate,robustness,S11_accessibility,efpb,2004,1459.3460905027057,35.96,0.0,1818.797966963151,765,1.0,0.0,0.5
surrogate,robustness,S11_accessibility,efpb,2006,1489.8560846560847,35.94,0.0,1840.4104575163399,742,1.0,0.0,0.5
surrogate,robustness,S11_accessibility,efpb,2008,1428.8551312649165,35.99,0.0,1817.8855263157895,742,1.0,0.0,0.5
surrogate,robustness,S11_accessibility,efpb,2007,1361.1294402787246,36.0,0.0,1747.6409608091024,768,1.0,0.0,0.5
surrogate,robustness,S11_accessibility,efpb,2009,1500.2664423616118,35.91,0.0,1844.560819462228,764,1.0,0.0,0.5
surrogate,robustness,S11_accessibility,efpb,2005,1477.1513854107764,35.99,0.0,1819.6494178525227,752,1.0,0.0,0.5
surrogate,robustness,S11_accessibility,efpb,2001,1406.3118689879957,35.99,0.0,1760.3738680465717,748,1.0,0.0,0.5
surrogate,robustness,S10_low_demand,efficiency,2003,7.429606454799934,0.44,7.205357142857143,7.480314960629921,0,1.0,1.0,1.0
surrogate,robustness,S10_low_demand,efficiency,2010,7.032979318054778,0.49,5.743119266055046,7.361702127659575,0,0.9908256880733946,1.0,0.9999787640688044
surrogate,robustness,S10_low_demand,efficiency,2002,8.834387851945587,0.69,7.791666666666667,9.078680203045685,0,1.0,0.9873096446700508,0.9999592245487791
surrogate,robustness,S10_low_demand,efficiency,2004,6.63360219667067,0.35,5.551724137931035,6.9025069637883005,0,0.9913793103448276,1.0,0.9999812600727109
surrogate,robustness,S10_low_demand,efficiency,2006,7.547394629201494,0.62,6.243697478991597,7.897360703812317,0,1.0,1.0,1.0
surrogate,robustness,S10_low_demand,efficiency,2008,7.560314685314685,0.58,7.128205128205129,7.671428571428572,0,1.0,0.9971428571428571,0.9999979533444397
surrogate,robustness,S10_low_demand,efficiency,2007,8.572730179028133,0.47,9.172413793103448,8.436224489795919,0,1.0,0.9948979591836735,0.9999934590076006
surrogate,robustness,S10_low_demand,efficiency,2009,6.306151903301461,0.53,6.020408163265306,6.367521367521367,0,1.0,1.0,1.0
surrogate,robustness,S10_low_demand,efficiency,2005,7.340896714467234,0.47,6.762711864406779,7.498498498498498,0,1.0,1.0,1.0
surrogate,robustness,S10_low_demand,efficiency,2001,7.390152861713473,0.53,6.161016949152542,7.716374269005848,0,1.0,0.9970760233918129,0.9999978563313252
surrogate,robustness,S10_low_demand,equal_bargaining,2003,7.587683187880784,0.53,6.321428571428571,7.874015748031496,0,1.0,1.0,1.0
surrogate,robustness,S10_low_demand,equal_bargaining,2010,7.056269796907024,0.49,4.844036697247707,7.620060790273556,0,0.9908256880733946,1.0,0.9999787640688044
surrogate,robustness,S10_low_demand,equal_bargaining,2002,9.031793736159441,0.53,6.491666666666666,9.626903553299492,0,1.0,0.9822335025380711,0.9999196734479762
surrogate,robustness,S10_low_demand,equal_bargaining,2004,7.282821348893083,0.35,4.991379310344827,7.852367688022284,0,0.9913793103448276,1.0,0.9999812600727109
surrogate,robustness,S10_low_demand,equal_bargaining,2006,7.769695891872666,0.62,5.764705882352941,8.30791788856305,0,1.0,1.0,1.0
surrogate,robustness,S10_low_demand,equal_bargaining,2008,7.3410839160839165,0.6,5.923076923076923,7.7057142857142855,0,1.0,0.9971428571428571,0.9999979533444397
surrogate,robustness,S10_low_demand,equal_bargaining,2007,8.47170716112532,0.43,6.879310344827586,8.834183673469388,0,1.0,0.9948979591836735,0.9999934590076006
surrogate,robustness,S10_low_demand,equal_bargaining,2009,6.4109687894641905,0.53,5.061224489795919,6.700854700854701,0,1.0,1.0,1.0
surrogate,robustness,S10_low_demand,equal_bargaining,2005,7.460882192775457,0.52,5.703389830508475,7.93993993993994,0,1.0,1.0,1.0
surrogate,robustness,S10_low_demand,equal_bargaining,2001,7.50675435478137,0.53,5.703389830508475,7.985380116959064,0,1.0,0.9970760233918129,0.9999978563313252
surrogate,robustness,S10_low_demand,fixed_time,2003,11.262473242219663,0.29,10.125,11.51968503937008,0,1.0,1.0,1.0
surrogate,robustness,S10_low_demand,fixed_time,2010,11.820942798583939,0.29,10.724770642201834,12.100303951367781,0,0.9908256880733946,1.0,0.9999787640688044
surrogate,robustness,S10_low_demand,fixed_time,2002,12.412211325529896,0.29,10.358333333333333,12.893401015228426,0,0.9916666666666667,0.9847715736040609,0.9999878294982637
surrogate,robustness,S10_low_demand,fixed_time,2004,11.690235112407755,0.29,10.612068965517242,11.958217270194986,0,0.9913793103448276,0.9972144846796658,0.9999913898290879
surrogate,robustness,S10_low_demand,fixed_time,2006,11.325804730570871,0.29,11.184873949579831,11.363636363636363,0,1.0,0.9970674486803519,0.9999978437215641
surrogate,robustness,S10_low_demand,fixed_time,2008,12.565734265734266,0.29,11.2991452991453,12.891428571428571,0,1.0,0.9971428571428571,0.9999979533444397
surrogate,robustness,S10_low_demand,fixed_time,2007,11.210997442455241,0.29,10.344827586206897,11.408163265306122,0,1.0,0.9923469387755102,0.9999852451759922
surrogate,robustness,S10_low_demand,fixed_time,2009,12.15388778639726,0.29,11.0,12.401709401709402,0,0.9897959183673469,1.0,0.9999737022037555
surrogate,robustness,S10_low_demand,fixed_time,2005,12.196768923579596,0.29,10.40677966101695,12.684684684684685,0,1.0,0.993993993993994,0.9999909276479926
surrogate,robustness,S10_low_demand,fixed_time,2001,12.071631709918236,0.29,10.898305084745763,12.383040935672515,0,1.0,0.9970760233918129,0.9999978563313252
surrogate,robustness,S10_low_demand,efpb,2003,7.47818211756957,0.4,7.875,7.388451443569553,0,1.0,1.0,1.0
surrogate,robustness,S10_low_demand,efpb,2010,7.01267002049562,0.4,5.798165137614679,7.322188449848024,0,0.9908256880733946,1.0,0.9999787640688044
surrogate,robustness,S10_low_demand,efpb,2002,8.553464093641251,0.55,8.283333333333333,8.616751269035532,0,0.9916666666666667,1.0,0.9999824936101677
surrogate,robustness,S10_low_demand,efpb,2004,6.491333447743264,0.36,5.879310344827586,6.6434540389972145,0,0.9913793103448276,1.0,0.9999812600727109
surrogate,robustness,S10_low_demand,efpb,2006,7.599679886181755,0.43,6.949579831932773,7.774193548387097,0,1.0,1.0,1.0
surrogate,robustness,S10_low_demand,efpb,2008,7.326573426573425,0.42,7.418803418803419,7.3028571428571425,0,1.0,0.9971428571428571,0.9999979533444397
surrogate,robustness,S10_low_demand,efpb,2007,8.48113810741688,0.47,9.025862068965518,8.357142857142858,0,1.0,0.9948979591836735,0.9999934590076006
surrogate,robustness,S10_low_demand,efpb,2009,6.299657225329246,0.4,6.275510204081633,6.304843304843305,0,1.0,1.0,1.0
surrogate,robustness,S10_low_demand,efpb,2005,7.148484298420764,0.35,7.076271186440678,7.168168168168168,0,1.0,1.0,1.0
surrogate,robustness,S10_low_demand,efpb,2001,7.473871311766799,0.44,6.262711864406779,7.795321637426901,0,1.0,0.9970760233918129,0.9999978563313252
surrogate,robustness,S4_tail_wait,efficiency,2003,9.93332209390542,0.81,17.556603773584907,9.18531889290012,0,1.0,0.9975932611311673,0.9999985484126167
surrogate,robustness,S4_tail_wait,efficiency,2010,10.272892662219528,0.83,14.873015873015873,9.709228824273072,0,0.9920634920634921,0.9936788874841972,0.9999993382231083
surrogate,robustness,S4_tail_wait,efficiency,2002,9.531166279692801,0.58,13.936936936936936,9.04639175257732,0,1.0,0.9974226804123711,0.9999983350704098
surrogate,robustness,S4_tail_wait,efficiency,2004,9.596187631763879,0.72,14.736842105263158,9.024111675126903,0,1.0,0.9974619289340102,0.9999983854561891
surrogate,robustness,S4_tail_wait,efficiency,2006,9.411987273196317,0.53,14.415094339622641,8.91020910209102,0,0.9811320754716981,0.996309963099631,0.9999410899276707
surrogate,robustness,S4_tail_wait,efficiency,2008,10.200835679898265,0.69,15.573770491803279,9.531208499335989,0,1.0,0.99734395750332,0.9999982316690392
surrogate,robustness,S4_tail_wait,efficiency,2007,9.641348773841962,1.03,14.567567567567568,9.12713936430318,1,1.0,0.9963325183374083,0.9999966250396557
surrogate,robustness,S4_tail_wait,efficiency,2009,8.871429858545813,0.6,13.51086956521739,8.452107279693486,0,1.0,0.9987228607918263,0.9999995917077477
surrogate,robustness,S4_tail_wait,efficiency,2005,9.292115812917595,0.74,14.215686274509803,8.8,0,1.0,0.9974522292993631,0.9999983730763661
surrogate,robustness,S4_tail_wait,efficiency,2001,9.76934227215075,0.74,14.287037037037036,9.279373368146214,0,1.0,0.9973890339425587,0.9999982912584198
surrogate,robustness,S4_tail_wait,equal_bargaining,2003,10.524572199275058,0.52,9.971698113207546,10.578820697954272,0,1.0,0.9963898916967509,0.999996729995749
surrogate,robustness,S4_tail_wait,equal_bargaining,2010,10.478558433682752,0.64,7.801587301587301,10.806573957016434,0,1.0,0.9936788874841972,0.9999899475422546
surrogate,robustness,S4_tail_wait,equal_bargaining,2002,9.725397392391498,0.53,8.108108108108109,9.903350515463918,0,1.0,0.9961340206185567,0.9999962490778983
surrogate,robustness,S4_tail_wait,equal_bargaining,2004,9.709065354884046,0.55,7.254385964912281,9.98223350253807,0,1.0,1.0,1.0
surrogate,robustness,S4_tail_wait,equal_bargaining,2006,9.934560151345773,0.5,8.632075471698114,10.06519065190652,0,0.9811320754716981,0.996309963099631,0.9999410899276707
surrogate,robustness,S4_tail_wait,equal_bargaining,2008,10.193114724316468,0.71,9.270491803278688,10.308100929614874,0,1.0,0.99867197875166,0.9999995585039643
surrogate,robustness,S4_tail_wait,equal_bargaining,2007,10.160166893732969,0.59,10.09009009009009,10.167481662591687,0,1.0,0.9951100244498777,0.9999939927312046
surrogate,robustness,S4_tail_wait,equal_bargaining,2009,9.518605279754933,0.5,8.304347826086957,9.628352490421456,0,1.0,0.9987228607918263,0.9999995917077477
surrogate,robustness,S4_tail_wait,equal_bargaining,2005,9.328552338530068,0.54,8.588235294117647,9.402547770700638,0,1.0,0.9974522292993631,0.9999983730763661
surrogate,robustness,S4_tail_wait,equal_bargaining,2001,10.576644319623119,0.56,8.972222222222221,10.75065274151436,0,1.0,0.9973890339425587,0.9999982912584198
surrogate,robustness,S4_tail_wait,fixed_time,2003,12.11194470201467,0.29,10.235849056603774,12.296028880866427,0,1.0,0.9975932611311673,0.9999985484126167
surrogate,robustness,S4_tail_wait,fixed_time,2010,12.028242224724943,0.29,10.793650793650794,12.179519595448799,0,1.0,0.9962073324905183,0.999996390253685
surrogate,robustness,S4_tail_wait,fixed_time,2002,12.22575459903554,0.29,10.927927927927929,12.368556701030927,0,1.0,0.9974226804123711,0.9999983350704098
surrogate,robustness,S4_tail_wait,fixed_time,2004,12.755446240337315,0.29,11.219298245614034,12.926395939086294,0,1.0,0.998730964467005,0.9999995968759499
surrogate,robustness,S4_tail_wait,fixed_time,2006,12.388683463754406,0.29,11.11320754716981,12.51660516605166,0,0.9811320754716981,0.993849938499385,0.9999585347786281
surrogate,robustness,S4_tail_wait,fixed_time,2008,12.035788899990916,0.29,10.852459016393443,12.183266932270916,0,1.0,0.99734395750332,0.9999982316690392
surrogate,robustness,S4_tail_wait,fixed_time,2007,12.302452316076293,0.29,11.054054054054054,12.43276283618582,0,1.0,0.9987775061124694,0.9999996259201427
surrogate,robustness,S4_tail_wait,fixed_time,2009,12.167312370483826,0.29,9.793478260869565,12.381864623243933,0,1.0,0.9961685823754789,0.9999963159717361
surrogate,robustness,S4_tail_wait,fixed_time,2005,13.059955456570155,0.29,11.098039215686274,13.256050955414013,0,1.0,0.9974522292993631,0.9999983730763661
surrogate,robustness,S4_tail_wait,fixed_time,2001,12.625475629643049,0.29,11.435185185185185,12.754569190600522,0,1.0,0.9934725848563969,0.9999892784573329
surrogate,robustness,S4_tail_wait,efpb,2003,9.681615105791117,0.55,17.09433962264151,8.954271961492179,0,1.0,0.9951865222623345,0.9999941796593645
surrogate,robustness,S4_tail_wait,efpb,2010,10.100147275405009,0.55,15.023809523809524,9.496839443742099,0,0.9920634920634921,0.9936788874841972,0.9999993382231083
surrogate,robustness,S4_tail_wait,efpb,2002,8.930701911055545,0.55,13.477477477477477,8.43041237113402,0,1.0,0.9974226804123711,0.9999983350704098
surrogate,robustness,S4_tail_wait,efpb,2004,9.34451862262825,0.54,14.219298245614034,8.802030456852792,0,1.0,0.998730964467005,0.9999995968759499
surrogate,robustness,S4_tail_wait,efpb,2006,9.187032418952619,0.55,14.669811320754716,8.637146371463714,0,0.9811320754716981,0.996309963099631,0.9999410899276707
surrogate,robustness,S4_tail_wait,efpb,2008,9.976292124625306,0.55,16.89344262295082,9.114209827357238,0,0.9918032786885246,1.0,0.999983065198984
surrogate,robustness,S4_tail_wait,efpb,2007,9.659741144414168,0.54,15.441441441441441,9.056234718826406,0,0.990990990990991,0.9987775061124694,0.9999846864983108
surrogate,robustness,S4_tail_wait,efpb,2009,8.567798900801874,0.55,12.673913043478262,8.196679438058748,0,1.0,0.9987228607918263,0.9999995917077477
surrogate,robustness,S4_tail_wait,efpb,2005,9.287839643652562,0.56,14.372549019607844,8.779617834394905,0,1.0,0.9974522292993631,0.9999983730763661
surrogate,robustness,S4_tail_wait,efpb,2001,9.212719695597027,0.46,12.787037037037036,8.825065274151436,0,1.0,0.9973890339425587,0.9999982912584198
