clearance_share,collisions,config_id,controller,emergency_stops,max_norm_wait,mean_vehicle_queue,pedestrian_wait_mean_s,person_delay_s,phase_switches,scenario_id,seed,vehicle_stop_time_mean_s,vehicle_stopped_wait_p95_s
0.19,0.0,efficiency__000,efficiency,0.0,0.4,2.7511111111111113,12.691666666666666,9.55979401106237,73.0,K_HH,301,8.630225080385852,21.0
0.19777777777777777,0.0,efficiency__000,efficiency,0.0,0.53,2.4844444444444442,13.207207207207206,9.147276264591442,72.0,K_HH,302,8.029032258064516,18.0
0.18333333333333332,0.0,efficiency__000,efficiency,0.0,0.39,2.7622222222222224,10.587719298245615,9.201719197707737,74.0,K_HH,303,8.815873015873017,20.0
0.18444444444444444,0.0,efficiency__000,efficiency,0.0,0.43,2.723333333333333,10.71,9.03985006904715,74.0,K_HH,304,8.629392971246006,21.0
0.18444444444444444,0.0,efficiency__000,efficiency,0.0,0.35,2.7422222222222223,9.835164835164836,8.86508256141764,73.0,K_HH,305,8.647435897435898,21.0
0.11,0.0,efficiency__000,efficiency,0.0,0.29,0.5555555555555556,4.703389830508475,5.247989843419382,61.0,K_HL,301,5.791208791208791,16.0
0.11666666666666667,0.0,efficiency__000,efficiency,0.0,0.26,0.47555555555555556,4.342342342342342,4.804030874785592,60.0,K_HL,302,5.223404255319149,15.0
0.11,0.0,efficiency__000,efficiency,0.0,0.24,0.4811111111111111,4.072727272727272,4.575996495838807,61.0,K_HL,303,5.043956043956044,16.0
0.12111111111111111,0.0,efficiency__000,efficiency,0.0,0.31,0.43555555555555553,4.16,4.398451730418943,64.0,K_HL,304,4.5978260869565215,17.0
0.11222222222222222,0.0,efficiency__000,efficiency,0.0,0.27,0.5588888888888889,4.461538461538462,5.2426400759734095,62.0,K_HL,305,5.836956521739131,14.0
0.2111111111111111,0.0,efficiency__000,efficiency,0.0,0.54,2.267777777777778,17.903225806451612,7.9855272226051,71.0,K_LH,301,7.22508038585209,20.0
0.21777777777777776,0.0,efficiency__000,efficiency,0.0,0.54,2.152222222222222,14.366666666666667,7.626328884867678,70.0,K_LH,302,7.135646687697161,17.0
0.21777777777777776,0.0,efficiency__000,efficiency,0.0,0.52,1.8866666666666667,12.481481481481481,6.708542713567839,70.0,K_LH,303,6.329113924050633,14.0
0.21666666666666667,0.0,efficiency__000,efficiency,0.0,0.35,1.8466666666666667,16.65,6.441443538998835,70.0,K_LH,304,5.942857142857143,18.0
0.22,0.0,efficiency__000,efficiency,0.0,0.43,1.7966666666666666,14.608695652173912,6.416226154906918,70.0,K_LH,305,5.958990536277603,18.0
0.17222222222222222,0.0,efficiency__000,efficiency,0.0,0.27,1.5455555555555556,8.383561643835616,7.406268480189238,74.0,K_MM,301,7.137254901960785,16.0
0.17222222222222222,0.0,efficiency__000,efficiency,0.0,0.27,1.3755555555555556,7.0,6.568222621184919,74.0,K_MM,302,6.455882352941177,17.0
0.17222222222222222,0.0,efficiency__000,efficiency,0.0,0.38,1.5433333333333332,8.416666666666666,7.456702253855278,74.0,K_MM,303,7.196078431372549,16.0
0.17333333333333334,0.0,efficiency__000,efficiency,0.0,0.3,1.6944444444444444,9.548387096774194,8.238723534826635,74.0,K_MM,304,7.931034482758621,17.0
0.17777777777777778,0.0,efficiency__000,efficiency,0.0,0.27,1.3933333333333333,6.384615384615385,6.5015762925599,74.0,K_MM,305,6.5245098039215685,15.0
0.18,0.0,efficiency__000,efficiency,0.0,1.44,38.431111111111115,34.15438596491228,55.022830206118854,73.0,K_OO,301,62.48613376835237,84.0
0.17666666666666667,0.0,efficiency__000,efficiency,0.0,0.84,39.181111111111115,34.069686411149824,56.24042808377156,74.0,K_OO,302,64.22512234910278,49.0
0.17222222222222222,0.0,efficiency__000,efficiency,0.0,0.76,38.96666666666667,34.01672240802676,54.983190206468116,74.0,K_OO,303,62.86274509803921,48.0
0.1811111111111111,0.0,efficiency__000,efficiency,0.0,0.81,39.35666666666667,35.091872791519435,55.88306709265176,71.0,K_OO,304,63.1248,36.0
0.17555555555555555,0.0,efficiency__000,efficiency,0.0,0.85,38.361111111111114,36.60948905109489,54.16328952172326,72.0,K_OO,305,60.017405063291136,54.0
0.19333333333333333,0.0,efficiency__000,efficiency,0.0,0.59,17.334444444444443,29.25777777777778,29.016575702445927,71.0,K_SS,301,28.94557823129252,19.0
0.2,0.0,efficiency__000,efficiency,0.0,0.59,17.423333333333332,28.34562211981567,29.18420240666461,71.0,K_SS,302,29.42512908777969,21.0
0.19666666666666666,0.0,efficiency__000,efficiency,0.0,0.69,19.58,31.18695652173913,33.41187996287512,72.0,K_SS,303,34.10369068541301,22.0
0.1988888888888889,0.0,efficiency__000,efficiency,0.0,0.77,16.8,32.46478873239437,29.000917150718436,71.0,K_SS,304,28.04060913705584,19.0
0.20555555555555555,0.0,efficiency__000,efficiency,0.0,0.67,15.636666666666667,25.71212121212121,25.795990078544854,71.0,K_SS,305,25.81756756756757,19.0
0.18444444444444444,0.0,efficiency__000,efficiency,0.0,0.39,3.128888888888889,10.303225806451612,8.290016079520539,74.0,K_XX,301,7.7002457002457,20.0
0.19111111111111112,0.0,efficiency__000,efficiency,0.0,0.55,3.473333333333333,12.590909090909092,9.424024640657084,73.0,K_XX,302,8.5,20.0
0.19,0.0,efficiency__000,efficiency,0.0,0.37,3.296666666666667,11.04516129032258,8.824879403595965,73.0,K_XX,303,8.174447174447174,20.0
0.19,0.0,efficiency__000,efficiency,0.0,0.32,3.192222222222222,11.6,8.709145880574452,73.0,K_XX,304,7.9679012345679014,20.0
0.19666666666666666,0.0,efficiency__000,efficiency,0.0,0.51,3.011111111111111,11.086614173228346,8.26313378130727,73.0,K_XX,305,7.583743842364532,20.0
0.19,0.0,efficiency__001,efficiency,0.0,0.4,2.7511111111111113,12.691666666666666,9.55979401106237,73.0,K_HH,301,8.630225080385852,21.0
0.19777777777777777,0.0,efficiency__001,efficiency,0.0,0.53,2.4844444444444442,13.207207207207206,9.147276264591442,72.0,K_HH,302,8.029032258064516,18.0
0.18333333333333332,0.0,efficiency__001,efficiency,0.0,0.39,2.7622222222222224,10.587719298245615,9.201719197707737,74.0,K_HH,303,8.815873015873017,20.0
0.18444444444444444,0.0,efficiency__001,efficiency,0.0,0.43,2.723333333333333,10.71,9.03985006904715,74.0,K_HH,304,8.629392971246006,21.0
0.18444444444444444,0.0,efficiency__001,efficiency,0.0,0.35,2.7422222222222223,9.835164835164836,8.86508256141764,73.0,K_HH,305,8.647435897435898,21.0
0.11,0.0,efficiency__001,efficiency,0.0,0.29,0.5555555555555556,4.703389830508475,5.247989843419382,61.0,K_HL,301,5.791208791208791,16.0
0.11666666666666667,0.0,efficiency__001,efficiency,0.0,0.26,0.47555555555555556,4.342342342342342,4.804030874785592,60.0,K_HL,302,5.223404255319149,15.0
0.11,0.0,efficiency__001,efficiency,0.0,0.24,0.4811111111111111,4.072727272727272,4.575996495838807,61.0,K_HL,303,5.043956043956044,16.0
0.12111111111111111,0.0,efficiency__001,efficiency,0.0,0.31,0.43555555555555553,4.16,4.398451730418943,64.0,K_HL,304,4.5978260869565215,17.0
0.11222222222222222,0.0,efficiency__001,efficiency,0.0,0.27,0.5588888888888889,4.461538461538462,5.2426400759734095,62.0,K_HL,305,5.836956521739131,14.0
0.2111111111111111,0.0,efficiency__001,efficiency,0.0,0.54,2.267777777777778,17.903225806451612,7.9855272226051,71.0,K_LH,301,7.22508038585209,20.0
0.21777777777777776,0.0,efficiency__001,efficiency,0.0,0.54,2.152222222222222,14.366666666666667,7.626328884867678,70.0,K_LH,302,7.135646687697161,17.0
0.21777777777777776,0.0,efficiency__001,efficiency,0.0,0.52,1.8866666666666667,12.481481481481481,6.708542713567839,70.0,K_LH,303,6.329113924050633,14.0
0.21666666666666667,0.0,efficiency__001,efficiency,0.0,0.35,1.8466666666666667,16.65,6.441443538998835,70.0,K_LH,304,5.942857142857143,18.0
0.22,0.0,efficiency__001,efficiency,0.0,0.43,1.7966666666666666,14.608695652173912,6.416226154906918,70.0,K_LH,305,5.958990536277603,18.0
0.17222222222222222,0.0,efficiency__001,efficiency,0.0,0.27,1.5455555555555556,8.383561643835616,7.406268480189238,74.0,K_MM,301,7.137254901960785,16.0
0.17222222222222222,0.0,efficiency__001,efficiency,0.0,0.27,1.3755555555555556,7.0,6.568222621184919,74.0,K_MM,302,6.455882352941177,17.0
0.17222222222222222,0.0,efficiency__001,efficiency,0.0,0.38,1.5433333333333332,8.416666666666666,7.456702253855278,74.0,K_MM,303,7.196078431372549,16.0
0.17333333333333334,0.0,efficiency__001,efficiency,0.0,0.3,1.6944444444444444,9.548387096774194,8.238723534826635,74.0,K_MM,304,7.931034482758621,17.0
0.17777777777777778,0.0,efficiency__001,efficiency,0.0,0.27,1.3933333333333333,6.384615384615385,6.5015762925599,74.0,K_MM,305,6.5245098039215685,15.0
0.17777777777777778,0.0,efficiency__001,efficiency,0.0,0.79,30.304444444444446,55.86779661016949,51.3955885011752,74.0,K_OO,301,49.76923076923077,23.0
0.1811111111111111,0.0,efficiency__001,efficiency,0.0,0.81,32.12222222222222,55.33101045296167,53.177950594693506,73.0,K_OO,302,52.41129032258065,23.0
0.1688888888888889,0.0,efficiency__001,efficiency,0.0,0.77,30.416666666666668,52.99342105263158,50.58275457743303,74.0,K_OO,303,49.67205169628433,24.0
0.17444444444444446,0.0,efficiency__001,efficiency,0.0,0.85,32.47,55.635416666666664,53.70434465798342,74.0,K_OO,304,53.017656500802566,22.0
0.1811111111111111,0.0,efficiency__001,efficiency,0.0,0.81,28.702222222222222,53.38321167883212,48.57472750785147,73.0,K_OO,305,46.945337620578776,21.0
0.19777777777777777,0.0,efficiency__001,efficiency,0.0,0.62,17.42111111111111,32.14666666666667,29.614617940199334,72.0,K_SS,301,28.873096446700508,20.0
0.2,0.0,efficiency__001,efficiency,0.0,0.64,17.093333333333334,30.22119815668203,28.748448153047725,71.0,K_SS,302,28.33106960950764,20.0
0.19666666666666666,0.0,efficiency__001,efficiency,0.0,0.84,19.78,35.65217391304348,34.60823892893924,72.0,K_SS,303,34.28421052631579,21.0
0.1988888888888889,0.0,efficiency__001,efficiency,0.0,0.77,16.8,32.46478873239437,29.000917150718436,71.0,K_SS,304,28.04060913705584,19.0
0.20555555555555555,0.0,efficiency__001,efficiency,0.0,0.67,15.636666666666667,25.71212121212121,25.795990078544854,71.0,K_SS,305,25.81756756756757,19.0
0.18444444444444444,0.0,efficiency__001,efficiency,0.0,0.39,3.128888888888889,10.303225806451612,8.290016079520539,74.0,K_XX,301,7.7002457002457,20.0
0.19111111111111112,0.0,efficiency__001,efficiency,0.0,0.55,3.473333333333333,12.590909090909092,9.424024640657084,73.0,K_XX,302,8.5,20.0
0.19,0.0,efficiency__001,efficiency,0.0,0.37,3.296666666666667,11.04516129032258,8.824879403595965,73.0,K_XX,303,8.174447174447174,20.0
0.19,0.0,efficiency__001,efficiency,0.0,0.32,3.192222222222222,11.6,8.709145880574452,73.0,K_XX,304,7.9679012345679014,20.0
0.19666666666666666,0.0,efficiency__001,efficiency,0.0,0.51,3.011111111111111,11.086614173228346,8.26313378130727,73.0,K_XX,305,7.583743842364532,20.0
0.19,0.0,efficiency__002,efficiency,0.0,0.4,2.7511111111111113,12.691666666666666,9.55979401106237,73.0,K_HH,301,8.630225080385852,21.0
0.19777777777777777,0.0,efficiency__002,efficiency,0.0,0.53,2.4844444444444442,13.207207207207206,9.147276264591442,72.0,K_HH,302,8.029032258064516,18.0
0.18333333333333332,0.0,efficiency__002,efficiency,0.0,0.39,2.7622222222222224,10.587719298245615,9.201719197707737,74.0,K_HH,303,8.815873015873017,20.0
0.18444444444444444,0.0,efficiency__002,efficiency,0.0,0.43,2.723333333333333,10.71,9.03985006904715,74.0,K_HH,304,8.629392971246006,21.0
0.18444444444444444,0.0,efficiency__002,efficiency,0.0,0.35,2.7422222222222223,9.835164835164836,8.86508256141764,73.0,K_HH,305,8.647435897435898,21.0
0.11,0.0,efficiency__002,efficiency,0.0,0.29,0.5555555555555556,4.703389830508475,5.247989843419382,61.0,K_HL,301,5.791208791208791,16.0
0.11666666666666667,0.0,efficiency__002,efficiency,0.0,0.26,0.47555555555555556,4.342342342342342,4.804030874785592,60.0,K_HL,302,5.223404255319149,15.0
0.11,0.0,efficiency__002,efficiency,0.0,0.24,0.4811111111111111,4.072727272727272,4.575996495838807,61.0,K_HL,303,5.043956043956044,16.0
0.12111111111111111,0.0,efficiency__002,efficiency,0.0,0.31,0.43555555555555553,4.16,4.398451730418943,64.0,K_HL,304,4.5978260869565215,17.0
0.11222222222222222,0.0,efficiency__002,efficiency,0.0,0.27,0.5588888888888889,4.461538461538462,5.2426400759734095,62.0,K_HL,305,5.836956521739131,14.0
0.2111111111111111,0.0,efficiency__002,efficiency,0.0,0.54,2.267777777777778,17.903225806451612,7.9855272226051,71.0,K_LH,301,7.22508038585209,20.0
0.21777777777777776,0.0,efficiency__002,efficiency,0.0,0.54,2.152222222222222,14.366666666666667,7.626328884867678,70.0,K_LH,302,7.135646687697161,17.0
0.21777777777777776,0.0,efficiency__002,efficiency,0.0,0.52,1.8866666666666667,12.481481481481481,6.708542713567839,70.0,K_LH,303,6.329113924050633,14.0
0.21666666666666667,0.0,efficiency__002,efficiency,0.0,0.35,1.8466666666666667,16.65,6.441443538998835,70.0,K_LH,304,5.942857142857143,18.0
0.22,0.0,efficiency__002,efficiency,0.0,0.43,1.7966666666666666,14.608695652173912,6.416226154906918,70.0,K_LH,305,5.958990536277603,18.0
0.17222222222222222,0.0,efficiency__002,efficiency,0.0,0.27,1.5455555555555556,8.383561643835616,7.406268480189238,74.0,K_MM,301,7.137254901960785,16.0
0.17222222222222222,0.0,efficiency__002,efficiency,0.0,0.27,1.3755555555555556,7.0,6.568222621184919,74.0,K_MM,302,6.455882352941177,17.0
0.17222222222222222,0.0,efficiency__002,efficiency,0.0,0.38,1.5433333333333332,8.416666666666666,7.456702253855278,74.0,K_MM,303,7.196078431372549,16.0
0.17333333333333334,0.0,efficiency__002,efficiency,0.0,0.3,1.6944444444444444,9.548387096774194,8.238723534826635,74.0,K_MM,304,7.931034482758621,17.0
0.17777777777777778,0.0,efficiency__002,efficiency,0.0,0.27,1.3933333333333333,6.384615384615385,6.5015762925599,74.0,K_MM,305,6.5245098039215685,15.0
0.17444444444444446,0.0,efficiency__002,efficiency,0.0,0.9,30.182222222222222,63.4,54.33585462595702,73.0,K_OO,301,50.94728171334432,23.0
0.1811111111111111,0.0,efficiency__002,efficiency,0.0,0.97,31.462222222222223,63.89895470383275,55.030648872526456,73.0,K_OO,302,51.84715447154471,22.0
0.17333333333333334,0.0,efficiency__002,efficiency,0.0,1.04,32.07888888888889,66.17434210526316,56.67930720145852,74.0,K_OO,303,53.03934426229508,24.0
0.17555555555555555,0.0,efficiency__002,efficiency,0.0,0.99,32.99777777777778,65.13194444444444,57.69621661721067,73.0,K_OO,304,54.98684210526316,23.0
0.1811111111111111,0.0,efficiency__002,efficiency,0.0,0.93,29.794444444444444,59.52554744525548,52.49356426272952,73.0,K_OO,305,50.03156146179402,22.0
0.19777777777777777,0.0,efficiency__002,efficiency,0.0,0.62,17.42111111111111,32.14666666666667,29.614617940199334,72.0,K_SS,301,28.873096446700508,20.0
0.2,0.0,efficiency__002,efficiency,0.0,0.64,17.093333333333334,30.22119815668203,28.748448153047725,71.0,K_SS,302,28.33106960950764,20.0
0.19666666666666666,0.0,efficiency__002,efficiency,0.0,0.84,19.78,35.65217391304348,34.60823892893924,72.0,K_SS,303,34.28421052631579,21.0
0.1988888888888889,0.0,efficiency__002,efficiency,0.0,0.77,16.8,32.46478873239437,29.000917150718436,71.0,K_SS,304,28.04060913705584,19.0
0.20555555555555555,0.0,efficiency__002,efficiency,0.0,0.67,15.636666666666667,25.71212121212121,25.795990078544854,71.0,K_SS,305,25.81756756756757,19.0
0.18444444444444444,0.0,efficiency__002,efficiency,0.0,0.39,3.128888888888889,10.303225806451612,8.290016079520539,74.0,K_XX,301,7.7002457002457,20.0
0.19111111111111112,0.0,efficiency__002,efficiency,0.0,0.55,3.473333333333333,12.590909090909092,9.424024640657084,73.0,K_XX,302,8.5,20.0
0.19,0.0,efficiency__002,efficiency,0.0,0.37,3.296666666666667,11.04516129032258,8.824879403595965,73.0,K_XX,303,8.174447174447174,20.0
0.19,0.0,efficiency__002,efficiency,0.0,0.32,3.192222222222222,11.6,8.709145880574452,73.0,K_XX,304,7.9679012345679014,20.0
0.19666666666666666,0.0,efficiency__002,efficiency,0.0,0.51,3.011111111111111,11.086614173228346,8.26313378130727,73.0,K_XX,305,7.583743842364532,20.0
0.19,0.0,efficiency__003,efficiency,0.0,0.4,2.7511111111111113,12.691666666666666,9.55979401106237,73.0,K_HH,301,8.630225080385852,21.0
0.19777777777777777,0.0,efficiency__003,efficiency,0.0,0.53,2.4844444444444442,13.207207207207206,9.147276264591442,72.0,K_HH,302,8.029032258064516,18.0
0.18555555555555556,0.0,efficiency__003,efficiency,0.0,0.4,2.52,10.663793103448276,8.64998111069135,73.0,K_HH,303,8.084905660377359,20.0
0.18444444444444444,0.0,efficiency__003,efficiency,0.0,0.43,2.723333333333333,10.71,9.03985006904715,74.0,K_HH,304,8.629392971246006,21.0
0.19666666666666666,0.0,efficiency__003,efficiency,0.0,0.48,2.466666666666667,11.714285714285714,8.641361256544503,72.0,K_HH,305,7.951923076923077,22.0
0.10666666666666667,0.0,efficiency__003,efficiency,0.0,0.32,0.5088888888888888,4.279661016949152,4.842978723404255,59.0,K_HL,301,5.411111111111111,19.0
0.11666666666666667,0.0,efficiency__003,efficiency,0.0,0.26,0.44666666666666666,4.54054054054054,4.753430531732419,59.0,K_HL,302,4.946808510638298,15.0
0.11,0.0,efficiency__003,efficiency,0.0,0.25,0.42444444444444446,4.4,4.469076655052265,57.0,K_HL,303,4.532608695652174,17.0
0.12222222222222222,0.0,efficiency__003,efficiency,0.0,0.31,0.3988888888888889,3.65,3.9767759562841523,61.0,K_HL,304,4.25,19.0
0.1111111111111111,0.0,efficiency__003,efficiency,0.0,0.37,0.46,4.670329670329671,4.782130912565695,54.0,K_HL,305,4.868131868131868,19.0
0.21222222222222223,0.0,efficiency__003,efficiency,0.0,0.54,1.9522222222222223,13.064516129032258,6.820735327700388,69.0,K_LH,301,6.345047923322683,19.0
0.2111111111111111,0.0,efficiency__003,efficiency,0.0,0.39,2.0033333333333334,14.6,6.917338245452453,70.0,K_LH,302,6.347266881028939,17.0
0.22,0.0,efficiency__003,efficiency,0.0,0.47,1.6566666666666667,10.76,5.678588016720854,68.0,K_LH,303,5.365384615384615,14.0
0.2311111111111111,0.0,efficiency__003,efficiency,0.0,0.31,1.6877777777777778,15.05,5.973295853829936,67.0,K_LH,304,5.527156549520766,17.0
0.22,0.0,efficiency__003,efficiency,0.0,0.82,1.7644444444444445,17.083333333333332,6.272559000462749,67.0,K_LH,305,5.6369426751592355,20.0
0.17444444444444446,0.0,efficiency__003,efficiency,0.0,0.26,1.5466666666666666,8.945205479452055,7.6645888987830215,73.0,K_MM,301,7.310344827586207,17.0
0.17666666666666667,0.0,efficiency__003,efficiency,0.0,0.29,1.4855555555555555,6.811594202898551,6.968636911942099,71.0,K_MM,302,7.00990099009901,18.0
0.18333333333333332,0.0,efficiency__003,efficiency,0.0,0.34,1.5666666666666667,9.492753623188406,7.793124246079614,69.0,K_MM,303,7.346534653465347,16.0
0.18444444444444444,0.0,efficiency__003,efficiency,0.0,0.36,1.5133333333333334,7.596774193548387,7.178781317661614,69.0,K_MM,304,7.079601990049751,16.0
0.18444444444444444,0.0,efficiency__003,efficiency,0.0,0.32,1.4555555555555555,8.365384615384615,7.039086929330833,69.0,K_MM,305,6.781553398058253,16.0
0.17,0.0,efficiency__003,efficiency,0.0,1.44,38.276666666666664,33.33684210526316,52.9061074845748,71.0,K_OO,301,59.5990639625585,84.0
0.1711111111111111,0.0,efficiency__003,efficiency,0.0,0.74,37.535555555555554,34.048780487804876,51.72205895449282,71.0,K_OO,302,57.7900466562986,41.0
0.16333333333333333,0.0,efficiency__003,efficiency,0.0,0.88,38.27444444444444,33.46488294314381,54.19705828613192,72.0,K_OO,303,61.98856209150327,47.0
0.17222222222222222,0.0,efficiency__003,efficiency,0.0,0.74,39.02333333333333,35.59717314487632,55.722537013343086,70.0,K_OO,304,62.743589743589745,44.0
0.1688888888888889,0.0,efficiency__003,efficiency,0.0,0.84,38.452222222222225,35.08759124087591,55.23353181987346,72.0,K_OO,305,62.12662337662338,40.0
0.19777777777777777,0.0,efficiency__003,efficiency,0.0,0.59,17.307777777777776,30.68,29.2133064516129,72.0,K_SS,301,28.783050847457627,20.0
0.2,0.0,efficiency__003,efficiency,0.0,0.65,17.816666666666666,30.774193548387096,30.17342757631633,71.0,K_SS,302,30.001712328767123,21.0
0.1922222222222222,0.0,efficiency__003,efficiency,0.0,0.7,20.395555555555557,33.97391304347826,35.40687292358804,71.0,K_SS,303,35.8563829787234,22.0
0.1988888888888889,0.0,efficiency__003,efficiency,0.0,0.63,16.70888888888889,30.460093896713616,28.389585244063994,71.0,K_SS,304,27.815566835871405,19.0
0.20555555555555555,0.0,efficiency__003,efficiency,0.0,0.66,15.77111111111111,25.681818181818183,26.104738154613468,71.0,K_SS,305,26.214285714285715,20.0
0.18444444444444444,0.0,efficiency__003,efficiency,0.0,0.39,3.128888888888889,10.303225806451612,8.290016079520539,74.0,K_XX,301,7.7002457002457,20.0
0.19666666666666666,0.0,efficiency__003,efficiency,0.0,0.55,3.388888888888889,12.707792207792208,9.330302141390437,72.0,K_XX,302,8.344827586206897,19.0
0.18444444444444444,0.0,efficiency__003,efficiency,0.0,0.4,3.341111111111111,12.08,9.073620537031573,73.0,K_XX,303,8.219211822660098,20.0
0.19,0.0,efficiency__003,efficiency,0.0,0.32,3.192222222222222,11.6,8.709145880574452,73.0,K_XX,304,7.9679012345679014,20.0
0.19111111111111112,0.0,efficiency__003,efficiency,0.0,0.39,3.3033333333333332,11.785714285714286,8.88865096359743,72.0,K_XX,305,8.19704433497537,20.0
0.19,0.0,efficiency__004,efficiency,0.0,0.4,2.7511111111111113,12.691666666666666,9.55979401106237,73.0,K_HH,301,8.630225080385852,21.0
0.19777777777777777,0.0,efficiency__004,efficiency,0.0,0.53,2.4844444444444442,13.207207207207206,9.147276264591442,72.0,K_HH,302,8.029032258064516,18.0
0.18555555555555556,0.0,efficiency__004,efficiency,0.0,0.4,2.52,10.663793103448276,8.64998111069135,73.0,K_HH,303,8.084905660377359,20.0
0.18444444444444444,0.0,efficiency__004,efficiency,0.0,0.43,2.723333333333333,10.71,9.03985006904715,74.0,K_HH,304,8.629392971246006,21.0
0.19666666666666666,0.0,efficiency__004,efficiency,0.0,0.48,2.466666666666667,11.714285714285714,8.641361256544503,72.0,K_HH,305,7.951923076923077,22.0
0.10666666666666667,0.0,efficiency__004,efficiency,0.0,0.32,0.5088888888888888,4.279661016949152,4.842978723404255,59.0,K_HL,301,5.411111111111111,19.0
0.11666666666666667,0.0,efficiency__004,efficiency,0.0,0.26,0.44666666666666666,4.54054054054054,4.753430531732419,59.0,K_HL,302,4.946808510638298,15.0
0.11,0.0,efficiency__004,efficiency,0.0,0.25,0.42444444444444446,4.4,4.469076655052265,57.0,K_HL,303,4.532608695652174,17.0
0.12222222222222222,0.0,efficiency__004,efficiency,0.0,0.31,0.3988888888888889,3.65,3.9767759562841523,61.0,K_HL,304,4.25,19.0
0.1111111111111111,0.0,efficiency__004,efficiency,0.0,0.37,0.46,4.670329670329671,4.782130912565695,54.0,K_HL,305,4.868131868131868,19.0
0.21222222222222223,0.0,efficiency__004,efficiency,0.0,0.54,1.9522222222222223,13.064516129032258,6.820735327700388,69.0,K_LH,301,6.345047923322683,19.0
0.2111111111111111,0.0,efficiency__004,efficiency,0.0,0.39,2.0033333333333334,14.6,6.917338245452453,70.0,K_LH,302,6.347266881028939,17.0
0.22,0.0,efficiency__004,efficiency,0.0,0.47,1.6566666666666667,10.76,5.678588016720854,68.0,K_LH,303,5.365384615384615,14.0
0.2311111111111111,0.0,efficiency__004,efficiency,0.0,0.31,1.6877777777777778,15.05,5.973295853829936,67.0,K_LH,304,5.527156549520766,17.0
0.22,0.0,efficiency__004,efficiency,0.0,0.82,1.7644444444444445,17.083333333333332,6.272559000462749,67.0,K_LH,305,5.6369426751592355,20.0
0.17444444444444446,0.0,efficiency__004,efficiency,0.0,0.26,1.5466666666666666,8.945205479452055,7.6645888987830215,73.0,K_MM,301,7.310344827586207,17.0
0.17666666666666667,0.0,efficiency__004,efficiency,0.0,0.29,1.4855555555555555,6.811594202898551,6.968636911942099,71.0,K_MM,302,7.00990099009901,18.0
0.18333333333333332,0.0,efficiency__004,efficiency,0.0,0.34,1.5666666666666667,9.492753623188406,7.793124246079614,69.0,K_MM,303,7.346534653465347,16.0
0.18444444444444444,0.0,efficiency__004,efficiency,0.0,0.36,1.5133333333333334,7.596774193548387,7.178781317661614,69.0,K_MM,304,7.079601990049751,16.0
0.18444444444444444,0.0,efficiency__004,efficiency,0.0,0.32,1.4555555555555555,8.365384615384615,7.039086929330833,69.0,K_MM,305,6.781553398058253,16.0
0.17777777777777778,0.0,efficiency__004,efficiency,0.0,0.8,30.266666666666666,55.847457627118644,52.036911831886705,74.0,K_OO,301,50.63089430894309,23.0
0.17888888888888888,0.0,efficiency__004,efficiency,0.0,0.81,31.49222222222222,50.97909407665505,50.63490054249548,74.0,K_OO,302,50.51428571428571,23.0
0.1688888888888889,0.0,efficiency__004,efficiency,0.0,0.85,30.684444444444445,55.13815789473684,52.23557428100384,74.0,K_OO,303,51.115511551155116,25.0
0.17555555555555555,0.0,efficiency__004,efficiency,0.0,0.87,33.775555555555556,56.42560553633218,54.59091318849725,73.0,K_OO,304,53.944532488114106,23.0
0.1811111111111111,0.0,efficiency__004,efficiency,0.0,0.85,29.084444444444443,53.167883211678834,49.47092370979806,73.0,K_OO,305,48.197712418300654,21.0
0.19777777777777777,0.0,efficiency__004,efficiency,0.0,0.62,17.42111111111111,32.14666666666667,29.614617940199334,72.0,K_SS,301,28.873096446700508,20.0
0.2,0.0,efficiency__004,efficiency,0.0,0.64,16.788888888888888,31.972350230414747,28.799390243902437,71.0,K_SS,302,27.901694915254236,20.0
0.19333333333333333,0.0,efficiency__004,efficiency,0.0,0.99,21.34888888888889,49.68260869565217,40.40123006358804,71.0,K_SS,303,37.47415329768271,21.0
0.1988888888888889,0.0,efficiency__004,efficiency,0.0,0.63,16.70888888888889,30.460093896713616,28.389585244063994,71.0,K_SS,304,27.815566835871405,19.0
0.20555555555555555,0.0,efficiency__004,efficiency,0.0,0.68,15.602222222222222,27.47979797979798,26.04210960883476,71.0,K_SS,305,25.672849915682967,19.0
0.18444444444444444,0.0,efficiency__004,efficiency,0.0,0.39,3.128888888888889,10.303225806451612,8.290016079520539,74.0,K_XX,301,7.7002457002457,20.0
0.19666666666666666,0.0,efficiency__004,efficiency,0.0,0.55,3.388888888888889,12.707792207792208,9.330302141390437,72.0,K_XX,302,8.344827586206897,19.0
0.18444444444444444,0.0,efficiency__004,efficiency,0.0,0.4,3.341111111111111,12.08,9.073620537031573,73.0,K_XX,303,8.219211822660098,20.0
0.19,0.0,efficiency__004,efficiency,0.0,0.32,3.192222222222222,11.6,8.709145880574452,73.0,K_XX,304,7.9679012345679014,20.0
0.19111111111111112,0.0,efficiency__004,efficiency,0.0,0.39,3.3033333333333332,11.785714285714286,8.88865096359743,72.0,K_XX,305,8.19704433497537,20.0
0.19,0.0,efficiency__005,efficiency,0.0,0.4,2.7511111111111113,12.691666666666666,9.55979401106237,73.0,K_HH,301,8.630225080385852,21.0
0.19777777777777777,0.0,efficiency__005,efficiency,0.0,0.53,2.4844444444444442,13.207207207207206,9.147276264591442,72.0,K_HH,302,8.029032258064516,18.0
0.18555555555555556,0.0,efficiency__005,efficiency,0.0,0.4,2.52,10.663793103448276,8.64998111069135,73.0,K_HH,303,8.084905660377359,20.0
0.18444444444444444,0.0,efficiency__005,efficiency,0.0,0.43,2.723333333333333,10.71,9.03985006904715,74.0,K_HH,304,8.629392971246006,21.0
0.19666666666666666,0.0,efficiency__005,efficiency,0.0,0.48,2.466666666666667,11.714285714285714,8.641361256544503,72.0,K_HH,305,7.951923076923077,22.0
0.10666666666666667,0.0,efficiency__005,efficiency,0.0,0.32,0.5088888888888888,4.279661016949152,4.842978723404255,59.0,K_HL,301,5.411111111111111,19.0
0.11666666666666667,0.0,efficiency__005,efficiency,0.0,0.26,0.44666666666666666,4.54054054054054,4.753430531732419,59.0,K_HL,302,4.946808510638298,15.0
0.11,0.0,efficiency__005,efficiency,0.0,0.25,0.42444444444444446,4.4,4.469076655052265,57.0,K_HL,303,4.532608695652174,17.0
0.12222222222222222,0.0,efficiency__005,efficiency,0.0,0.31,0.3988888888888889,3.65,3.9767759562841523,61.0,K_HL,304,4.25,19.0
0.1111111111111111,0.0,efficiency__005,efficiency,0.0,0.37,0.46,4.670329670329671,4.782130912565695,54.0,K_HL,305,4.868131868131868,19.0
0.21222222222222223,0.0,efficiency__005,efficiency,0.0,0.54,1.9522222222222223,13.064516129032258,6.820735327700388,69.0,K_LH,301,6.345047923322683,19.0
0.2111111111111111,0.0,efficiency__005,efficiency,0.0,0.39,2.0033333333333334,14.6,6.917338245452453,70.0,K_LH,302,6.347266881028939,17.0
0.22,0.0,efficiency__005,efficiency,0.0,0.47,1.6566666666666667,10.76,5.678588016720854,68.0,K_LH,303,5.365384615384615,14.0
0.2311111111111111,0.0,efficiency__005,efficiency,0.0,0.31,1.6877777777777778,15.05,5.973295853829936,67.0,K_LH,304,5.527156549520766,17.0
0.22,0.0,efficiency__005,efficiency,0.0,0.82,1.7644444444444445,17.083333333333332,6.272559000462749,67.0,K_LH,305,5.6369426751592355,20.0
0.17444444444444446,0.0,efficiency__005,efficiency,0.0,0.26,1.5466666666666666,8.945205479452055,7.6645888987830215,73.0,K_MM,301,7.310344827586207,17.0
0.17666666666666667,0.0,efficiency__005,efficiency,0.0,0.29,1.4855555555555555,6.811594202898551,6.968636911942099,71.0,K_MM,302,7.00990099009901,18.0
0.18333333333333332,0.0,efficiency__005,efficiency,0.0,0.34,1.5666666666666667,9.492753623188406,7.793124246079614,69.0,K_MM,303,7.346534653465347,16.0
0.18444444444444444,0.0,efficiency__005,efficiency,0.0,0.36,1.5133333333333334,7.596774193548387,7.178781317661614,69.0,K_MM,304,7.079601990049751,16.0
0.18444444444444444,0.0,efficiency__005,efficiency,0.0,0.32,1.4555555555555555,8.365384615384615,7.039086929330833,69.0,K_MM,305,6.781553398058253,16.0
0.17666666666666667,0.0,efficiency__005,efficiency,0.0,0.88,32.09222222222222,64.93898305084745,56.62635246653219,74.0,K_OO,301,53.544117647058826,24.0
0.18,0.0,efficiency__005,efficiency,0.0,1.01,31.38888888888889,62.54006968641115,54.42812384813859,73.0,K_OO,302,51.5114006514658,21.0
0.17333333333333334,0.0,efficiency__005,efficiency,0.0,1.04,32.07888888888889,66.17434210526316,56.67930720145852,74.0,K_OO,303,53.03934426229508,24.0
0.17777777777777778,0.0,efficiency__005,efficiency,0.0,0.97,33.30222222222222,65.49480968858131,57.62294031490296,74.0,K_OO,304,54.79126213592233,23.0
0.18555555555555556,0.0,efficiency__005,efficiency,0.0,1.05,28.42888888888889,61.434306569343065,50.31378895773605,73.0,K_OO,305,46.53945249597424,21.0
0.19777777777777777,0.0,efficiency__005,efficiency,0.0,0.62,17.42111111111111,32.14666666666667,29.614617940199334,72.0,K_SS,301,28.873096446700508,20.0
0.2,0.0,efficiency__005,efficiency,0.0,0.64,16.788888888888888,31.972350230414747,28.799390243902437,71.0,K_SS,302,27.901694915254236,20.0
0.19333333333333333,0.0,efficiency__005,efficiency,0.0,0.99,21.34888888888889,49.68260869565217,40.40123006358804,71.0,K_SS,303,37.47415329768271,21.0
0.1988888888888889,0.0,efficiency__005,efficiency,0.0,0.63,16.70888888888889,30.460093896713616,28.389585244063994,71.0,K_SS,304,27.815566835871405,19.0
0.20555555555555555,0.0,efficiency__005,efficiency,0.0,0.68,15.602222222222222,27.47979797979798,26.04210960883476,71.0,K_SS,305,25.672849915682967,19.0
0.18444444444444444,0.0,efficiency__005,efficiency,0.0,0.39,3.128888888888889,10.303225806451612,8.290016079520539,74.0,K_XX,301,7.7002457002457,20.0
0.19666666666666666,0.0,efficiency__005,efficiency,0.0,0.55,3.388888888888889,12.707792207792208,9.330302141390437,72.0,K_XX,302,8.344827586206897,19.0
0.18444444444444444,0.0,efficiency__005,efficiency,0.0,0.4,3.341111111111111,12.08,9.073620537031573,73.0,K_XX,303,8.219211822660098,20.0
0.19,0.0,efficiency__005,efficiency,0.0,0.32,3.192222222222222,11.6,8.709145880574452,73.0,K_XX,304,7.9679012345679014,20.0
0.19111111111111112,0.0,efficiency__005,efficiency,0.0,0.39,3.3033333333333332,11.785714285714286,8.88865096359743,72.0,K_XX,305,8.19704433497537,20.0
0.19,0.0,efficiency__006,efficiency,0.0,0.4,2.7511111111111113,12.691666666666666,9.55979401106237,73.0,K_HH,301,8.630225080385852,21.0
0.19777777777777777,0.0,efficiency__006,efficiency,0.0,0.53,2.4844444444444442,13.207207207207206,9.147276264591442,72.0,K_HH,302,8.029032258064516,18.0
0.18555555555555556,0.0,efficiency__006,efficiency,0.0,0.4,2.52,10.663793103448276,8.64998111069135,73.0,K_HH,303,8.084905660377359,20.0
0.18444444444444444,0.0,efficiency__006,efficiency,0.0,0.43,2.723333333333333,10.71,9.03985006904715,74.0,K_HH,304,8.629392971246006,21.0
0.19666666666666666,0.0,efficiency__006,efficiency,0.0,0.48,2.466666666666667,11.714285714285714,8.641361256544503,72.0,K_HH,305,7.951923076923077,22.0
0.10666666666666667,0.0,efficiency__006,efficiency,0.0,0.32,0.5088888888888888,4.279661016949152,4.842978723404255,59.0,K_HL,301,5.411111111111111,19.0
0.11666666666666667,0.0,efficiency__006,efficiency,0.0,0.26,0.44666666666666666,4.54054054054054,4.753430531732419,59.0,K_HL,302,4.946808510638298,15.0
0.11,0.0,efficiency__006,efficiency,0.0,0.25,0.42444444444444446,4.4,4.469076655052265,57.0,K_HL,303,4.532608695652174,17.0
0.12222222222222222,0.0,efficiency__006,efficiency,0.0,0.31,0.3988888888888889,3.65,3.9767759562841523,61.0,K_HL,304,4.25,19.0
0.1111111111111111,0.0,efficiency__006,efficiency,0.0,0.37,0.46,4.670329670329671,4.782130912565695,54.0,K_HL,305,4.868131868131868,19.0
0.21222222222222223,0.0,efficiency__006,efficiency,0.0,0.54,1.9522222222222223,13.064516129032258,6.820735327700388,69.0,K_LH,301,6.345047923322683,19.0
0.2111111111111111,0.0,efficiency__006,efficiency,0.0,0.39,2.0033333333333334,14.6,6.917338245452453,70.0,K_LH,302,6.347266881028939,17.0
0.22,0.0,efficiency__006,efficiency,0.0,0.47,1.6566666666666667,10.76,5.678588016720854,68.0,K_LH,303,5.365384615384615,14.0
0.2311111111111111,0.0,efficiency__006,efficiency,0.0,0.31,1.6877777777777778,15.05,5.973295853829936,67.0,K_LH,304,5.527156549520766,17.0
0.22,0.0,efficiency__006,efficiency,0.0,0.82,1.7644444444444445,17.083333333333332,6.272559000462749,67.0,K_LH,305,5.6369426751592355,20.0
0.17444444444444446,0.0,efficiency__006,efficiency,0.0,0.26,1.5466666666666666,8.945205479452055,7.6645888987830215,73.0,K_MM,301,7.310344827586207,17.0
0.17666666666666667,0.0,efficiency__006,efficiency,0.0,0.29,1.4855555555555555,6.811594202898551,6.968636911942099,71.0,K_MM,302,7.00990099009901,18.0
0.18333333333333332,0.0,efficiency__006,efficiency,0.0,0.34,1.5666666666666667,9.492753623188406,7.793124246079614,69.0,K_MM,303,7.346534653465347,16.0
0.18444444444444444,0.0,efficiency__006,efficiency,0.0,0.36,1.5133333333333334,7.596774193548387,7.178781317661614,69.0,K_MM,304,7.079601990049751,16.0
0.18444444444444444,0.0,efficiency__006,efficiency,0.0,0.32,1.4555555555555555,8.365384615384615,7.039086929330833,69.0,K_MM,305,6.781553398058253,16.0
0.17,0.0,efficiency__006,efficiency,0.0,1.44,38.276666666666664,33.33684210526316,52.9061074845748,71.0,K_OO,301,59.5990639625585,84.0
0.1711111111111111,0.0,efficiency__006,efficiency,0.0,0.74,37.535555555555554,34.048780487804876,51.72205895449282,71.0,K_OO,302,57.7900466562986,41.0
0.16333333333333333,0.0,efficiency__006,efficiency,0.0,0.88,38.27444444444444,33.46488294314381,54.19705828613192,72.0,K_OO,303,61.98856209150327,47.0
0.17222222222222222,0.0,efficiency__006,efficiency,0.0,0.74,39.02333333333333,35.59717314487632,55.722537013343086,70.0,K_OO,304,62.743589743589745,44.0
0.1688888888888889,0.0,efficiency__006,efficiency,0.0,0.84,38.452222222222225,35.08759124087591,55.23353181987346,72.0,K_OO,305,62.12662337662338,40.0
0.19777777777777777,0.0,efficiency__006,efficiency,0.0,0.59,17.307777777777776,30.68,29.2133064516129,72.0,K_SS,301,28.783050847457627,20.0
0.2,0.0,efficiency__006,efficiency,0.0,0.65,17.816666666666666,30.774193548387096,30.17342757631633,71.0,K_SS,302,30.001712328767123,21.0
0.1922222222222222,0.0,efficiency__006,efficiency,0.0,0.7,20.395555555555557,33.97391304347826,35.40687292358804,71.0,K_SS,303,35.8563829787234,22.0
0.1988888888888889,0.0,efficiency__006,efficiency,0.0,0.63,16.70888888888889,30.460093896713616,28.389585244063994,71.0,K_SS,304,27.815566835871405,19.0
0.20555555555555555,0.0,efficiency__006,efficiency,0.0,0.66,15.77111111111111,25.681818181818183,26.104738154613468,71.0,K_SS,305,26.214285714285715,20.0
0.18444444444444444,0.0,efficiency__006,efficiency,0.0,0.39,3.128888888888889,10.303225806451612,8.290016079520539,74.0,K_XX,301,7.7002457002457,20.0
0.19666666666666666,0.0,efficiency__006,efficiency,0.0,0.55,3.388888888888889,12.707792207792208,9.330302141390437,72.0,K_XX,302,8.344827586206897,19.0
0.18444444444444444,0.0,efficiency__006,efficiency,0.0,0.4,3.341111111111111,12.08,9.073620537031573,73.0,K_XX,303,8.219211822660098,20.0
0.19,0.0,efficiency__006,efficiency,0.0,0.32,3.192222222222222,11.6,8.709145880574452,73.0,K_XX,304,7.9679012345679014,20.0
0.19111111111111112,0.0,efficiency__006,efficiency,0.0,0.39,3.3033333333333332,11.785714285714286,8.88865096359743,72.0,K_XX,305,8.19704433497537,20.0
0.19,0.0,efficiency__007,efficiency,0.0,0.4,2.7511111111111113,12.691666666666666,9.55979401106237,73.0,K_HH,301,8.630225080385852,21.0
0.19777777777777777,0.0,efficiency__007,efficiency,0.0,0.53,2.4844444444444442,13.207207207207206,9.147276264591442,72.0,K_HH,302,8.029032258064516,18.0
0.18555555555555556,0.0,efficiency__007,efficiency,0.0,0.4,2.52,10.663793103448276,8.64998111069135,73.0,K_HH,303,8.084905660377359,20.0
0.18444444444444444,0.0,efficiency__007,efficiency,0.0,0.43,2.723333333333333,10.71,9.03985006904715,74.0,K_HH,304,8.629392971246006,21.0
0.19666666666666666,0.0,efficiency__007,efficiency,0.0,0.48,2.466666666666667,11.714285714285714,8.641361256544503,72.0,K_HH,305,7.951923076923077,22.0
0.10666666666666667,0.0,efficiency__007,efficiency,0.0,0.32,0.5088888888888888,4.279661016949152,4.842978723404255,59.0,K_HL,301,5.411111111111111,19.0
0.11666666666666667,0.0,efficiency__007,efficiency,0.0,0.26,0.44666666666666666,4.54054054054054,4.753430531732419,59.0,K_HL,302,4.946808510638298,15.0
0.11,0.0,efficiency__007,efficiency,0.0,0.25,0.42444444444444446,4.4,4.469076655052265,57.0,K_HL,303,4.532608695652174,17.0
0.12222222222222222,0.0,efficiency__007,efficiency,0.0,0.31,0.3988888888888889,3.65,3.9767759562841523,61.0,K_HL,304,4.25,19.0
0.1111111111111111,0.0,efficiency__007,efficiency,0.0,0.37,0.46,4.670329670329671,4.782130912565695,54.0,K_HL,305,4.868131868131868,19.0
0.21222222222222223,0.0,efficiency__007,efficiency,0.0,0.54,1.9522222222222223,13.064516129032258,6.820735327700388,69.0,K_LH,301,6.345047923322683,19.0
0.2111111111111111,0.0,efficiency__007,efficiency,0.0,0.39,2.0033333333333334,14.6,6.917338245452453,70.0,K_LH,302,6.347266881028939,17.0
0.22,0.0,efficiency__007,efficiency,0.0,0.47,1.6566666666666667,10.76,5.678588016720854,68.0,K_LH,303,5.365384615384615,14.0
0.2311111111111111,0.0,efficiency__007,efficiency,0.0,0.31,1.6877777777777778,15.05,5.973295853829936,67.0,K_LH,304,5.527156549520766,17.0
0.22,0.0,efficiency__007,efficiency,0.0,0.82,1.7644444444444445,17.083333333333332,6.272559000462749,67.0,K_LH,305,5.6369426751592355,20.0
0.17444444444444446,0.0,efficiency__007,efficiency,0.0,0.26,1.5466666666666666,8.945205479452055,7.6645888987830215,73.0,K_MM,301,7.310344827586207,17.0
0.17666666666666667,0.0,efficiency__007,efficiency,0.0,0.29,1.4855555555555555,6.811594202898551,6.968636911942099,71.0,K_MM,302,7.00990099009901,18.0
0.18333333333333332,0.0,efficiency__007,efficiency,0.0,0.34,1.5666666666666667,9.492753623188406,7.793124246079614,69.0,K_MM,303,7.346534653465347,16.0
0.18444444444444444,0.0,efficiency__007,efficiency,0.0,0.36,1.5133333333333334,7.596774193548387,7.178781317661614,69.0,K_MM,304,7.079601990049751,16.0
0.18444444444444444,0.0,efficiency__007,efficiency,0.0,0.32,1.4555555555555555,8.365384615384615,7.039086929330833,69.0,K_MM,305,6.781553398058253,16.0
0.17777777777777778,0.0,efficiency__007,efficiency,0.0,0.8,30.266666666666666,55.847457627118644,52.036911831886705,74.0,K_OO,301,50.63089430894309,23.0
0.17888888888888888,0.0,efficiency__007,efficiency,0.0,0.81,31.49222222222222,50.97909407665505,50.63490054249548,74.0,K_OO,302,50.51428571428571,23.0
0.1688888888888889,0.0,efficiency__007,efficiency,0.0,0.85,30.684444444444445,55.13815789473684,52.23557428100384,74.0,K_OO,303,51.115511551155116,25.0
0.17555555555555555,0.0,efficiency__007,efficiency,0.0,0.87,33.775555555555556,56.42560553633218,54.59091318849725,73.0,K_OO,304,53.944532488114106,23.0
0.1811111111111111,0.0,efficiency__007,efficiency,0.0,0.85,29.084444444444443,53.167883211678834,49.47092370979806,73.0,K_OO,305,48.197712418300654,21.0
0.19777777777777777,0.0,efficiency__007,efficiency,0.0,0.62,17.42111111111111,32.14666666666667,29.614617940199334,72.0,K_SS,301,28.873096446700508,20.0
0.2,0.0,efficiency__007,efficiency,0.0,0.64,16.788888888888888,31.972350230414747,28.799390243902437,71.0,K_SS,302,27.901694915254236,20.0
0.19333333333333333,0.0,efficiency__007,efficiency,0.0,0.99,21.34888888888889,49.68260869565217,40.40123006358804,71.0,K_SS,303,37.47415329768271,21.0
0.1988888888888889,0.0,efficiency__007,efficiency,0.0,0.63,16.70888888888889,30.460093896713616,28.389585244063994,71.0,K_SS,304,27.815566835871405,19.0
0.20555555555555555,0.0,efficiency__007,efficiency,0.0,0.68,15.602222222222222,27.47979797979798,26.04210960883476,71.0,K_SS,305,25.672849915682967,19.0
0.18444444444444444,0.0,efficiency__007,efficiency,0.0,0.39,3.128888888888889,10.303225806451612,8.290016079520539,74.0,K_XX,301,7.7002457002457,20.0
0.19666666666666666,0.0,efficiency__007,efficiency,0.0,0.55,3.388888888888889,12.707792207792208,9.330302141390437,72.0,K_XX,302,8.344827586206897,19.0
0.18444444444444444,0.0,efficiency__007,efficiency,0.0,0.4,3.341111111111111,12.08,9.073620537031573,73.0,K_XX,303,8.219211822660098,20.0
0.19,0.0,efficiency__007,efficiency,0.0,0.32,3.192222222222222,11.6,8.709145880574452,73.0,K_XX,304,7.9679012345679014,20.0
0.19111111111111112,0.0,efficiency__007,efficiency,0.0,0.39,3.3033333333333332,11.785714285714286,8.88865096359743,72.0,K_XX,305,8.19704433497537,20.0
0.19,0.0,efficiency__008,efficiency,0.0,0.4,2.7511111111111113,12.691666666666666,9.55979401106237,73.0,K_HH,301,8.630225080385852,21.0
0.19777777777777777,0.0,efficiency__008,efficiency,0.0,0.53,2.4844444444444442,13.207207207207206,9.147276264591442,72.0,K_HH,302,8.029032258064516,18.0
0.18555555555555556,0.0,efficiency__008,efficiency,0.0,0.4,2.52,10.663793103448276,8.64998111069135,73.0,K_HH,303,8.084905660377359,20.0
0.18444444444444444,0.0,efficiency__008,efficiency,0.0,0.43,2.723333333333333,10.71,9.03985006904715,74.0,K_HH,304,8.629392971246006,21.0
0.19666666666666666,0.0,efficiency__008,efficiency,0.0,0.48,2.466666666666667,11.714285714285714,8.641361256544503,72.0,K_HH,305,7.951923076923077,22.0
0.10666666666666667,0.0,efficiency__008,efficiency,0.0,0.32,0.5088888888888888,4.279661016949152,4.842978723404255,59.0,K_HL,301,5.411111111111111,19.0
0.11666666666666667,0.0,efficiency__008,efficiency,0.0,0.26,0.44666666666666666,4.54054054054054,4.753430531732419,59.0,K_HL,302,4.946808510638298,15.0
0.11,0.0,efficiency__008,efficiency,0.0,0.25,0.42444444444444446,4.4,4.469076655052265,57.0,K_HL,303,4.532608695652174,17.0
0.12222222222222222,0.0,efficiency__008,efficiency,0.0,0.31,0.3988888888888889,3.65,3.9767759562841523,61.0,K_HL,304,4.25,19.0
0.1111111111111111,0.0,efficiency__008,efficiency,0.0,0.37,0.46,4.670329670329671,4.782130912565695,54.0,K_HL,305,4.868131868131868,19.0
0.21222222222222223,0.0,efficiency__008,efficiency,0.0,0.54,1.9522222222222223,13.064516129032258,6.820735327700388,69.0,K_LH,301,6.345047923322683,19.0
0.2111111111111111,0.0,efficiency__008,efficiency,0.0,0.39,2.0033333333333334,14.6,6.917338245452453,70.0,K_LH,302,6.347266881028939,17.0
0.22,0.0,efficiency__008,efficiency,0.0,0.47,1.6566666666666667,10.76,5.678588016720854,68.0,K_LH,303,5.365384615384615,14.0
0.2311111111111111,0.0,efficiency__008,efficiency,0.0,0.31,1.6877777777777778,15.05,5.973295853829936,67.0,K_LH,304,5.527156549520766,17.0
0.22,0.0,efficiency__008,efficiency,0.0,0.82,1.7644444444444445,17.083333333333332,6.272559000462749,67.0,K_LH,305,5.6369426751592355,20.0
0.17444444444444446,0.0,efficiency__008,efficiency,0.0,0.26,1.5466666666666666,8.945205479452055,7.6645888987830215,73.0,K_MM,301,7.310344827586207,17.0
0.17666666666666667,0.0,efficiency__008,efficiency,0.0,0.29,1.4855555555555555,6.811594202898551,6.968636911942099,71.0,K_MM,302,7.00990099009901,18.0
0.18333333333333332,0.0,efficiency__008,efficiency,0.0,0.34,1.5666666666666667,9.492753623188406,7.793124246079614,69.0,K_MM,303,7.346534653465347,16.0
0.18444444444444444,0.0,efficiency__008,efficiency,0.0,0.36,1.5133333333333334,7.596774193548387,7.178781317661614,69.0,K_MM,304,7.079601990049751,16.0
0.18444444444444444,0.0,efficiency__008,efficiency,0.0,0.32,1.4555555555555555,8.365384615384615,7.039086929330833,69.0,K_MM,305,6.781553398058253,16.0
0.17666666666666667,0.0,efficiency__008,efficiency,0.0,0.88,32.09222222222222,64.93898305084745,56.62635246653219,74.0,K_OO,301,53.544117647058826,24.0
0.18,0.0,efficiency__008,efficiency,0.0,1.01,31.38888888888889,62.54006968641115,54.42812384813859,73.0,K_OO,302,51.5114006514658,21.0
0.17333333333333334,0.0,efficiency__008,efficiency,0.0,1.04,32.07888888888889,66.17434210526316,56.67930720145852,74.0,K_OO,303,53.03934426229508,24.0
0.17777777777777778,0.0,efficiency__008,efficiency,0.0,0.97,33.30222222222222,65.49480968858131,57.62294031490296,74.0,K_OO,304,54.79126213592233,23.0
0.18555555555555556,0.0,efficiency__008,efficiency,0.0,1.05,28.42888888888889,61.434306569343065,50.31378895773605,73.0,K_OO,305,46.53945249597424,21.0
0.19777777777777777,0.0,efficiency__008,efficiency,0.0,0.62,17.42111111111111,32.14666666666667,29.614617940199334,72.0,K_SS,301,28.873096446700508,20.0
0.2,0.0,efficiency__008,efficiency,0.0,0.64,16.788888888888888,31.972350230414747,28.799390243902437,71.0,K_SS,302,27.901694915254236,20.0
0.19333333333333333,0.0,efficiency__008,efficiency,0.0,0.99,21.34888888888889,49.68260869565217,40.40123006358804,71.0,K_SS,303,37.47415329768271,21.0
0.1988888888888889,0.0,efficiency__008,efficiency,0.0,0.63,16.70888888888889,30.460093896713616,28.389585244063994,71.0,K_SS,304,27.815566835871405,19.0
0.20555555555555555,0.0,efficiency__008,efficiency,0.0,0.68,15.602222222222222,27.47979797979798,26.04210960883476,71.0,K_SS,305,25.672849915682967,19.0
0.18444444444444444,0.0,efficiency__008,efficiency,0.0,0.39,3.128888888888889,10.303225806451612,8.290016079520539,74.0,K_XX,301,7.7002457002457,20.0
0.19666666666666666,0.0,efficiency__008,efficiency,0.0,0.55,3.388888888888889,12.707792207792208,9.330302141390437,72.0,K_XX,302,8.344827586206897,19.0
0.18444444444444444,0.0,efficiency__008,efficiency,0.0,0.4,3.341111111111111,12.08,9.073620537031573,73.0,K_XX,303,8.219211822660098,20.0
0.19,0.0,efficiency__008,efficiency,0.0,0.32,3.192222222222222,11.6,8.709145880574452,73.0,K_XX,304,7.9679012345679014,20.0
0.19111111111111112,0.0,efficiency__008,efficiency,0.0,0.39,3.3033333333333332,11.785714285714286,8.88865096359743,72.0,K_XX,305,8.19704433497537,20.0
0.19,0.0,efficiency__009,efficiency,0.0,0.4,2.7511111111111113,12.691666666666666,9.55979401106237,73.0,K_HH,301,8.630225080385852,21.0
0.19777777777777777,0.0,efficiency__009,efficiency,0.0,0.53,2.4844444444444442,13.207207207207206,9.147276264591442,72.0,K_HH,302,8.029032258064516,18.0
0.18333333333333332,0.0,efficiency__009,efficiency,0.0,0.39,2.7622222222222224,10.587719298245615,9.201719197707737,74.0,K_HH,303,8.815873015873017,20.0
0.18444444444444444,0.0,efficiency__009,efficiency,0.0,0.43,2.723333333333333,10.71,9.03985006904715,74.0,K_HH,304,8.629392971246006,21.0
0.18444444444444444,0.0,efficiency__009,efficiency,0.0,0.35,2.7422222222222223,9.835164835164836,8.86508256141764,73.0,K_HH,305,8.647435897435898,21.0
0.11,0.0,efficiency__009,efficiency,0.0,0.29,0.5555555555555556,4.703389830508475,5.247989843419382,61.0,K_HL,301,5.791208791208791,16.0
0.11666666666666667,0.0,efficiency__009,efficiency,0.0,0.26,0.47555555555555556,4.342342342342342,4.804030874785592,60.0,K_HL,302,5.223404255319149,15.0
0.11,0.0,efficiency__009,efficiency,0.0,0.24,0.4811111111111111,4.072727272727272,4.575996495838807,61.0,K_HL,303,5.043956043956044,16.0
0.12111111111111111,0.0,efficiency__009,efficiency,0.0,0.31,0.43555555555555553,4.16,4.398451730418943,64.0,K_HL,304,4.5978260869565215,17.0
0.11222222222222222,0.0,efficiency__009,efficiency,0.0,0.27,0.5588888888888889,4.461538461538462,5.2426400759734095,62.0,K_HL,305,5.836956521739131,14.0
0.2111111111111111,0.0,efficiency__009,efficiency,0.0,0.54,2.267777777777778,17.903225806451612,7.9855272226051,71.0,K_LH,301,7.22508038585209,20.0
0.21777777777777776,0.0,efficiency__009,efficiency,0.0,0.54,2.152222222222222,14.366666666666667,7.626328884867678,70.0,K_LH,302,7.135646687697161,17.0
0.21777777777777776,0.0,efficiency__009,efficiency,0.0,0.52,1.8866666666666667,12.481481481481481,6.708542713567839,70.0,K_LH,303,6.329113924050633,14.0
0.21666666666666667,0.0,efficiency__009,efficiency,0.0,0.35,1.8466666666666667,16.65,6.441443538998835,70.0,K_LH,304,5.942857142857143,18.0
0.22,0.0,efficiency__009,efficiency,0.0,0.43,1.7966666666666666,14.608695652173912,6.416226154906918,70.0,K_LH,305,5.958990536277603,18.0
0.17222222222222222,0.0,efficiency__009,efficiency,0.0,0.27,1.5455555555555556,8.383561643835616,7.406268480189238,74.0,K_MM,301,7.137254901960785,16.0
0.17222222222222222,0.0,efficiency__009,efficiency,0.0,0.27,1.3755555555555556,7.0,6.568222621184919,74.0,K_MM,302,6.455882352941177,17.0
0.17222222222222222,0.0,efficiency__009,efficiency,0.0,0.38,1.5433333333333332,8.416666666666666,7.456702253855278,74.0,K_MM,303,7.196078431372549,16.0
0.17333333333333334,0.0,efficiency__009,efficiency,0.0,0.3,1.6944444444444444,9.548387096774194,8.238723534826635,74.0,K_MM,304,7.931034482758621,17.0
0.17777777777777778,0.0,efficiency__009,efficiency,0.0,0.27,1.3933333333333333,6.384615384615385,6.5015762925599,74.0,K_MM,305,6.5245098039215685,15.0
0.18,0.0,efficiency__009,efficiency,0.0,1.44,38.431111111111115,34.15438596491228,55.022830206118854,73.0,K_OO,301,62.48613376835237,84.0
0.17666666666666667,0.0,efficiency__009,efficiency,0.0,0.84,39.181111111111115,34.069686411149824,56.24042808377156,74.0,K_OO,302,64.22512234910278,49.0
0.17222222222222222,0.0,efficiency__009,efficiency,0.0,0.76,38.96666666666667,34.01672240802676,54.983190206468116,74.0,K_OO,303,62.86274509803921,48.0
0.1811111111111111,0.0,efficiency__009,efficiency,0.0,0.81,39.35666666666667,35.091872791519435,55.88306709265176,71.0,K_OO,304,63.1248,36.0
0.17555555555555555,0.0,efficiency__009,efficiency,0.0,0.85,38.361111111111114,36.60948905109489,54.16328952172326,72.0,K_OO,305,60.017405063291136,54.0
0.19333333333333333,0.0,efficiency__009,efficiency,0.0,0.59,17.334444444444443,29.25777777777778,29.016575702445927,71.0,K_SS,301,28.94557823129252,19.0
0.2,0.0,efficiency__009,efficiency,0.0,0.59,17.423333333333332,28.34562211981567,29.18420240666461,71.0,K_SS,302,29.42512908777969,21.0
0.19666666666666666,0.0,efficiency__009,efficiency,0.0,0.69,19.58,31.18695652173913,33.41187996287512,72.0,K_SS,303,34.10369068541301,22.0
0.1988888888888889,0.0,efficiency__009,efficiency,0.0,0.77,16.8,32.46478873239437,29.000917150718436,71.0,K_SS,304,28.04060913705584,19.0
0.20555555555555555,0.0,efficiency__009,efficiency,0.0,0.67,15.636666666666667,25.71212121212121,25.795990078544854,71.0,K_SS,305,25.81756756756757,19.0
0.18444444444444444,0.0,efficiency__009,efficiency,0.0,0.39,3.128888888888889,10.303225806451612,8.290016079520539,74.0,K_XX,301,7.7002457002457,20.0
0.19111111111111112,0.0,efficiency__009,efficiency,0.0,0.55,3.473333333333333,12.590909090909092,9.424024640657084,73.0,K_XX,302,8.5,20.0
0.19,0.0,efficiency__009,efficiency,0.0,0.37,3.296666666666667,11.04516129032258,8.824879403595965,73.0,K_XX,303,8.174447174447174,20.0
0.19,0.0,efficiency__009,efficiency,0.0,0.32,3.192222222222222,11.6,8.709145880574452,73.0,K_XX,304,7.9679012345679014,20.0
0.19666666666666666,0.0,efficiency__009,efficiency,0.0,0.51,3.011111111111111,11.086614173228346,8.26313378130727,73.0,K_XX,305,7.583743842364532,20.0
0.19,0.0,efficiency__010,efficiency,0.0,0.4,2.7511111111111113,12.691666666666666,9.55979401106237,73.0,K_HH,301,8.630225080385852,21.0
0.19777777777777777,0.0,efficiency__010,efficiency,0.0,0.53,2.4844444444444442,13.207207207207206,9.147276264591442,72.0,K_HH,302,8.029032258064516,18.0
0.18333333333333332,0.0,efficiency__010,efficiency,0.0,0.39,2.7622222222222224,10.587719298245615,9.201719197707737,74.0,K_HH,303,8.815873015873017,20.0
0.18444444444444444,0.0,efficiency__010,efficiency,0.0,0.43,2.723333333333333,10.71,9.03985006904715,74.0,K_HH,304,8.629392971246006,21.0
0.18444444444444444,0.0,efficiency__010,efficiency,0.0,0.35,2.7422222222222223,9.835164835164836,8.86508256141764,73.0,K_HH,305,8.647435897435898,21.0
0.11,0.0,efficiency__010,efficiency,0.0,0.29,0.5555555555555556,4.703389830508475,5.247989843419382,61.0,K_HL,301,5.791208791208791,16.0
0.11666666666666667,0.0,efficiency__010,efficiency,0.0,0.26,0.47555555555555556,4.342342342342342,4.804030874785592,60.0,K_HL,302,5.223404255319149,15.0
0.11,0.0,efficiency__010,efficiency,0.0,0.24,0.4811111111111111,4.072727272727272,4.575996495838807,61.0,K_HL,303,5.043956043956044,16.0
0.12111111111111111,0.0,efficiency__010,efficiency,0.0,0.31,0.43555555555555553,4.16,4.398451730418943,64.0,K_HL,304,4.5978260869565215,17.0
0.11222222222222222,0.0,efficiency__010,efficiency,0.0,0.27,0.5588888888888889,4.461538461538462,5.2426400759734095,62.0,K_HL,305,5.836956521739131,14.0
0.2111111111111111,0.0,efficiency__010,efficiency,0.0,0.54,2.267777777777778,17.903225806451612,7.9855272226051,71.0,K_LH,301,7.22508038585209,20.0
0.21777777777777776,0.0,efficiency__010,efficiency,0.0,0.54,2.152222222222222,14.366666666666667,7.626328884867678,70.0,K_LH,302,7.135646687697161,17.0
0.21777777777777776,0.0,efficiency__010,efficiency,0.0,0.52,1.8866666666666667,12.481481481481481,6.708542713567839,70.0,K_LH,303,6.329113924050633,14.0
0.21666666666666667,0.0,efficiency__010,efficiency,0.0,0.35,1.8466666666666667,16.65,6.441443538998835,70.0,K_LH,304,5.942857142857143,18.0
0.22,0.0,efficiency__010,efficiency,0.0,0.43,1.7966666666666666,14.608695652173912,6.416226154906918,70.0,K_LH,305,5.958990536277603,18.0
0.17222222222222222,0.0,efficiency__010,efficiency,0.0,0.27,1.5455555555555556,8.383561643835616,7.406268480189238,74.0,K_MM,301,7.137254901960785,16.0
0.17222222222222222,0.0,efficiency__010,efficiency,0.0,0.27,1.3755555555555556,7.0,6.568222621184919,74.0,K_MM,302,6.455882352941177,17.0
0.17222222222222222,0.0,efficiency__010,efficiency,0.0,0.38,1.5433333333333332,8.416666666666666,7.456702253855278,74.0,K_MM,303,7.196078431372549,16.0
0.17333333333333334,0.0,efficiency__010,efficiency,0.0,0.3,1.6944444444444444,9.548387096774194,8.238723534826635,74.0,K_MM,304,7.931034482758621,17.0
0.17777777777777778,0.0,efficiency__010,efficiency,0.0,0.27,1.3933333333333333,6.384615384615385,6.5015762925599,74.0,K_MM,305,6.5245098039215685,15.0
0.17777777777777778,0.0,efficiency__010,efficiency,0.0,0.79,30.304444444444446,55.86779661016949,51.3955885011752,74.0,K_OO,301,49.76923076923077,23.0
0.1811111111111111,0.0,efficiency__010,efficiency,0.0,0.81,32.12222222222222,55.33101045296167,53.177950594693506,73.0,K_OO,302,52.41129032258065,23.0
0.1688888888888889,0.0,efficiency__010,efficiency,0.0,0.77,30.416666666666668,52.99342105263158,50.58275457743303,74.0,K_OO,303,49.67205169628433,24.0
0.17444444444444446,0.0,efficiency__010,efficiency,0.0,0.85,32.47,55.635416666666664,53.70434465798342,74.0,K_OO,304,53.017656500802566,22.0
0.1811111111111111,0.0,efficiency__010,efficiency,0.0,0.81,28.702222222222222,53.38321167883212,48.57472750785147,73.0,K_OO,305,46.945337620578776,21.0
0.19777777777777777,0.0,efficiency__010,efficiency,0.0,0.62,17.42111111111111,32.14666666666667,29.614617940199334,72.0,K_SS,301,28.873096446700508,20.0
0.2,0.0,efficiency__010,efficiency,0.0,0.64,17.093333333333334,30.22119815668203,28.748448153047725,71.0,K_SS,302,28.33106960950764,20.0
0.19666666666666666,0.0,efficiency__010,efficiency,0.0,0.84,19.78,35.65217391304348,34.60823892893924,72.0,K_SS,303,34.28421052631579,21.0
0.1988888888888889,0.0,efficiency__010,efficiency,0.0,0.77,16.8,32.46478873239437,29.000917150718436,71.0,K_SS,304,28.04060913705584,19.0
0.20555555555555555,0.0,efficiency__010,efficiency,0.0,0.67,15.636666666666667,25.71212121212121,25.795990078544854,71.0,K_SS,305,25.81756756756757,19.0
0.18444444444444444,0.0,efficiency__010,efficiency,0.0,0.39,3.128888888888889,10.303225806451612,8.290016079520539,74.0,K_XX,301,7.7002457002457,20.0
0.19111111111111112,0.0,efficiency__010,efficiency,0.0,0.55,3.473333333333333,12.590909090909092,9.424024640657084,73.0,K_XX,302,8.5,20.0
0.19,0.0,efficiency__010,efficiency,0.0,0.37,3.296666666666667,11.04516129032258,8.824879403595965,73.0,K_XX,303,8.174447174447174,20.0
0.19,0.0,efficiency__010,efficiency,0.0,0.32,3.192222222222222,11.6,8.709145880574452,73.0,K_XX,304,7.9679012345679014,20.0
0.19666666666666666,0.0,efficiency__010,efficiency,0.0,0.51,3.011111111111111,11.086614173228346,8.26313378130727,73.0,K_XX,305,7.583743842364532,20.0
0.19,0.0,efficiency__011,efficiency,0.0,0.4,2.7511111111111113,12.691666666666666,9.55979401106237,73.0,K_HH,301,8.630225080385852,21.0
0.19777777777777777,0.0,efficiency__011,efficiency,0.0,0.53,2.4844444444444442,13.207207207207206,9.147276264591442,72.0,K_HH,302,8.029032258064516,18.0
0.18333333333333332,0.0,efficiency__011,efficiency,0.0,0.39,2.7622222222222224,10.587719298245615,9.201719197707737,74.0,K_HH,303,8.815873015873017,20.0
0.18444444444444444,0.0,efficiency__011,efficiency,0.0,0.43,2.723333333333333,10.71,9.03985006904715,74.0,K_HH,304,8.629392971246006,21.0
0.18444444444444444,0.0,efficiency__011,efficiency,0.0,0.35,2.7422222222222223,9.835164835164836,8.86508256141764,73.0,K_HH,305,8.647435897435898,21.0
0.11,0.0,efficiency__011,efficiency,0.0,0.29,0.5555555555555556,4.703389830508475,5.247989843419382,61.0,K_HL,301,5.791208791208791,16.0
0.11666666666666667,0.0,efficiency__011,efficiency,0.0,0.26,0.47555555555555556,4.342342342342342,4.804030874785592,60.0,K_HL,302,5.223404255319149,15.0
0.11,0.0,efficiency__011,efficiency,0.0,0.24,0.4811111111111111,4.072727272727272,4.575996495838807,61.0,K_HL,303,5.043956043956044,16.0
0.12111111111111111,0.0,efficiency__011,efficiency,0.0,0.31,0.43555555555555553,4.16,4.398451730418943,64.0,K_HL,304,4.5978260869565215,17.0
0.11222222222222222,0.0,efficiency__011,efficiency,0.0,0.27,0.5588888888888889,4.461538461538462,5.2426400759734095,62.0,K_HL,305,5.836956521739131,14.0
0.2111111111111111,0.0,efficiency__011,efficiency,0.0,0.54,2.267777777777778,17.903225806451612,7.9855272226051,71.0,K_LH,301,7.22508038585209,20.0
0.21777777777777776,0.0,efficiency__011,efficiency,0.0,0.54,2.152222222222222,14.366666666666667,7.626328884867678,70.0,K_LH,302,7.135646687697161,17.0
0.21777777777777776,0.0,efficiency__011,efficiency,0.0,0.52,1.8866666666666667,12.481481481481481,6.708542713567839,70.0,K_LH,303,6.329113924050633,14.0
0.21666666666666667,0.0,efficiency__011,efficiency,0.0,0.35,1.8466666666666667,16.65,6.441443538998835,70.0,K_LH,304,5.942857142857143,18.0
0.22,0.0,efficiency__011,efficiency,0.0,0.43,1.7966666666666666,14.608695652173912,6.416226154906918,70.0,K_LH,305,5.958990536277603,18.0
0.17222222222222222,0.0,efficiency__011,efficiency,0.0,0.27,1.5455555555555556,8.383561643835616,7.406268480189238,74.0,K_MM,301,7.137254901960785,16.0
0.17222222222222222,0.0,efficiency__011,efficiency,0.0,0.27,1.3755555555555556,7.0,6.568222621184919,74.0,K_MM,302,6.455882352941177,17.0
0.17222222222222222,0.0,efficiency__011,efficiency,0.0,0.38,1.5433333333333332,8.416666666666666,7.456702253855278,74.0,K_MM,303,7.196078431372549,16.0
0.17333333333333334,0.0,efficiency__011,efficiency,0.0,0.3,1.6944444444444444,9.548387096774194,8.238723534826635,74.0,K_MM,304,7.931034482758621,17.0
0.17777777777777778,0.0,efficiency__011,efficiency,0.0,0.27,1.3933333333333333,6.384615384615385,6.5015762925599,74.0,K_MM,305,6.5245098039215685,15.0
0.17444444444444446,0.0,efficiency__011,efficiency,0.0,0.9,30.182222222222222,63.4,54.33585462595702,73.0,K_OO,301,50.94728171334432,23.0
0.1811111111111111,0.0,efficiency__011,efficiency,0.0,0.97,31.462222222222223,63.89895470383275,55.030648872526456,73.0,K_OO,302,51.84715447154471,22.0
0.17333333333333334,0.0,efficiency__011,efficiency,0.0,1.04,32.07888888888889,66.17434210526316,56.67930720145852,74.0,K_OO,303,53.03934426229508,24.0
0.17555555555555555,0.0,efficiency__011,efficiency,0.0,0.99,32.99777777777778,65.13194444444444,57.69621661721067,73.0,K_OO,304,54.98684210526316,23.0
0.1811111111111111,0.0,efficiency__011,efficiency,0.0,0.93,29.794444444444444,59.52554744525548,52.49356426272952,73.0,K_OO,305,50.03156146179402,22.0
0.19777777777777777,0.0,efficiency__011,efficiency,0.0,0.62,17.42111111111111,32.14666666666667,29.614617940199334,72.0,K_SS,301,28.873096446700508,20.0
0.2,0.0,efficiency__011,efficiency,0.0,0.64,17.093333333333334,30.22119815668203,28.748448153047725,71.0,K_SS,302,28.33106960950764,20.0
0.19666666666666666,0.0,efficiency__011,efficiency,0.0,0.84,19.78,35.65217391304348,34.60823892893924,72.0,K_SS,303,34.28421052631579,21.0
0.1988888888888889,0.0,efficiency__011,efficiency,0.0,0.77,16.8,32.46478873239437,29.000917150718436,71.0,K_SS,304,28.04060913705584,19.0
0.20555555555555555,0.0,efficiency__011,efficiency,0.0,0.67,15.636666666666667,25.71212121212121,25.795990078544854,71.0,K_SS,305,25.81756756756757,19.0
0.18444444444444444,0.0,efficiency__011,efficiency,0.0,0.39,3.128888888888889,10.303225806451612,8.290016079520539,74.0,K_XX,301,7.7002457002457,20.0
0.19111111111111112,0.0,efficiency__011,efficiency,0.0,0.55,3.473333333333333,12.590909090909092,9.424024640657084,73.0,K_XX,302,8.5,20.0
0.19,0.0,efficiency__011,efficiency,0.0,0.37,3.296666666666667,11.04516129032258,8.824879403595965,73.0,K_XX,303,8.174447174447174,20.0
0.19,0.0,efficiency__011,efficiency,0.0,0.32,3.192222222222222,11.6,8.709145880574452,73.0,K_XX,304,7.9679012345679014,20.0
0.19666666666666666,0.0,efficiency__011,efficiency,0.0,0.51,3.011111111111111,11.086614173228346,8.26313378130727,73.0,K_XX,305,7.583743842364532,20.0
0.19,0.0,efficiency__012,efficiency,0.0,0.4,2.7511111111111113,12.691666666666666,9.55979401106237,73.0,K_HH,301,8.630225080385852,21.0
0.19777777777777777,0.0,efficiency__012,efficiency,0.0,0.53,2.4844444444444442,13.207207207207206,9.147276264591442,72.0,K_HH,302,8.029032258064516,18.0
0.18555555555555556,0.0,efficiency__012,efficiency,0.0,0.4,2.52,10.663793103448276,8.64998111069135,73.0,K_HH,303,8.084905660377359,20.0
0.18444444444444444,0.0,efficiency__012,efficiency,0.0,0.43,2.723333333333333,10.71,9.03985006904715,74.0,K_HH,304,8.629392971246006,21.0
0.19666666666666666,0.0,efficiency__012,efficiency,0.0,0.48,2.466666666666667,11.714285714285714,8.641361256544503,72.0,K_HH,305,7.951923076923077,22.0
0.10666666666666667,0.0,efficiency__012,efficiency,0.0,0.32,0.5088888888888888,4.279661016949152,4.842978723404255,59.0,K_HL,301,5.411111111111111,19.0
0.11666666666666667,0.0,efficiency__012,efficiency,0.0,0.26,0.44666666666666666,4.54054054054054,4.753430531732419,59.0,K_HL,302,4.946808510638298,15.0
0.11,0.0,efficiency__012,efficiency,0.0,0.25,0.42444444444444446,4.4,4.469076655052265,57.0,K_HL,303,4.532608695652174,17.0
0.12222222222222222,0.0,efficiency__012,efficiency,0.0,0.31,0.3988888888888889,3.65,3.9767759562841523,61.0,K_HL,304,4.25,19.0
0.1111111111111111,0.0,efficiency__012,efficiency,0.0,0.37,0.46,4.670329670329671,4.782130912565695,54.0,K_HL,305,4.868131868131868,19.0
0.21222222222222223,0.0,efficiency__012,efficiency,0.0,0.54,1.9522222222222223,13.064516129032258,6.820735327700388,69.0,K_LH,301,6.345047923322683,19.0
0.2111111111111111,0.0,efficiency__012,efficiency,0.0,0.39,2.0033333333333334,14.6,6.917338245452453,70.0,K_LH,302,6.347266881028939,17.0
0.22,0.0,efficiency__012,efficiency,0.0,0.47,1.6566666666666667,10.76,5.678588016720854,68.0,K_LH,303,5.365384615384615,14.0
0.2311111111111111,0.0,efficiency__012,efficiency,0.0,0.31,1.6877777777777778,15.05,5.973295853829936,67.0,K_LH,304,5.527156549520766,17.0
0.22,0.0,efficiency__012,efficiency,0.0,0.82,1.7644444444444445,17.083333333333332,6.272559000462749,67.0,K_LH,305,5.6369426751592355,20.0
0.17444444444444446,0.0,efficiency__012,efficiency,0.0,0.26,1.5466666666666666,8.945205479452055,7.6645888987830215,73.0,K_MM,301,7.310344827586207,17.0
0.17666666666666667,0.0,efficiency__012,efficiency,0.0,0.29,1.4855555555555555,6.811594202898551,6.968636911942099,71.0,K_MM,302,7.00990099009901,18.0
0.18333333333333332,0.0,efficiency__012,efficiency,0.0,0.34,1.5666666666666667,9.492753623188406,7.793124246079614,69.0,K_MM,303,7.346534653465347,16.0
0.18444444444444444,0.0,efficiency__012,efficiency,0.0,0.36,1.5133333333333334,7.596774193548387,7.178781317661614,69.0,K_MM,304,7.079601990049751,16.0
0.18444444444444444,0.0,efficiency__012,efficiency,0.0,0.32,1.4555555555555555,8.365384615384615,7.039086929330833,69.0,K_MM,305,6.781553398058253,16.0
0.17,0.0,efficiency__012,efficiency,0.0,1.44,38.276666666666664,33.33684210526316,52.9061074845748,71.0,K_OO,301,59.5990639625585,84.0
0.1711111111111111,0.0,efficiency__012,efficiency,0.0,0.74,37.535555555555554,34.048780487804876,51.72205895449282,71.0,K_OO,302,57.7900466562986,41.0
0.16333333333333333,0.0,efficiency__012,efficiency,0.0,0.88,38.27444444444444,33.46488294314381,54.19705828613192,72.0,K_OO,303,61.98856209150327,47.0
0.17222222222222222,0.0,efficiency__012,efficiency,0.0,0.74,39.02333333333333,35.59717314487632,55.722537013343086,70.0,K_OO,304,62.743589743589745,44.0
0.1688888888888889,0.0,efficiency__012,efficiency,0.0,0.84,38.452222222222225,35.08759124087591,55.23353181987346,72.0,K_OO,305,62.12662337662338,40.0
0.19777777777777777,0.0,efficiency__012,efficiency,0.0,0.59,17.307777777777776,30.68,29.2133064516129,72.0,K_SS,301,28.783050847457627,20.0
0.2,0.0,efficiency__012,efficiency,0.0,0.65,17.816666666666666,30.774193548387096,30.17342757631633,71.0,K_SS,302,30.001712328767123,21.0
0.1922222222222222,0.0,efficiency__012,efficiency,0.0,0.7,20.395555555555557,33.97391304347826,35.40687292358804,71.0,K_SS,303,35.8563829787234,22.0
0.1988888888888889,0.0,efficiency__012,efficiency,0.0,0.63,16.70888888888889,30.460093896713616,28.389585244063994,71.0,K_SS,304,27.815566835871405,19.0
0.20555555555555555,0.0,efficiency__012,efficiency,0.0,0.66,15.77111111111111,25.681818181818183,26.104738154613468,71.0,K_SS,305,26.214285714285715,20.0
0.18444444444444444,0.0,efficiency__012,efficiency,0.0,0.39,3.128888888888889,10.303225806451612,8.290016079520539,74.0,K_XX,301,7.7002457002457,20.0
0.19666666666666666,0.0,efficiency__012,efficiency,0.0,0.55,3.388888888888889,12.707792207792208,9.330302141390437,72.0,K_XX,302,8.344827586206897,19.0
0.18444444444444444,0.0,efficiency__012,efficiency,0.0,0.4,3.341111111111111,12.08,9.073620537031573,73.0,K_XX,303,8.219211822660098,20.0
0.19,0.0,efficiency__012,efficiency,0.0,0.32,3.192222222222222,11.6,8.709145880574452,73.0,K_XX,304,7.9679012345679014,20.0
0.19111111111111112,0.0,efficiency__012,efficiency,0.0,0.39,3.3033333333333332,11.785714285714286,8.88865096359743,72.0,K_XX,305,8.19704433497537,20.0
0.19,0.0,efficiency__013,efficiency,0.0,0.4,2.7511111111111113,12.691666666666666,9.55979401106237,73.0,K_HH,301,8.630225080385852,21.0
0.19777777777777777,0.0,efficiency__013,efficiency,0.0,0.53,2.4844444444444442,13.207207207207206,9.147276264591442,72.0,K_HH,302,8.029032258064516,18.0
0.18555555555555556,0.0,efficiency__013,efficiency,0.0,0.4,2.52,10.663793103448276,8.64998111069135,73.0,K_HH,303,8.084905660377359,20.0
0.18444444444444444,0.0,efficiency__013,efficiency,0.0,0.43,2.723333333333333,10.71,9.03985006904715,74.0,K_HH,304,8.629392971246006,21.0
0.19666666666666666,0.0,efficiency__013,efficiency,0.0,0.48,2.466666666666667,11.714285714285714,8.641361256544503,72.0,K_HH,305,7.951923076923077,22.0
0.10666666666666667,0.0,efficiency__013,efficiency,0.0,0.32,0.5088888888888888,4.279661016949152,4.842978723404255,59.0,K_HL,301,5.411111111111111,19.0
0.11666666666666667,0.0,efficiency__013,efficiency,0.0,0.26,0.44666666666666666,4.54054054054054,4.753430531732419,59.0,K_HL,302,4.946808510638298,15.0
0.11,0.0,efficiency__013,efficiency,0.0,0.25,0.42444444444444446,4.4,4.469076655052265,57.0,K_HL,303,4.532608695652174,17.0
0.12222222222222222,0.0,efficiency__013,efficiency,0.0,0.31,0.3988888888888889,3.65,3.9767759562841523,61.0,K_HL,304,4.25,19.0
0.1111111111111111,0.0,efficiency__013,efficiency,0.0,0.37,0.46,4.670329670329671,4.782130912565695,54.0,K_HL,305,4.868131868131868,19.0
0.21222222222222223,0.0,efficiency__013,efficiency,0.0,0.54,1.9522222222222223,13.064516129032258,6.820735327700388,69.0,K_LH,301,6.345047923322683,19.0
0.2111111111111111,0.0,efficiency__013,efficiency,0.0,0.39,2.0033333333333334,14.6,6.917338245452453,70.0,K_LH,302,6.347266881028939,17.0
0.22,0.0,efficiency__013,efficiency,0.0,0.47,1.6566666666666667,10.76,5.678588016720854,68.0,K_LH,303,5.365384615384615,14.0
0.2311111111111111,0.0,efficiency__013,efficiency,0.0,0.31,1.6877777777777778,15.05,5.973295853829936,67.0,K_LH,304,5.527156549520766,17.0
0.22,0.0,efficiency__013,efficiency,0.0,0.82,1.7644444444444445,17.083333333333332,6.272559000462749,67.0,K_LH,305,5.6369426751592355,20.0
0.17444444444444446,0.0,efficiency__013,efficiency,0.0,0.26,1.5466666666666666,8.945205479452055,7.6645888987830215,73.0,K_MM,301,7.310344827586207,17.0
0.17666666666666667,0.0,efficiency__013,efficiency,0.0,0.29,1.4855555555555555,6.811594202898551,6.968636911942099,71.0,K_MM,302,7.00990099009901,18.0
0.18333333333333332,0.0,efficiency__013,efficiency,0.0,0.34,1.5666666666666667,9.492753623188406,7.793124246079614,69.0,K_MM,303,7.346534653465347,16.0
0.18444444444444444,0.0,efficiency__013,efficiency,0.0,0.36,1.5133333333333334,7.596774193548387,7.178781317661614,69.0,K_MM,304,7.079601990049751,16.0
0.18444444444444444,0.0,efficiency__013,efficiency,0.0,0.32,1.4555555555555555,8.365384615384615,7.039086929330833,69.0,K_MM,305,6.781553398058253,16.0
0.17777777777777778,0.0,efficiency__013,efficiency,0.0,0.8,30.266666666666666,55.847457627118644,52.036911831886705,74.0,K_OO,301,50.63089430894309,23.0
0.17888888888888888,0.0,efficiency__013,efficiency,0.0,0.81,31.49222222222222,50.97909407665505,50.63490054249548,74.0,K_OO,302,50.51428571428571,23.0
0.1688888888888889,0.0,efficiency__013,efficiency,0.0,0.85,30.684444444444445,55.13815789473684,52.23557428100384,74.0,K_OO,303,51.115511551155116,25.0
0.17555555555555555,0.0,efficiency__013,efficiency,0.0,0.87,33.775555555555556,56.42560553633218,54.59091318849725,73.0,K_OO,304,53.944532488114106,23.0
0.1811111111111111,0.0,efficiency__013,efficiency,0.0,0.85,29.084444444444443,53.167883211678834,49.47092370979806,73.0,K_OO,305,48.197712418300654,21.0
0.19777777777777777,0.0,efficiency__013,efficiency,0.0,0.62,17.42111111111111,32.14666666666667,29.614617940199334,72.0,K_SS,301,28.873096446700508,20.0
0.2,0.0,efficiency__013,efficiency,0.0,0.64,16.788888888888888,31.972350230414747,28.799390243902437,71.0,K_SS,302,27.901694915254236,20.0
0.19333333333333333,0.0,efficiency__013,efficiency,0.0,0.99,21.34888888888889,49.68260869565217,40.40123006358804,71.0,K_SS,303,37.47415329768271,21.0
0.1988888888888889,0.0,efficiency__013,efficiency,0.0,0.63,16.70888888888889,30.460093896713616,28.389585244063994,71.0,K_SS,304,27.815566835871405,19.0
0.20555555555555555,0.0,efficiency__013,efficiency,0.0,0.68,15.602222222222222,27.47979797979798,26.04210960883476,71.0,K_SS,305,25.672849915682967,19.0
0.18444444444444444,0.0,efficiency__013,efficiency,0.0,0.39,3.128888888888889,10.303225806451612,8.290016079520539,74.0,K_XX,301,7.7002457002457,20.0
0.19666666666666666,0.0,efficiency__013,efficiency,0.0,0.55,3.388888888888889,12.707792207792208,9.330302141390437,72.0,K_XX,302,8.344827586206897,19.0
0.18444444444444444,0.0,efficiency__013,efficiency,0.0,0.4,3.341111111111111,12.08,9.073620537031573,73.0,K_XX,303,8.219211822660098,20.0
0.19,0.0,efficiency__013,efficiency,0.0,0.32,3.192222222222222,11.6,8.709145880574452,73.0,K_XX,304,7.9679012345679014,20.0
0.19111111111111112,0.0,efficiency__013,efficiency,0.0,0.39,3.3033333333333332,11.785714285714286,8.88865096359743,72.0,K_XX,305,8.19704433497537,20.0
0.19,0.0,efficiency__014,efficiency,0.0,0.4,2.7511111111111113,12.691666666666666,9.55979401106237,73.0,K_HH,301,8.630225080385852,21.0
0.19777777777777777,0.0,efficiency__014,efficiency,0.0,0.53,2.4844444444444442,13.207207207207206,9.147276264591442,72.0,K_HH,302,8.029032258064516,18.0
0.18555555555555556,0.0,efficiency__014,efficiency,0.0,0.4,2.52,10.663793103448276,8.64998111069135,73.0,K_HH,303,8.084905660377359,20.0
0.18444444444444444,0.0,efficiency__014,efficiency,0.0,0.43,2.723333333333333,10.71,9.03985006904715,74.0,K_HH,304,8.629392971246006,21.0
0.19666666666666666,0.0,efficiency__014,efficiency,0.0,0.48,2.466666666666667,11.714285714285714,8.641361256544503,72.0,K_HH,305,7.951923076923077,22.0
0.10666666666666667,0.0,efficiency__014,efficiency,0.0,0.32,0.5088888888888888,4.279661016949152,4.842978723404255,59.0,K_HL,301,5.411111111111111,19.0
0.11666666666666667,0.0,efficiency__014,efficiency,0.0,0.26,0.44666666666666666,4.54054054054054,4.753430531732419,59.0,K_HL,302,4.946808510638298,15.0
0.11,0.0,efficiency__014,efficiency,0.0,0.25,0.42444444444444446,4.4,4.469076655052265,57.0,K_HL,303,4.532608695652174,17.0
0.12222222222222222,0.0,efficiency__014,efficiency,0.0,0.31,0.3988888888888889,3.65,3.9767759562841523,61.0,K_HL,304,4.25,19.0
0.1111111111111111,0.0,efficiency__014,efficiency,0.0,0.37,0.46,4.670329670329671,4.782130912565695,54.0,K_HL,305,4.868131868131868,19.0
0.21222222222222223,0.0,efficiency__014,efficiency,0.0,0.54,1.9522222222222223,13.064516129032258,6.820735327700388,69.0,K_LH,301,6.345047923322683,19.0
0.2111111111111111,0.0,efficiency__014,efficiency,0.0,0.39,2.0033333333333334,14.6,6.917338245452453,70.0,K_LH,302,6.347266881028939,17.0
0.22,0.0,efficiency__014,efficiency,0.0,0.47,1.6566666666666667,10.76,5.678588016720854,68.0,K_LH,303,5.365384615384615,14.0
0.2311111111111111,0.0,efficiency__014,efficiency,0.0,0.31,1.6877777777777778,15.05,5.973295853829936,67.0,K_LH,304,5.527156549520766,17.0
0.22,0.0,efficiency__014,efficiency,0.0,0.82,1.7644444444444445,17.083333333333332,6.272559000462749,67.0,K_LH,305,5.6369426751592355,20.0
0.17444444444444446,0.0,efficiency__014,efficiency,0.0,0.26,1.5466666666666666,8.945205479452055,7.6645888987830215,73.0,K_MM,301,7.310344827586207,17.0
0.17666666666666667,0.0,efficiency__014,efficiency,0.0,0.29,1.4855555555555555,6.811594202898551,6.968636911942099,71.0,K_MM,302,7.00990099009901,18.0
0.18333333333333332,0.0,efficiency__014,efficiency,0.0,0.34,1.5666666666666667,9.492753623188406,7.793124246079614,69.0,K_MM,303,7.346534653465347,16.0
0.18444444444444444,0.0,efficiency__014,efficiency,0.0,0.36,1.5133333333333334,7.596774193548387,7.178781317661614,69.0,K_MM,304,7.079601990049751,16.0
0.18444444444444444,0.0,efficiency__014,efficiency,0.0,0.32,1.4555555555555555,8.365384615384615,7.039086929330833,69.0,K_MM,305,6.781553398058253,16.0
0.17666666666666667,0.0,efficiency__014,efficiency,0.0,0.88,32.09222222222222,64.93898305084745,56.62635246653219,74.0,K_OO,301,53.544117647058826,24.0
0.18,0.0,efficiency__014,efficiency,0.0,1.01,31.38888888888889,62.54006968641115,54.42812384813859,73.0,K_OO,302,51.5114006514658,21.0
0.17333333333333334,0.0,efficiency__014,efficiency,0.0,1.04,32.07888888888889,66.17434210526316,56.67930720145852,74.0,K_OO,303,53.03934426229508,24.0
0.17777777777777778,0.0,efficiency__014,efficiency,0.0,0.97,33.30222222222222,65.49480968858131,57.62294031490296,74.0,K_OO,304,54.79126213592233,23.0
0.18555555555555556,0.0,efficiency__014,efficiency,0.0,1.05,28.42888888888889,61.434306569343065,50.31378895773605,73.0,K_OO,305,46.53945249597424,21.0
0.19777777777777777,0.0,efficiency__014,efficiency,0.0,0.62,17.42111111111111,32.14666666666667,29.614617940199334,72.0,K_SS,301,28.873096446700508,20.0
0.2,0.0,efficiency__014,efficiency,0.0,0.64,16.788888888888888,31.972350230414747,28.799390243902437,71.0,K_SS,302,27.901694915254236,20.0
0.19333333333333333,0.0,efficiency__014,efficiency,0.0,0.99,21.34888888888889,49.68260869565217,40.40123006358804,71.0,K_SS,303,37.47415329768271,21.0
0.1988888888888889,0.0,efficiency__014,efficiency,0.0,0.63,16.70888888888889,30.460093896713616,28.389585244063994,71.0,K_SS,304,27.815566835871405,19.0
0.20555555555555555,0.0,efficiency__014,efficiency,0.0,0.68,15.602222222222222,27.47979797979798,26.04210960883476,71.0,K_SS,305,25.672849915682967,19.0
0.18444444444444444,0.0,efficiency__014,efficiency,0.0,0.39,3.128888888888889,10.303225806451612,8.290016079520539,74.0,K_XX,301,7.7002457002457,20.0
0.19666666666666666,0.0,efficiency__014,efficiency,0.0,0.55,3.388888888888889,12.707792207792208,9.330302141390437,72.0,K_XX,302,8.344827586206897,19.0
0.18444444444444444,0.0,efficiency__014,efficiency,0.0,0.4,3.341111111111111,12.08,9.073620537031573,73.0,K_XX,303,8.219211822660098,20.0
0.19,0.0,efficiency__014,efficiency,0.0,0.32,3.192222222222222,11.6,8.709145880574452,73.0,K_XX,304,7.9679012345679014,20.0
0.19111111111111112,0.0,efficiency__014,efficiency,0.0,0.39,3.3033333333333332,11.785714285714286,8.88865096359743,72.0,K_XX,305,8.19704433497537,20.0
0.19,0.0,efficiency__015,efficiency,0.0,0.4,2.7511111111111113,12.691666666666666,9.55979401106237,73.0,K_HH,301,8.630225080385852,21.0
0.19777777777777777,0.0,efficiency__015,efficiency,0.0,0.53,2.4844444444444442,13.207207207207206,9.147276264591442,72.0,K_HH,302,8.029032258064516,18.0
0.18555555555555556,0.0,efficiency__015,efficiency,0.0,0.4,2.52,10.663793103448276,8.64998111069135,73.0,K_HH,303,8.084905660377359,20.0
0.18444444444444444,0.0,efficiency__015,efficiency,0.0,0.43,2.723333333333333,10.71,9.03985006904715,74.0,K_HH,304,8.629392971246006,21.0
0.19666666666666666,0.0,efficiency__015,efficiency,0.0,0.48,2.466666666666667,11.714285714285714,8.641361256544503,72.0,K_HH,305,7.951923076923077,22.0
0.10666666666666667,0.0,efficiency__015,efficiency,0.0,0.32,0.5088888888888888,4.279661016949152,4.842978723404255,59.0,K_HL,301,5.411111111111111,19.0
0.11666666666666667,0.0,efficiency__015,efficiency,0.0,0.26,0.44666666666666666,4.54054054054054,4.753430531732419,59.0,K_HL,302,4.946808510638298,15.0
0.11,0.0,efficiency__015,efficiency,0.0,0.25,0.42444444444444446,4.4,4.469076655052265,57.0,K_HL,303,4.532608695652174,17.0
0.12222222222222222,0.0,efficiency__015,efficiency,0.0,0.31,0.3988888888888889,3.65,3.9767759562841523,61.0,K_HL,304,4.25,19.0
0.1111111111111111,0.0,efficiency__015,efficiency,0.0,0.37,0.46,4.670329670329671,4.782130912565695,54.0,K_HL,305,4.868131868131868,19.0
0.21222222222222223,0.0,efficiency__015,efficiency,0.0,0.54,1.9522222222222223,13.064516129032258,6.820735327700388,69.0,K_LH,301,6.345047923322683,19.0
0.2111111111111111,0.0,efficiency__015,efficiency,0.0,0.39,2.0033333333333334,14.6,6.917338245452453,70.0,K_LH,302,6.347266881028939,17.0
0.22,0.0,efficiency__015,efficiency,0.0,0.47,1.6566666666666667,10.76,5.678588016720854,68.0,K_LH,303,5.365384615384615,14.0
0.2311111111111111,0.0,efficiency__015,efficiency,0.0,0.31,1.6877777777777778,15.05,5.973295853829936,67.0,K_LH,304,5.527156549520766,17.0
0.22,0.0,efficiency__015,efficiency,0.0,0.82,1.7644444444444445,17.083333333333332,6.272559000462749,67.0,K_LH,305,5.6369426751592355,20.0
0.17444444444444446,0.0,efficiency__015,efficiency,0.0,0.26,1.5466666666666666,8.945205479452055,7.6645888987830215,73.0,K_MM,301,7.310344827586207,17.0
0.17666666666666667,0.0,efficiency__015,efficiency,0.0,0.29,1.4855555555555555,6.811594202898551,6.968636911942099,71.0,K_MM,302,7.00990099009901,18.0
0.18333333333333332,0.0,efficiency__015,efficiency,0.0,0.34,1.5666666666666667,9.492753623188406,7.793124246079614,69.0,K_MM,303,7.346534653465347,16.0
0.18444444444444444,0.0,efficiency__015,efficiency,0.0,0.36,1.5133333333333334,7.596774193548387,7.178781317661614,69.0,K_MM,304,7.079601990049751,16.0
0.18444444444444444,0.0,efficiency__015,efficiency,0.0,0.32,1.4555555555555555,8.365384615384615,7.039086929330833,69.0,K_MM,305,6.781553398058253,16.0
0.17,0.0,efficiency__015,efficiency,0.0,1.44,38.276666666666664,33.33684210526316,52.9061074845748,71.0,K_OO,301,59.5990639625585,84.0
0.1711111111111111,0.0,efficiency__015,efficiency,0.0,0.74,37.535555555555554,34.048780487804876,51.72205895449282,71.0,K_OO,302,57.7900466562986,41.0
0.16333333333333333,0.0,efficiency__015,efficiency,0.0,0.88,38.27444444444444,33.46488294314381,54.19705828613192,72.0,K_OO,303,61.98856209150327,47.0
0.17222222222222222,0.0,efficiency__015,efficiency,0.0,0.74,39.02333333333333,35.59717314487632,55.722537013343086,70.0,K_OO,304,62.743589743589745,44.0
0.1688888888888889,0.0,efficiency__015,efficiency,0.0,0.84,38.452222222222225,35.08759124087591,55.23353181987346,72.0,K_OO,305,62.12662337662338,40.0
0.19777777777777777,0.0,efficiency__015,efficiency,0.0,0.59,17.307777777777776,30.68,29.2133064516129,72.0,K_SS,301,28.783050847457627,20.0
0.2,0.0,efficiency__015,efficiency,0.0,0.65,17.816666666666666,30.774193548387096,30.17342757631633,71.0,K_SS,302,30.001712328767123,21.0
0.1922222222222222,0.0,efficiency__015,efficiency,0.0,0.7,20.395555555555557,33.97391304347826,35.40687292358804,71.0,K_SS,303,35.8563829787234,22.0
0.1988888888888889,0.0,efficiency__015,efficiency,0.0,0.63,16.70888888888889,30.460093896713616,28.389585244063994,71.0,K_SS,304,27.815566835871405,19.0
0.20555555555555555,0.0,efficiency__015,efficiency,0.0,0.66,15.77111111111111,25.681818181818183,26.104738154613468,71.0,K_SS,305,26.214285714285715,20.0
0.18444444444444444,0.0,efficiency__015,efficiency,0.0,0.39,3.128888888888889,10.303225806451612,8.290016079520539,74.0,K_XX,301,7.7002457002457,20.0
0.19666666666666666,0.0,efficiency__015,efficiency,0.0,0.55,3.388888888888889,12.707792207792208,9.330302141390437,72.0,K_XX,302,8.344827586206897,19.0
0.18444444444444444,0.0,efficiency__015,efficiency,0.0,0.4,3.341111111111111,12.08,9.073620537031573,73.0,K_XX,303,8.219211822660098,20.0
0.19,0.0,efficiency__015,efficiency,0.0,0.32,3.192222222222222,11.6,8.709145880574452,73.0,K_XX,304,7.9679012345679014,20.0
0.19111111111111112,0.0,efficiency__015,efficiency,0.0,0.39,3.3033333333333332,11.785714285714286,8.88865096359743,72.0,K_XX,305,8.19704433497537,20.0
0.19,0.0,efficiency__016,efficiency,0.0,0.4,2.7511111111111113,12.691666666666666,9.55979401106237,73.0,K_HH,301,8.630225080385852,21.0
0.19777777777777777,0.0,efficiency__016,efficiency,0.0,0.53,2.4844444444444442,13.207207207207206,9.147276264591442,72.0,K_HH,302,8.029032258064516,18.0
0.18555555555555556,0.0,efficiency__016,efficiency,0.0,0.4,2.52,10.663793103448276,8.64998111069135,73.0,K_HH,303,8.084905660377359,20.0
0.18444444444444444,0.0,efficiency__016,efficiency,0.0,0.43,2.723333333333333,10.71,9.03985006904715,74.0,K_HH,304,8.629392971246006,21.0
0.19666666666666666,0.0,efficiency__016,efficiency,0.0,0.48,2.466666666666667,11.714285714285714,8.641361256544503,72.0,K_HH,305,7.951923076923077,22.0
0.10666666666666667,0.0,efficiency__016,efficiency,0.0,0.32,0.5088888888888888,4.279661016949152,4.842978723404255,59.0,K_HL,301,5.411111111111111,19.0
0.11666666666666667,0.0,efficiency__016,efficiency,0.0,0.26,0.44666666666666666,4.54054054054054,4.753430531732419,59.0,K_HL,302,4.946808510638298,15.0
0.11,0.0,efficiency__016,efficiency,0.0,0.25,0.42444444444444446,4.4,4.469076655052265,57.0,K_HL,303,4.532608695652174,17.0
0.12222222222222222,0.0,efficiency__016,efficiency,0.0,0.31,0.3988888888888889,3.65,3.9767759562841523,61.0,K_HL,304,4.25,19.0
0.1111111111111111,0.0,efficiency__016,efficiency,0.0,0.37,0.46,4.670329670329671,4.782130912565695,54.0,K_HL,305,4.868131868131868,19.0
0.21222222222222223,0.0,efficiency__016,efficiency,0.0,0.54,1.9522222222222223,13.064516129032258,6.820735327700388,69.0,K_LH,301,6.345047923322683,19.0
0.2111111111111111,0.0,efficiency__016,efficiency,0.0,0.39,2.0033333333333334,14.6,6.917338245452453,70.0,K_LH,302,6.347266881028939,17.0
0.22,0.0,efficiency__016,efficiency,0.0,0.47,1.6566666666666667,10.76,5.678588016720854,68.0,K_LH,303,5.365384615384615,14.0
0.2311111111111111,0.0,efficiency__016,efficiency,0.0,0.31,1.6877777777777778,15.05,5.973295853829936,67.0,K_LH,304,5.527156549520766,17.0
0.22,0.0,efficiency__016,efficiency,0.0,0.82,1.7644444444444445,17.083333333333332,6.272559000462749,67.0,K_LH,305,5.6369426751592355,20.0
0.17444444444444446,0.0,efficiency__016,efficiency,0.0,0.26,1.5466666666666666,8.945205479452055,7.6645888987830215,73.0,K_MM,301,7.310344827586207,17.0
0.17666666666666667,0.0,efficiency__016,efficiency,0.0,0.29,1.4855555555555555,6.811594202898551,6.968636911942099,71.0,K_MM,302,7.00990099009901,18.0
0.18333333333333332,0.0,efficiency__016,efficiency,0.0,0.34,1.5666666666666667,9.492753623188406,7.793124246079614,69.0,K_MM,303,7.346534653465347,16.0
0.18444444444444444,0.0,efficiency__016,efficiency,0.0,0.36,1.5133333333333334,7.596774193548387,7.178781317661614,69.0,K_MM,304,7.079601990049751,16.0
0.18444444444444444,0.0,efficiency__016,efficiency,0.0,0.32,1.4555555555555555,8.365384615384615,7.039086929330833,69.0,K_MM,305,6.781553398058253,16.0
0.17777777777777778,0.0,efficiency__016,efficiency,0.0,0.8,30.266666666666666,55.847457627118644,52.036911831886705,74.0,K_OO,301,50.63089430894309,23.0
0.17888888888888888,0.0,efficiency__016,efficiency,0.0,0.81,31.49222222222222,50.97909407665505,50.63490054249548,74.0,K_OO,302,50.51428571428571,23.0
0.1688888888888889,0.0,efficiency__016,efficiency,0.0,0.85,30.684444444444445,55.13815789473684,52.23557428100384,74.0,K_OO,303,51.115511551155116,25.0
0.17555555555555555,0.0,efficiency__016,efficiency,0.0,0.87,33.775555555555556,56.42560553633218,54.59091318849725,73.0,K_OO,304,53.944532488114106,23.0
0.1811111111111111,0.0,efficiency__016,efficiency,0.0,0.85,29.084444444444443,53.167883211678834,49.47092370979806,73.0,K_OO,305,48.197712418300654,21.0
0.19777777777777777,0.0,efficiency__016,efficiency,0.0,0.62,17.42111111111111,32.14666666666667,29.614617940199334,72.0,K_SS,301,28.873096446700508,20.0
0.2,0.0,efficiency__016,efficiency,0.0,0.64,16.788888888888888,31.972350230414747,28.799390243902437,71.0,K_SS,302,27.901694915254236,20.0
0.19333333333333333,0.0,efficiency__016,efficiency,0.0,0.99,21.34888888888889,49.68260869565217,40.40123006358804,71.0,K_SS,303,37.47415329768271,21.0
0.1988888888888889,0.0,efficiency__016,efficiency,0.0,0.63,16.70888888888889,30.460093896713616,28.389585244063994,71.0,K_SS,304,27.815566835871405,19.0
0.20555555555555555,0.0,efficiency__016,efficiency,0.0,0.68,15.602222222222222,27.47979797979798,26.04210960883476,71.0,K_SS,305,25.672849915682967,19.0
0.18444444444444444,0.0,efficiency__016,efficiency,0.0,0.39,3.128888888888889,10.303225806451612,8.290016079520539,74.0,K_XX,301,7.7002457002457,20.0
0.19666666666666666,0.0,efficiency__016,efficiency,0.0,0.55,3.388888888888889,12.707792207792208,9.330302141390437,72.0,K_XX,302,8.344827586206897,19.0
0.18444444444444444,0.0,efficiency__016,efficiency,0.0,0.4,3.341111111111111,12.08,9.073620537031573,73.0,K_XX,303,8.219211822660098,20.0
0.19,0.0,efficiency__016,efficiency,0.0,0.32,3.192222222222222,11.6,8.709145880574452,73.0,K_XX,304,7.9679012345679014,20.0
0.19111111111111112,0.0,efficiency__016,efficiency,0.0,0.39,3.3033333333333332,11.785714285714286,8.88865096359743,72.0,K_XX,305,8.19704433497537,20.0
0.19,0.0,efficiency__017,efficiency,0.0,0.4,2.7511111111111113,12.691666666666666,9.55979401106237,73.0,K_HH,301,8.630225080385852,21.0
0.19777777777777777,0.0,efficiency__017,efficiency,0.0,0.53,2.4844444444444442,13.207207207207206,9.147276264591442,72.0,K_HH,302,8.029032258064516,18.0
0.18555555555555556,0.0,efficiency__017,efficiency,0.0,0.4,2.52,10.663793103448276,8.64998111069135,73.0,K_HH,303,8.084905660377359,20.0
0.18444444444444444,0.0,efficiency__017,efficiency,0.0,0.43,2.723333333333333,10.71,9.03985006904715,74.0,K_HH,304,8.629392971246006,21.0
0.19666666666666666,0.0,efficiency__017,efficiency,0.0,0.48,2.466666666666667,11.714285714285714,8.641361256544503,72.0,K_HH,305,7.951923076923077,22.0
0.10666666666666667,0.0,efficiency__017,efficiency,0.0,0.32,0.5088888888888888,4.279661016949152,4.842978723404255,59.0,K_HL,301,5.411111111111111,19.0
0.11666666666666667,0.0,efficiency__017,efficiency,0.0,0.26,0.44666666666666666,4.54054054054054,4.753430531732419,59.0,K_HL,302,4.946808510638298,15.0
0.11,0.0,efficiency__017,efficiency,0.0,0.25,0.42444444444444446,4.4,4.469076655052265,57.0,K_HL,303,4.532608695652174,17.0
0.12222222222222222,0.0,efficiency__017,efficiency,0.0,0.31,0.3988888888888889,3.65,3.9767759562841523,61.0,K_HL,304,4.25,19.0
0.1111111111111111,0.0,efficiency__017,efficiency,0.0,0.37,0.46,4.670329670329671,4.782130912565695,54.0,K_HL,305,4.868131868131868,19.0
0.21222222222222223,0.0,efficiency__017,efficiency,0.0,0.54,1.9522222222222223,13.064516129032258,6.820735327700388,69.0,K_LH,301,6.345047923322683,19.0
0.2111111111111111,0.0,efficiency__017,efficiency,0.0,0.39,2.0033333333333334,14.6,6.917338245452453,70.0,K_LH,302,6.347266881028939,17.0
0.22,0.0,efficiency__017,efficiency,0.0,0.47,1.6566666666666667,10.76,5.678588016720854,68.0,K_LH,303,5.365384615384615,14.0
0.2311111111111111,0.0,efficiency__017,efficiency,0.0,0.31,1.6877777777777778,15.05,5.973295853829936,67.0,K_LH,304,5.527156549520766,17.0
0.22,0.0,efficiency__017,efficiency,0.0,0.82,1.7644444444444445,17.083333333333332,6.272559000462749,67.0,K_LH,305,5.6369426751592355,20.0
0.17444444444444446,0.0,efficiency__017,efficiency,0.0,0.26,1.5466666666666666,8.945205479452055,7.6645888987830215,73.0,K_MM,301,7.310344827586207,17.0
0.17666666666666667,0.0,efficiency__017,efficiency,0.0,0.29,1.4855555555555555,6.811594202898551,6.968636911942099,71.0,K_MM,302,7.00990099009901,18.0
0.18333333333333332,0.0,efficiency__017,efficiency,0.0,0.34,1.5666666666666667,9.492753623188406,7.793124246079614,69.0,K_MM,303,7.346534653465347,16.0
0.18444444444444444,0.0,efficiency__017,efficiency,0.0,0.36,1.5133333333333334,7.596774193548387,7.178781317661614,69.0,K_MM,304,7.079601990049751,16.0
0.18444444444444444,0.0,efficiency__017,efficiency,0.0,0.32,1.4555555555555555,8.365384615384615,7.039086929330833,69.0,K_MM,305,6.781553398058253,16.0
0.17666666666666667,0.0,efficiency__017,efficiency,0.0,0.88,32.09222222222222,64.93898305084745,56.62635246653219,74.0,K_OO,301,53.544117647058826,24.0
0.18,0.0,efficiency__017,efficiency,0.0,1.01,31.38888888888889,62.54006968641115,54.42812384813859,73.0,K_OO,302,51.5114006514658,21.0
0.17333333333333334,0.0,efficiency__017,efficiency,0.0,1.04,32.07888888888889,66.17434210526316,56.67930720145852,74.0,K_OO,303,53.03934426229508,24.0
0.17777777777777778,0.0,efficiency__017,efficiency,0.0,0.97,33.30222222222222,65.49480968858131,57.62294031490296,74.0,K_OO,304,54.79126213592233,23.0
0.18555555555555556,0.0,efficiency__017,efficiency,0.0,1.05,28.42888888888889,61.434306569343065,50.31378895773605,73.0,K_OO,305,46.53945249597424,21.0
0.19777777777777777,0.0,efficiency__017,efficiency,0.0,0.62,17.42111111111111,32.14666666666667,29.614617940199334,72.0,K_SS,301,28.873096446700508,20.0
0.2,0.0,efficiency__017,efficiency,0.0,0.64,16.788888888888888,31.972350230414747,28.799390243902437,71.0,K_SS,302,27.901694915254236,20.0
0.19333333333333333,0.0,efficiency__017,efficiency,0.0,0.99,21.34888888888889,49.68260869565217,40.40123006358804,71.0,K_SS,303,37.47415329768271,21.0
0.1988888888888889,0.0,efficiency__017,efficiency,0.0,0.63,16.70888888888889,30.460093896713616,28.389585244063994,71.0,K_SS,304,27.815566835871405,19.0
0.20555555555555555,0.0,efficiency__017,efficiency,0.0,0.68,15.602222222222222,27.47979797979798,26.04210960883476,71.0,K_SS,305,25.672849915682967,19.0
0.18444444444444444,0.0,efficiency__017,efficiency,0.0,0.39,3.128888888888889,10.303225806451612,8.290016079520539,74.0,K_XX,301,7.7002457002457,20.0
0.19666666666666666,0.0,efficiency__017,efficiency,0.0,0.55,3.388888888888889,12.707792207792208,9.330302141390437,72.0,K_XX,302,8.344827586206897,19.0
0.18444444444444444,0.0,efficiency__017,efficiency,0.0,0.4,3.341111111111111,12.08,9.073620537031573,73.0,K_XX,303,8.219211822660098,20.0
0.19,0.0,efficiency__017,efficiency,0.0,0.32,3.192222222222222,11.6,8.709145880574452,73.0,K_XX,304,7.9679012345679014,20.0
0.19111111111111112,0.0,efficiency__017,efficiency,0.0,0.39,3.3033333333333332,11.785714285714286,8.88865096359743,72.0,K_XX,305,8.19704433497537,20.0
0.19,0.0,efficiency__018,efficiency,0.0,0.4,2.7511111111111113,12.691666666666666,9.55979401106237,73.0,K_HH,301,8.630225080385852,21.0
0.19777777777777777,0.0,efficiency__018,efficiency,0.0,0.53,2.4844444444444442,13.207207207207206,9.147276264591442,72.0,K_HH,302,8.029032258064516,18.0
0.18333333333333332,0.0,efficiency__018,efficiency,0.0,0.39,2.7622222222222224,10.587719298245615,9.201719197707737,74.0,K_HH,303,8.815873015873017,20.0
0.18444444444444444,0.0,efficiency__018,efficiency,0.0,0.43,2.723333333333333,10.71,9.03985006904715,74.0,K_HH,304,8.629392971246006,21.0
0.18444444444444444,0.0,efficiency__018,efficiency,0.0,0.35,2.7422222222222223,9.835164835164836,8.86508256141764,73.0,K_HH,305,8.647435897435898,21.0
0.11,0.0,efficiency__018,efficiency,0.0,0.29,0.5555555555555556,4.703389830508475,5.247989843419382,61.0,K_HL,301,5.791208791208791,16.0
0.11666666666666667,0.0,efficiency__018,efficiency,0.0,0.26,0.47555555555555556,4.342342342342342,4.804030874785592,60.0,K_HL,302,5.223404255319149,15.0
0.11,0.0,efficiency__018,efficiency,0.0,0.24,0.4811111111111111,4.072727272727272,4.575996495838807,61.0,K_HL,303,5.043956043956044,16.0
0.12111111111111111,0.0,efficiency__018,efficiency,0.0,0.31,0.43555555555555553,4.16,4.398451730418943,64.0,K_HL,304,4.5978260869565215,17.0
0.11222222222222222,0.0,efficiency__018,efficiency,0.0,0.27,0.5588888888888889,4.461538461538462,5.2426400759734095,62.0,K_HL,305,5.836956521739131,14.0
0.2111111111111111,0.0,efficiency__018,efficiency,0.0,0.54,2.267777777777778,17.903225806451612,7.9855272226051,71.0,K_LH,301,7.22508038585209,20.0
0.21777777777777776,0.0,efficiency__018,efficiency,0.0,0.54,2.152222222222222,14.366666666666667,7.626328884867678,70.0,K_LH,302,7.135646687697161,17.0
0.21777777777777776,0.0,efficiency__018,efficiency,0.0,0.52,1.8866666666666667,12.481481481481481,6.708542713567839,70.0,K_LH,303,6.329113924050633,14.0
0.21666666666666667,0.0,efficiency__018,efficiency,0.0,0.35,1.8466666666666667,16.65,6.441443538998835,70.0,K_LH,304,5.942857142857143,18.0
0.22,0.0,efficiency__018,efficiency,0.0,0.43,1.7966666666666666,14.608695652173912,6.416226154906918,70.0,K_LH,305,5.958990536277603,18.0
0.17222222222222222,0.0,efficiency__018,efficiency,0.0,0.27,1.5455555555555556,8.383561643835616,7.406268480189238,74.0,K_MM,301,7.137254901960785,16.0
0.17222222222222222,0.0,efficiency__018,efficiency,0.0,0.27,1.3755555555555556,7.0,6.568222621184919,74.0,K_MM,302,6.455882352941177,17.0
0.17222222222222222,0.0,efficiency__018,efficiency,0.0,0.38,1.5433333333333332,8.416666666666666,7.456702253855278,74.0,K_MM,303,7.196078431372549,16.0
0.17333333333333334,0.0,efficiency__018,efficiency,0.0,0.3,1.6944444444444444,9.548387096774194,8.238723534826635,74.0,K_MM,304,7.931034482758621,17.0
0.17777777777777778,0.0,efficiency__018,efficiency,0.0,0.27,1.3933333333333333,6.384615384615385,6.5015762925599,74.0,K_MM,305,6.5245098039215685,15.0
0.18,0.0,efficiency__018,efficiency,0.0,1.44,38.431111111111115,34.15438596491228,55.022830206118854,73.0,K_OO,301,62.48613376835237,84.0
0.17666666666666667,0.0,efficiency__018,efficiency,0.0,0.84,39.181111111111115,34.069686411149824,56.24042808377156,74.0,K_OO,302,64.22512234910278,49.0
0.17222222222222222,0.0,efficiency__018,efficiency,0.0,0.76,38.96666666666667,34.01672240802676,54.983190206468116,74.0,K_OO,303,62.86274509803921,48.0
0.1811111111111111,0.0,efficiency__018,efficiency,0.0,0.81,39.35666666666667,35.091872791519435,55.88306709265176,71.0,K_OO,304,63.1248,36.0
0.17555555555555555,0.0,efficiency__018,efficiency,0.0,0.85,38.361111111111114,36.60948905109489,54.16328952172326,72.0,K_OO,305,60.017405063291136,54.0
0.19333333333333333,0.0,efficiency__018,efficiency,0.0,0.59,17.334444444444443,29.25777777777778,29.016575702445927,71.0,K_SS,301,28.94557823129252,19.0
0.2,0.0,efficiency__018,efficiency,0.0,0.59,17.423333333333332,28.34562211981567,29.18420240666461,71.0,K_SS,302,29.42512908777969,21.0
0.19666666666666666,0.0,efficiency__018,efficiency,0.0,0.69,19.58,31.18695652173913,33.41187996287512,72.0,K_SS,303,34.10369068541301,22.0
0.1988888888888889,0.0,efficiency__018,efficiency,0.0,0.77,16.8,32.46478873239437,29.000917150718436,71.0,K_SS,304,28.04060913705584,19.0
0.20555555555555555,0.0,efficiency__018,efficiency,0.0,0.67,15.636666666666667,25.71212121212121,25.795990078544854,71.0,K_SS,305,25.81756756756757,19.0
0.18444444444444444,0.0,efficiency__018,efficiency,0.0,0.39,3.128888888888889,10.303225806451612,8.290016079520539,74.0,K_XX,301,7.7002457002457,20.0
0.19111111111111112,0.0,efficiency__018,efficiency,0.0,0.55,3.473333333333333,12.590909090909092,9.424024640657084,73.0,K_XX,302,8.5,20.0
0.19,0.0,efficiency__018,efficiency,0.0,0.37,3.296666666666667,11.04516129032258,8.824879403595965,73.0,K_XX,303,8.174447174447174,20.0
0.19,0.0,efficiency__018,efficiency,0.0,0.32,3.192222222222222,11.6,8.709145880574452,73.0,K_XX,304,7.9679012345679014,20.0
0.19666666666666666,0.0,efficiency__018,efficiency,0.0,0.51,3.011111111111111,11.086614173228346,8.26313378130727,73.0,K_XX,305,7.583743842364532,20.0
0.19,0.0,efficiency__019,efficiency,0.0,0.4,2.7511111111111113,12.691666666666666,9.55979401106237,73.0,K_HH,301,8.630225080385852,21.0
0.19777777777777777,0.0,efficiency__019,efficiency,0.0,0.53,2.4844444444444442,13.207207207207206,9.147276264591442,72.0,K_HH,302,8.029032258064516,18.0
0.18333333333333332,0.0,efficiency__019,efficiency,0.0,0.39,2.7622222222222224,10.587719298245615,9.201719197707737,74.0,K_HH,303,8.815873015873017,20.0
0.18444444444444444,0.0,efficiency__019,efficiency,0.0,0.43,2.723333333333333,10.71,9.03985006904715,74.0,K_HH,304,8.629392971246006,21.0
0.18444444444444444,0.0,efficiency__019,efficiency,0.0,0.35,2.7422222222222223,9.835164835164836,8.86508256141764,73.0,K_HH,305,8.647435897435898,21.0
0.11,0.0,efficiency__019,efficiency,0.0,0.29,0.5555555555555556,4.703389830508475,5.247989843419382,61.0,K_HL,301,5.791208791208791,16.0
0.11666666666666667,0.0,efficiency__019,efficiency,0.0,0.26,0.47555555555555556,4.342342342342342,4.804030874785592,60.0,K_HL,302,5.223404255319149,15.0
0.11,0.0,efficiency__019,efficiency,0.0,0.24,0.4811111111111111,4.072727272727272,4.575996495838807,61.0,K_HL,303,5.043956043956044,16.0
0.12111111111111111,0.0,efficiency__019,efficiency,0.0,0.31,0.43555555555555553,4.16,4.398451730418943,64.0,K_HL,304,4.5978260869565215,17.0
0.11222222222222222,0.0,efficiency__019,efficiency,0.0,0.27,0.5588888888888889,4.461538461538462,5.2426400759734095,62.0,K_HL,305,5.836956521739131,14.0
0.2111111111111111,0.0,efficiency__019,efficiency,0.0,0.54,2.267777777777778,17.903225806451612,7.9855272226051,71.0,K_LH,301,7.22508038585209,20.0
0.21777777777777776,0.0,efficiency__019,efficiency,0.0,0.54,2.152222222222222,14.366666666666667,7.626328884867678,70.0,K_LH,302,7.135646687697161,17.0
0.21777777777777776,0.0,efficiency__019,efficiency,0.0,0.52,1.8866666666666667,12.481481481481481,6.708542713567839,70.0,K_LH,303,6.329113924050633,14.0
0.21666666666666667,0.0,efficiency__019,efficiency,0.0,0.35,1.8466666666666667,16.65,6.441443538998835,70.0,K_LH,304,5.942857142857143,18.0
0.22,0.0,efficiency__019,efficiency,0.0,0.43,1.7966666666666666,14.608695652173912,6.416226154906918,70.0,K_LH,305,5.958990536277603,18.0
0.17222222222222222,0.0,efficiency__019,efficiency,0.0,0.27,1.5455555555555556,8.383561643835616,7.406268480189238,74.0,K_MM,301,7.137254901960785,16.0
0.17222222222222222,0.0,efficiency__019,efficiency,0.0,0.27,1.3755555555555556,7.0,6.568222621184919,74.0,K_MM,302,6.455882352941177,17.0
0.17222222222222222,0.0,efficiency__019,efficiency,0.0,0.38,1.5433333333333332,8.416666666666666,7.456702253855278,74.0,K_MM,303,7.196078431372549,16.0
0.17333333333333334,0.0,efficiency__019,efficiency,0.0,0.3,1.6944444444444444,9.548387096774194,8.238723534826635,74.0,K_MM,304,7.931034482758621,17.0
0.17777777777777778,0.0,efficiency__019,efficiency,0.0,0.27,1.3933333333333333,6.384615384615385,6.5015762925599,74.0,K_MM,305,6.5245098039215685,15.0
0.17777777777777778,0.0,efficiency__019,efficiency,0.0,0.79,30.304444444444446,55.86779661016949,51.3955885011752,74.0,K_OO,301,49.76923076923077,23.0
0.1811111111111111,0.0,efficiency__019,efficiency,0.0,0.81,32.12222222222222,55.33101045296167,53.177950594693506,73.0,K_OO,302,52.41129032258065,23.0
0.1688888888888889,0.0,efficiency__019,efficiency,0.0,0.77,30.416666666666668,52.99342105263158,50.58275457743303,74.0,K_OO,303,49.67205169628433,24.0
0.17444444444444446,0.0,efficiency__019,efficiency,0.0,0.85,32.47,55.635416666666664,53.70434465798342,74.0,K_OO,304,53.017656500802566,22.0
0.1811111111111111,0.0,efficiency__019,efficiency,0.0,0.81,28.702222222222222,53.38321167883212,48.57472750785147,73.0,K_OO,305,46.945337620578776,21.0
0.19777777777777777,0.0,efficiency__019,efficiency,0.0,0.62,17.42111111111111,32.14666666666667,29.614617940199334,72.0,K_SS,301,28.873096446700508,20.0
0.2,0.0,efficiency__019,efficiency,0.0,0.64,17.093333333333334,30.22119815668203,28.748448153047725,71.0,K_SS,302,28.33106960950764,20.0
0.19666666666666666,0.0,efficiency__019,efficiency,0.0,0.84,19.78,35.65217391304348,34.60823892893924,72.0,K_SS,303,34.28421052631579,21.0
0.1988888888888889,0.0,efficiency__019,efficiency,0.0,0.77,16.8,32.46478873239437,29.000917150718436,71.0,K_SS,304,28.04060913705584,19.0
0.20555555555555555,0.0,efficiency__019,efficiency,0.0,0.67,15.636666666666667,25.71212121212121,25.795990078544854,71.0,K_SS,305,25.81756756756757,19.0
0.18444444444444444,0.0,efficiency__019,efficiency,0.0,0.39,3.128888888888889,10.303225806451612,8.290016079520539,74.0,K_XX,301,7.7002457002457,20.0
0.19111111111111112,0.0,efficiency__019,efficiency,0.0,0.55,3.473333333333333,12.590909090909092,9.424024640657084,73.0,K_XX,302,8.5,20.0
0.19,0.0,efficiency__019,efficiency,0.0,0.37,3.296666666666667,11.04516129032258,8.824879403595965,73.0,K_XX,303,8.174447174447174,20.0
0.19,0.0,efficiency__019,efficiency,0.0,0.32,3.192222222222222,11.6,8.709145880574452,73.0,K_XX,304,7.9679012345679014,20.0
0.19666666666666666,0.0,efficiency__019,efficiency,0.0,0.51,3.011111111111111,11.086614173228346,8.26313378130727,73.0,K_XX,305,7.583743842364532,20.0
0.19,0.0,efficiency__020,efficiency,0.0,0.4,2.7511111111111113,12.691666666666666,9.55979401106237,73.0,K_HH,301,8.630225080385852,21.0
0.19777777777777777,0.0,efficiency__020,efficiency,0.0,0.53,2.4844444444444442,13.207207207207206,9.147276264591442,72.0,K_HH,302,8.029032258064516,18.0
0.18333333333333332,0.0,efficiency__020,efficiency,0.0,0.39,2.7622222222222224,10.587719298245615,9.201719197707737,74.0,K_HH,303,8.815873015873017,20.0
0.18444444444444444,0.0,efficiency__020,efficiency,0.0,0.43,2.723333333333333,10.71,9.03985006904715,74.0,K_HH,304,8.629392971246006,21.0
0.18444444444444444,0.0,efficiency__020,efficiency,0.0,0.35,2.7422222222222223,9.835164835164836,8.86508256141764,73.0,K_HH,305,8.647435897435898,21.0
0.11,0.0,efficiency__020,efficiency,0.0,0.29,0.5555555555555556,4.703389830508475,5.247989843419382,61.0,K_HL,301,5.791208791208791,16.0
0.11666666666666667,0.0,efficiency__020,efficiency,0.0,0.26,0.47555555555555556,4.342342342342342,4.804030874785592,60.0,K_HL,302,5.223404255319149,15.0
0.11,0.0,efficiency__020,efficiency,0.0,0.24,0.4811111111111111,4.072727272727272,4.575996495838807,61.0,K_HL,303,5.043956043956044,16.0
0.12111111111111111,0.0,efficiency__020,efficiency,0.0,0.31,0.43555555555555553,4.16,4.398451730418943,64.0,K_HL,304,4.5978260869565215,17.0
0.11222222222222222,0.0,efficiency__020,efficiency,0.0,0.27,0.5588888888888889,4.461538461538462,5.2426400759734095,62.0,K_HL,305,5.836956521739131,14.0
0.2111111111111111,0.0,efficiency__020,efficiency,0.0,0.54,2.267777777777778,17.903225806451612,7.9855272226051,71.0,K_LH,301,7.22508038585209,20.0
0.21777777777777776,0.0,efficiency__020,efficiency,0.0,0.54,2.152222222222222,14.366666666666667,7.626328884867678,70.0,K_LH,302,7.135646687697161,17.0
0.21777777777777776,0.0,efficiency__020,efficiency,0.0,0.52,1.8866666666666667,12.481481481481481,6.708542713567839,70.0,K_LH,303,6.329113924050633,14.0
0.21666666666666667,0.0,efficiency__020,efficiency,0.0,0.35,1.8466666666666667,16.65,6.441443538998835,70.0,K_LH,304,5.942857142857143,18.0
0.22,0.0,efficiency__020,efficiency,0.0,0.43,1.7966666666666666,14.608695652173912,6.416226154906918,70.0,K_LH,305,5.958990536277603,18.0
0.17222222222222222,0.0,efficiency__020,efficiency,0.0,0.27,1.5455555555555556,8.383561643835616,7.406268480189238,74.0,K_MM,301,7.137254901960785,16.0
0.17222222222222222,0.0,efficiency__020,efficiency,0.0,0.27,1.3755555555555556,7.0,6.568222621184919,74.0,K_MM,302,6.455882352941177,17.0
0.17222222222222222,0.0,efficiency__020,efficiency,0.0,0.38,1.5433333333333332,8.416666666666666,7.456702253855278,74.0,K_MM,303,7.196078431372549,16.0
0.17333333333333334,0.0,efficiency__020,efficiency,0.0,0.3,1.6944444444444444,9.548387096774194,8.238723534826635,74.0,K_MM,304,7.931034482758621,17.0
0.17777777777777778,0.0,efficiency__020,efficiency,0.0,0.27,1.3933333333333333,6.384615384615385,6.5015762925599,74.0,K_MM,305,6.5245098039215685,15.0
0.17444444444444446,0.0,efficiency__020,efficiency,0.0,0.9,30.182222222222222,63.4,54.33585462595702,73.0,K_OO,301,50.94728171334432,23.0
0.1811111111111111,0.0,efficiency__020,efficiency,0.0,0.97,31.462222222222223,63.89895470383275,55.030648872526456,73.0,K_OO,302,51.84715447154471,22.0
0.17333333333333334,0.0,efficiency__020,efficiency,0.0,1.04,32.07888888888889,66.17434210526316,56.67930720145852,74.0,K_OO,303,53.03934426229508,24.0
0.17555555555555555,0.0,efficiency__020,efficiency,0.0,0.99,32.99777777777778,65.13194444444444,57.69621661721067,73.0,K_OO,304,54.98684210526316,23.0
0.1811111111111111,0.0,efficiency__020,efficiency,0.0,0.93,29.794444444444444,59.52554744525548,52.49356426272952,73.0,K_OO,305,50.03156146179402,22.0
0.19777777777777777,0.0,efficiency__020,efficiency,0.0,0.62,17.42111111111111,32.14666666666667,29.614617940199334,72.0,K_SS,301,28.873096446700508,20.0
0.2,0.0,efficiency__020,efficiency,0.0,0.64,17.093333333333334,30.22119815668203,28.748448153047725,71.0,K_SS,302,28.33106960950764,20.0
0.19666666666666666,0.0,efficiency__020,efficiency,0.0,0.84,19.78,35.65217391304348,34.60823892893924,72.0,K_SS,303,34.28421052631579,21.0
0.1988888888888889,0.0,efficiency__020,efficiency,0.0,0.77,16.8,32.46478873239437,29.000917150718436,71.0,K_SS,304,28.04060913705584,19.0
0.20555555555555555,0.0,efficiency__020,efficiency,0.0,0.67,15.636666666666667,25.71212121212121,25.795990078544854,71.0,K_SS,305,25.81756756756757,19.0
0.18444444444444444,0.0,efficiency__020,efficiency,0.0,0.39,3.128888888888889,10.303225806451612,8.290016079520539,74.0,K_XX,301,7.7002457002457,20.0
0.19111111111111112,0.0,efficiency__020,efficiency,0.0,0.55,3.473333333333333,12.590909090909092,9.424024640657084,73.0,K_XX,302,8.5,20.0
0.19,0.0,efficiency__020,efficiency,0.0,0.37,3.296666666666667,11.04516129032258,8.824879403595965,73.0,K_XX,303,8.174447174447174,20.0
0.19,0.0,efficiency__020,efficiency,0.0,0.32,3.192222222222222,11.6,8.709145880574452,73.0,K_XX,304,7.9679012345679014,20.0
0.19666666666666666,0.0,efficiency__020,efficiency,0.0,0.51,3.011111111111111,11.086614173228346,8.26313378130727,73.0,K_XX,305,7.583743842364532,20.0
0.19,0.0,efficiency__021,efficiency,0.0,0.4,2.7511111111111113,12.691666666666666,9.55979401106237,73.0,K_HH,301,8.630225080385852,21.0
0.19777777777777777,0.0,efficiency__021,efficiency,0.0,0.53,2.4844444444444442,13.207207207207206,9.147276264591442,72.0,K_HH,302,8.029032258064516,18.0
0.18555555555555556,0.0,efficiency__021,efficiency,0.0,0.4,2.52,10.663793103448276,8.64998111069135,73.0,K_HH,303,8.084905660377359,20.0
0.18444444444444444,0.0,efficiency__021,efficiency,0.0,0.43,2.723333333333333,10.71,9.03985006904715,74.0,K_HH,304,8.629392971246006,21.0
0.19666666666666666,0.0,efficiency__021,efficiency,0.0,0.48,2.466666666666667,11.714285714285714,8.641361256544503,72.0,K_HH,305,7.951923076923077,22.0
0.10666666666666667,0.0,efficiency__021,efficiency,0.0,0.32,0.5088888888888888,4.279661016949152,4.842978723404255,59.0,K_HL,301,5.411111111111111,19.0
0.11666666666666667,0.0,efficiency__021,efficiency,0.0,0.26,0.44666666666666666,4.54054054054054,4.753430531732419,59.0,K_HL,302,4.946808510638298,15.0
0.11,0.0,efficiency__021,efficiency,0.0,0.25,0.42444444444444446,4.4,4.469076655052265,57.0,K_HL,303,4.532608695652174,17.0
0.12222222222222222,0.0,efficiency__021,efficiency,0.0,0.31,0.3988888888888889,3.65,3.9767759562841523,61.0,K_HL,304,4.25,19.0
0.1111111111111111,0.0,efficiency__021,efficiency,0.0,0.37,0.46,4.670329670329671,4.782130912565695,54.0,K_HL,305,4.868131868131868,19.0
0.21222222222222223,0.0,efficiency__021,efficiency,0.0,0.54,1.9522222222222223,13.064516129032258,6.820735327700388,69.0,K_LH,301,6.345047923322683,19.0
0.2111111111111111,0.0,efficiency__021,efficiency,0.0,0.39,2.0033333333333334,14.6,6.917338245452453,70.0,K_LH,302,6.347266881028939,17.0
0.22,0.0,efficiency__021,efficiency,0.0,0.47,1.6566666666666667,10.76,5.678588016720854,68.0,K_LH,303,5.365384615384615,14.0
0.2311111111111111,0.0,efficiency__021,efficiency,0.0,0.31,1.6877777777777778,15.05,5.973295853829936,67.0,K_LH,304,5.527156549520766,17.0
0.22,0.0,efficiency__021,efficiency,0.0,0.82,1.7644444444444445,17.083333333333332,6.272559000462749,67.0,K_LH,305,5.6369426751592355,20.0
0.17444444444444446,0.0,efficiency__021,efficiency,0.0,0.26,1.5466666666666666,8.945205479452055,7.6645888987830215,73.0,K_MM,301,7.310344827586207,17.0
0.17666666666666667,0.0,efficiency__021,efficiency,0.0,0.29,1.4855555555555555,6.811594202898551,6.968636911942099,71.0,K_MM,302,7.00990099009901,18.0
0.18333333333333332,0.0,efficiency__021,efficiency,0.0,0.34,1.5666666666666667,9.492753623188406,7.793124246079614,69.0,K_MM,303,7.346534653465347,16.0
0.18444444444444444,0.0,efficiency__021,efficiency,0.0,0.36,1.5133333333333334,7.596774193548387,7.178781317661614,69.0,K_MM,304,7.079601990049751,16.0
0.18444444444444444,0.0,efficiency__021,efficiency,0.0,0.32,1.4555555555555555,8.365384615384615,7.039086929330833,69.0,K_MM,305,6.781553398058253,16.0
0.17,0.0,efficiency__021,efficiency,0.0,1.44,38.276666666666664,33.33684210526316,52.9061074845748,71.0,K_OO,301,59.5990639625585,84.0
0.1711111111111111,0.0,efficiency__021,efficiency,0.0,0.74,37.535555555555554,34.048780487804876,51.72205895449282,71.0,K_OO,302,57.7900466562986,41.0
0.16333333333333333,0.0,efficiency__021,efficiency,0.0,0.88,38.27444444444444,33.46488294314381,54.19705828613192,72.0,K_OO,303,61.98856209150327,47.0
0.17222222222222222,0.0,efficiency__021,efficiency,0.0,0.74,39.02333333333333,35.59717314487632,55.722537013343086,70.0,K_OO,304,62.743589743589745,44.0
0.1688888888888889,0.0,efficiency__021,efficiency,0.0,0.84,38.452222222222225,35.08759124087591,55.23353181987346,72.0,K_OO,305,62.12662337662338,40.0
0.19777777777777777,0.0,efficiency__021,efficiency,0.0,0.59,17.307777777777776,30.68,29.2133064516129,72.0,K_SS,301,28.783050847457627,20.0
0.2,0.0,efficiency__021,efficiency,0.0,0.65,17.816666666666666,30.774193548387096,30.17342757631633,71.0,K_SS,302,30.001712328767123,21.0
0.1922222222222222,0.0,efficiency__021,efficiency,0.0,0.7,20.395555555555557,33.97391304347826,35.40687292358804,71.0,K_SS,303,35.8563829787234,22.0
0.1988888888888889,0.0,efficiency__021,efficiency,0.0,0.63,16.70888888888889,30.460093896713616,28.389585244063994,71.0,K_SS,304,27.815566835871405,19.0
0.20555555555555555,0.0,efficiency__021,efficiency,0.0,0.66,15.77111111111111,25.681818181818183,26.104738154613468,71.0,K_SS,305,26.214285714285715,20.0
0.18444444444444444,0.0,efficiency__021,efficiency,0.0,0.39,3.128888888888889,10.303225806451612,8.290016079520539,74.0,K_XX,301,7.7002457002457,20.0
0.19666666666666666,0.0,efficiency__021,efficiency,0.0,0.55,3.388888888888889,12.707792207792208,9.330302141390437,72.0,K_XX,302,8.344827586206897,19.0
0.18444444444444444,0.0,efficiency__021,efficiency,0.0,0.4,3.341111111111111,12.08,9.073620537031573,73.0,K_XX,303,8.219211822660098,20.0
0.19,0.0,efficiency__021,efficiency,0.0,0.32,3.192222222222222,11.6,8.709145880574452,73.0,K_XX,304,7.9679012345679014,20.0
0.19111111111111112,0.0,efficiency__021,efficiency,0.0,0.39,3.3033333333333332,11.785714285714286,8.88865096359743,72.0,K_XX,305,8.19704433497537,20.0
0.19,0.0,efficiency__022,efficiency,0.0,0.4,2.7511111111111113,12.691666666666666,9.55979401106237,73.0,K_HH,301,8.630225080385852,21.0
0.19777777777777777,0.0,efficiency__022,efficiency,0.0,0.53,2.4844444444444442,13.207207207207206,9.147276264591442,72.0,K_HH,302,8.029032258064516,18.0
0.18555555555555556,0.0,efficiency__022,efficiency,0.0,0.4,2.52,10.663793103448276,8.64998111069135,73.0,K_HH,303,8.084905660377359,20.0
0.18444444444444444,0.0,efficiency__022,efficiency,0.0,0.43,2.723333333333333,10.71,9.03985006904715,74.0,K_HH,304,8.629392971246006,21.0
0.19666666666666666,0.0,efficiency__022,efficiency,0.0,0.48,2.466666666666667,11.714285714285714,8.641361256544503,72.0,K_HH,305,7.951923076923077,22.0
0.10666666666666667,0.0,efficiency__022,efficiency,0.0,0.32,0.5088888888888888,4.279661016949152,4.842978723404255,59.0,K_HL,301,5.411111111111111,19.0
0.11666666666666667,0.0,efficiency__022,efficiency,0.0,0.26,0.44666666666666666,4.54054054054054,4.753430531732419,59.0,K_HL,302,4.946808510638298,15.0
0.11,0.0,efficiency__022,efficiency,0.0,0.25,0.42444444444444446,4.4,4.469076655052265,57.0,K_HL,303,4.532608695652174,17.0
0.12222222222222222,0.0,efficiency__022,efficiency,0.0,0.31,0.3988888888888889,3.65,3.9767759562841523,61.0,K_HL,304,4.25,19.0
0.1111111111111111,0.0,efficiency__022,efficiency,0.0,0.37,0.46,4.670329670329671,4.782130912565695,54.0,K_HL,305,4.868131868131868,19.0
0.21222222222222223,0.0,efficiency__022,efficiency,0.0,0.54,1.9522222222222223,13.064516129032258,6.820735327700388,69.0,K_LH,301,6.345047923322683,19.0
0.2111111111111111,0.0,efficiency__022,efficiency,0.0,0.39,2.0033333333333334,14.6,6.917338245452453,70.0,K_LH,302,6.347266881028939,17.0
0.22,0.0,efficiency__022,efficiency,0.0,0.47,1.6566666666666667,10.76,5.678588016720854,68.0,K_LH,303,5.365384615384615,14.0
0.2311111111111111,0.0,efficiency__022,efficiency,0.0,0.31,1.6877777777777778,15.05,5.973295853829936,67.0,K_LH,304,5.527156549520766,17.0
0.22,0.0,efficiency__022,efficiency,0.0,0.82,1.7644444444444445,17.083333333333332,6.272559000462749,67.0,K_LH,305,5.6369426751592355,20.0
0.17444444444444446,0.0,efficiency__022,efficiency,0.0,0.26,1.5466666666666666,8.945205479452055,7.6645888987830215,73.0,K_MM,301,7.310344827586207,17.0
0.17666666666666667,0.0,efficiency__022,efficiency,0.0,0.29,1.4855555555555555,6.811594202898551,6.968636911942099,71.0,K_MM,302,7.00990099009901,18.0
0.18333333333333332,0.0,efficiency__022,efficiency,0.0,0.34,1.5666666666666667,9.492753623188406,7.793124246079614,69.0,K_MM,303,7.346534653465347,16.0
0.18444444444444444,0.0,efficiency__022,efficiency,0.0,0.36,1.5133333333333334,7.596774193548387,7.178781317661614,69.0,K_MM,304,7.079601990049751,16.0
0.18444444444444444,0.0,efficiency__022,efficiency,0.0,0.32,1.4555555555555555,8.365384615384615,7.039086929330833,69.0,K_MM,305,6.781553398058253,16.0
0.17777777777777778,0.0,efficiency__022,efficiency,0.0,0.8,30.266666666666666,55.847457627118644,52.036911831886705,74.0,K_OO,301,50.63089430894309,23.0
0.17888888888888888,0.0,efficiency__022,efficiency,0.0,0.81,31.49222222222222,50.97909407665505,50.63490054249548,74.0,K_OO,302,50.51428571428571,23.0
0.1688888888888889,0.0,efficiency__022,efficiency,0.0,0.85,30.684444444444445,55.13815789473684,52.23557428100384,74.0,K_OO,303,51.115511551155116,25.0
0.17555555555555555,0.0,efficiency__022,efficiency,0.0,0.87,33.775555555555556,56.42560553633218,54.59091318849725,73.0,K_OO,304,53.944532488114106,23.0
0.1811111111111111,0.0,efficiency__022,efficiency,0.0,0.85,29.084444444444443,53.167883211678834,49.47092370979806,73.0,K_OO,305,48.197712418300654,21.0
0.19777777777777777,0.0,efficiency__022,efficiency,0.0,0.62,17.42111111111111,32.14666666666667,29.614617940199334,72.0,K_SS,301,28.873096446700508,20.0
0.2,0.0,efficiency__022,efficiency,0.0,0.64,16.788888888888888,31.972350230414747,28.799390243902437,71.0,K_SS,302,27.901694915254236,20.0
0.19333333333333333,0.0,efficiency__022,efficiency,0.0,0.99,21.34888888888889,49.68260869565217,40.40123006358804,71.0,K_SS,303,37.47415329768271,21.0
0.1988888888888889,0.0,efficiency__022,efficiency,0.0,0.63,16.70888888888889,30.460093896713616,28.389585244063994,71.0,K_SS,304,27.815566835871405,19.0
0.20555555555555555,0.0,efficiency__022,efficiency,0.0,0.68,15.602222222222222,27.47979797979798,26.04210960883476,71.0,K_SS,305,25.672849915682967,19.0
0.18444444444444444,0.0,efficiency__022,efficiency,0.0,0.39,3.128888888888889,10.303225806451612,8.290016079520539,74.0,K_XX,301,7.7002457002457,20.0
0.19666666666666666,0.0,efficiency__022,efficiency,0.0,0.55,3.388888888888889,12.707792207792208,9.330302141390437,72.0,K_XX,302,8.344827586206897,19.0
0.18444444444444444,0.0,efficiency__022,efficiency,0.0,0.4,3.341111111111111,12.08,9.073620537031573,73.0,K_XX,303,8.219211822660098,20.0
0.19,0.0,efficiency__022,efficiency,0.0,0.32,3.192222222222222,11.6,8.709145880574452,73.0,K_XX,304,7.9679012345679014,20.0
0.19111111111111112,0.0,efficiency__022,efficiency,0.0,0.39,3.3033333333333332,11.785714285714286,8.88865096359743,72.0,K_XX,305,8.19704433497537,20.0
0.19,0.0,efficiency__023,efficiency,0.0,0.4,2.7511111111111113,12.691666666666666,9.55979401106237,73.0,K_HH,301,8.630225080385852,21.0
0.19777777777777777,0.0,efficiency__023,efficiency,0.0,0.53,2.4844444444444442,13.207207207207206,9.147276264591442,72.0,K_HH,302,8.029032258064516,18.0
0.18555555555555556,0.0,efficiency__023,efficiency,0.0,0.4,2.52,10.663793103448276,8.64998111069135,73.0,K_HH,303,8.084905660377359,20.0
0.18444444444444444,0.0,efficiency__023,efficiency,0.0,0.43,2.723333333333333,10.71,9.03985006904715,74.0,K_HH,304,8.629392971246006,21.0
0.19666666666666666,0.0,efficiency__023,efficiency,0.0,0.48,2.466666666666667,11.714285714285714,8.641361256544503,72.0,K_HH,305,7.951923076923077,22.0
0.10666666666666667,0.0,efficiency__023,efficiency,0.0,0.32,0.5088888888888888,4.279661016949152,4.842978723404255,59.0,K_HL,301,5.411111111111111,19.0
0.11666666666666667,0.0,efficiency__023,efficiency,0.0,0.26,0.44666666666666666,4.54054054054054,4.753430531732419,59.0,K_HL,302,4.946808510638298,15.0
0.11,0.0,efficiency__023,efficiency,0.0,0.25,0.42444444444444446,4.4,4.469076655052265,57.0,K_HL,303,4.532608695652174,17.0
0.12222222222222222,0.0,efficiency__023,efficiency,0.0,0.31,0.3988888888888889,3.65,3.9767759562841523,61.0,K_HL,304,4.25,19.0
0.1111111111111111,0.0,efficiency__023,efficiency,0.0,0.37,0.46,4.670329670329671,4.782130912565695,54.0,K_HL,305,4.868131868131868,19.0
0.21222222222222223,0.0,efficiency__023,efficiency,0.0,0.54,1.9522222222222223,13.064516129032258,6.820735327700388,69.0,K_LH,301,6.345047923322683,19.0
0.2111111111111111,0.0,efficiency__023,efficiency,0.0,0.39,2.0033333333333334,14.6,6.917338245452453,70.0,K_LH,302,6.347266881028939,17.0
0.22,0.0,efficiency__023,efficiency,0.0,0.47,1.6566666666666667,10.76,5.678588016720854,68.0,K_LH,303,5.365384615384615,14.0
0.2311111111111111,0.0,efficiency__023,efficiency,0.0,0.31,1.6877777777777778,15.05,5.973295853829936,67.0,K_LH,304,5.527156549520766,17.0
0.22,0.0,efficiency__023,efficiency,0.0,0.82,1.7644444444444445,17.083333333333332,6.272559000462749,67.0,K_LH,305,5.6369426751592355,20.0
0.17444444444444446,0.0,efficiency__023,efficiency,0.0,0.26,1.5466666666666666,8.945205479452055,7.6645888987830215,73.0,K_MM,301,7.310344827586207,17.0
0.17666666666666667,0.0,efficiency__023,efficiency,0.0,0.29,1.4855555555555555,6.811594202898551,6.968636911942099,71.0,K_MM,302,7.00990099009901,18.0
0.18333333333333332,0.0,efficiency__023,efficiency,0.0,0.34,1.5666666666666667,9.492753623188406,7.793124246079614,69.0,K_MM,303,7.346534653465347,16.0
0.18444444444444444,0.0,efficiency__023,efficiency,0.0,0.36,1.5133333333333334,7.596774193548387,7.178781317661614,69.0,K_MM,304,7.079601990049751,16.0
0.18444444444444444,0.0,efficiency__023,efficiency,0.0,0.32,1.4555555555555555,8.365384615384615,7.039086929330833,69.0,K_MM,305,6.781553398058253,16.0
0.17666666666666667,0.0,efficiency__023,efficiency,0.0,0.88,32.09222222222222,64.93898305084745,56.62635246653219,74.0,K_OO,301,53.544117647058826,24.0
0.18,0.0,efficiency__023,efficiency,0.0,1.01,31.38888888888889,62.54006968641115,54.42812384813859,73.0,K_OO,302,51.5114006514658,21.0
0.17333333333333334,0.0,efficiency__023,efficiency,0.0,1.04,32.07888888888889,66.17434210526316,56.67930720145852,74.0,K_OO,303,53.03934426229508,24.0
0.17777777777777778,0.0,efficiency__023,efficiency,0.0,0.97,33.30222222222222,65.49480968858131,57.62294031490296,74.0,K_OO,304,54.79126213592233,23.0
0.18555555555555556,0.0,efficiency__023,efficiency,0.0,1.05,28.42888888888889,61.434306569343065,50.31378895773605,73.0,K_OO,305,46.53945249597424,21.0
0.19777777777777777,0.0,efficiency__023,efficiency,0.0,0.62,17.42111111111111,32.14666666666667,29.614617940199334,72.0,K_SS,301,28.873096446700508,20.0
0.2,0.0,efficiency__023,efficiency,0.0,0.64,16.788888888888888,31.972350230414747,28.799390243902437,71.0,K_SS,302,27.901694915254236,20.0
0.19333333333333333,0.0,efficiency__023,efficiency,0.0,0.99,21.34888888888889,49.68260869565217,40.40123006358804,71.0,K_SS,303,37.47415329768271,21.0
0.1988888888888889,0.0,efficiency__023,efficiency,0.0,0.63,16.70888888888889,30.460093896713616,28.389585244063994,71.0,K_SS,304,27.815566835871405,19.0
0.20555555555555555,0.0,efficiency__023,efficiency,0.0,0.68,15.602222222222222,27.47979797979798,26.04210960883476,71.0,K_SS,305,25.672849915682967,19.0
0.18444444444444444,0.0,efficiency__023,efficiency,0.0,0.39,3.128888888888889,10.303225806451612,8.290016079520539,74.0,K_XX,301,7.7002457002457,20.0
0.19666666666666666,0.0,efficiency__023,efficiency,0.0,0.55,3.388888888888889,12.707792207792208,9.330302141390437,72.0,K_XX,302,8.344827586206897,19.0
0.18444444444444444,0.0,efficiency__023,efficiency,0.0,0.4,3.341111111111111,12.08,9.073620537031573,73.0,K_XX,303,8.219211822660098,20.0
0.19,0.0,efficiency__023,efficiency,0.0,0.32,3.192222222222222,11.6,8.709145880574452,73.0,K_XX,304,7.9679012345679014,20.0
0.19111111111111112,0.0,efficiency__023,efficiency,0.0,0.39,3.3033333333333332,11.785714285714286,8.88865096359743,72.0,K_XX,305,8.19704433497537,20.0
0.19,0.0,efficiency__024,efficiency,0.0,0.4,2.7511111111111113,12.691666666666666,9.55979401106237,73.0,K_HH,301,8.630225080385852,21.0
0.19777777777777777,0.0,efficiency__024,efficiency,0.0,0.53,2.4844444444444442,13.207207207207206,9.147276264591442,72.0,K_HH,302,8.029032258064516,18.0
0.18555555555555556,0.0,efficiency__024,efficiency,0.0,0.4,2.52,10.663793103448276,8.64998111069135,73.0,K_HH,303,8.084905660377359,20.0
0.18444444444444444,0.0,efficiency__024,efficiency,0.0,0.43,2.723333333333333,10.71,9.03985006904715,74.0,K_HH,304,8.629392971246006,21.0
0.19666666666666666,0.0,efficiency__024,efficiency,0.0,0.48,2.466666666666667,11.714285714285714,8.641361256544503,72.0,K_HH,305,7.951923076923077,22.0
0.10666666666666667,0.0,efficiency__024,efficiency,0.0,0.32,0.5088888888888888,4.279661016949152,4.842978723404255,59.0,K_HL,301,5.411111111111111,19.0
0.11666666666666667,0.0,efficiency__024,efficiency,0.0,0.26,0.44666666666666666,4.54054054054054,4.753430531732419,59.0,K_HL,302,4.946808510638298,15.0
0.11,0.0,efficiency__024,efficiency,0.0,0.25,0.42444444444444446,4.4,4.469076655052265,57.0,K_HL,303,4.532608695652174,17.0
0.12222222222222222,0.0,efficiency__024,efficiency,0.0,0.31,0.3988888888888889,3.65,3.9767759562841523,61.0,K_HL,304,4.25,19.0
0.1111111111111111,0.0,efficiency__024,efficiency,0.0,0.37,0.46,4.670329670329671,4.782130912565695,54.0,K_HL,305,4.868131868131868,19.0
0.21222222222222223,0.0,efficiency__024,efficiency,0.0,0.54,1.9522222222222223,13.064516129032258,6.820735327700388,69.0,K_LH,301,6.345047923322683,19.0
0.2111111111111111,0.0,efficiency__024,efficiency,0.0,0.39,2.0033333333333334,14.6,6.917338245452453,70.0,K_LH,302,6.347266881028939,17.0
0.22,0.0,efficiency__024,efficiency,0.0,0.47,1.6566666666666667,10.76,5.678588016720854,68.0,K_LH,303,5.365384615384615,14.0
0.2311111111111111,0.0,efficiency__024,efficiency,0.0,0.31,1.6877777777777778,15.05,5.973295853829936,67.0,K_LH,304,5.527156549520766,17.0
0.22,0.0,efficiency__024,efficiency,0.0,0.82,1.7644444444444445,17.083333333333332,6.272559000462749,67.0,K_LH,305,5.6369426751592355,20.0
0.17444444444444446,0.0,efficiency__024,efficiency,0.0,0.26,1.5466666666666666,8.945205479452055,7.6645888987830215,73.0,K_MM,301,7.310344827586207,17.0
0.17666666666666667,0.0,efficiency__024,efficiency,0.0,0.29,1.4855555555555555,6.811594202898551,6.968636911942099,71.0,K_MM,302,7.00990099009901,18.0
0.18333333333333332,0.0,efficiency__024,efficiency,0.0,0.34,1.5666666666666667,9.492753623188406,7.793124246079614,69.0,K_MM,303,7.346534653465347,16.0
0.18444444444444444,0.0,efficiency__024,efficiency,0.0,0.36,1.5133333333333334,7.596774193548387,7.178781317661614,69.0,K_MM,304,7.079601990049751,16.0
0.18444444444444444,0.0,efficiency__024,efficiency,0.0,0.32,1.4555555555555555,8.365384615384615,7.039086929330833,69.0,K_MM,305,6.781553398058253,16.0
0.17,0.0,efficiency__024,efficiency,0.0,1.44,38.276666666666664,33.33684210526316,52.9061074845748,71.0,K_OO,301,59.5990639625585,84.0
0.1711111111111111,0.0,efficiency__024,efficiency,0.0,0.74,37.535555555555554,34.048780487804876,51.72205895449282,71.0,K_OO,302,57.7900466562986,41.0
0.16333333333333333,0.0,efficiency__024,efficiency,0.0,0.88,38.27444444444444,33.46488294314381,54.19705828613192,72.0,K_OO,303,61.98856209150327,47.0
0.17222222222222222,0.0,efficiency__024,efficiency,0.0,0.74,39.02333333333333,35.59717314487632,55.722537013343086,70.0,K_OO,304,62.743589743589745,44.0
0.1688888888888889,0.0,efficiency__024,efficiency,0.0,0.84,38.452222222222225,35.08759124087591,55.23353181987346,72.0,K_OO,305,62.12662337662338,40.0
0.19777777777777777,0.0,efficiency__024,efficiency,0.0,0.59,17.307777777777776,30.68,29.2133064516129,72.0,K_SS,301,28.783050847457627,20.0
0.2,0.0,efficiency__024,efficiency,0.0,0.65,17.816666666666666,30.774193548387096,30.17342757631633,71.0,K_SS,302,30.001712328767123,21.0
0.1922222222222222,0.0,efficiency__024,efficiency,0.0,0.7,20.395555555555557,33.97391304347826,35.40687292358804,71.0,K_SS,303,35.8563829787234,22.0
0.1988888888888889,0.0,efficiency__024,efficiency,0.0,0.63,16.70888888888889,30.460093896713616,28.389585244063994,71.0,K_SS,304,27.815566835871405,19.0
0.20555555555555555,0.0,efficiency__024,efficiency,0.0,0.66,15.77111111111111,25.681818181818183,26.104738154613468,71.0,K_SS,305,26.214285714285715,20.0
0.18444444444444444,0.0,efficiency__024,efficiency,0.0,0.39,3.128888888888889,10.303225806451612,8.290016079520539,74.0,K_XX,301,7.7002457002457,20.0
0.19666666666666666,0.0,efficiency__024,efficiency,0.0,0.55,3.388888888888889,12.707792207792208,9.330302141390437,72.0,K_XX,302,8.344827586206897,19.0
0.18444444444444444,0.0,efficiency__024,efficiency,0.0,0.4,3.341111111111111,12.08,9.073620537031573,73.0,K_XX,303,8.219211822660098,20.0
0.19,0.0,efficiency__024,efficiency,0.0,0.32,3.192222222222222,11.6,8.709145880574452,73.0,K_XX,304,7.9679012345679014,20.0
0.19111111111111112,0.0,efficiency__024,efficiency,0.0,0.39,3.3033333333333332,11.785714285714286,8.88865096359743,72.0,K_XX,305,8.19704433497537,20.0
0.19,0.0,efficiency__025,efficiency,0.0,0.4,2.7511111111111113,12.691666666666666,9.55979401106237,73.0,K_HH,301,8.630225080385852,21.0
0.19777777777777777,0.0,efficiency__025,efficiency,0.0,0.53,2.4844444444444442,13.207207207207206,9.147276264591442,72.0,K_HH,302,8.029032258064516,18.0
0.18555555555555556,0.0,efficiency__025,efficiency,0.0,0.4,2.52,10.663793103448276,8.64998111069135,73.0,K_HH,303,8.084905660377359,20.0
0.18444444444444444,0.0,efficiency__025,efficiency,0.0,0.43,2.723333333333333,10.71,9.03985006904715,74.0,K_HH,304,8.629392971246006,21.0
0.19666666666666666,0.0,efficiency__025,efficiency,0.0,0.48,2.466666666666667,11.714285714285714,8.641361256544503,72.0,K_HH,305,7.951923076923077,22.0
0.10666666666666667,0.0,efficiency__025,efficiency,0.0,0.32,0.5088888888888888,4.279661016949152,4.842978723404255,59.0,K_HL,301,5.411111111111111,19.0
0.11666666666666667,0.0,efficiency__025,efficiency,0.0,0.26,0.44666666666666666,4.54054054054054,4.753430531732419,59.0,K_HL,302,4.946808510638298,15.0
0.11,0.0,efficiency__025,efficiency,0.0,0.25,0.42444444444444446,4.4,4.469076655052265,57.0,K_HL,303,4.532608695652174,17.0
0.12222222222222222,0.0,efficiency__025,efficiency,0.0,0.31,0.3988888888888889,3.65,3.9767759562841523,61.0,K_HL,304,4.25,19.0
0.1111111111111111,0.0,efficiency__025,efficiency,0.0,0.37,0.46,4.670329670329671,4.782130912565695,54.0,K_HL,305,4.868131868131868,19.0
0.21222222222222223,0.0,efficiency__025,efficiency,0.0,0.54,1.9522222222222223,13.064516129032258,6.820735327700388,69.0,K_LH,301,6.345047923322683,19.0
0.2111111111111111,0.0,efficiency__025,efficiency,0.0,0.39,2.0033333333333334,14.6,6.917338245452453,70.0,K_LH,302,6.347266881028939,17.0
0.22,0.0,efficiency__025,efficiency,0.0,0.47,1.6566666666666667,10.76,5.678588016720854,68.0,K_LH,303,5.365384615384615,14.0
0.2311111111111111,0.0,efficiency__025,efficiency,0.0,0.31,1.6877777777777778,15.05,5.973295853829936,67.0,K_LH,304,5.527156549520766,17.0
0.22,0.0,efficiency__025,efficiency,0.0,0.82,1.7644444444444445,17.083333333333332,6.272559000462749,67.0,K_LH,305,5.6369426751592355,20.0
0.17444444444444446,0.0,efficiency__025,efficiency,0.0,0.26,1.5466666666666666,8.945205479452055,7.6645888987830215,73.0,K_MM,301,7.310344827586207,17.0
0.17666666666666667,0.0,efficiency__025,efficiency,0.0,0.29,1.4855555555555555,6.811594202898551,6.968636911942099,71.0,K_MM,302,7.00990099009901,18.0
0.18333333333333332,0.0,efficiency__025,efficiency,0.0,0.34,1.5666666666666667,9.492753623188406,7.793124246079614,69.0,K_MM,303,7.346534653465347,16.0
0.18444444444444444,0.0,efficiency__025,efficiency,0.0,0.36,1.5133333333333334,7.596774193548387,7.178781317661614,69.0,K_MM,304,7.079601990049751,16.0
0.18444444444444444,0.0,efficiency__025,efficiency,0.0,0.32,1.4555555555555555,8.365384615384615,7.039086929330833,69.0,K_MM,305,6.781553398058253,16.0
0.17777777777777778,0.0,efficiency__025,efficiency,0.0,0.8,30.266666666666666,55.847457627118644,52.036911831886705,74.0,K_OO,301,50.63089430894309,23.0
0.17888888888888888,0.0,efficiency__025,efficiency,0.0,0.81,31.49222222222222,50.97909407665505,50.63490054249548,74.0,K_OO,302,50.51428571428571,23.0
0.1688888888888889,0.0,efficiency__025,efficiency,0.0,0.85,30.684444444444445,55.13815789473684,52.23557428100384,74.0,K_OO,303,51.115511551155116,25.0
0.17555555555555555,0.0,efficiency__025,efficiency,0.0,0.87,33.775555555555556,56.42560553633218,54.59091318849725,73.0,K_OO,304,53.944532488114106,23.0
0.1811111111111111,0.0,efficiency__025,efficiency,0.0,0.85,29.084444444444443,53.167883211678834,49.47092370979806,73.0,K_OO,305,48.197712418300654,21.0
0.19777777777777777,0.0,efficiency__025,efficiency,0.0,0.62,17.42111111111111,32.14666666666667,29.614617940199334,72.0,K_SS,301,28.873096446700508,20.0
0.2,0.0,efficiency__025,efficiency,0.0,0.64,16.788888888888888,31.972350230414747,28.799390243902437,71.0,K_SS,302,27.901694915254236,20.0
0.19333333333333333,0.0,efficiency__025,efficiency,0.0,0.99,21.34888888888889,49.68260869565217,40.40123006358804,71.0,K_SS,303,37.47415329768271,21.0
0.1988888888888889,0.0,efficiency__025,efficiency,0.0,0.63,16.70888888888889,30.460093896713616,28.389585244063994,71.0,K_SS,304,27.815566835871405,19.0
0.20555555555555555,0.0,efficiency__025,efficiency,0.0,0.68,15.602222222222222,27.47979797979798,26.04210960883476,71.0,K_SS,305,25.672849915682967,19.0
0.18444444444444444,0.0,efficiency__025,efficiency,0.0,0.39,3.128888888888889,10.303225806451612,8.290016079520539,74.0,K_XX,301,7.7002457002457,20.0
0.19666666666666666,0.0,efficiency__025,efficiency,0.0,0.55,3.388888888888889,12.707792207792208,9.330302141390437,72.0,K_XX,302,8.344827586206897,19.0
0.18444444444444444,0.0,efficiency__025,efficiency,0.0,0.4,3.341111111111111,12.08,9.073620537031573,73.0,K_XX,303,8.219211822660098,20.0
0.19,0.0,efficiency__025,efficiency,0.0,0.32,3.192222222222222,11.6,8.709145880574452,73.0,K_XX,304,7.9679012345679014,20.0
0.19111111111111112,0.0,efficiency__025,efficiency,0.0,0.39,3.3033333333333332,11.785714285714286,8.88865096359743,72.0,K_XX,305,8.19704433497537,20.0
0.19,0.0,efficiency__026,efficiency,0.0,0.4,2.7511111111111113,12.691666666666666,9.55979401106237,73.0,K_HH,301,8.630225080385852,21.0
0.19777777777777777,0.0,efficiency__026,efficiency,0.0,0.53,2.4844444444444442,13.207207207207206,9.147276264591442,72.0,K_HH,302,8.029032258064516,18.0
0.18555555555555556,0.0,efficiency__026,efficiency,0.0,0.4,2.52,10.663793103448276,8.64998111069135,73.0,K_HH,303,8.084905660377359,20.0
0.18444444444444444,0.0,efficiency__026,efficiency,0.0,0.43,2.723333333333333,10.71,9.03985006904715,74.0,K_HH,304,8.629392971246006,21.0
0.19666666666666666,0.0,efficiency__026,efficiency,0.0,0.48,2.466666666666667,11.714285714285714,8.641361256544503,72.0,K_HH,305,7.951923076923077,22.0
0.10666666666666667,0.0,efficiency__026,efficiency,0.0,0.32,0.5088888888888888,4.279661016949152,4.842978723404255,59.0,K_HL,301,5.411111111111111,19.0
0.11666666666666667,0.0,efficiency__026,efficiency,0.0,0.26,0.44666666666666666,4.54054054054054,4.753430531732419,59.0,K_HL,302,4.946808510638298,15.0
0.11,0.0,efficiency__026,efficiency,0.0,0.25,0.42444444444444446,4.4,4.469076655052265,57.0,K_HL,303,4.532608695652174,17.0
0.12222222222222222,0.0,efficiency__026,efficiency,0.0,0.31,0.3988888888888889,3.65,3.9767759562841523,61.0,K_HL,304,4.25,19.0
0.1111111111111111,0.0,efficiency__026,efficiency,0.0,0.37,0.46,4.670329670329671,4.782130912565695,54.0,K_HL,305,4.868131868131868,19.0
0.21222222222222223,0.0,efficiency__026,efficiency,0.0,0.54,1.9522222222222223,13.064516129032258,6.820735327700388,69.0,K_LH,301,6.345047923322683,19.0
0.2111111111111111,0.0,efficiency__026,efficiency,0.0,0.39,2.0033333333333334,14.6,6.917338245452453,70.0,K_LH,302,6.347266881028939,17.0
0.22,0.0,efficiency__026,efficiency,0.0,0.47,1.6566666666666667,10.76,5.678588016720854,68.0,K_LH,303,5.365384615384615,14.0
0.2311111111111111,0.0,efficiency__026,efficiency,0.0,0.31,1.6877777777777778,15.05,5.973295853829936,67.0,K_LH,304,5.527156549520766,17.0
0.22,0.0,efficiency__026,efficiency,0.0,0.82,1.7644444444444445,17.083333333333332,6.272559000462749,67.0,K_LH,305,5.6369426751592355,20.0
0.17444444444444446,0.0,efficiency__026,efficiency,0.0,0.26,1.5466666666666666,8.945205479452055,7.6645888987830215,73.0,K_MM,301,7.310344827586207,17.0
0.17666666666666667,0.0,efficiency__026,efficiency,0.0,0.29,1.4855555555555555,6.811594202898551,6.968636911942099,71.0,K_MM,302,7.00990099009901,18.0
0.18333333333333332,0.0,efficiency__026,efficiency,0.0,0.34,1.5666666666666667,9.492753623188406,7.793124246079614,69.0,K_MM,303,7.346534653465347,16.0
0.18444444444444444,0.0,efficiency__026,efficiency,0.0,0.36,1.5133333333333334,7.596774193548387,7.178781317661614,69.0,K_MM,304,7.079601990049751,16.0
0.18444444444444444,0.0,efficiency__026,efficiency,0.0,0.32,1.4555555555555555,8.365384615384615,7.039086929330833,69.0,K_MM,305,6.781553398058253,16.0
0.17666666666666667,0.0,efficiency__026,efficiency,0.0,0.88,32.09222222222222,64.93898305084745,56.62635246653219,74.0,K_OO,301,53.544117647058826,24.0
0.18,0.0,efficiency__026,efficiency,0.0,1.01,31.38888888888889,62.54006968641115,54.42812384813859,73.0,K_OO,302,51.5114006514658,21.0
0.17333333333333334,0.0,efficiency__026,efficiency,0.0,1.04,32.07888888888889,66.17434210526316,56.67930720145852,74.0,K_OO,303,53.03934426229508,24.0
0.17777777777777778,0.0,efficiency__026,efficiency,0.0,0.97,33.30222222222222,65.49480968858131,57.62294031490296,74.0,K_OO,304,54.79126213592233,23.0
0.18555555555555556,0.0,efficiency__026,efficiency,0.0,1.05,28.42888888888889,61.434306569343065,50.31378895773605,73.0,K_OO,305,46.53945249597424,21.0
0.19777777777777777,0.0,efficiency__026,efficiency,0.0,0.62,17.42111111111111,32.14666666666667,29.614617940199334,72.0,K_SS,301,28.873096446700508,20.0
0.2,0.0,efficiency__026,efficiency,0.0,0.64,16.788888888888888,31.972350230414747,28.799390243902437,71.0,K_SS,302,27.901694915254236,20.0
0.19333333333333333,0.0,efficiency__026,efficiency,0.0,0.99,21.34888888888889,49.68260869565217,40.40123006358804,71.0,K_SS,303,37.47415329768271,21.0
0.1988888888888889,0.0,efficiency__026,efficiency,0.0,0.63,16.70888888888889,30.460093896713616,28.389585244063994,71.0,K_SS,304,27.815566835871405,19.0
0.20555555555555555,0.0,efficiency__026,efficiency,0.0,0.68,15.602222222222222,27.47979797979798,26.04210960883476,71.0,K_SS,305,25.672849915682967,19.0
0.18444444444444444,0.0,efficiency__026,efficiency,0.0,0.39,3.128888888888889,10.303225806451612,8.290016079520539,74.0,K_XX,301,7.7002457002457,20.0
0.19666666666666666,0.0,efficiency__026,efficiency,0.0,0.55,3.388888888888889,12.707792207792208,9.330302141390437,72.0,K_XX,302,8.344827586206897,19.0
0.18444444444444444,0.0,efficiency__026,efficiency,0.0,0.4,3.341111111111111,12.08,9.073620537031573,73.0,K_XX,303,8.219211822660098,20.0
0.19,0.0,efficiency__026,efficiency,0.0,0.32,3.192222222222222,11.6,8.709145880574452,73.0,K_XX,304,7.9679012345679014,20.0
0.19111111111111112,0.0,efficiency__026,efficiency,0.0,0.39,3.3033333333333332,11.785714285714286,8.88865096359743,72.0,K_XX,305,8.19704433497537,20.0
0.18666666666666668,0.0,efpb__000,efpb,0.0,0.34,2.7311111111111113,10.610169491525424,9.125448028673834,73.0,K_HH,301,8.700315457413248,19.0
0.2011111111111111,0.0,efpb__000,efpb,0.0,0.54,2.397777777777778,13.89090909090909,8.999612102404965,72.0,K_HH,302,7.673076923076923,20.0
0.18666666666666668,0.0,efpb__000,efpb,0.0,0.38,2.542222222222222,10.39655172413793,8.651100987091876,72.0,K_HH,303,8.158227848101266,19.0
0.1922222222222222,0.0,efpb__000,efpb,0.0,0.39,2.568888888888889,10.64423076923077,8.68145708196086,72.0,K_HH,304,8.186119873817034,21.0
0.19333333333333333,0.0,efpb__000,efpb,0.0,0.48,2.506666666666667,12.582417582417582,8.937225986448786,71.0,K_HH,305,8.129746835443038,20.0
0.11333333333333333,0.0,efpb__000,efpb,0.0,0.34,0.4777777777777778,4.495798319327731,4.8159203980099505,60.0,K_HL,301,5.127659574468085,22.0
0.11666666666666667,0.0,efpb__000,efpb,0.0,0.26,0.46,4.441441441441442,4.734133790737564,59.0,K_HL,302,5.0,15.0
0.1111111111111111,0.0,efpb__000,efpb,0.0,0.25,0.37666666666666665,4.0636363636363635,4.058797909407665,56.0,K_HL,303,4.054347826086956,16.0
0.12444444444444444,0.0,efpb__000,efpb,0.0,0.24,0.38333333333333336,3.54,3.849726775956284,61.0,K_HL,304,4.108695652173913,17.0
0.1111111111111111,0.0,efpb__000,efpb,0.0,0.28,0.43,4.989010989010989,4.897121283624351,54.0,K_HL,305,4.827956989247312,17.0
0.21222222222222223,0.0,efpb__000,efpb,0.0,0.54,1.9522222222222223,13.064516129032258,6.820735327700388,69.0,K_LH,301,6.345047923322683,19.0
0.2111111111111111,0.0,efpb__000,efpb,0.0,0.39,2.0033333333333334,14.6,6.917338245452453,70.0,K_LH,302,6.347266881028939,17.0
0.22,0.0,efpb__000,efpb,0.0,0.47,1.6566666666666667,10.76,5.678588016720854,68.0,K_LH,303,5.365384615384615,14.0
0.23222222222222222,0.0,efpb__000,efpb,0.0,0.31,1.5966666666666667,17.25,5.872723026623073,67.0,K_LH,304,5.3152866242038215,17.0
0.23,0.0,efpb__000,efpb,0.0,0.57,1.8811111111111112,15.173913043478262,6.469644103279832,68.0,K_LH,305,5.977635782747604,16.0
0.17666666666666667,0.0,efpb__000,efpb,0.0,0.25,1.5333333333333334,7.383561643835616,7.272187592757494,71.0,K_MM,301,7.241379310344827,16.0
0.17777777777777778,0.0,efpb__000,efpb,0.0,0.26,1.3588888888888888,7.144927536231884,6.587153196622436,70.0,K_MM,302,6.4405940594059405,18.0
0.18333333333333332,0.0,efpb__000,efpb,0.0,0.29,1.471111111111111,8.36231884057971,7.177623642943305,70.0,K_MM,303,6.866336633663367,16.0
0.18444444444444444,0.0,efpb__000,efpb,0.0,0.38,1.3833333333333333,8.629032258064516,6.942468295700587,69.0,K_MM,304,6.54228855721393,15.0
0.18444444444444444,0.0,efpb__000,efpb,0.0,0.32,1.4555555555555555,8.365384615384615,7.039086929330833,69.0,K_MM,305,6.781553398058253,16.0
0.18666666666666668,0.0,efpb__000,efpb,0.0,0.54,33.76777777777778,27.22866894197952,48.12352500468252,57.0,K_OO,301,56.0251677852349,32.0
0.18222222222222223,0.0,efpb__000,efpb,0.0,0.57,39.55888888888889,28.04609929078014,55.72874907201189,55.0,K_OO,302,65.54084967320262,36.0
0.18333333333333332,0.0,efpb__000,efpb,0.0,0.55,36.873333333333335,26.61904761904762,51.34194089680246,56.0,K_OO,303,60.67612687813022,35.0
0.18555555555555556,0.0,efpb__000,efpb,0.0,0.55,38.91222222222222,28.524475524475523,53.63084284136915,58.0,K_OO,304,62.5974025974026,34.0
0.19111111111111112,0.0,efpb__000,efpb,0.0,0.57,36.12555555555556,27.845283018867924,51.32561436672968,57.0,K_OO,305,59.17213114754098,35.0
0.2011111111111111,0.0,efpb__000,efpb,0.0,0.57,19.22888888888889,27.02252252252252,31.40623392655077,61.0,K_SS,301,32.70363951473137,28.0
0.21222222222222223,0.0,efpb__000,efpb,0.0,0.54,17.92222222222222,27.0,29.59172144617913,62.0,K_SS,302,30.335051546391753,27.0
0.2,0.0,efpb__000,efpb,0.0,0.57,20.31111111111111,26.152173913043477,32.669041718298224,60.0,K_SS,303,34.69894366197183,29.0
0.20333333333333334,0.0,efpb__000,efpb,0.0,0.55,18.73111111111111,24.559808612440193,30.553047164811876,63.0,K_SS,304,32.25840707964602,26.0
0.21666666666666667,0.0,efpb__000,efpb,0.0,0.56,16.191111111111113,28.585858585858585,27.55605334444676,64.0,K_SS,305,27.28839590443686,25.0
0.19111111111111112,0.0,efpb__000,efpb,0.0,0.4,3.5755555555555554,12.729032258064516,9.666274625110262,72.0,K_XX,301,8.762376237623762,21.0
0.1811111111111111,0.0,efpb__000,efpb,0.0,0.3,3.1555555555555554,10.227272727272727,8.489810771470161,72.0,K_XX,302,7.987804878048781,18.0
0.1922222222222222,0.0,efpb__000,efpb,0.0,0.48,3.45,11.28,9.078784302154029,72.0,K_XX,303,8.45320197044335,21.0
0.1922222222222222,0.0,efpb__000,efpb,0.0,0.39,3.1344444444444446,11.1203007518797,8.450968523002421,72.0,K_XX,304,7.778325123152709,20.0
0.1922222222222222,0.0,efpb__000,efpb,0.0,0.37,3.1422222222222222,10.476190476190476,8.411240786240786,72.0,K_XX,305,7.915841584158416,20.0
0.19,0.0,efpb__001,efpb,0.0,0.45,2.7288888888888887,10.0,8.687393040501997,73.0,K_HH,301,8.303514376996805,19.0
0.19333333333333333,0.0,efpb__001,efpb,0.0,0.37,2.5322222222222224,9.872727272727273,8.478903363795453,71.0,K_HH,302,8.09967845659164,22.0
0.1922222222222222,0.0,efpb__001,efpb,0.0,0.41,2.91,10.445454545454545,9.396625290923195,73.0,K_HH,303,9.112179487179487,20.0
0.1922222222222222,0.0,efpb__001,efpb,0.0,0.37,2.368888888888889,10.106796116504855,8.106341463414633,72.0,K_HH,304,7.603174603174603,18.0
0.1922222222222222,0.0,efpb__001,efpb,0.0,0.38,2.31,10.68131868131868,7.962545308095046,72.0,K_HH,305,7.352564102564102,18.0
0.11333333333333333,0.0,efpb__001,efpb,0.0,0.34,0.4777777777777778,4.495798319327731,4.8159203980099505,60.0,K_HL,301,5.127659574468085,22.0
0.11666666666666667,0.0,efpb__001,efpb,0.0,0.26,0.46,4.441441441441442,4.734133790737564,59.0,K_HL,302,5.0,15.0
0.1111111111111111,0.0,efpb__001,efpb,0.0,0.25,0.37666666666666665,4.0636363636363635,4.058797909407665,56.0,K_HL,303,4.054347826086956,16.0
0.12444444444444444,0.0,efpb__001,efpb,0.0,0.24,0.38333333333333336,3.54,3.849726775956284,61.0,K_HL,304,4.108695652173913,17.0
0.11222222222222222,0.0,efpb__001,efpb,0.0,0.28,0.43777777777777777,4.681318681318682,4.8140632373761205,53.0,K_HL,305,4.913978494623656,17.0
0.21222222222222223,0.0,efpb__001,efpb,0.0,0.54,2.0,12.225806451612904,6.8183060109289615,69.0,K_LH,301,6.407643312101911,18.0
0.21666666666666667,0.0,efpb__001,efpb,0.0,0.5,1.9677777777777778,15.366666666666667,6.973129488070419,69.0,K_LH,302,6.3462783171521036,19.0
0.22,0.0,efpb__001,efpb,0.0,0.47,1.59,12.222222222222221,5.546925566343042,67.0,K_LH,303,5.102564102564102,15.0
0.23222222222222222,0.0,efpb__001,efpb,0.0,0.31,1.5966666666666667,17.25,5.872723026623073,67.0,K_LH,304,5.3152866242038215,17.0
0.2311111111111111,0.0,efpb__001,efpb,0.0,0.59,1.981111111111111,13.695652173913043,6.73831123517097,69.0,K_LH,305,6.345047923322683,16.0
0.17666666666666667,0.0,efpb__001,efpb,0.0,0.26,1.45,7.616438356164384,6.959928762243989,71.0,K_MM,301,6.778325123152709,17.0
0.18333333333333332,0.0,efpb__001,efpb,0.0,0.26,1.441111111111111,6.971014492753623,6.8332328106152005,70.0,K_MM,302,6.797029702970297,17.0
0.17888888888888888,0.0,efpb__001,efpb,0.0,0.36,1.5755555555555556,8.884057971014492,7.721351025331726,69.0,K_MM,303,7.415841584158416,16.0
0.18444444444444444,0.0,efpb__001,efpb,0.0,0.38,1.4388888888888889,7.951612903225806,7.009588617383234,69.0,K_MM,304,6.786069651741293,15.0
0.1811111111111111,0.0,efpb__001,efpb,0.0,0.25,1.2922222222222222,8.673076923076923,6.584045584045585,67.0,K_MM,305,6.172413793103448,16.0
0.18,0.0,efpb__001,efpb,0.0,0.85,36.60111111111111,43.90559440559441,56.68347130499489,50.0,K_OO,301,61.31466227347611,51.0
0.16111111111111112,0.0,efpb__001,efpb,0.0,0.84,41.931111111111115,39.21993127147766,63.33120155038759,46.0,K_OO,302,72.8,53.0
0.09666666666666666,0.0,efpb__001,efpb,0.0,10.19,81.0,62.56435643564357,325.6930903928065,57.0,K_OO,303,992.3152173913044,943.0
0.15888888888888889,0.0,efpb__001,efpb,0.0,0.86,41.653333333333336,41.78305084745763,60.67371629109714,46.0,K_OO,304,67.74752475247524,51.0
0.17333333333333334,0.0,efpb__001,efpb,0.0,0.85,40.13,40.774193548387096,57.55728597449908,49.0,K_OO,305,63.27460317460317,45.0
0.1988888888888889,0.0,efpb__001,efpb,0.0,0.86,21.046666666666667,40.41150442477876,37.27733639974911,57.0,K_SS,301,36.30782918149466,40.0
0.2088888888888889,0.0,efpb__001,efpb,0.0,0.86,20.173333333333332,39.40654205607477,36.22448761742101,57.0,K_SS,302,35.28237410071942,34.0
0.20333333333333334,0.0,efpb__001,efpb,0.0,0.84,19.604444444444443,38.75,33.76231155778895,58.0,K_SS,303,32.279661016949156,34.0
0.21555555555555556,0.0,efpb__001,efpb,0.0,0.83,18.127777777777776,37.800947867298575,31.545269375700173,60.0,K_SS,304,29.833052276559865,33.0
0.21666666666666667,0.0,efpb__001,efpb,0.0,0.82,16.446666666666665,39.71,30.145201756219947,61.0,K_SS,305,27.616838487972508,31.0
0.19111111111111112,0.0,efpb__001,efpb,0.0,0.4,3.5566666666666666,12.432258064516128,9.545133784181123,72.0,K_XX,301,8.693069306930694,20.0
0.1922222222222222,0.0,efpb__001,efpb,0.0,0.53,3.4133333333333336,11.290322580645162,9.099529550132313,72.0,K_XX,302,8.452970297029703,20.0
0.18666666666666668,0.0,efpb__001,efpb,0.0,0.36,3.1222222222222222,11.305194805194805,8.518736223365172,72.0,K_XX,303,7.703703703703703,19.0
0.1922222222222222,0.0,efpb__001,efpb,0.0,0.39,3.0522222222222224,11.413533834586467,8.368341404358354,72.0,K_XX,304,7.600985221674877,20.0
0.19777777777777777,0.0,efpb__001,efpb,0.0,0.31,2.861111111111111,11.817460317460318,8.07754665035179,72.0,K_XX,305,7.184729064039409,18.0
0.18666666666666668,0.0,efpb__002,efpb,0.0,0.34,2.7311111111111113,10.610169491525424,9.125448028673834,73.0,K_HH,301,8.700315457413248,19.0
0.18,0.0,efpb__002,efpb,0.0,0.38,2.568888888888889,10.875,8.834736036725326,73.0,K_HH,302,8.278481012658228,22.0
0.18555555555555556,0.0,efpb__002,efpb,0.0,0.38,2.502222222222222,9.525862068965518,8.322062712504723,73.0,K_HH,303,7.984276729559748,19.0
0.1922222222222222,0.0,efpb__002,efpb,0.0,0.39,2.5677777777777777,10.278846153846153,8.625460182135246,72.0,K_HH,304,8.20820189274448,21.0
0.19333333333333333,0.0,efpb__002,efpb,0.0,0.48,2.506666666666667,12.582417582417582,8.937225986448786,71.0,K_HH,305,8.129746835443038,20.0
0.11333333333333333,0.0,efpb__002,efpb,0.0,0.34,0.46,4.957983193277311,4.984576907044603,58.0,K_HL,301,5.010752688172043,23.0
0.12111111111111111,0.0,efpb__002,efpb,0.0,0.26,0.4388888888888889,4.864864864864865,4.835334476843911,60.0,K_HL,302,4.808510638297872,15.0
0.1111111111111111,0.0,efpb__002,efpb,0.0,0.25,0.37666666666666665,4.0636363636363635,4.058797909407665,56.0,K_HL,303,4.054347826086956,16.0
0.12444444444444444,0.0,efpb__002,efpb,0.0,0.24,0.38333333333333336,3.54,3.849726775956284,61.0,K_HL,304,4.108695652173913,17.0
0.11666666666666667,0.0,efpb__002,efpb,0.0,0.24,0.4255555555555556,5.054945054945055,4.907031618688061,54.0,K_HL,305,4.795698924731183,16.0
0.21222222222222223,0.0,efpb__002,efpb,0.0,0.54,1.9522222222222223,13.064516129032258,6.820735327700388,69.0,K_LH,301,6.345047923322683,19.0
0.2111111111111111,0.0,efpb__002,efpb,0.0,0.39,2.0033333333333334,14.6,6.917338245452453,70.0,K_LH,302,6.347266881028939,17.0
0.22,0.0,efpb__002,efpb,0.0,0.47,1.6566666666666667,10.76,5.678588016720854,68.0,K_LH,303,5.365384615384615,14.0
0.2311111111111111,0.0,efpb__002,efpb,0.0,0.31,1.6877777777777778,15.05,5.973295853829936,67.0,K_LH,304,5.527156549520766,17.0
0.22,0.0,efpb__002,efpb,0.0,0.82,1.7644444444444445,17.083333333333332,6.272559000462749,67.0,K_LH,305,5.6369426751592355,20.0
0.17555555555555555,0.0,efpb__002,efpb,0.0,0.26,1.5477777777777777,8.506849315068493,7.561887800534284,72.0,K_MM,301,7.300492610837439,17.0
0.18333333333333332,0.0,efpb__002,efpb,0.0,0.27,1.3677777777777778,6.913043478260869,6.605548854041013,70.0,K_MM,302,6.524752475247524,18.0
0.18333333333333332,0.0,efpb__002,efpb,0.0,0.29,1.5777777777777777,8.898550724637682,7.715410233121405,69.0,K_MM,303,7.402985074626866,16.0
0.18444444444444444,0.0,efpb__002,efpb,0.0,0.37,1.5166666666666666,7.564516129032258,7.212805443860192,69.0,K_MM,304,7.129353233830845,16.0
0.18444444444444444,0.0,efpb__002,efpb,0.0,0.32,1.4555555555555555,8.365384615384615,7.039086929330833,69.0,K_MM,305,6.781553398058253,16.0
0.18777777777777777,0.0,efpb__002,efpb,0.0,0.87,38.507777777777775,40.12811387900356,58.57122734529063,52.0,K_OO,301,65.18242122719735,49.0
0.1711111111111111,0.0,efpb__002,efpb,0.0,0.87,38.61888888888889,42.548611111111114,56.20460334788937,47.0,K_OO,302,61.05288461538461,48.0
0.09666666666666666,0.0,efpb__002,efpb,0.0,10.19,81.0,62.56435643564357,325.6930903928065,57.0,K_OO,303,992.3152173913044,943.0
0.18444444444444444,0.0,efpb__002,efpb,0.0,0.87,36.79,40.62199312714777,54.185457216305544,50.0,K_OO,304,59.13029315960912,51.0
0.19333333333333333,0.0,efpb__002,efpb,0.0,0.86,33.681111111111115,40.71217712177122,51.26839945280438,53.0,K_OO,305,54.733858267716535,44.0
0.2,0.0,efpb__002,efpb,0.0,0.87,22.461111111111112,41.37837837837838,39.61473237943826,56.0,K_SS,301,39.072072072072075,37.0
0.21333333333333335,0.0,efpb__002,efpb,0.0,0.81,18.285555555555554,37.34403669724771,32.3882863340564,59.0,K_SS,302,30.94800693240901,33.0
0.2088888888888889,0.0,efpb__002,efpb,0.0,0.82,20.18,41.59130434782609,35.969556721176595,57.0,K_SS,303,34.2276707530648,35.0
0.20666666666666667,0.0,efpb__002,efpb,0.0,0.84,18.67111111111111,34.34928229665072,32.187395309882746,60.0,K_SS,304,31.581881533101047,30.0
0.21666666666666667,0.0,efpb__002,efpb,0.0,0.82,17.045555555555556,34.005076142131976,30.10174695606141,60.0,K_SS,305,29.07304347826087,32.0
0.19111111111111112,0.0,efpb__002,efpb,0.0,0.4,3.5755555555555554,12.03225806451613,9.496030579241399,72.0,K_XX,301,8.747524752475247,21.0
0.1811111111111111,0.0,efpb__002,efpb,0.0,0.32,3.261111111111111,8.896103896103897,8.340902474526928,72.0,K_XX,302,8.180487804878048,19.0
0.1922222222222222,0.0,efpb__002,efpb,0.0,0.48,3.45,11.28,9.078784302154029,72.0,K_XX,303,8.45320197044335,21.0
0.1922222222222222,0.0,efpb__002,efpb,0.0,0.37,3.1822222222222223,10.706766917293233,8.468069007263923,72.0,K_XX,304,7.903940886699507,20.0
0.19333333333333333,0.0,efpb__002,efpb,0.0,0.38,3.39,10.579365079365079,8.76353624961762,71.0,K_XX,305,8.330049261083744,21.0
0.18666666666666668,0.0,efpb__003,efpb,0.0,0.34,2.7311111111111113,10.610169491525424,9.125448028673834,73.0,K_HH,301,8.700315457413248,19.0
0.18,0.0,efpb__003,efpb,0.0,0.38,2.568888888888889,10.875,8.834736036725326,73.0,K_HH,302,8.278481012658228,22.0
0.18555555555555556,0.0,efpb__003,efpb,0.0,0.38,2.502222222222222,9.525862068965518,8.322062712504723,73.0,K_HH,303,7.984276729559748,19.0
0.1922222222222222,0.0,efpb__003,efpb,0.0,0.39,2.5677777777777777,10.278846153846153,8.625460182135246,72.0,K_HH,304,8.20820189274448,21.0
0.19333333333333333,0.0,efpb__003,efpb,0.0,0.48,2.506666666666667,12.582417582417582,8.937225986448786,71.0,K_HH,305,8.129746835443038,20.0
0.12555555555555556,0.0,efpb__003,efpb,0.0,0.32,0.39555555555555555,5.882352941176471,5.0849917081260365,59.0,K_HL,301,4.308510638297872,13.0
0.12111111111111111,0.0,efpb__003,efpb,0.0,0.26,0.42333333333333334,5.324324324324325,4.975986277873071,60.0,K_HL,302,4.659574468085107,14.0
0.1111111111111111,0.0,efpb__003,efpb,0.0,0.25,0.37666666666666665,4.0636363636363635,4.058797909407665,56.0,K_HL,303,4.054347826086956,16.0
0.12555555555555556,0.0,efpb__003,efpb,0.0,0.3,0.37444444444444447,3.9,3.966302367941712,60.0,K_HL,304,4.021739130434782,16.0
0.11555555555555555,0.0,efpb__003,efpb,0.0,0.23,0.35555555555555557,3.9450549450549453,3.926421404682274,56.0,K_HL,305,3.912087912087912,13.0
0.21222222222222223,0.0,efpb__003,efpb,0.0,0.54,1.9522222222222223,13.064516129032258,6.820735327700388,69.0,K_LH,301,6.345047923322683,19.0
0.2111111111111111,0.0,efpb__003,efpb,0.0,0.39,2.0033333333333334,14.6,6.917338245452453,70.0,K_LH,302,6.347266881028939,17.0
0.22,0.0,efpb__003,efpb,0.0,0.47,1.6566666666666667,10.76,5.678588016720854,68.0,K_LH,303,5.365384615384615,14.0
0.2311111111111111,0.0,efpb__003,efpb,0.0,0.31,1.6877777777777778,15.05,5.973295853829936,67.0,K_LH,304,5.527156549520766,17.0
0.22,0.0,efpb__003,efpb,0.0,0.82,1.7644444444444445,17.083333333333332,6.272559000462749,67.0,K_LH,305,5.6369426751592355,20.0
0.17555555555555555,0.0,efpb__003,efpb,0.0,0.26,1.5477777777777777,8.506849315068493,7.561887800534284,72.0,K_MM,301,7.300492610837439,17.0
0.18333333333333332,0.0,efpb__003,efpb,0.0,0.27,1.3677777777777778,6.913043478260869,6.605548854041013,70.0,K_MM,302,6.524752475247524,18.0
0.18333333333333332,0.0,efpb__003,efpb,0.0,0.29,1.5777777777777777,8.898550724637682,7.715410233121405,69.0,K_MM,303,7.402985074626866,16.0
0.17777777777777778,0.0,efpb__003,efpb,0.0,0.32,1.5166666666666666,6.548387096774194,6.997834828332818,70.0,K_MM,304,7.104477611940299,18.0
0.18444444444444444,0.0,efpb__003,efpb,0.0,0.32,1.4555555555555555,8.365384615384615,7.039086929330833,69.0,K_MM,305,6.781553398058253,16.0
0.1922222222222222,0.0,efpb__003,efpb,0.0,0.83,38.59777777777778,38.191335740072205,58.82698667674572,52.0,K_OO,301,66.14309484193012,49.0
0.18444444444444444,0.0,efpb__003,efpb,0.0,0.87,37.47888888888889,42.18402777777778,57.91150187373883,50.0,K_OO,302,63.92918825561313,46.0
0.19111111111111112,0.0,efpb__003,efpb,0.0,0.82,38.541111111111114,40.929765886287626,57.66768123962369,52.0,K_OO,303,64.04139072847683,48.0
0.19444444444444445,0.0,efpb__003,efpb,0.0,0.87,36.55444444444444,40.248275862068965,55.126943976016484,52.0,K_OO,304,60.67725752508361,47.0
0.19111111111111112,0.0,efpb__003,efpb,0.0,0.83,33.89888888888889,40.715867158671585,53.61125295508274,52.0,K_OO,305,58.054545454545455,40.0
0.2088888888888889,0.0,efpb__003,efpb,0.0,0.85,22.3,40.6981981981982,38.35684775872753,57.0,K_SS,301,37.6602787456446,37.0
0.2111111111111111,0.0,efpb__003,efpb,0.0,0.86,19.98,39.58064516129032,35.34504326071093,57.0,K_SS,302,34.106830122591944,34.0
0.2088888888888889,0.0,efpb__003,efpb,0.0,0.82,20.16111111111111,41.59130434782609,35.94147896739689,57.0,K_SS,303,34.190893169877405,35.0
0.20666666666666667,0.0,efpb__003,efpb,0.0,0.84,18.613333333333333,34.13875598086124,31.987558808154734,60.0,K_SS,304,31.38608695652174,29.0
0.21666666666666667,0.0,efpb__003,efpb,0.0,0.82,17.1,33.47715736040609,30.134595051807995,60.0,K_SS,305,29.255208333333332,32.0
0.17888888888888888,0.0,efpb__003,efpb,0.0,0.34,3.442222222222222,9.574193548387097,8.700058582308143,74.0,K_XX,301,8.443349753694582,20.0
0.18555555555555556,0.0,efpb__003,efpb,0.0,0.37,3.3244444444444445,9.402597402597403,8.606224430157802,72.0,K_XX,302,8.375,19.0
0.1922222222222222,0.0,efpb__003,efpb,0.0,0.48,3.45,11.28,9.078784302154029,72.0,K_XX,303,8.45320197044335,21.0
0.1922222222222222,0.0,efpb__003,efpb,0.0,0.37,3.1822222222222223,10.706766917293233,8.468069007263923,72.0,K_XX,304,7.903940886699507,20.0
0.19333333333333333,0.0,efpb__003,efpb,0.0,0.38,3.39,10.579365079365079,8.76353624961762,71.0,K_XX,305,8.330049261083744,21.0
0.19,0.0,efpb__004,efpb,0.0,0.45,2.7288888888888887,10.0,8.687393040501997,73.0,K_HH,301,8.303514376996805,19.0
0.19333333333333333,0.0,efpb__004,efpb,0.0,0.37,2.5322222222222224,9.872727272727273,8.478903363795453,71.0,K_HH,302,8.09967845659164,22.0
0.18777777777777777,0.0,efpb__004,efpb,0.0,0.4,2.602222222222222,10.008620689655173,8.64884775217227,72.0,K_HH,303,8.267295597484276,19.0
0.18666666666666668,0.0,efpb__004,efpb,0.0,0.39,2.533333333333333,10.233009708737864,8.52222869345758,72.0,K_HH,304,8.094637223974763,19.0
0.1922222222222222,0.0,efpb__004,efpb,0.0,0.38,2.311111111111111,10.43956043956044,7.931333064840919,72.0,K_HH,305,7.368589743589744,18.0
0.11333333333333333,0.0,efpb__004,efpb,0.0,0.34,0.4777777777777778,4.495798319327731,4.8159203980099505,60.0,K_HL,301,5.127659574468085,22.0
0.11666666666666667,0.0,efpb__004,efpb,0.0,0.26,0.46,4.441441441441442,4.734133790737564,59.0,K_HL,302,5.0,15.0
0.1111111111111111,0.0,efpb__004,efpb,0.0,0.25,0.37666666666666665,4.0636363636363635,4.058797909407665,56.0,K_HL,303,4.054347826086956,16.0
0.12444444444444444,0.0,efpb__004,efpb,0.0,0.24,0.38333333333333336,3.54,3.849726775956284,61.0,K_HL,304,4.108695652173913,17.0
0.11222222222222222,0.0,efpb__004,efpb,0.0,0.28,0.43777777777777777,4.681318681318682,4.8140632373761205,53.0,K_HL,305,4.913978494623656,17.0
0.21333333333333335,0.0,efpb__004,efpb,0.0,0.34,2.1766666666666667,11.258064516129032,7.229508196721311,71.0,K_LH,301,6.923566878980892,18.0
0.2111111111111111,0.0,efpb__004,efpb,0.0,0.39,2.0044444444444443,14.866666666666667,6.924012855831038,70.0,K_LH,302,6.336538461538462,17.0
0.22,0.0,efpb__004,efpb,0.0,0.47,1.6566666666666667,10.76,5.678588016720854,68.0,K_LH,303,5.365384615384615,14.0
0.23222222222222222,0.0,efpb__004,efpb,0.0,0.31,1.5966666666666667,17.25,5.872723026623073,67.0,K_LH,304,5.3152866242038215,17.0
0.23,0.0,efpb__004,efpb,0.0,0.57,1.8811111111111112,15.173913043478262,6.469644103279832,68.0,K_LH,305,5.977635782747604,16.0
0.17666666666666667,0.0,efpb__004,efpb,0.0,0.26,1.45,7.616438356164384,6.959928762243989,71.0,K_MM,301,6.778325123152709,17.0
0.17777777777777778,0.0,efpb__004,efpb,0.0,0.26,1.3588888888888888,7.144927536231884,6.587153196622436,70.0,K_MM,302,6.4405940594059405,18.0
0.18333333333333332,0.0,efpb__004,efpb,0.0,0.29,1.471111111111111,8.36231884057971,7.177623642943305,70.0,K_MM,303,6.866336633663367,16.0
0.18444444444444444,0.0,efpb__004,efpb,0.0,0.38,1.4388888888888889,7.951612903225806,7.009588617383234,69.0,K_MM,304,6.786069651741293,15.0
0.18444444444444444,0.0,efpb__004,efpb,0.0,0.32,1.4555555555555555,8.365384615384615,7.039086929330833,69.0,K_MM,305,6.781553398058253,16.0
0.18555555555555556,0.0,efpb__004,efpb,0.0,0.59,38.1,28.259786476868328,53.86468212977744,57.0,K_OO,301,63.043117744610285,37.0
0.18555555555555556,0.0,efpb__004,efpb,0.0,0.58,36.77333333333333,28.550877192982455,51.53430779257053,58.0,K_OO,302,59.83525535420099,33.0
0.18333333333333332,0.0,efpb__004,efpb,0.0,0.55,36.873333333333335,26.61904761904762,51.34194089680246,56.0,K_OO,303,60.67612687813022,35.0
0.18666666666666668,0.0,efpb__004,efpb,0.0,0.57,36.73,29.560137457044675,50.95317664340801,57.0,K_OO,304,58.75244299674267,35.0
0.19111111111111112,0.0,efpb__004,efpb,0.0,0.54,34.76888888888889,26.156133828996282,48.341727941176465,58.0,K_OO,305,55.628571428571426,33.0
0.1988888888888889,0.0,efpb__004,efpb,0.0,0.55,19.065555555555555,27.672566371681416,31.66257157730349,62.0,K_SS,301,32.89026548672567,28.0
0.20555555555555555,0.0,efpb__004,efpb,0.0,0.57,19.33888888888889,25.570093457943926,31.225258108249037,62.0,K_SS,302,32.8499127399651,27.0
0.2,0.0,efpb__004,efpb,0.0,0.54,20.404444444444444,23.114035087719298,32.572640620090084,61.0,K_SS,303,35.540250447227194,29.0
0.20777777777777778,0.0,efpb__004,efpb,0.0,0.55,18.04111111111111,25.796208530805686,29.09888980263158,63.0,K_SS,304,30.013651877133107,26.0
0.21,0.0,efpb__004,efpb,0.0,0.55,16.984444444444446,25.755,27.873436196830692,63.0,K_SS,305,28.431506849315067,25.0
0.19111111111111112,0.0,efpb__004,efpb,0.0,0.4,3.5566666666666666,12.432258064516128,9.545133784181123,72.0,K_XX,301,8.693069306930694,20.0
0.1922222222222222,0.0,efpb__004,efpb,0.0,0.53,3.4133333333333336,11.290322580645162,9.099529550132313,72.0,K_XX,302,8.452970297029703,20.0
0.18666666666666668,0.0,efpb__004,efpb,0.0,0.36,3.1222222222222222,11.305194805194805,8.518736223365172,72.0,K_XX,303,7.703703703703703,19.0
0.1922222222222222,0.0,efpb__004,efpb,0.0,0.39,3.0522222222222224,11.413533834586467,8.368341404358354,72.0,K_XX,304,7.600985221674877,20.0
0.19777777777777777,0.0,efpb__004,efpb,0.0,0.31,2.861111111111111,11.817460317460318,8.07754665035179,72.0,K_XX,305,7.184729064039409,18.0
0.18666666666666668,0.0,efpb__005,efpb,0.0,0.34,2.736666666666667,10.64406779661017,9.143154311649017,73.0,K_HH,301,8.712025316455696,19.0
0.18,0.0,efpb__005,efpb,0.0,0.38,2.568888888888889,10.875,8.834736036725326,73.0,K_HH,302,8.278481012658228,22.0
0.17555555555555555,0.0,efpb__005,efpb,0.0,0.34,2.4477777777777776,8.96551724137931,8.076690020829389,73.0,K_HH,303,7.826498422712934,22.0
0.1922222222222222,0.0,efpb__005,efpb,0.0,0.39,2.5677777777777777,10.278846153846153,8.625460182135246,72.0,K_HH,304,8.20820189274448,21.0
0.19111111111111112,0.0,efpb__005,efpb,0.0,0.47,2.568888888888889,12.197802197802197,8.958258795468097,72.0,K_HH,305,8.242902208201892,18.0
0.11777777777777777,0.0,efpb__005,efpb,0.0,0.34,0.41555555555555557,5.697478991596639,5.12380158399333,59.0,K_HL,301,4.559139784946237,24.0
0.12111111111111111,0.0,efpb__005,efpb,0.0,0.26,0.4388888888888889,4.864864864864865,4.835334476843911,60.0,K_HL,302,4.808510638297872,15.0
0.1111111111111111,0.0,efpb__005,efpb,0.0,0.25,0.37666666666666665,4.0636363636363635,4.058797909407665,56.0,K_HL,303,4.054347826086956,16.0
0.12444444444444444,0.0,efpb__005,efpb,0.0,0.24,0.38333333333333336,3.54,3.849726775956284,61.0,K_HL,304,4.108695652173913,17.0
0.11666666666666667,0.0,efpb__005,efpb,0.0,0.24,0.4255555555555556,5.054945054945055,4.907031618688061,54.0,K_HL,305,4.795698924731183,16.0
0.21222222222222223,0.0,efpb__005,efpb,0.0,0.54,1.9522222222222223,13.064516129032258,6.820735327700388,69.0,K_LH,301,6.345047923322683,19.0
0.2111111111111111,0.0,efpb__005,efpb,0.0,0.39,2.0033333333333334,14.6,6.917338245452453,70.0,K_LH,302,6.347266881028939,17.0
0.22,0.0,efpb__005,efpb,0.0,0.47,1.6566666666666667,10.76,5.678588016720854,68.0,K_LH,303,5.365384615384615,14.0
0.2311111111111111,0.0,efpb__005,efpb,0.0,0.31,1.6877777777777778,15.05,5.973295853829936,67.0,K_LH,304,5.527156549520766,17.0
0.23,0.0,efpb__005,efpb,0.0,0.57,1.8811111111111112,15.173913043478262,6.469644103279832,68.0,K_LH,305,5.977635782747604,16.0
0.17555555555555555,0.0,efpb__005,efpb,0.0,0.26,1.5477777777777777,8.506849315068493,7.561887800534284,72.0,K_MM,301,7.300492610837439,17.0
0.18333333333333332,0.0,efpb__005,efpb,0.0,0.27,1.3677777777777778,6.913043478260869,6.605548854041013,70.0,K_MM,302,6.524752475247524,18.0
0.18333333333333332,0.0,efpb__005,efpb,0.0,0.29,1.5777777777777777,8.898550724637682,7.715410233121405,69.0,K_MM,303,7.402985074626866,16.0
0.17777777777777778,0.0,efpb__005,efpb,0.0,0.32,1.5255555555555556,6.161290322580645,6.959789669038046,70.0,K_MM,304,7.149253731343284,18.0
0.18444444444444444,0.0,efpb__005,efpb,0.0,0.32,1.4555555555555555,8.365384615384615,7.039086929330833,69.0,K_MM,305,6.781553398058253,16.0
0.18444444444444444,0.0,efpb__005,efpb,0.0,0.56,34.034444444444446,28.532423208191126,49.24978902953587,57.0,K_OO,301,57.09747899159664,33.0
0.18555555555555556,0.0,efpb__005,efpb,0.0,0.58,36.72666666666667,29.12280701754386,51.323820995089406,58.0,K_OO,302,59.289689034369886,34.0
0.18333333333333332,0.0,efpb__005,efpb,0.0,0.55,36.824444444444445,26.996598639455783,51.80246333207974,56.0,K_OO,303,61.27871621621622,35.0
0.18555555555555556,0.0,efpb__005,efpb,0.0,0.58,37.24666666666667,29.846153846153847,52.0693132850463,58.0,K_OO,304,59.96768982229402,36.0
0.19111111111111112,0.0,efpb__005,efpb,0.0,0.56,36.66777777777778,27.98867924528302,52.790107983031234,57.0,K_OO,305,61.3013468013468,34.0
0.2011111111111111,0.0,efpb__005,efpb,0.0,0.57,19.22888888888889,27.02252252252252,31.40623392655077,61.0,K_SS,301,32.70363951473137,28.0
0.20222222222222222,0.0,efpb__005,efpb,0.0,0.56,18.43,24.254545454545454,29.48970557957587,61.0,K_SS,302,31.02249134948097,27.0
0.20333333333333334,0.0,efpb__005,efpb,0.0,0.57,19.142222222222223,26.83478260869565,31.11329645564434,61.0,K_SS,303,32.43205574912892,28.0
0.2088888888888889,0.0,efpb__005,efpb,0.0,0.55,18.155555555555555,27.1924882629108,29.5713405238829,62.0,K_SS,304,30.237606837606837,27.0
0.21444444444444444,0.0,efpb__005,efpb,0.0,0.56,16.176666666666666,28.358585858585858,27.317331670822945,63.0,K_SS,305,27.047619047619047,25.0
0.17888888888888888,0.0,efpb__005,efpb,0.0,0.34,3.4633333333333334,9.738853503184714,8.690282222868781,74.0,K_XX,301,8.379901960784315,20.0
0.19111111111111112,0.0,efpb__005,efpb,0.0,0.53,3.3088888888888888,10.55483870967742,8.788591590708615,72.0,K_XX,302,8.267326732673267,20.0
0.18666666666666668,0.0,efpb__005,efpb,0.0,0.48,3.381111111111111,10.846666666666666,8.930835308056873,71.0,K_XX,303,8.383663366336634,21.0
0.1922222222222222,0.0,efpb__005,efpb,0.0,0.37,3.15,10.18796992481203,8.334145227584107,72.0,K_XX,304,7.863523573200992,21.0
0.19111111111111112,0.0,efpb__005,efpb,0.0,0.37,3.1166666666666667,10.682539682539682,8.377791373508717,72.0,K_XX,305,7.827586206896552,20.0
0.19111111111111112,0.0,efpb__006,efpb,0.0,0.36,2.7155555555555555,12.033898305084746,9.31729862290134,73.0,K_HH,301,8.53943217665615,19.0
0.1922222222222222,0.0,efpb__006,efpb,0.0,0.35,2.4922222222222223,10.585585585585585,8.606873913882987,72.0,K_HH,302,8.06709265175719,19.0
0.18555555555555556,0.0,efpb__006,efpb,0.0,0.27,2.4722222222222223,10.339130434782609,8.411686586985391,73.0,K_HH,303,7.873817034700315,19.0
0.18555555555555556,0.0,efpb__006,efpb,0.0,0.37,2.6544444444444446,10.980582524271844,8.871092991652105,73.0,K_HH,304,8.343848580441641,21.0
0.19555555555555557,0.0,efpb__006,efpb,0.0,0.37,2.6433333333333335,11.516483516483516,9.042067307692307,73.0,K_HH,305,8.490445859872612,19.0
0.12,0.0,efpb__006,efpb,0.0,0.27,0.43444444444444447,6.235294117647059,5.474709784411277,59.0,K_HL,301,4.73404255319149,16.0
0.12111111111111111,0.0,efpb__006,efpb,0.0,0.26,0.43,4.882882882882883,4.799313893653517,60.0,K_HL,302,4.723404255319149,14.0
0.1111111111111111,0.0,efpb__006,efpb,0.0,0.25,0.37666666666666665,4.0636363636363635,4.058797909407665,56.0,K_HL,303,4.054347826086956,16.0
0.12333333333333334,0.0,efpb__006,efpb,0.0,0.24,0.38666666666666666,3.68,3.9253187613843346,60.0,K_HL,304,4.130434782608695,16.0
0.11222222222222222,0.0,efpb__006,efpb,0.0,0.27,0.3933333333333333,5.3076923076923075,4.813119395941482,53.0,K_HL,305,4.440860215053763,18.0
0.2111111111111111,0.0,efpb__006,efpb,0.0,0.24,2.207777777777778,12.258064516129032,7.510306917086579,70.0,K_LH,301,7.147435897435898,18.0
0.2111111111111111,0.0,efpb__006,efpb,0.0,0.33,2.1366666666666667,12.033333333333333,7.249653579676674,70.0,K_LH,302,6.893548387096774,19.0
0.21888888888888888,0.0,efpb__006,efpb,0.0,0.27,1.7933333333333332,11.28,6.031720305626302,68.0,K_LH,303,5.7092651757188495,15.0
0.23444444444444446,0.0,efpb__006,efpb,0.0,0.3,1.9766666666666666,13.380952380952381,6.726805328347744,68.0,K_LH,304,6.383386581469648,17.0
0.22444444444444445,0.0,efpb__006,efpb,0.0,0.34,2.1577777777777776,10.565217391304348,7.1358998144712436,68.0,K_LH,305,6.942675159235669,18.0
0.17666666666666667,0.0,efpb__006,efpb,0.0,0.27,1.4255555555555555,8.013698630136986,6.995844464232711,71.0,K_MM,301,6.714285714285714,15.0
0.18222222222222223,0.0,efpb__006,efpb,0.0,0.26,1.3922222222222222,7.536231884057971,6.790108564535585,71.0,K_MM,302,6.594059405940594,16.0
0.17777777777777778,0.0,efpb__006,efpb,0.0,0.27,1.508888888888889,8.594202898550725,7.367008443908323,70.0,K_MM,303,7.044554455445544,16.0
0.18333333333333332,0.0,efpb__006,efpb,0.0,0.27,1.4555555555555555,8.080645161290322,7.010166358595193,69.0,K_MM,304,6.757425742574258,15.0
0.18444444444444444,0.0,efpb__006,efpb,0.0,0.25,1.231111111111111,7.211538461538462,5.993746091307067,69.0,K_MM,305,5.757281553398058,16.0
0.17333333333333334,0.0,efpb__006,efpb,0.0,0.44,33.37222222222222,24.445993031358885,47.749011113203984,74.0,K_OO,301,56.380872483221474,25.0
0.17444444444444446,0.0,efpb__006,efpb,0.0,0.47,33.32888888888889,23.14946619217082,47.524703651019436,73.0,K_OO,302,56.37983193277311,26.0
0.16777777777777778,0.0,efpb__006,efpb,0.0,0.55,34.757777777777775,24.926421404682273,47.97283995625228,74.0,K_OO,303,56.60586319218241,28.0
0.17333333333333334,0.0,efpb__006,efpb,0.0,0.44,34.17444444444445,22.431654676258994,47.46971407072987,75.0,K_OO,304,56.33443708609271,25.0
0.18555555555555556,0.0,efpb__006,efpb,0.0,0.91,29.903333333333332,24.022556390977442,42.61716202366532,73.0,K_OO,305,48.743961352657,23.0
0.1811111111111111,0.0,efpb__006,efpb,0.0,0.44,19.69333333333333,18.522321428571427,30.360321771834514,73.0,K_SS,301,33.976950354609926,22.0
0.18555555555555556,0.0,efpb__006,efpb,0.0,0.34,18.16777777777778,15.516279069767442,27.38038079470199,73.0,K_SS,302,30.775086505190313,20.0
0.18333333333333332,0.0,efpb__006,efpb,0.0,0.32,18.267777777777777,15.309734513274336,26.830047517945605,74.0,K_SS,303,30.24190800681431,20.0
0.19111111111111112,0.0,efpb__006,efpb,0.0,0.47,20.357777777777777,18.00966183574879,32.088185654008434,72.0,K_SS,304,36.02105263157895,22.0
0.19,0.0,efpb__006,efpb,0.0,0.36,18.93,16.505050505050505,29.450539956803453,73.0,K_SS,305,32.97142857142857,21.0
0.18777777777777777,0.0,efpb__006,efpb,0.0,0.31,3.2355555555555555,11.987096774193548,8.924135910954892,74.0,K_XX,301,8.024630541871922,19.0
0.18555555555555556,0.0,efpb__006,efpb,0.0,0.27,3.0166666666666666,11.522875816993464,8.381169212690951,73.0,K_XX,302,7.470443349753695,19.0
0.18666666666666668,0.0,efpb__006,efpb,0.0,0.37,3.351111111111111,12.46103896103896,9.104273005687618,73.0,K_XX,303,8.1320293398533,19.0
0.19111111111111112,0.0,efpb__006,efpb,0.0,0.35,3.312222222222222,12.56115107913669,9.009262025694651,73.0,K_XX,304,8.07843137254902,19.0
0.18555555555555556,0.0,efpb__006,efpb,0.0,0.35,3.4811111111111113,11.6484375,9.112311672500379,73.0,K_XX,305,8.498771498771498,19.0
0.19,0.0,efpb__007,efpb,0.0,0.45,2.7288888888888887,10.0,8.687393040501997,73.0,K_HH,301,8.303514376996805,19.0
0.19333333333333333,0.0,efpb__007,efpb,0.0,0.37,2.5322222222222224,9.872727272727273,8.478903363795453,71.0,K_HH,302,8.09967845659164,22.0
0.1922222222222222,0.0,efpb__007,efpb,0.0,0.41,2.91,10.445454545454545,9.396625290923195,73.0,K_HH,303,9.112179487179487,20.0
0.1922222222222222,0.0,efpb__007,efpb,0.0,0.37,2.368888888888889,10.106796116504855,8.106341463414633,72.0,K_HH,304,7.603174603174603,18.0
0.1922222222222222,0.0,efpb__007,efpb,0.0,0.38,2.31,10.68131868131868,7.962545308095046,72.0,K_HH,305,7.352564102564102,18.0
0.11333333333333333,0.0,efpb__007,efpb,0.0,0.34,0.4777777777777778,4.495798319327731,4.8159203980099505,60.0,K_HL,301,5.127659574468085,22.0
0.11666666666666667,0.0,efpb__007,efpb,0.0,0.26,0.46,4.441441441441442,4.734133790737564,59.0,K_HL,302,5.0,15.0
0.1111111111111111,0.0,efpb__007,efpb,0.0,0.25,0.37666666666666665,4.0636363636363635,4.058797909407665,56.0,K_HL,303,4.054347826086956,16.0
0.12444444444444444,0.0,efpb__007,efpb,0.0,0.24,0.38333333333333336,3.54,3.849726775956284,61.0,K_HL,304,4.108695652173913,17.0
0.11222222222222222,0.0,efpb__007,efpb,0.0,0.28,0.43777777777777777,4.681318681318682,4.8140632373761205,53.0,K_HL,305,4.913978494623656,17.0
0.21222222222222223,0.0,efpb__007,efpb,0.0,0.54,2.0,12.225806451612904,6.8183060109289615,69.0,K_LH,301,6.407643312101911,18.0
0.2111111111111111,0.0,efpb__007,efpb,0.0,0.39,2.0044444444444443,14.866666666666667,6.924012855831038,70.0,K_LH,302,6.336538461538462,17.0
0.22111111111111112,0.0,efpb__007,efpb,0.0,0.49,1.558888888888889,11.72,5.394998842324613,67.0,K_LH,303,5.006389776357827,15.0
0.23222222222222222,0.0,efpb__007,efpb,0.0,0.31,1.5966666666666667,17.25,5.872723026623073,67.0,K_LH,304,5.3152866242038215,17.0
0.23,0.0,efpb__007,efpb,0.0,0.57,1.8811111111111112,15.173913043478262,6.469644103279832,68.0,K_LH,305,5.977635782747604,16.0
0.17666666666666667,0.0,efpb__007,efpb,0.0,0.26,1.45,7.616438356164384,6.959928762243989,71.0,K_MM,301,6.778325123152709,17.0
0.18333333333333332,0.0,efpb__007,efpb,0.0,0.26,1.441111111111111,6.971014492753623,6.8332328106152005,70.0,K_MM,302,6.797029702970297,17.0
0.17888888888888888,0.0,efpb__007,efpb,0.0,0.36,1.5755555555555556,8.884057971014492,7.721351025331726,69.0,K_MM,303,7.415841584158416,16.0
0.18444444444444444,0.0,efpb__007,efpb,0.0,0.38,1.4388888888888889,7.951612903225806,7.009588617383234,69.0,K_MM,304,6.786069651741293,15.0
0.1811111111111111,0.0,efpb__007,efpb,0.0,0.25,1.4222222222222223,8.25,6.987654320987654,67.0,K_MM,305,6.738916256157635,16.0
0.18666666666666668,0.0,efpb__007,efpb,0.0,0.59,37.973333333333336,28.366548042704625,54.07520786092214,57.0,K_OO,301,63.36789297658863,38.0
0.18555555555555556,0.0,efpb__007,efpb,0.0,0.58,36.72666666666667,29.12280701754386,51.323820995089406,58.0,K_OO,302,59.289689034369886,34.0
0.18333333333333332,0.0,efpb__007,efpb,0.0,0.55,36.824444444444445,26.996598639455783,51.80246333207974,56.0,K_OO,303,61.27871621621622,35.0
0.1811111111111111,0.0,efpb__007,efpb,0.0,0.55,38.94222222222222,29.388316151202748,54.370249627421764,56.0,K_OO,304,63.659468438538205,38.0
0.18555555555555556,0.0,efpb__007,efpb,0.0,0.56,37.54888888888889,27.396296296296295,53.349033358605006,58.0,K_OO,305,62.27317880794702,36.0
0.1988888888888889,0.0,efpb__007,efpb,0.0,0.55,19.065555555555555,27.672566371681416,31.66257157730349,62.0,K_SS,301,32.89026548672567,28.0
0.20555555555555555,0.0,efpb__007,efpb,0.0,0.57,19.33888888888889,25.570093457943926,31.225258108249037,62.0,K_SS,302,32.8499127399651,27.0
0.2,0.0,efpb__007,efpb,0.0,0.54,20.284444444444443,23.114035087719298,32.27023648296698,61.0,K_SS,303,35.12255772646537,28.0
0.20777777777777778,0.0,efpb__007,efpb,0.0,0.55,18.04111111111111,25.796208530805686,29.09888980263158,63.0,K_SS,304,30.013651877133107,26.0
0.21,0.0,efpb__007,efpb,0.0,0.55,17.165555555555557,26.175,28.533305227655987,62.0,K_SS,305,29.163194444444443,26.0
0.19111111111111112,0.0,efpb__007,efpb,0.0,0.4,3.5566666666666666,12.432258064516128,9.545133784181123,72.0,K_XX,301,8.693069306930694,20.0
0.1922222222222222,0.0,efpb__007,efpb,0.0,0.53,3.4133333333333336,11.290322580645162,9.099529550132313,72.0,K_XX,302,8.452970297029703,20.0
0.18666666666666668,0.0,efpb__007,efpb,0.0,0.36,3.1222222222222222,11.305194805194805,8.518736223365172,72.0,K_XX,303,7.703703703703703,19.0
0.1922222222222222,0.0,efpb__007,efpb,0.0,0.39,3.0522222222222224,11.413533834586467,8.368341404358354,72.0,K_XX,304,7.600985221674877,20.0
0.19777777777777777,0.0,efpb__007,efpb,0.0,0.31,2.861111111111111,11.817460317460318,8.07754665035179,72.0,K_XX,305,7.184729064039409,18.0
0.19111111111111112,0.0,efpb__008,efpb,0.0,0.36,2.7155555555555555,12.033898305084746,9.31729862290134,73.0,K_HH,301,8.53943217665615,19.0
0.1922222222222222,0.0,efpb__008,efpb,0.0,0.27,2.42,11.0990990990991,8.64234426547642,72.0,K_HH,302,7.967845659163987,18.0
0.19111111111111112,0.0,efpb__008,efpb,0.0,0.36,2.5844444444444443,10.136363636363637,8.630409356725146,73.0,K_HH,303,8.219354838709677,19.0
0.18555555555555556,0.0,efpb__008,efpb,0.0,0.38,2.6355555555555554,11.077669902912621,8.905649388468259,73.0,K_HH,304,8.362776025236593,21.0
0.19555555555555557,0.0,efpb__008,efpb,0.0,0.37,2.6433333333333335,11.516483516483516,9.042067307692307,73.0,K_HH,305,8.490445859872612,19.0
0.11444444444444445,0.0,efpb__008,efpb,0.0,0.27,0.47,5.436974789915967,5.287203001250521,57.0,K_HL,301,5.139784946236559,15.0
0.11666666666666667,0.0,efpb__008,efpb,0.0,0.26,0.46,4.441441441441442,4.734133790737564,59.0,K_HL,302,5.0,15.0
0.1111111111111111,0.0,efpb__008,efpb,0.0,0.25,0.37666666666666665,4.0636363636363635,4.058797909407665,56.0,K_HL,303,4.054347826086956,16.0
0.12333333333333334,0.0,efpb__008,efpb,0.0,0.24,0.38666666666666666,3.68,3.9253187613843346,60.0,K_HL,304,4.130434782608695,16.0
0.1111111111111111,0.0,efpb__008,efpb,0.0,0.27,0.42333333333333334,5.450549450549451,5.040113260972157,54.0,K_HL,305,4.731182795698925,17.0
0.2111111111111111,0.0,efpb__008,efpb,0.0,0.24,2.207777777777778,12.258064516129032,7.510306917086579,70.0,K_LH,301,7.147435897435898,18.0
0.2111111111111111,0.0,efpb__008,efpb,0.0,0.33,2.1366666666666667,12.033333333333333,7.249653579676674,70.0,K_LH,302,6.893548387096774,19.0
0.21888888888888888,0.0,efpb__008,efpb,0.0,0.27,1.7933333333333332,11.28,6.031720305626302,68.0,K_LH,303,5.7092651757188495,15.0
0.23444444444444446,0.0,efpb__008,efpb,0.0,0.3,1.9766666666666666,13.380952380952381,6.726805328347744,68.0,K_LH,304,6.383386581469648,17.0
0.22444444444444445,0.0,efpb__008,efpb,0.0,0.38,2.2044444444444444,11.173913043478262,7.249768089053803,68.0,K_LH,305,7.028662420382165,19.0
0.17666666666666667,0.0,efpb__008,efpb,0.0,0.27,1.4255555555555555,8.013698630136986,6.995844464232711,71.0,K_MM,301,6.714285714285714,15.0
0.18222222222222223,0.0,efpb__008,efpb,0.0,0.26,1.3922222222222222,7.536231884057971,6.790108564535585,71.0,K_MM,302,6.594059405940594,16.0
0.17888888888888888,0.0,efpb__008,efpb,0.0,0.26,1.4733333333333334,8.130434782608695,7.168576598311219,68.0,K_MM,303,6.915841584158416,16.0
0.18333333333333332,0.0,efpb__008,efpb,0.0,0.27,1.4155555555555555,8.516129032258064,6.957178065311152,69.0,K_MM,304,6.589108910891089,15.0
0.17888888888888888,0.0,efpb__008,efpb,0.0,0.25,1.3866666666666667,8.653846153846153,6.9512503956948395,69.0,K_MM,305,6.615763546798029,15.0
0.21,0.0,efpb__008,efpb,0.0,4.46,32.605555555555554,200.85534591194968,90.6204473391036,61.0,K_OO,301,49.32618683001532,69.0
0.1922222222222222,0.0,efpb__008,efpb,0.0,3.46,34.95666666666666,156.97972972972974,83.02211661487846,58.0,K_OO,302,55.59609120521173,82.0
0.1711111111111111,0.0,efpb__008,efpb,0.0,3.46,40.04555555555555,150.578125,91.72705291546544,53.0,K_OO,303,66.79345955249569,90.0
0.0,0.0,efpb__008,efpb,0.0,9.82,83.41444444444444,453.34317343173433,608.3142785192647,0.0,K_OO,304,941.360824742268,893.0
0.2,0.0,efpb__008,efpb,0.0,4.61,29.90111111111111,205.3181818181818,88.37278106508876,59.0,K_OO,305,47.208,111.0
0.22333333333333333,0.0,efpb__008,efpb,0.0,3.66,14.574444444444444,147.1596638655462,52.71104731736289,69.0,K_SS,301,23.6010101010101,18.0
0.1988888888888889,0.0,efpb__008,efpb,0.0,1.52,17.986666666666668,31.772093023255813,30.604878550843967,72.0,K_SS,302,30.27319587628866,21.0
0.21666666666666667,0.0,efpb__008,efpb,0.0,2.6,15.787777777777778,103.61061946902655,42.78804938271605,70.0,K_SS,303,25.310743801652894,19.0
0.23444444444444446,0.0,efpb__008,efpb,0.0,4.08,16.215555555555557,191.66666666666666,60.599801291604564,68.0,K_SS,304,26.665040650406503,19.0
0.2222222222222222,0.0,efpb__008,efpb,0.0,2.23,15.684444444444445,77.04545454545455,36.006032719836405,70.0,K_SS,305,25.588333333333335,19.0
0.18777777777777777,0.0,efpb__008,efpb,0.0,0.31,3.2355555555555555,11.987096774193548,8.924135910954892,74.0,K_XX,301,8.024630541871922,19.0
0.18666666666666668,0.0,efpb__008,efpb,0.0,0.32,3.3233333333333333,11.522875816993464,8.784899034240562,73.0,K_XX,302,7.995098039215686,20.0
0.19111111111111112,0.0,efpb__008,efpb,0.0,0.37,3.3355555555555556,13.5,9.351548801870251,73.0,K_XX,303,8.147058823529411,19.0
0.19111111111111112,0.0,efpb__008,efpb,0.0,0.35,3.312222222222222,12.56115107913669,9.009262025694651,73.0,K_XX,304,8.07843137254902,19.0
0.18555555555555556,0.0,efpb__008,efpb,0.0,0.35,3.4455555555555555,11.609375,9.065263799939006,73.0,K_XX,305,8.448275862068966,19.0
0.19111111111111112,0.0,efpb__009,efpb,0.0,0.36,2.7155555555555555,12.033898305084746,9.31729862290134,73.0,K_HH,301,8.53943217665615,19.0
0.1922222222222222,0.0,efpb__009,efpb,0.0,0.35,2.4922222222222223,10.585585585585585,8.606873913882987,72.0,K_HH,302,8.06709265175719,19.0
0.18555555555555556,0.0,efpb__009,efpb,0.0,0.27,2.4722222222222223,10.339130434782609,8.411686586985391,73.0,K_HH,303,7.873817034700315,19.0
0.18555555555555556,0.0,efpb__009,efpb,0.0,0.37,2.6544444444444446,10.980582524271844,8.871092991652105,73.0,K_HH,304,8.343848580441641,21.0
0.19555555555555557,0.0,efpb__009,efpb,0.0,0.37,2.6433333333333335,11.516483516483516,9.042067307692307,73.0,K_HH,305,8.490445859872612,19.0
0.12,0.0,efpb__009,efpb,0.0,0.27,0.43444444444444447,6.235294117647059,5.474709784411277,59.0,K_HL,301,4.73404255319149,16.0
0.12111111111111111,0.0,efpb__009,efpb,0.0,0.26,0.43,4.882882882882883,4.799313893653517,60.0,K_HL,302,4.723404255319149,14.0
0.1111111111111111,0.0,efpb__009,efpb,0.0,0.25,0.37666666666666665,4.0636363636363635,4.058797909407665,56.0,K_HL,303,4.054347826086956,16.0
0.12333333333333334,0.0,efpb__009,efpb,0.0,0.24,0.38666666666666666,3.68,3.9253187613843346,60.0,K_HL,304,4.130434782608695,16.0
0.11222222222222222,0.0,efpb__009,efpb,0.0,0.27,0.3933333333333333,5.3076923076923075,4.813119395941482,53.0,K_HL,305,4.440860215053763,18.0
0.2111111111111111,0.0,efpb__009,efpb,0.0,0.24,2.207777777777778,12.258064516129032,7.510306917086579,70.0,K_LH,301,7.147435897435898,18.0
0.2111111111111111,0.0,efpb__009,efpb,0.0,0.33,2.1366666666666667,12.033333333333333,7.249653579676674,70.0,K_LH,302,6.893548387096774,19.0
0.21888888888888888,0.0,efpb__009,efpb,0.0,0.27,1.7933333333333332,11.28,6.031720305626302,68.0,K_LH,303,5.7092651757188495,15.0
0.23444444444444446,0.0,efpb__009,efpb,0.0,0.3,1.9766666666666666,13.380952380952381,6.726805328347744,68.0,K_LH,304,6.383386581469648,17.0
0.22444444444444445,0.0,efpb__009,efpb,0.0,0.34,2.1577777777777776,10.565217391304348,7.1358998144712436,68.0,K_LH,305,6.942675159235669,18.0
0.17666666666666667,0.0,efpb__009,efpb,0.0,0.27,1.4255555555555555,8.013698630136986,6.995844464232711,71.0,K_MM,301,6.714285714285714,15.0
0.18222222222222223,0.0,efpb__009,efpb,0.0,0.26,1.3922222222222222,7.536231884057971,6.790108564535585,71.0,K_MM,302,6.594059405940594,16.0
0.17777777777777778,0.0,efpb__009,efpb,0.0,0.27,1.508888888888889,8.594202898550725,7.367008443908323,70.0,K_MM,303,7.044554455445544,16.0
0.18333333333333332,0.0,efpb__009,efpb,0.0,0.27,1.4555555555555555,8.080645161290322,7.010166358595193,69.0,K_MM,304,6.757425742574258,15.0
0.18444444444444444,0.0,efpb__009,efpb,0.0,0.25,1.231111111111111,7.211538461538462,5.993746091307067,69.0,K_MM,305,5.757281553398058,16.0
0.21,0.0,efpb__009,efpb,0.0,4.46,32.605555555555554,200.85534591194968,90.6204473391036,61.0,K_OO,301,49.32618683001532,69.0
0.1922222222222222,0.0,efpb__009,efpb,0.0,3.46,34.95666666666666,156.97972972972974,83.02211661487846,58.0,K_OO,302,55.59609120521173,82.0
0.1711111111111111,0.0,efpb__009,efpb,0.0,3.46,40.04555555555555,150.578125,91.72705291546544,53.0,K_OO,303,66.79345955249569,90.0
0.0,0.0,efpb__009,efpb,0.0,9.82,83.41444444444444,453.34317343173433,608.3142785192647,0.0,K_OO,304,941.360824742268,893.0
0.2,0.0,efpb__009,efpb,0.0,4.61,29.90111111111111,205.3181818181818,88.37278106508876,59.0,K_OO,305,47.208,111.0
0.22333333333333333,0.0,efpb__009,efpb,0.0,3.66,14.574444444444444,147.1596638655462,52.71104731736289,69.0,K_SS,301,23.6010101010101,18.0
0.1988888888888889,0.0,efpb__009,efpb,0.0,1.52,17.986666666666668,31.772093023255813,30.604878550843967,72.0,K_SS,302,30.27319587628866,21.0
0.21666666666666667,0.0,efpb__009,efpb,0.0,2.6,15.787777777777778,103.61061946902655,42.78804938271605,70.0,K_SS,303,25.310743801652894,19.0
0.23444444444444446,0.0,efpb__009,efpb,0.0,4.08,16.215555555555557,191.66666666666666,60.599801291604564,68.0,K_SS,304,26.665040650406503,19.0
0.2222222222222222,0.0,efpb__009,efpb,0.0,2.23,15.684444444444445,77.04545454545455,36.006032719836405,70.0,K_SS,305,25.588333333333335,19.0
0.18777777777777777,0.0,efpb__009,efpb,0.0,0.31,3.2355555555555555,11.987096774193548,8.924135910954892,74.0,K_XX,301,8.024630541871922,19.0
0.18555555555555556,0.0,efpb__009,efpb,0.0,0.27,3.0166666666666666,11.522875816993464,8.381169212690951,73.0,K_XX,302,7.470443349753695,19.0
0.18666666666666668,0.0,efpb__009,efpb,0.0,0.37,3.351111111111111,12.46103896103896,9.104273005687618,73.0,K_XX,303,8.1320293398533,19.0
0.19111111111111112,0.0,efpb__009,efpb,0.0,0.35,3.312222222222222,12.56115107913669,9.009262025694651,73.0,K_XX,304,8.07843137254902,19.0
0.18555555555555556,0.0,efpb__009,efpb,0.0,0.35,3.4811111111111113,11.6484375,9.112311672500379,73.0,K_XX,305,8.498771498771498,19.0
0.18666666666666668,0.0,efpb__010,efpb,0.0,0.46,2.5722222222222224,10.711864406779661,8.605143721633889,73.0,K_HH,301,8.0,19.0
0.19777777777777777,0.0,efpb__010,efpb,0.0,0.4,2.362222222222222,10.945454545454545,8.211839814277424,72.0,K_HH,302,7.472843450479234,19.0
0.1922222222222222,0.0,efpb__010,efpb,0.0,0.41,2.71,11.1,9.13789759503491,73.0,K_HH,303,8.60576923076923,20.0
0.19333333333333333,0.0,efpb__010,efpb,0.0,0.39,2.502222222222222,10.865384615384615,8.619269619269621,71.0,K_HH,304,8.050632911392405,19.0
0.19777777777777777,0.0,efpb__010,efpb,0.0,0.46,2.41,11.043956043956044,8.419471153846153,71.0,K_HH,305,7.834394904458598,17.0
0.11333333333333333,0.0,efpb__010,efpb,0.0,0.34,0.4777777777777778,4.495798319327731,4.8159203980099505,60.0,K_HL,301,5.127659574468085,22.0
0.11666666666666667,0.0,efpb__010,efpb,0.0,0.26,0.46,4.441441441441442,4.734133790737564,59.0,K_HL,302,5.0,15.0
0.1111111111111111,0.0,efpb__010,efpb,0.0,0.25,0.37666666666666665,4.0636363636363635,4.058797909407665,56.0,K_HL,303,4.054347826086956,16.0
0.12444444444444444,0.0,efpb__010,efpb,0.0,0.24,0.38333333333333336,3.54,3.849726775956284,61.0,K_HL,304,4.108695652173913,17.0
0.1111111111111111,0.0,efpb__010,efpb,0.0,0.28,0.43,4.989010989010989,4.897121283624351,54.0,K_HL,305,4.827956989247312,17.0
0.21222222222222223,0.0,efpb__010,efpb,0.0,0.54,2.0,12.225806451612904,6.8183060109289615,69.0,K_LH,301,6.407643312101911,18.0
0.21666666666666667,0.0,efpb__010,efpb,0.0,0.5,1.9366666666666668,14.633333333333333,6.804725503822099,69.0,K_LH,302,6.2200647249190935,18.0
0.22,0.0,efpb__010,efpb,0.0,0.47,1.59,12.222222222222221,5.546925566343042,67.0,K_LH,303,5.102564102564102,15.0
0.23222222222222222,0.0,efpb__010,efpb,0.0,0.31,1.5966666666666667,17.25,5.872723026623073,67.0,K_LH,304,5.3152866242038215,17.0
0.22,0.0,efpb__010,efpb,0.0,0.82,1.7644444444444445,17.083333333333332,6.272559000462749,67.0,K_LH,305,5.6369426751592355,20.0
0.17666666666666667,0.0,efpb__010,efpb,0.0,0.25,1.5333333333333334,7.383561643835616,7.272187592757494,71.0,K_MM,301,7.241379310344827,16.0
0.18333333333333332,0.0,efpb__010,efpb,0.0,0.26,1.441111111111111,6.971014492753623,6.8332328106152005,70.0,K_MM,302,6.797029702970297,17.0
0.17888888888888888,0.0,efpb__010,efpb,0.0,0.36,1.5755555555555556,8.884057971014492,7.721351025331726,69.0,K_MM,303,7.415841584158416,16.0
0.18444444444444444,0.0,efpb__010,efpb,0.0,0.38,1.3833333333333333,8.629032258064516,6.942468295700587,69.0,K_MM,304,6.54228855721393,15.0
0.18,0.0,efpb__010,efpb,0.0,0.36,0.97,7.4423076923076925,5.072509457755359,68.0,K_MM,305,4.607843137254902,16.0
0.1922222222222222,0.0,efpb__010,efpb,0.0,0.83,38.59777777777778,38.191335740072205,58.82698667674572,52.0,K_OO,301,66.14309484193012,49.0
0.18777777777777777,0.0,efpb__010,efpb,0.0,0.81,37.53333333333333,38.63573883161512,55.70383275261324,52.0,K_OO,302,62.14671163575042,45.0
0.19111111111111112,0.0,efpb__010,efpb,0.0,0.82,38.541111111111114,40.929765886287626,57.66768123962369,52.0,K_OO,303,64.04139072847683,48.0
0.17777777777777778,0.0,efpb__010,efpb,0.0,0.83,40.91777777777778,39.77627118644068,59.82130520026142,50.0,K_OO,304,67.44053601340033,44.0
0.19111111111111112,0.0,efpb__010,efpb,0.0,0.83,33.99888888888889,40.586715867158674,53.75979928043931,52.0,K_OO,305,58.306291390728475,40.0
0.2088888888888889,0.0,efpb__010,efpb,0.0,0.85,22.3,40.6981981981982,38.35684775872753,57.0,K_SS,301,37.6602787456446,37.0
0.2111111111111111,0.0,efpb__010,efpb,0.0,0.84,19.261111111111113,38.17727272727273,33.67158024945882,58.0,K_SS,302,32.350086655112655,33.0
0.1988888888888889,0.0,efpb__010,efpb,0.0,0.82,20.515555555555554,39.86521739130435,36.27633209417596,56.0,K_SS,303,35.15845070422535,35.0
0.2111111111111111,0.0,efpb__010,efpb,0.0,0.83,19.354444444444443,37.166666666666664,33.814125234033696,60.0,K_SS,304,32.877162629757784,34.0
0.21777777777777776,0.0,efpb__010,efpb,0.0,0.84,16.48777777777778,37.111111111111114,29.738695561575327,61.0,K_SS,305,27.822525597269625,30.0
0.19111111111111112,0.0,efpb__010,efpb,0.0,0.4,3.5566666666666666,12.432258064516128,9.545133784181123,72.0,K_XX,301,8.693069306930694,20.0
0.1922222222222222,0.0,efpb__010,efpb,0.0,0.53,3.4366666666666665,11.316129032258065,9.133822450476888,72.0,K_XX,302,8.491358024691358,20.0
0.1922222222222222,0.0,efpb__010,efpb,0.0,0.48,3.4955555555555557,11.746666666666666,9.262614340513426,72.0,K_XX,303,8.556650246305418,19.0
0.1922222222222222,0.0,efpb__010,efpb,0.0,0.39,3.0522222222222224,11.413533834586467,8.368341404358354,72.0,K_XX,304,7.600985221674877,20.0
0.1922222222222222,0.0,efpb__010,efpb,0.0,0.37,3.1344444444444446,11.341269841269842,8.514742014742014,72.0,K_XX,305,7.836633663366337,20.0
0.19111111111111112,0.0,efpb__011,efpb,0.0,0.36,2.7155555555555555,12.033898305084746,9.31729862290134,73.0,K_HH,301,8.53943217665615,19.0
0.1922222222222222,0.0,efpb__011,efpb,0.0,0.35,2.4922222222222223,10.585585585585585,8.606873913882987,72.0,K_HH,302,8.06709265175719,19.0
0.18555555555555556,0.0,efpb__011,efpb,0.0,0.27,2.4722222222222223,10.339130434782609,8.411686586985391,73.0,K_HH,303,7.873817034700315,19.0
0.18555555555555556,0.0,efpb__011,efpb,0.0,0.37,2.6544444444444446,10.980582524271844,8.871092991652105,73.0,K_HH,304,8.343848580441641,21.0
0.19555555555555557,0.0,efpb__011,efpb,0.0,0.37,2.6433333333333335,11.516483516483516,9.042067307692307,73.0,K_HH,305,8.490445859872612,19.0
0.11333333333333333,0.0,efpb__011,efpb,0.0,0.27,0.4633333333333333,5.563025210084033,5.311796581909129,58.0,K_HL,301,5.064516129032258,15.0
0.12111111111111111,0.0,efpb__011,efpb,0.0,0.26,0.43,4.882882882882883,4.799313893653517,60.0,K_HL,302,4.723404255319149,14.0
0.1111111111111111,0.0,efpb__011,efpb,0.0,0.25,0.37666666666666665,4.0636363636363635,4.058797909407665,56.0,K_HL,303,4.054347826086956,16.0
0.12333333333333334,0.0,efpb__011,efpb,0.0,0.24,0.38666666666666666,3.68,3.9253187613843346,60.0,K_HL,304,4.130434782608695,16.0
0.1111111111111111,0.0,efpb__011,efpb,0.0,0.27,0.42333333333333334,5.450549450549451,5.040113260972157,54.0,K_HL,305,4.731182795698925,17.0
0.2111111111111111,0.0,efpb__011,efpb,0.0,0.24,2.207777777777778,12.258064516129032,7.510306917086579,70.0,K_LH,301,7.147435897435898,18.0
0.2111111111111111,0.0,efpb__011,efpb,0.0,0.33,2.1366666666666667,12.033333333333333,7.249653579676674,70.0,K_LH,302,6.893548387096774,19.0
0.21888888888888888,0.0,efpb__011,efpb,0.0,0.27,1.7933333333333332,11.28,6.031720305626302,68.0,K_LH,303,5.7092651757188495,15.0
0.23444444444444446,0.0,efpb__011,efpb,0.0,0.3,1.9766666666666666,13.380952380952381,6.726805328347744,68.0,K_LH,304,6.383386581469648,17.0
0.22444444444444445,0.0,efpb__011,efpb,0.0,0.34,2.1577777777777776,10.565217391304348,7.1358998144712436,68.0,K_LH,305,6.942675159235669,18.0
0.17666666666666667,0.0,efpb__011,efpb,0.0,0.27,1.4255555555555555,8.013698630136986,6.995844464232711,71.0,K_MM,301,6.714285714285714,15.0
0.18222222222222223,0.0,efpb__011,efpb,0.0,0.26,1.3922222222222222,7.536231884057971,6.790108564535585,71.0,K_MM,302,6.594059405940594,16.0
0.17777777777777778,0.0,efpb__011,efpb,0.0,0.27,1.508888888888889,8.594202898550725,7.367008443908323,70.0,K_MM,303,7.044554455445544,16.0
0.18333333333333332,0.0,efpb__011,efpb,0.0,0.27,1.4555555555555555,8.080645161290322,7.010166358595193,69.0,K_MM,304,6.757425742574258,15.0
0.18444444444444444,0.0,efpb__011,efpb,0.0,0.25,1.231111111111111,7.211538461538462,5.993746091307067,69.0,K_MM,305,5.757281553398058,16.0
0.21,0.0,efpb__011,efpb,0.0,4.46,32.605555555555554,200.85534591194968,90.6204473391036,61.0,K_OO,301,49.32618683001532,69.0
0.1922222222222222,0.0,efpb__011,efpb,0.0,3.46,34.95666666666666,156.97972972972974,83.02211661487846,58.0,K_OO,302,55.59609120521173,82.0
0.1711111111111111,0.0,efpb__011,efpb,0.0,3.46,40.04555555555555,150.578125,91.72705291546544,53.0,K_OO,303,66.79345955249569,90.0
0.0,0.0,efpb__011,efpb,0.0,9.82,83.41444444444444,453.34317343173433,608.3142785192647,0.0,K_OO,304,941.360824742268,893.0
0.2,0.0,efpb__011,efpb,0.0,4.61,29.90111111111111,205.3181818181818,88.37278106508876,59.0,K_OO,305,47.208,111.0
0.22333333333333333,0.0,efpb__011,efpb,0.0,3.66,14.574444444444444,147.1596638655462,52.71104731736289,69.0,K_SS,301,23.6010101010101,18.0
0.1988888888888889,0.0,efpb__011,efpb,0.0,1.52,17.986666666666668,31.772093023255813,30.604878550843967,72.0,K_SS,302,30.27319587628866,21.0
0.21666666666666667,0.0,efpb__011,efpb,0.0,2.6,15.787777777777778,103.61061946902655,42.78804938271605,70.0,K_SS,303,25.310743801652894,19.0
0.23444444444444446,0.0,efpb__011,efpb,0.0,4.08,16.215555555555557,191.66666666666666,60.599801291604564,68.0,K_SS,304,26.665040650406503,19.0
0.2222222222222222,0.0,efpb__011,efpb,0.0,2.23,15.684444444444445,77.04545454545455,36.006032719836405,70.0,K_SS,305,25.588333333333335,19.0
0.18777777777777777,0.0,efpb__011,efpb,0.0,0.31,3.2355555555555555,11.987096774193548,8.924135910954892,74.0,K_XX,301,8.024630541871922,19.0
0.18555555555555556,0.0,efpb__011,efpb,0.0,0.27,3.0166666666666666,11.522875816993464,8.381169212690951,73.0,K_XX,302,7.470443349753695,19.0
0.18666666666666668,0.0,efpb__011,efpb,0.0,0.37,3.351111111111111,12.46103896103896,9.104273005687618,73.0,K_XX,303,8.1320293398533,19.0
0.19111111111111112,0.0,efpb__011,efpb,0.0,0.35,3.312222222222222,12.56115107913669,9.009262025694651,73.0,K_XX,304,8.07843137254902,19.0
0.18555555555555556,0.0,efpb__011,efpb,0.0,0.35,3.4811111111111113,11.6484375,9.112311672500379,73.0,K_XX,305,8.498771498771498,19.0
0.18666666666666668,0.0,efpb__012,efpb,0.0,0.46,2.5722222222222224,10.711864406779661,8.605143721633889,73.0,K_HH,301,8.0,19.0
0.19777777777777777,0.0,efpb__012,efpb,0.0,0.4,2.362222222222222,10.945454545454545,8.211839814277424,72.0,K_HH,302,7.472843450479234,19.0
0.18666666666666668,0.0,efpb__012,efpb,0.0,0.38,2.542222222222222,10.39655172413793,8.651100987091876,72.0,K_HH,303,8.158227848101266,19.0
0.1922222222222222,0.0,efpb__012,efpb,0.0,0.39,2.6444444444444444,10.307692307692308,8.784925402053865,72.0,K_HH,304,8.400630914826499,21.0
0.19333333333333333,0.0,efpb__012,efpb,0.0,0.46,2.3955555555555557,10.56043956043956,8.290753288162614,71.0,K_HH,305,7.787974683544304,17.0
0.11333333333333333,0.0,efpb__012,efpb,0.0,0.34,0.4777777777777778,4.495798319327731,4.8159203980099505,60.0,K_HL,301,5.127659574468085,22.0
0.11666666666666667,0.0,efpb__012,efpb,0.0,0.26,0.46,4.441441441441442,4.734133790737564,59.0,K_HL,302,5.0,15.0
0.1111111111111111,0.0,efpb__012,efpb,0.0,0.25,0.37666666666666665,4.0636363636363635,4.058797909407665,56.0,K_HL,303,4.054347826086956,16.0
0.12444444444444444,0.0,efpb__012,efpb,0.0,0.24,0.38333333333333336,3.54,3.849726775956284,61.0,K_HL,304,4.108695652173913,17.0
0.1111111111111111,0.0,efpb__012,efpb,0.0,0.28,0.43,4.989010989010989,4.897121283624351,54.0,K_HL,305,4.827956989247312,17.0
0.21222222222222223,0.0,efpb__012,efpb,0.0,0.54,1.9522222222222223,13.064516129032258,6.820735327700388,69.0,K_LH,301,6.345047923322683,19.0
0.2111111111111111,0.0,efpb__012,efpb,0.0,0.39,2.0033333333333334,14.6,6.917338245452453,70.0,K_LH,302,6.347266881028939,17.0
0.22,0.0,efpb__012,efpb,0.0,0.47,1.6566666666666667,10.76,5.678588016720854,68.0,K_LH,303,5.365384615384615,14.0
0.23222222222222222,0.0,efpb__012,efpb,0.0,0.31,1.5966666666666667,17.25,5.872723026623073,67.0,K_LH,304,5.3152866242038215,17.0
0.22,0.0,efpb__012,efpb,0.0,0.82,1.7644444444444445,17.083333333333332,6.272559000462749,67.0,K_LH,305,5.6369426751592355,20.0
0.17666666666666667,0.0,efpb__012,efpb,0.0,0.25,1.5333333333333334,7.383561643835616,7.272187592757494,71.0,K_MM,301,7.241379310344827,16.0
0.17777777777777778,0.0,efpb__012,efpb,0.0,0.26,1.3588888888888888,7.144927536231884,6.587153196622436,70.0,K_MM,302,6.4405940594059405,18.0
0.17888888888888888,0.0,efpb__012,efpb,0.0,0.36,1.5755555555555556,8.884057971014492,7.721351025331726,69.0,K_MM,303,7.415841584158416,16.0
0.18444444444444444,0.0,efpb__012,efpb,0.0,0.38,1.3833333333333333,8.629032258064516,6.942468295700587,69.0,K_MM,304,6.54228855721393,15.0
0.18444444444444444,0.0,efpb__012,efpb,0.0,0.25,1.231111111111111,7.211538461538462,5.993746091307067,69.0,K_MM,305,5.757281553398058,16.0
0.1922222222222222,0.0,efpb__012,efpb,0.0,0.83,38.59777777777778,38.191335740072205,58.82698667674572,52.0,K_OO,301,66.14309484193012,49.0
0.18777777777777777,0.0,efpb__012,efpb,0.0,0.81,37.53333333333333,38.63573883161512,55.70383275261324,52.0,K_OO,302,62.14671163575042,45.0
0.19111111111111112,0.0,efpb__012,efpb,0.0,0.82,38.541111111111114,40.929765886287626,57.66768123962369,52.0,K_OO,303,64.04139072847683,48.0
0.17777777777777778,0.0,efpb__012,efpb,0.0,0.83,40.91777777777778,39.77627118644068,59.82130520026142,50.0,K_OO,304,67.44053601340033,44.0
0.19111111111111112,0.0,efpb__012,efpb,0.0,0.83,33.99888888888889,40.586715867158674,53.75979928043931,52.0,K_OO,305,58.306291390728475,40.0
0.2088888888888889,0.0,efpb__012,efpb,0.0,0.85,22.3,40.6981981981982,38.35684775872753,57.0,K_SS,301,37.6602787456446,37.0
0.2111111111111111,0.0,efpb__012,efpb,0.0,0.84,19.261111111111113,38.17727272727273,33.67158024945882,58.0,K_SS,302,32.350086655112655,33.0
0.1988888888888889,0.0,efpb__012,efpb,0.0,0.82,20.515555555555554,39.86521739130435,36.27633209417596,56.0,K_SS,303,35.15845070422535,35.0
0.2111111111111111,0.0,efpb__012,efpb,0.0,0.83,19.354444444444443,37.166666666666664,33.814125234033696,60.0,K_SS,304,32.877162629757784,34.0
0.21777777777777776,0.0,efpb__012,efpb,0.0,0.84,16.48777777777778,37.111111111111114,29.738695561575327,61.0,K_SS,305,27.822525597269625,30.0
0.19111111111111112,0.0,efpb__012,efpb,0.0,0.4,3.5566666666666666,12.432258064516128,9.545133784181123,72.0,K_XX,301,8.693069306930694,20.0
0.1922222222222222,0.0,efpb__012,efpb,0.0,0.53,3.4366666666666665,11.316129032258065,9.133822450476888,72.0,K_XX,302,8.491358024691358,20.0
0.1922222222222222,0.0,efpb__012,efpb,0.0,0.48,3.4955555555555557,11.746666666666666,9.262614340513426,72.0,K_XX,303,8.556650246305418,19.0
0.1922222222222222,0.0,efpb__012,efpb,0.0,0.39,3.0522222222222224,11.413533834586467,8.368341404358354,72.0,K_XX,304,7.600985221674877,20.0
0.1922222222222222,0.0,efpb__012,efpb,0.0,0.37,3.1344444444444446,11.341269841269842,8.514742014742014,72.0,K_XX,305,7.836633663366337,20.0
0.18666666666666668,0.0,efpb__013,efpb,0.0,0.34,2.736666666666667,10.64406779661017,9.143154311649017,73.0,K_HH,301,8.712025316455696,19.0
0.18,0.0,efpb__013,efpb,0.0,0.38,2.568888888888889,10.875,8.834736036725326,73.0,K_HH,302,8.278481012658228,22.0
0.17555555555555555,0.0,efpb__013,efpb,0.0,0.34,2.4477777777777776,8.96551724137931,8.076690020829389,73.0,K_HH,303,7.826498422712934,22.0
0.1922222222222222,0.0,efpb__013,efpb,0.0,0.39,2.5677777777777777,10.278846153846153,8.625460182135246,72.0,K_HH,304,8.20820189274448,21.0
0.19111111111111112,0.0,efpb__013,efpb,0.0,0.47,2.568888888888889,12.197802197802197,8.958258795468097,72.0,K_HH,305,8.242902208201892,18.0
0.11777777777777777,0.0,efpb__013,efpb,0.0,0.34,0.41555555555555557,5.697478991596639,5.12380158399333,59.0,K_HL,301,4.559139784946237,24.0
0.12111111111111111,0.0,efpb__013,efpb,0.0,0.26,0.4388888888888889,4.864864864864865,4.835334476843911,60.0,K_HL,302,4.808510638297872,15.0
0.1111111111111111,0.0,efpb__013,efpb,0.0,0.25,0.37666666666666665,4.0636363636363635,4.058797909407665,56.0,K_HL,303,4.054347826086956,16.0
0.12444444444444444,0.0,efpb__013,efpb,0.0,0.24,0.38333333333333336,3.54,3.849726775956284,61.0,K_HL,304,4.108695652173913,17.0
0.11666666666666667,0.0,efpb__013,efpb,0.0,0.24,0.4255555555555556,5.054945054945055,4.907031618688061,54.0,K_HL,305,4.795698924731183,16.0
0.21222222222222223,0.0,efpb__013,efpb,0.0,0.54,1.9522222222222223,13.064516129032258,6.820735327700388,69.0,K_LH,301,6.345047923322683,19.0
0.2111111111111111,0.0,efpb__013,efpb,0.0,0.39,2.0033333333333334,14.6,6.917338245452453,70.0,K_LH,302,6.347266881028939,17.0
0.22,0.0,efpb__013,efpb,0.0,0.47,1.6566666666666667,10.76,5.678588016720854,68.0,K_LH,303,5.365384615384615,14.0
0.2311111111111111,0.0,efpb__013,efpb,0.0,0.31,1.6877777777777778,15.05,5.973295853829936,67.0,K_LH,304,5.527156549520766,17.0
0.23,0.0,efpb__013,efpb,0.0,0.57,1.8811111111111112,15.173913043478262,6.469644103279832,68.0,K_LH,305,5.977635782747604,16.0
0.17555555555555555,0.0,efpb__013,efpb,0.0,0.26,1.5477777777777777,8.506849315068493,7.561887800534284,72.0,K_MM,301,7.300492610837439,17.0
0.18333333333333332,0.0,efpb__013,efpb,0.0,0.27,1.3677777777777778,6.913043478260869,6.605548854041013,70.0,K_MM,302,6.524752475247524,18.0
0.18333333333333332,0.0,efpb__013,efpb,0.0,0.29,1.5777777777777777,8.898550724637682,7.715410233121405,69.0,K_MM,303,7.402985074626866,16.0
0.17777777777777778,0.0,efpb__013,efpb,0.0,0.32,1.5255555555555556,6.161290322580645,6.959789669038046,70.0,K_MM,304,7.149253731343284,18.0
0.18444444444444444,0.0,efpb__013,efpb,0.0,0.32,1.4555555555555555,8.365384615384615,7.039086929330833,69.0,K_MM,305,6.781553398058253,16.0
0.18666666666666668,0.0,efpb__013,efpb,0.0,0.54,33.76777777777778,27.22866894197952,48.12352500468252,57.0,K_OO,301,56.0251677852349,32.0
0.18555555555555556,0.0,efpb__013,efpb,0.0,0.58,36.77333333333333,28.550877192982455,51.53430779257053,58.0,K_OO,302,59.83525535420099,33.0
0.18333333333333332,0.0,efpb__013,efpb,0.0,0.55,36.873333333333335,26.61904761904762,51.34194089680246,56.0,K_OO,303,60.67612687813022,35.0
0.18555555555555556,0.0,efpb__013,efpb,0.0,0.55,38.91222222222222,28.524475524475523,53.63084284136915,58.0,K_OO,304,62.5974025974026,34.0
0.19111111111111112,0.0,efpb__013,efpb,0.0,0.57,36.12555555555556,27.845283018867924,51.32561436672968,57.0,K_OO,305,59.17213114754098,35.0
0.2011111111111111,0.0,efpb__013,efpb,0.0,0.57,19.22888888888889,27.02252252252252,31.40623392655077,61.0,K_SS,301,32.70363951473137,28.0
0.20222222222222222,0.0,efpb__013,efpb,0.0,0.56,18.43,24.254545454545454,29.48970557957587,61.0,K_SS,302,31.02249134948097,27.0
0.20333333333333334,0.0,efpb__013,efpb,0.0,0.57,19.142222222222223,26.83478260869565,31.11329645564434,61.0,K_SS,303,32.43205574912892,28.0
0.2088888888888889,0.0,efpb__013,efpb,0.0,0.55,18.155555555555555,27.1924882629108,29.5713405238829,62.0,K_SS,304,30.237606837606837,27.0
0.21444444444444444,0.0,efpb__013,efpb,0.0,0.56,16.176666666666666,28.358585858585858,27.317331670822945,63.0,K_SS,305,27.047619047619047,25.0
0.17888888888888888,0.0,efpb__013,efpb,0.0,0.34,3.4633333333333334,9.738853503184714,8.690282222868781,74.0,K_XX,301,8.379901960784315,20.0
0.19111111111111112,0.0,efpb__013,efpb,0.0,0.53,3.3088888888888888,10.55483870967742,8.788591590708615,72.0,K_XX,302,8.267326732673267,20.0
0.18666666666666668,0.0,efpb__013,efpb,0.0,0.48,3.381111111111111,10.846666666666666,8.930835308056873,71.0,K_XX,303,8.383663366336634,21.0
0.1922222222222222,0.0,efpb__013,efpb,0.0,0.37,3.15,10.18796992481203,8.334145227584107,72.0,K_XX,304,7.863523573200992,21.0
0.19111111111111112,0.0,efpb__013,efpb,0.0,0.37,3.1166666666666667,10.682539682539682,8.377791373508717,72.0,K_XX,305,7.827586206896552,20.0
0.19,0.0,efpb__014,efpb,0.0,0.37,2.6777777777777776,10.816666666666666,9.038717024103244,73.0,K_HH,301,8.514376996805112,20.0
0.18666666666666668,0.0,efpb__014,efpb,0.0,0.37,2.5733333333333333,10.018018018018019,8.721181695307974,72.0,K_HH,302,8.36741214057508,19.0
0.18555555555555556,0.0,efpb__014,efpb,0.0,0.27,2.4722222222222223,10.339130434782609,8.411686586985391,73.0,K_HH,303,7.873817034700315,19.0
0.18666666666666668,0.0,efpb__014,efpb,0.0,0.37,2.59,10.067961165048544,8.55624756714675,73.0,K_HH,304,8.177215189873417,21.0
0.19555555555555557,0.0,efpb__014,efpb,0.0,0.37,2.6433333333333335,11.516483516483516,9.042067307692307,73.0,K_HH,305,8.490445859872612,19.0
0.12111111111111111,0.0,efpb__014,efpb,0.0,0.27,0.4266666666666667,6.117647058823529,5.384328358208956,58.0,K_HL,301,4.670212765957447,15.0
0.12111111111111111,0.0,efpb__014,efpb,0.0,0.26,0.42,5.558558558558558,5.0763293310463125,60.0,K_HL,302,4.638297872340425,14.0
0.1111111111111111,0.0,efpb__014,efpb,0.0,0.25,0.37666666666666665,4.0636363636363635,4.058797909407665,56.0,K_HL,303,4.054347826086956,16.0
0.12333333333333334,0.0,efpb__014,efpb,0.0,0.24,0.38666666666666666,3.68,3.9253187613843346,60.0,K_HL,304,4.130434782608695,16.0
0.11555555555555555,0.0,efpb__014,efpb,0.0,0.26,0.35777777777777775,4.164835164835165,3.9909221213569035,56.0,K_HL,305,3.857142857142857,13.0
0.2111111111111111,0.0,efpb__014,efpb,0.0,0.24,2.207777777777778,12.258064516129032,7.510306917086579,70.0,K_LH,301,7.147435897435898,18.0
0.2111111111111111,0.0,efpb__014,efpb,0.0,0.33,2.1366666666666667,12.033333333333333,7.249653579676674,70.0,K_LH,302,6.893548387096774,19.0
0.21888888888888888,0.0,efpb__014,efpb,0.0,0.27,1.7933333333333332,11.28,6.031720305626302,68.0,K_LH,303,5.7092651757188495,15.0
0.23444444444444446,0.0,efpb__014,efpb,0.0,0.3,1.9766666666666666,13.380952380952381,6.726805328347744,68.0,K_LH,304,6.383386581469648,17.0
0.22444444444444445,0.0,efpb__014,efpb,0.0,0.34,2.1577777777777776,10.565217391304348,7.1358998144712436,68.0,K_LH,305,6.942675159235669,18.0
0.17666666666666667,0.0,efpb__014,efpb,0.0,0.27,1.4255555555555555,8.013698630136986,6.995844464232711,71.0,K_MM,301,6.714285714285714,15.0
0.18222222222222223,0.0,efpb__014,efpb,0.0,0.26,1.3922222222222222,7.536231884057971,6.790108564535585,71.0,K_MM,302,6.594059405940594,16.0
0.17777777777777778,0.0,efpb__014,efpb,0.0,0.26,1.5622222222222222,8.231884057971014,7.50529821374508,69.0,K_MM,303,7.313432835820896,16.0
0.18333333333333332,0.0,efpb__014,efpb,0.0,0.27,1.521111111111111,7.67741935483871,7.173444239063462,69.0,K_MM,304,7.054455445544554,15.0
0.18444444444444444,0.0,efpb__014,efpb,0.0,0.25,1.231111111111111,7.211538461538462,5.993746091307067,69.0,K_MM,305,5.757281553398058,16.0
0.17333333333333334,0.0,efpb__014,efpb,0.0,0.44,33.37222222222222,24.445993031358885,47.749011113203984,74.0,K_OO,301,56.380872483221474,25.0
0.17444444444444446,0.0,efpb__014,efpb,0.0,0.47,33.32888888888889,23.14946619217082,47.524703651019436,73.0,K_OO,302,56.37983193277311,26.0
0.16777777777777778,0.0,efpb__014,efpb,0.0,0.55,34.757777777777775,24.926421404682273,47.97283995625228,74.0,K_OO,303,56.60586319218241,28.0
0.17333333333333334,0.0,efpb__014,efpb,0.0,0.44,34.17444444444445,22.431654676258994,47.46971407072987,75.0,K_OO,304,56.33443708609271,25.0
0.18555555555555556,0.0,efpb__014,efpb,0.0,0.91,29.903333333333332,24.022556390977442,42.61716202366532,73.0,K_OO,305,48.743961352657,23.0
0.1811111111111111,0.0,efpb__014,efpb,0.0,0.44,19.69333333333333,18.522321428571427,30.360321771834514,73.0,K_SS,301,33.976950354609926,22.0
0.18555555555555556,0.0,efpb__014,efpb,0.0,0.34,18.16777777777778,15.516279069767442,27.38038079470199,73.0,K_SS,302,30.775086505190313,20.0
0.18333333333333332,0.0,efpb__014,efpb,0.0,0.32,18.267777777777777,15.309734513274336,26.830047517945605,74.0,K_SS,303,30.24190800681431,20.0
0.19111111111111112,0.0,efpb__014,efpb,0.0,0.47,20.357777777777777,18.00966183574879,32.088185654008434,72.0,K_SS,304,36.02105263157895,22.0
0.19,0.0,efpb__014,efpb,0.0,0.36,18.93,16.505050505050505,29.450539956803453,73.0,K_SS,305,32.97142857142857,21.0
0.18777777777777777,0.0,efpb__014,efpb,0.0,0.31,3.3544444444444443,11.425806451612903,8.969976567076744,74.0,K_XX,301,8.248768472906404,19.0
0.18222222222222223,0.0,efpb__014,efpb,0.0,0.37,3.24,10.934640522875817,8.61442603723794,74.0,K_XX,302,7.943488943488943,19.0
0.19111111111111112,0.0,efpb__014,efpb,0.0,0.37,3.1244444444444444,13.311688311688311,8.938778492109877,73.0,K_XX,303,7.669117647058823,19.0
0.18555555555555556,0.0,efpb__014,efpb,0.0,0.33,3.4433333333333334,12.18796992481203,9.171122186980819,74.0,K_XX,304,8.412776412776413,19.0
0.18555555555555556,0.0,efpb__014,efpb,0.0,0.35,3.4811111111111113,11.6484375,9.112311672500379,73.0,K_XX,305,8.498771498771498,19.0
0.19111111111111112,0.0,efpb__015,efpb,0.0,0.48,2.187777777777778,9.579831932773109,7.623631559078898,72.0,K_HH,301,7.056962025316456,18.0
0.19777777777777777,0.0,efpb__015,efpb,0.0,0.54,2.531111111111111,12.563636363636364,8.986264267750046,72.0,K_HH,302,8.019169329073483,21.0
0.1922222222222222,0.0,efpb__015,efpb,0.0,0.41,2.71,11.1,9.13789759503491,73.0,K_HH,303,8.60576923076923,20.0
0.19333333333333333,0.0,efpb__015,efpb,0.0,0.39,2.4611111111111112,11.01923076923077,8.521561771561771,72.0,K_HH,304,7.889240506329114,20.0
0.19333333333333333,0.0,efpb__015,efpb,0.0,0.48,2.5366666666666666,12.989010989010989,9.127540852929455,71.0,K_HH,305,8.272151898734178,20.0
0.11333333333333333,0.0,efpb__015,efpb,0.0,0.34,0.4777777777777778,4.495798319327731,4.8159203980099505,60.0,K_HL,301,5.127659574468085,22.0
0.11666666666666667,0.0,efpb__015,efpb,0.0,0.26,0.46,4.441441441441442,4.734133790737564,59.0,K_HL,302,5.0,15.0
0.1111111111111111,0.0,efpb__015,efpb,0.0,0.25,0.37666666666666665,4.0636363636363635,4.058797909407665,56.0,K_HL,303,4.054347826086956,16.0
0.12444444444444444,0.0,efpb__015,efpb,0.0,0.24,0.38333333333333336,3.54,3.849726775956284,61.0,K_HL,304,4.108695652173913,17.0
0.1111111111111111,0.0,efpb__015,efpb,0.0,0.28,0.43,4.989010989010989,4.897121283624351,54.0,K_HL,305,4.827956989247312,17.0
0.21222222222222223,0.0,efpb__015,efpb,0.0,0.54,2.0,12.225806451612904,6.8183060109289615,69.0,K_LH,301,6.407643312101911,18.0
0.21666666666666667,0.0,efpb__015,efpb,0.0,0.5,1.9366666666666668,14.633333333333333,6.804725503822099,69.0,K_LH,302,6.2200647249190935,18.0
0.22,0.0,efpb__015,efpb,0.0,0.47,1.59,12.222222222222221,5.546925566343042,67.0,K_LH,303,5.102564102564102,15.0
0.23222222222222222,0.0,efpb__015,efpb,0.0,0.31,1.5966666666666667,17.25,5.872723026623073,67.0,K_LH,304,5.3152866242038215,17.0
0.22,0.0,efpb__015,efpb,0.0,0.82,1.7644444444444445,17.083333333333332,6.272559000462749,67.0,K_LH,305,5.6369426751592355,20.0
0.17666666666666667,0.0,efpb__015,efpb,0.0,0.25,1.5333333333333334,7.383561643835616,7.272187592757494,71.0,K_MM,301,7.241379310344827,16.0
0.18333333333333332,0.0,efpb__015,efpb,0.0,0.26,1.441111111111111,6.971014492753623,6.8332328106152005,70.0,K_MM,302,6.797029702970297,17.0
0.17888888888888888,0.0,efpb__015,efpb,0.0,0.36,1.5755555555555556,8.884057971014492,7.721351025331726,69.0,K_MM,303,7.415841584158416,16.0
0.18444444444444444,0.0,efpb__015,efpb,0.0,0.38,1.3833333333333333,8.629032258064516,6.942468295700587,69.0,K_MM,304,6.54228855721393,15.0
0.18,0.0,efpb__015,efpb,0.0,0.36,0.97,7.4423076923076925,5.072509457755359,68.0,K_MM,305,4.607843137254902,16.0
0.1922222222222222,0.0,efpb__015,efpb,0.0,0.83,38.59777777777778,38.191335740072205,58.82698667674572,52.0,K_OO,301,66.14309484193012,49.0
0.18444444444444444,0.0,efpb__015,efpb,0.0,0.87,37.47888888888889,42.18402777777778,57.91150187373883,50.0,K_OO,302,63.92918825561313,46.0
0.19111111111111112,0.0,efpb__015,efpb,0.0,0.82,38.541111111111114,40.929765886287626,57.66768123962369,52.0,K_OO,303,64.04139072847683,48.0
0.19444444444444445,0.0,efpb__015,efpb,0.0,0.87,36.55444444444444,40.248275862068965,55.126943976016484,52.0,K_OO,304,60.67725752508361,47.0
0.19111111111111112,0.0,efpb__015,efpb,0.0,0.83,33.89888888888889,40.715867158671585,53.61125295508274,52.0,K_OO,305,58.054545454545455,40.0
0.20444444444444446,0.0,efpb__015,efpb,0.0,0.84,21.906666666666666,39.792792792792795,38.982448630136986,57.0,K_SS,301,38.72992700729927,39.0
0.21333333333333335,0.0,efpb__015,efpb,0.0,0.81,18.285555555555554,37.34403669724771,32.3882863340564,59.0,K_SS,302,30.94800693240901,33.0
0.2088888888888889,0.0,efpb__015,efpb,0.0,0.82,20.16111111111111,41.59130434782609,35.94147896739689,57.0,K_SS,303,34.190893169877405,35.0
0.20666666666666667,0.0,efpb__015,efpb,0.0,0.84,18.613333333333333,34.13875598086124,31.987558808154734,60.0,K_SS,304,31.38608695652174,29.0
0.21666666666666667,0.0,efpb__015,efpb,0.0,0.82,17.1,33.47715736040609,30.134595051807995,60.0,K_SS,305,29.255208333333332,32.0
0.19111111111111112,0.0,efpb__015,efpb,0.0,0.4,3.5755555555555554,12.729032258064516,9.666274625110262,72.0,K_XX,301,8.762376237623762,21.0
0.18555555555555556,0.0,efpb__015,efpb,0.0,0.37,3.256666666666667,9.246753246753247,8.44959088252484,72.0,K_XX,302,8.218137254901961,19.0
0.1988888888888889,0.0,efpb__015,efpb,0.0,0.48,3.1655555555555557,12.573333333333334,8.917802132701421,71.0,K_XX,303,7.873762376237623,20.0
0.1922222222222222,0.0,efpb__015,efpb,0.0,0.39,3.1344444444444446,11.1203007518797,8.450968523002421,72.0,K_XX,304,7.778325123152709,20.0
0.1922222222222222,0.0,efpb__015,efpb,0.0,0.37,3.1344444444444446,11.341269841269842,8.514742014742014,72.0,K_XX,305,7.836633663366337,20.0
0.18666666666666668,0.0,efpb__016,efpb,0.0,0.39,2.546666666666667,11.05084745762712,8.629160363086234,73.0,K_HH,301,7.9335443037974684,19.0
0.19777777777777777,0.0,efpb__016,efpb,0.0,0.51,2.301111111111111,11.517857142857142,8.250715512306813,72.0,K_HH,302,7.3627760252365935,19.0
0.18555555555555556,0.0,efpb__016,efpb,0.0,0.38,2.502222222222222,9.525862068965518,8.322062712504723,73.0,K_HH,303,7.984276729559748,19.0
0.1922222222222222,0.0,efpb__016,efpb,0.0,0.39,2.5677777777777777,10.278846153846153,8.625460182135246,72.0,K_HH,304,8.20820189274448,21.0
0.19333333333333333,0.0,efpb__016,efpb,0.0,0.46,2.4244444444444446,10.967032967032967,8.455161418891988,71.0,K_HH,305,7.89873417721519,17.0
0.11333333333333333,0.0,efpb__016,efpb,0.0,0.34,0.46,4.957983193277311,4.984576907044603,58.0,K_HL,301,5.010752688172043,23.0
0.12111111111111111,0.0,efpb__016,efpb,0.0,0.26,0.4388888888888889,4.864864864864865,4.835334476843911,60.0,K_HL,302,4.808510638297872,15.0
0.1111111111111111,0.0,efpb__016,efpb,0.0,0.25,0.37666666666666665,4.0636363636363635,4.058797909407665,56.0,K_HL,303,4.054347826086956,16.0
0.12444444444444444,0.0,efpb__016,efpb,0.0,0.24,0.38333333333333336,3.54,3.849726775956284,61.0,K_HL,304,4.108695652173913,17.0
0.11666666666666667,0.0,efpb__016,efpb,0.0,0.24,0.4255555555555556,5.054945054945055,4.907031618688061,54.0,K_HL,305,4.795698924731183,16.0
0.21222222222222223,0.0,efpb__016,efpb,0.0,0.54,1.9522222222222223,13.064516129032258,6.820735327700388,69.0,K_LH,301,6.345047923322683,19.0
0.2111111111111111,0.0,efpb__016,efpb,0.0,0.39,2.0033333333333334,14.6,6.917338245452453,70.0,K_LH,302,6.347266881028939,17.0
0.22,0.0,efpb__016,efpb,0.0,0.47,1.6566666666666667,10.76,5.678588016720854,68.0,K_LH,303,5.365384615384615,14.0
0.2311111111111111,0.0,efpb__016,efpb,0.0,0.31,1.6877777777777778,15.05,5.973295853829936,67.0,K_LH,304,5.527156549520766,17.0
0.23,0.0,efpb__016,efpb,0.0,0.57,1.8811111111111112,15.173913043478262,6.469644103279832,68.0,K_LH,305,5.977635782747604,16.0
0.17555555555555555,0.0,efpb__016,efpb,0.0,0.26,1.5477777777777777,8.506849315068493,7.561887800534284,72.0,K_MM,301,7.300492610837439,17.0
0.18333333333333332,0.0,efpb__016,efpb,0.0,0.27,1.3677777777777778,6.913043478260869,6.605548854041013,70.0,K_MM,302,6.524752475247524,18.0
0.18333333333333332,0.0,efpb__016,efpb,0.0,0.29,1.5777777777777777,8.898550724637682,7.715410233121405,69.0,K_MM,303,7.402985074626866,16.0
0.18444444444444444,0.0,efpb__016,efpb,0.0,0.37,1.5166666666666666,7.564516129032258,7.212805443860192,69.0,K_MM,304,7.129353233830845,16.0
0.18444444444444444,0.0,efpb__016,efpb,0.0,0.32,1.4555555555555555,8.365384615384615,7.039086929330833,69.0,K_MM,305,6.781553398058253,16.0
0.18666666666666668,0.0,efpb__016,efpb,0.0,0.54,33.76777777777778,27.22866894197952,48.12352500468252,57.0,K_OO,301,56.0251677852349,32.0
0.18555555555555556,0.0,efpb__016,efpb,0.0,0.58,36.77333333333333,28.550877192982455,51.53430779257053,58.0,K_OO,302,59.83525535420099,33.0
0.18333333333333332,0.0,efpb__016,efpb,0.0,0.55,36.873333333333335,26.61904761904762,51.34194089680246,56.0,K_OO,303,60.67612687813022,35.0
0.18666666666666668,0.0,efpb__016,efpb,0.0,0.57,36.73,29.560137457044675,50.95317664340801,57.0,K_OO,304,58.75244299674267,35.0
0.19111111111111112,0.0,efpb__016,efpb,0.0,0.57,36.12555555555556,27.845283018867924,51.32561436672968,57.0,K_OO,305,59.17213114754098,35.0
0.2011111111111111,0.0,efpb__016,efpb,0.0,0.57,19.22888888888889,27.02252252252252,31.40623392655077,61.0,K_SS,301,32.70363951473137,28.0
0.20222222222222222,0.0,efpb__016,efpb,0.0,0.56,18.43,24.254545454545454,29.48970557957587,61.0,K_SS,302,31.02249134948097,27.0
0.20333333333333334,0.0,efpb__016,efpb,0.0,0.57,19.142222222222223,26.83478260869565,31.11329645564434,61.0,K_SS,303,32.43205574912892,28.0
0.20333333333333334,0.0,efpb__016,efpb,0.0,0.56,18.698888888888888,23.33809523809524,29.987622217599334,63.0,K_SS,304,31.846020761245676,26.0
0.21444444444444444,0.0,efpb__016,efpb,0.0,0.56,16.176666666666666,28.358585858585858,27.317331670822945,63.0,K_SS,305,27.047619047619047,25.0
0.19111111111111112,0.0,efpb__016,efpb,0.0,0.4,3.6866666666666665,12.148387096774194,9.725080858571008,72.0,K_XX,301,9.009900990099009,21.0
0.19111111111111112,0.0,efpb__016,efpb,0.0,0.53,3.287777777777778,11.206451612903226,8.85898752751284,72.0,K_XX,302,8.167901234567902,19.0
0.18666666666666668,0.0,efpb__016,efpb,0.0,0.48,3.402222222222222,10.513333333333334,8.857058388765704,72.0,K_XX,303,8.385185185185184,21.0
0.1922222222222222,0.0,efpb__016,efpb,0.0,0.37,3.15,10.18796992481203,8.334145227584107,72.0,K_XX,304,7.863523573200992,21.0
0.1922222222222222,0.0,efpb__016,efpb,0.0,0.37,3.1422222222222222,10.476190476190476,8.411240786240786,72.0,K_XX,305,7.915841584158416,20.0
0.19111111111111112,0.0,efpb__017,efpb,0.0,0.36,2.7155555555555555,12.033898305084746,9.31729862290134,73.0,K_HH,301,8.53943217665615,19.0
0.1922222222222222,0.0,efpb__017,efpb,0.0,0.35,2.4922222222222223,10.585585585585585,8.606873913882987,72.0,K_HH,302,8.06709265175719,19.0
0.18555555555555556,0.0,efpb__017,efpb,0.0,0.27,2.4722222222222223,10.339130434782609,8.411686586985391,73.0,K_HH,303,7.873817034700315,19.0
0.18555555555555556,0.0,efpb__017,efpb,0.0,0.37,2.6544444444444446,10.980582524271844,8.871092991652105,73.0,K_HH,304,8.343848580441641,21.0
0.19555555555555557,0.0,efpb__017,efpb,0.0,0.37,2.6433333333333335,11.516483516483516,9.042067307692307,73.0,K_HH,305,8.490445859872612,19.0
0.12111111111111111,0.0,efpb__017,efpb,0.0,0.27,0.4266666666666667,6.117647058823529,5.384328358208956,58.0,K_HL,301,4.670212765957447,15.0
0.12111111111111111,0.0,efpb__017,efpb,0.0,0.26,0.42,5.558558558558558,5.0763293310463125,60.0,K_HL,302,4.638297872340425,14.0
0.1111111111111111,0.0,efpb__017,efpb,0.0,0.25,0.37666666666666665,4.0636363636363635,4.058797909407665,56.0,K_HL,303,4.054347826086956,16.0
0.12333333333333334,0.0,efpb__017,efpb,0.0,0.24,0.38666666666666666,3.68,3.9253187613843346,60.0,K_HL,304,4.130434782608695,16.0
0.11555555555555555,0.0,efpb__017,efpb,0.0,0.26,0.35777777777777775,4.164835164835165,3.9909221213569035,56.0,K_HL,305,3.857142857142857,13.0
0.2111111111111111,0.0,efpb__017,efpb,0.0,0.24,2.207777777777778,12.258064516129032,7.510306917086579,70.0,K_LH,301,7.147435897435898,18.0
0.2111111111111111,0.0,efpb__017,efpb,0.0,0.33,2.1366666666666667,12.033333333333333,7.249653579676674,70.0,K_LH,302,6.893548387096774,19.0
0.21888888888888888,0.0,efpb__017,efpb,0.0,0.27,1.7933333333333332,11.28,6.031720305626302,68.0,K_LH,303,5.7092651757188495,15.0
0.23444444444444446,0.0,efpb__017,efpb,0.0,0.3,1.9766666666666666,13.380952380952381,6.726805328347744,68.0,K_LH,304,6.383386581469648,17.0
0.22444444444444445,0.0,efpb__017,efpb,0.0,0.34,2.1577777777777776,10.565217391304348,7.1358998144712436,68.0,K_LH,305,6.942675159235669,18.0
0.17666666666666667,0.0,efpb__017,efpb,0.0,0.27,1.4255555555555555,8.013698630136986,6.995844464232711,71.0,K_MM,301,6.714285714285714,15.0
0.18222222222222223,0.0,efpb__017,efpb,0.0,0.26,1.3922222222222222,7.536231884057971,6.790108564535585,71.0,K_MM,302,6.594059405940594,16.0
0.17777777777777778,0.0,efpb__017,efpb,0.0,0.27,1.508888888888889,8.594202898550725,7.367008443908323,70.0,K_MM,303,7.044554455445544,16.0
0.18333333333333332,0.0,efpb__017,efpb,0.0,0.27,1.521111111111111,7.67741935483871,7.173444239063462,69.0,K_MM,304,7.054455445544554,15.0
0.18444444444444444,0.0,efpb__017,efpb,0.0,0.25,1.231111111111111,7.211538461538462,5.993746091307067,69.0,K_MM,305,5.757281553398058,16.0
0.21,0.0,efpb__017,efpb,0.0,4.46,32.605555555555554,200.85534591194968,90.6204473391036,61.0,K_OO,301,49.32618683001532,69.0
0.1922222222222222,0.0,efpb__017,efpb,0.0,3.46,34.95666666666666,156.97972972972974,83.02211661487846,58.0,K_OO,302,55.59609120521173,82.0
0.1711111111111111,0.0,efpb__017,efpb,0.0,3.46,40.04555555555555,150.578125,91.72705291546544,53.0,K_OO,303,66.79345955249569,90.0
0.0,0.0,efpb__017,efpb,0.0,9.82,83.41444444444444,453.34317343173433,608.3142785192647,0.0,K_OO,304,941.360824742268,893.0
0.2,0.0,efpb__017,efpb,0.0,4.61,29.90111111111111,205.3181818181818,88.37278106508876,59.0,K_OO,305,47.208,111.0
0.22333333333333333,0.0,efpb__017,efpb,0.0,3.66,14.574444444444444,147.1596638655462,52.71104731736289,69.0,K_SS,301,23.6010101010101,18.0
0.1988888888888889,0.0,efpb__017,efpb,0.0,1.52,17.986666666666668,31.772093023255813,30.604878550843967,72.0,K_SS,302,30.27319587628866,21.0
0.21666666666666667,0.0,efpb__017,efpb,0.0,2.6,15.787777777777778,103.61061946902655,42.78804938271605,70.0,K_SS,303,25.310743801652894,19.0
0.23444444444444446,0.0,efpb__017,efpb,0.0,4.08,16.215555555555557,191.66666666666666,60.599801291604564,68.0,K_SS,304,26.665040650406503,19.0
0.2222222222222222,0.0,efpb__017,efpb,0.0,2.23,15.684444444444445,77.04545454545455,36.006032719836405,70.0,K_SS,305,25.588333333333335,19.0
0.18777777777777777,0.0,efpb__017,efpb,0.0,0.31,3.3544444444444443,11.425806451612903,8.969976567076744,74.0,K_XX,301,8.248768472906404,19.0
0.18555555555555556,0.0,efpb__017,efpb,0.0,0.27,3.0166666666666666,11.522875816993464,8.381169212690951,73.0,K_XX,302,7.470443349753695,19.0
0.18666666666666668,0.0,efpb__017,efpb,0.0,0.37,3.351111111111111,12.46103896103896,9.104273005687618,73.0,K_XX,303,8.1320293398533,19.0
0.18666666666666668,0.0,efpb__017,efpb,0.0,0.27,3.207777777777778,12.733812949640289,8.887591677892532,74.0,K_XX,304,7.877149877149877,18.0
0.18555555555555556,0.0,efpb__017,efpb,0.0,0.35,3.4811111111111113,11.6484375,9.112311672500379,73.0,K_XX,305,8.498771498771498,19.0
0.19111111111111112,0.0,efpb__018,efpb,0.0,0.36,2.7155555555555555,12.033898305084746,9.31729862290134,73.0,K_HH,301,8.53943217665615,19.0
0.1922222222222222,0.0,efpb__018,efpb,0.0,0.35,2.4922222222222223,10.585585585585585,8.606873913882987,72.0,K_HH,302,8.06709265175719,19.0
0.18555555555555556,0.0,efpb__018,efpb,0.0,0.27,2.4722222222222223,10.339130434782609,8.411686586985391,73.0,K_HH,303,7.873817034700315,19.0
0.18555555555555556,0.0,efpb__018,efpb,0.0,0.37,2.6544444444444446,10.980582524271844,8.871092991652105,73.0,K_HH,304,8.343848580441641,21.0
0.19555555555555557,0.0,efpb__018,efpb,0.0,0.37,2.6433333333333335,11.516483516483516,9.042067307692307,73.0,K_HH,305,8.490445859872612,19.0
0.11333333333333333,0.0,efpb__018,efpb,0.0,0.27,0.4633333333333333,5.563025210084033,5.311796581909129,58.0,K_HL,301,5.064516129032258,15.0
0.12111111111111111,0.0,efpb__018,efpb,0.0,0.26,0.43,4.882882882882883,4.799313893653517,60.0,K_HL,302,4.723404255319149,14.0
0.1111111111111111,0.0,efpb__018,efpb,0.0,0.25,0.37666666666666665,4.0636363636363635,4.058797909407665,56.0,K_HL,303,4.054347826086956,16.0
0.12333333333333334,0.0,efpb__018,efpb,0.0,0.24,0.38666666666666666,3.68,3.9253187613843346,60.0,K_HL,304,4.130434782608695,16.0
0.1111111111111111,0.0,efpb__018,efpb,0.0,0.27,0.42333333333333334,5.450549450549451,5.040113260972157,54.0,K_HL,305,4.731182795698925,17.0
0.2111111111111111,0.0,efpb__018,efpb,0.0,0.24,2.207777777777778,12.258064516129032,7.510306917086579,70.0,K_LH,301,7.147435897435898,18.0
0.2111111111111111,0.0,efpb__018,efpb,0.0,0.33,2.1366666666666667,12.033333333333333,7.249653579676674,70.0,K_LH,302,6.893548387096774,19.0
0.21888888888888888,0.0,efpb__018,efpb,0.0,0.27,1.7933333333333332,11.28,6.031720305626302,68.0,K_LH,303,5.7092651757188495,15.0
0.23444444444444446,0.0,efpb__018,efpb,0.0,0.3,1.9766666666666666,13.380952380952381,6.726805328347744,68.0,K_LH,304,6.383386581469648,17.0
0.22444444444444445,0.0,efpb__018,efpb,0.0,0.34,2.1577777777777776,10.565217391304348,7.1358998144712436,68.0,K_LH,305,6.942675159235669,18.0
0.17666666666666667,0.0,efpb__018,efpb,0.0,0.27,1.4255555555555555,8.013698630136986,6.995844464232711,71.0,K_MM,301,6.714285714285714,15.0
0.18222222222222223,0.0,efpb__018,efpb,0.0,0.26,1.3922222222222222,7.536231884057971,6.790108564535585,71.0,K_MM,302,6.594059405940594,16.0
0.17777777777777778,0.0,efpb__018,efpb,0.0,0.27,1.508888888888889,8.594202898550725,7.367008443908323,70.0,K_MM,303,7.044554455445544,16.0
0.18333333333333332,0.0,efpb__018,efpb,0.0,0.27,1.4555555555555555,8.080645161290322,7.010166358595193,69.0,K_MM,304,6.757425742574258,15.0
0.18444444444444444,0.0,efpb__018,efpb,0.0,0.25,1.231111111111111,7.211538461538462,5.993746091307067,69.0,K_MM,305,5.757281553398058,16.0
0.21,0.0,efpb__018,efpb,0.0,4.46,32.605555555555554,200.85534591194968,90.6204473391036,61.0,K_OO,301,49.32618683001532,69.0
0.1922222222222222,0.0,efpb__018,efpb,0.0,3.46,34.95666666666666,156.97972972972974,83.02211661487846,58.0,K_OO,302,55.59609120521173,82.0
0.1711111111111111,0.0,efpb__018,efpb,0.0,3.46,40.04555555555555,150.578125,91.72705291546544,53.0,K_OO,303,66.79345955249569,90.0
0.0,0.0,efpb__018,efpb,0.0,9.82,83.41444444444444,453.34317343173433,608.3142785192647,0.0,K_OO,304,941.360824742268,893.0
0.2,0.0,efpb__018,efpb,0.0,4.61,29.90111111111111,205.3181818181818,88.37278106508876,59.0,K_OO,305,47.208,111.0
0.22333333333333333,0.0,efpb__018,efpb,0.0,3.66,14.574444444444444,147.1596638655462,52.71104731736289,69.0,K_SS,301,23.6010101010101,18.0
0.1988888888888889,0.0,efpb__018,efpb,0.0,1.52,17.986666666666668,31.772093023255813,30.604878550843967,72.0,K_SS,302,30.27319587628866,21.0
0.21666666666666667,0.0,efpb__018,efpb,0.0,2.6,15.787777777777778,103.61061946902655,42.78804938271605,70.0,K_SS,303,25.310743801652894,19.0
0.23444444444444446,0.0,efpb__018,efpb,0.0,4.08,16.215555555555557,191.66666666666666,60.599801291604564,68.0,K_SS,304,26.665040650406503,19.0
0.2222222222222222,0.0,efpb__018,efpb,0.0,2.23,15.684444444444445,77.04545454545455,36.006032719836405,70.0,K_SS,305,25.588333333333335,19.0
0.18777777777777777,0.0,efpb__018,efpb,0.0,0.31,3.2355555555555555,11.987096774193548,8.924135910954892,74.0,K_XX,301,8.024630541871922,19.0
0.18555555555555556,0.0,efpb__018,efpb,0.0,0.27,3.0166666666666666,11.522875816993464,8.381169212690951,73.0,K_XX,302,7.470443349753695,19.0
0.18666666666666668,0.0,efpb__018,efpb,0.0,0.37,3.351111111111111,12.46103896103896,9.104273005687618,73.0,K_XX,303,8.1320293398533,19.0
0.19111111111111112,0.0,efpb__018,efpb,0.0,0.35,3.312222222222222,12.56115107913669,9.009262025694651,73.0,K_XX,304,8.07843137254902,19.0
0.18555555555555556,0.0,efpb__018,efpb,0.0,0.35,3.4811111111111113,11.6484375,9.112311672500379,73.0,K_XX,305,8.498771498771498,19.0
0.19,0.0,efpb__019,efpb,0.0,0.45,2.7288888888888887,10.0,8.687393040501997,73.0,K_HH,301,8.303514376996805,19.0
0.19333333333333333,0.0,efpb__019,efpb,0.0,0.37,2.5322222222222224,9.872727272727273,8.478903363795453,71.0,K_HH,302,8.09967845659164,22.0
0.18777777777777777,0.0,efpb__019,efpb,0.0,0.4,2.602222222222222,10.008620689655173,8.64884775217227,72.0,K_HH,303,8.267295597484276,19.0
0.1922222222222222,0.0,efpb__019,efpb,0.0,0.37,2.368888888888889,10.106796116504855,8.106341463414633,72.0,K_HH,304,7.603174603174603,18.0
0.1922222222222222,0.0,efpb__019,efpb,0.0,0.38,2.311111111111111,10.43956043956044,7.931333064840919,72.0,K_HH,305,7.368589743589744,18.0
0.11333333333333333,0.0,efpb__019,efpb,0.0,0.34,0.4777777777777778,4.495798319327731,4.8159203980099505,60.0,K_HL,301,5.127659574468085,22.0
0.11666666666666667,0.0,efpb__019,efpb,0.0,0.26,0.46,4.441441441441442,4.734133790737564,59.0,K_HL,302,5.0,15.0
0.1111111111111111,0.0,efpb__019,efpb,0.0,0.25,0.37666666666666665,4.0636363636363635,4.058797909407665,56.0,K_HL,303,4.054347826086956,16.0
0.12444444444444444,0.0,efpb__019,efpb,0.0,0.24,0.38333333333333336,3.54,3.849726775956284,61.0,K_HL,304,4.108695652173913,17.0
0.11222222222222222,0.0,efpb__019,efpb,0.0,0.28,0.43777777777777777,4.681318681318682,4.8140632373761205,53.0,K_HL,305,4.913978494623656,17.0
0.21333333333333335,0.0,efpb__019,efpb,0.0,0.34,2.1766666666666667,11.258064516129032,7.229508196721311,71.0,K_LH,301,6.923566878980892,18.0
0.2111111111111111,0.0,efpb__019,efpb,0.0,0.39,2.0044444444444443,14.866666666666667,6.924012855831038,70.0,K_LH,302,6.336538461538462,17.0
0.22,0.0,efpb__019,efpb,0.0,0.47,1.6566666666666667,10.76,5.678588016720854,68.0,K_LH,303,5.365384615384615,14.0
0.23222222222222222,0.0,efpb__019,efpb,0.0,0.31,1.5966666666666667,17.25,5.872723026623073,67.0,K_LH,304,5.3152866242038215,17.0
0.23,0.0,efpb__019,efpb,0.0,0.59,1.9366666666666668,13.826086956521738,6.606187485461736,68.0,K_LH,305,6.198083067092652,15.0
0.17666666666666667,0.0,efpb__019,efpb,0.0,0.26,1.45,7.616438356164384,6.959928762243989,71.0,K_MM,301,6.778325123152709,17.0
0.17777777777777778,0.0,efpb__019,efpb,0.0,0.26,1.3588888888888888,7.144927536231884,6.587153196622436,70.0,K_MM,302,6.4405940594059405,18.0
0.17888888888888888,0.0,efpb__019,efpb,0.0,0.36,1.5755555555555556,8.884057971014492,7.721351025331726,69.0,K_MM,303,7.415841584158416,16.0
0.18444444444444444,0.0,efpb__019,efpb,0.0,0.38,1.4388888888888889,7.951612903225806,7.009588617383234,69.0,K_MM,304,6.786069651741293,15.0
0.18444444444444444,0.0,efpb__019,efpb,0.0,0.25,1.231111111111111,7.211538461538462,5.993746091307067,69.0,K_MM,305,5.757281553398058,16.0
0.19444444444444445,0.0,efpb__019,efpb,0.0,0.85,34.18888888888889,42.7027972027972,54.24649073554184,53.0,K_OO,301,58.46511627906977,45.0
0.18777777777777777,0.0,efpb__019,efpb,0.0,0.81,37.53333333333333,38.63573883161512,55.70383275261324,52.0,K_OO,302,62.14671163575042,45.0
0.19111111111111112,0.0,efpb__019,efpb,0.0,0.82,38.541111111111114,40.929765886287626,57.66768123962369,52.0,K_OO,303,64.04139072847683,48.0
0.17777777777777778,0.0,efpb__019,efpb,0.0,0.83,40.91777777777778,39.77627118644068,59.82130520026142,50.0,K_OO,304,67.44053601340033,44.0
0.18666666666666668,0.0,efpb__019,efpb,0.0,0.84,40.095555555555556,41.18279569892473,61.20916277740736,52.0,K_OO,305,68.45699831365935,44.0
0.20222222222222222,0.0,efpb__019,efpb,0.0,0.87,20.59777777777778,40.575221238938056,36.815408805031446,58.0,K_SS,301,35.64821428571429,37.0
0.20444444444444446,0.0,efpb__019,efpb,0.0,0.83,20.643333333333334,36.88317757009346,36.7863773747841,56.0,K_SS,302,36.75729927007299,34.0
0.20333333333333334,0.0,efpb__019,efpb,0.0,0.84,19.604444444444443,38.75,33.76231155778895,58.0,K_SS,303,32.279661016949156,34.0
0.21555555555555556,0.0,efpb__019,efpb,0.0,0.83,18.07888888888889,37.77251184834123,31.52598795057694,60.0,K_SS,304,29.810490693739425,33.0
0.21666666666666667,0.0,efpb__019,efpb,0.0,0.82,16.427777777777777,39.71,30.11530420238344,61.0,K_SS,305,27.579037800687285,32.0
0.19111111111111112,0.0,efpb__019,efpb,0.0,0.4,3.5566666666666666,12.432258064516128,9.545133784181123,72.0,K_XX,301,8.693069306930694,20.0
0.1922222222222222,0.0,efpb__019,efpb,0.0,0.53,3.4133333333333336,11.290322580645162,9.099529550132313,72.0,K_XX,302,8.452970297029703,20.0
0.18666666666666668,0.0,efpb__019,efpb,0.0,0.36,3.1222222222222222,11.305194805194805,8.518736223365172,72.0,K_XX,303,7.703703703703703,19.0
0.1922222222222222,0.0,efpb__019,efpb,0.0,0.39,3.0522222222222224,11.413533834586467,8.368341404358354,72.0,K_XX,304,7.600985221674877,20.0
0.19777777777777777,0.0,efpb__019,efpb,0.0,0.31,2.861111111111111,11.817460317460318,8.07754665035179,72.0,K_XX,305,7.184729064039409,18.0
0.18444444444444444,0.0,efpb__020,efpb,0.0,0.35,2.9444444444444446,8.53781512605042,9.006688324097079,73.0,K_HH,301,9.144694533762058,21.0
0.17666666666666667,0.0,efpb__020,efpb,0.0,0.4,2.4633333333333334,8.767857142857142,8.08741392501913,74.0,K_HH,302,7.901898734177215,20.0
0.1811111111111111,0.0,efpb__020,efpb,0.0,0.37,2.7744444444444443,9.086206896551724,8.85892823328915,73.0,K_HH,303,8.794952681388013,20.0
0.19333333333333333,0.0,efpb__020,efpb,0.0,0.39,2.5433333333333334,11.028846153846153,8.76786757546251,71.0,K_HH,304,8.193650793650793,19.0
0.18444444444444444,0.0,efpb__020,efpb,0.0,0.36,2.6233333333333335,10.076923076923077,8.66069271043093,73.0,K_HH,305,8.342948717948717,19.0
0.11333333333333333,0.0,efpb__020,efpb,0.0,0.34,0.46,4.957983193277311,4.984576907044603,58.0,K_HL,301,5.010752688172043,23.0
0.12111111111111111,0.0,efpb__020,efpb,0.0,0.26,0.4388888888888889,4.864864864864865,4.835334476843911,60.0,K_HL,302,4.808510638297872,15.0
0.1111111111111111,0.0,efpb__020,efpb,0.0,0.25,0.37666666666666665,4.0636363636363635,4.058797909407665,56.0,K_HL,303,4.054347826086956,16.0
0.12444444444444444,0.0,efpb__020,efpb,0.0,0.24,0.38333333333333336,3.54,3.849726775956284,61.0,K_HL,304,4.108695652173913,17.0
0.11666666666666667,0.0,efpb__020,efpb,0.0,0.24,0.4255555555555556,5.054945054945055,4.907031618688061,54.0,K_HL,305,4.795698924731183,16.0
0.21333333333333335,0.0,efpb__020,efpb,0.0,0.34,2.1766666666666667,11.258064516129032,7.229508196721311,71.0,K_LH,301,6.923566878980892,18.0
0.2111111111111111,0.0,efpb__020,efpb,0.0,0.39,2.0044444444444443,14.866666666666667,6.924012855831038,70.0,K_LH,302,6.336538461538462,17.0
0.22,0.0,efpb__020,efpb,0.0,0.47,1.6566666666666667,10.76,5.678588016720854,68.0,K_LH,303,5.365384615384615,14.0
0.23222222222222222,0.0,efpb__020,efpb,0.0,0.3,1.6366666666666667,14.0,5.7809791520262355,67.0,K_LH,304,5.376996805111821,17.0
0.23,0.0,efpb__020,efpb,0.0,0.59,1.9366666666666668,13.826086956521738,6.606187485461736,68.0,K_LH,305,6.198083067092652,15.0
0.17666666666666667,0.0,efpb__020,efpb,0.0,0.3,1.65,7.225352112676056,7.758136757240967,71.0,K_MM,301,7.901477832512315,18.0
0.18333333333333332,0.0,efpb__020,efpb,0.0,0.27,1.3677777777777778,6.913043478260869,6.605548854041013,70.0,K_MM,302,6.524752475247524,18.0
0.18333333333333332,0.0,efpb__020,efpb,0.0,0.29,1.5777777777777777,8.898550724637682,7.715410233121405,69.0,K_MM,303,7.402985074626866,16.0
0.18444444444444444,0.0,efpb__020,efpb,0.0,0.37,1.5166666666666666,7.564516129032258,7.212805443860192,69.0,K_MM,304,7.129353233830845,16.0
0.18444444444444444,0.0,efpb__020,efpb,0.0,0.32,1.4555555555555555,8.365384615384615,7.039086929330833,69.0,K_MM,305,6.781553398058253,16.0
0.19444444444444445,0.0,efpb__020,efpb,0.0,0.85,34.18888888888889,42.7027972027972,54.24649073554184,53.0,K_OO,301,58.46511627906977,45.0
0.18777777777777777,0.0,efpb__020,efpb,0.0,0.81,37.53333333333333,38.63573883161512,55.70383275261324,52.0,K_OO,302,62.14671163575042,45.0
0.19111111111111112,0.0,efpb__020,efpb,0.0,0.82,38.541111111111114,40.929765886287626,57.66768123962369,52.0,K_OO,303,64.04139072847683,48.0
0.17777777777777778,0.0,efpb__020,efpb,0.0,0.83,40.91777777777778,39.77627118644068,59.82130520026142,50.0,K_OO,304,67.44053601340033,44.0
0.18666666666666668,0.0,efpb__020,efpb,0.0,0.84,40.095555555555556,41.18279569892473,61.20916277740736,52.0,K_OO,305,68.45699831365935,44.0
0.20222222222222222,0.0,efpb__020,efpb,0.0,0.87,20.59777777777778,40.575221238938056,36.815408805031446,58.0,K_SS,301,35.64821428571429,37.0
0.20444444444444446,0.0,efpb__020,efpb,0.0,0.83,20.643333333333334,36.88317757009346,36.7863773747841,56.0,K_SS,302,36.75729927007299,34.0
0.20333333333333334,0.0,efpb__020,efpb,0.0,0.84,19.604444444444443,38.75,33.76231155778895,58.0,K_SS,303,32.279661016949156,34.0
0.21,0.0,efpb__020,efpb,0.0,0.83,19.38111111111111,36.10798122065728,33.62323833385531,58.0,K_SS,304,32.91273996509599,31.0
0.21666666666666667,0.0,efpb__020,efpb,0.0,0.82,16.427777777777777,39.71,30.11530420238344,61.0,K_SS,305,27.579037800687285,32.0
0.17888888888888888,0.0,efpb__020,efpb,0.0,0.33,3.513333333333333,9.828025477707007,8.854927536231884,74.0,K_XX,301,8.56829268292683,20.0
0.1811111111111111,0.0,efpb__020,efpb,0.0,0.53,3.1622222222222223,10.283870967741935,8.376845490425376,72.0,K_XX,302,7.818181818181818,21.0
0.18666666666666668,0.0,efpb__020,efpb,0.0,0.48,3.381111111111111,10.846666666666666,8.930835308056873,71.0,K_XX,303,8.383663366336634,21.0
0.18555555555555556,0.0,efpb__020,efpb,0.0,0.37,3.243333333333333,9.834586466165414,8.534639927073838,72.0,K_XX,304,8.205445544554456,21.0
0.18444444444444444,0.0,efpb__020,efpb,0.0,0.34,3.3233333333333333,8.976190476190476,8.291526460691342,74.0,K_XX,305,8.12807881773399,21.0
0.18666666666666668,0.0,efpb__021,efpb,0.0,0.34,2.7311111111111113,10.610169491525424,9.125448028673834,73.0,K_HH,301,8.700315457413248,19.0
0.19777777777777777,0.0,efpb__021,efpb,0.0,0.51,2.301111111111111,11.517857142857142,8.250715512306813,72.0,K_HH,302,7.3627760252365935,19.0
0.18666666666666668,0.0,efpb__021,efpb,0.0,0.38,2.542222222222222,10.39655172413793,8.651100987091876,72.0,K_HH,303,8.158227848101266,19.0
0.1922222222222222,0.0,efpb__021,efpb,0.0,0.39,2.5677777777777777,10.278846153846153,8.625460182135246,72.0,K_HH,304,8.20820189274448,21.0
0.19333333333333333,0.0,efpb__021,efpb,0.0,0.48,2.506666666666667,12.582417582417582,8.937225986448786,71.0,K_HH,305,8.129746835443038,20.0
0.11333333333333333,0.0,efpb__021,efpb,0.0,0.34,0.4777777777777778,4.495798319327731,4.8159203980099505,60.0,K_HL,301,5.127659574468085,22.0
0.11666666666666667,0.0,efpb__021,efpb,0.0,0.26,0.45,4.693693693693693,4.8040308747855915,59.0,K_HL,302,4.904255319148936,15.0
0.1111111111111111,0.0,efpb__021,efpb,0.0,0.25,0.37666666666666665,4.0636363636363635,4.058797909407665,56.0,K_HL,303,4.054347826086956,16.0
0.12444444444444444,0.0,efpb__021,efpb,0.0,0.24,0.38333333333333336,3.54,3.849726775956284,61.0,K_HL,304,4.108695652173913,17.0
0.1111111111111111,0.0,efpb__021,efpb,0.0,0.28,0.43,4.989010989010989,4.897121283624351,54.0,K_HL,305,4.827956989247312,17.0
0.21222222222222223,0.0,efpb__021,efpb,0.0,0.54,1.9522222222222223,13.064516129032258,6.820735327700388,69.0,K_LH,301,6.345047923322683,19.0
0.2111111111111111,0.0,efpb__021,efpb,0.0,0.39,2.0033333333333334,14.6,6.917338245452453,70.0,K_LH,302,6.347266881028939,17.0
0.22,0.0,efpb__021,efpb,0.0,0.47,1.6566666666666667,10.76,5.678588016720854,68.0,K_LH,303,5.365384615384615,14.0
0.2311111111111111,0.0,efpb__021,efpb,0.0,0.31,1.6877777777777778,15.05,5.973295853829936,67.0,K_LH,304,5.527156549520766,17.0
0.22,0.0,efpb__021,efpb,0.0,0.82,1.7644444444444445,17.083333333333332,6.272559000462749,67.0,K_LH,305,5.6369426751592355,20.0
0.17555555555555555,0.0,efpb__021,efpb,0.0,0.26,1.5477777777777777,8.506849315068493,7.561887800534284,72.0,K_MM,301,7.300492610837439,17.0
0.18333333333333332,0.0,efpb__021,efpb,0.0,0.27,1.3677777777777778,6.913043478260869,6.605548854041013,70.0,K_MM,302,6.524752475247524,18.0
0.18333333333333332,0.0,efpb__021,efpb,0.0,0.29,1.5777777777777777,8.898550724637682,7.715410233121405,69.0,K_MM,303,7.402985074626866,16.0
0.18444444444444444,0.0,efpb__021,efpb,0.0,0.37,1.4477777777777778,8.161290322580646,7.045594577942082,69.0,K_MM,304,6.782178217821782,16.0
0.18444444444444444,0.0,efpb__021,efpb,0.0,0.32,1.4555555555555555,8.365384615384615,7.039086929330833,69.0,K_MM,305,6.781553398058253,16.0
0.1922222222222222,0.0,efpb__021,efpb,0.0,0.83,38.59777777777778,38.191335740072205,58.82698667674572,52.0,K_OO,301,66.14309484193012,49.0
0.18444444444444444,0.0,efpb__021,efpb,0.0,0.85,37.18222222222222,43.86805555555556,56.1154491241148,50.0,K_OO,302,60.60761589403973,45.0
0.19111111111111112,0.0,efpb__021,efpb,0.0,0.82,38.541111111111114,40.929765886287626,57.66768123962369,52.0,K_OO,303,64.04139072847683,48.0
0.19444444444444445,0.0,efpb__021,efpb,0.0,0.87,35.09111111111111,40.97241379310345,53.28645833333333,52.0,K_OO,304,57.83443708609271,48.0
0.19111111111111112,0.0,efpb__021,efpb,0.0,0.83,33.99888888888889,40.586715867158674,53.75979928043931,52.0,K_OO,305,58.306291390728475,40.0
0.2088888888888889,0.0,efpb__021,efpb,0.0,0.85,22.3,40.6981981981982,38.35684775872753,57.0,K_SS,301,37.6602787456446,37.0
0.2111111111111111,0.0,efpb__021,efpb,0.0,0.86,19.98,39.58064516129032,35.34504326071093,57.0,K_SS,302,34.106830122591944,34.0
0.20333333333333334,0.0,efpb__021,efpb,0.0,0.81,21.04888888888889,41.44347826086957,37.310722779443694,56.0,K_SS,303,36.02116402116402,36.0
0.20666666666666667,0.0,efpb__021,efpb,0.0,0.84,18.613333333333333,34.13875598086124,31.987558808154734,60.0,K_SS,304,31.38608695652174,29.0
0.21666666666666667,0.0,efpb__021,efpb,0.0,0.82,17.1,33.47715736040609,30.134595051807995,60.0,K_SS,305,29.255208333333332,32.0
0.19111111111111112,0.0,efpb__021,efpb,0.0,0.4,3.5755555555555554,12.729032258064516,9.666274625110262,72.0,K_XX,301,8.762376237623762,21.0
0.1811111111111111,0.0,efpb__021,efpb,0.0,0.3,3.1555555555555554,10.227272727272727,8.489810771470161,72.0,K_XX,302,7.987804878048781,18.0
0.1922222222222222,0.0,efpb__021,efpb,0.0,0.48,3.45,11.28,9.078784302154029,72.0,K_XX,303,8.45320197044335,21.0
0.1922222222222222,0.0,efpb__021,efpb,0.0,0.37,3.1822222222222223,10.706766917293233,8.468069007263923,72.0,K_XX,304,7.903940886699507,20.0
0.1922222222222222,0.0,efpb__021,efpb,0.0,0.37,3.1422222222222222,10.476190476190476,8.411240786240786,72.0,K_XX,305,7.915841584158416,20.0
0.18666666666666668,0.0,efpb__022,efpb,0.0,0.34,2.7311111111111113,10.610169491525424,9.125448028673834,73.0,K_HH,301,8.700315457413248,19.0
0.19777777777777777,0.0,efpb__022,efpb,0.0,0.54,2.531111111111111,12.563636363636364,8.986264267750046,72.0,K_HH,302,8.019169329073483,21.0
0.18666666666666668,0.0,efpb__022,efpb,0.0,0.38,2.542222222222222,10.39655172413793,8.651100987091876,72.0,K_HH,303,8.158227848101266,19.0
0.1922222222222222,0.0,efpb__022,efpb,0.0,0.39,2.568888888888889,10.64423076923077,8.68145708196086,72.0,K_HH,304,8.186119873817034,21.0
0.19333333333333333,0.0,efpb__022,efpb,0.0,0.48,2.5366666666666666,12.989010989010989,9.127540852929455,71.0,K_HH,305,8.272151898734178,20.0
0.11333333333333333,0.0,efpb__022,efpb,0.0,0.34,0.4777777777777778,4.495798319327731,4.8159203980099505,60.0,K_HL,301,5.127659574468085,22.0
0.11666666666666667,0.0,efpb__022,efpb,0.0,0.26,0.46,4.441441441441442,4.734133790737564,59.0,K_HL,302,5.0,15.0
0.1111111111111111,0.0,efpb__022,efpb,0.0,0.25,0.37666666666666665,4.0636363636363635,4.058797909407665,56.0,K_HL,303,4.054347826086956,16.0
0.12444444444444444,0.0,efpb__022,efpb,0.0,0.24,0.38333333333333336,3.54,3.849726775956284,61.0,K_HL,304,4.108695652173913,17.0
0.1111111111111111,0.0,efpb__022,efpb,0.0,0.28,0.43,4.989010989010989,4.897121283624351,54.0,K_HL,305,4.827956989247312,17.0
0.21222222222222223,0.0,efpb__022,efpb,0.0,0.54,1.9522222222222223,13.064516129032258,6.820735327700388,69.0,K_LH,301,6.345047923322683,19.0
0.2111111111111111,0.0,efpb__022,efpb,0.0,0.39,2.0033333333333334,14.6,6.917338245452453,70.0,K_LH,302,6.347266881028939,17.0
0.22,0.0,efpb__022,efpb,0.0,0.47,1.6566666666666667,10.76,5.678588016720854,68.0,K_LH,303,5.365384615384615,14.0
0.23222222222222222,0.0,efpb__022,efpb,0.0,0.31,1.5966666666666667,17.25,5.872723026623073,67.0,K_LH,304,5.3152866242038215,17.0
0.22,0.0,efpb__022,efpb,0.0,0.82,1.7644444444444445,17.083333333333332,6.272559000462749,67.0,K_LH,305,5.6369426751592355,20.0
0.17666666666666667,0.0,efpb__022,efpb,0.0,0.25,1.5333333333333334,7.383561643835616,7.272187592757494,71.0,K_MM,301,7.241379310344827,16.0
0.17777777777777778,0.0,efpb__022,efpb,0.0,0.26,1.3588888888888888,7.144927536231884,6.587153196622436,70.0,K_MM,302,6.4405940594059405,18.0
0.17888888888888888,0.0,efpb__022,efpb,0.0,0.36,1.5755555555555556,8.884057971014492,7.721351025331726,69.0,K_MM,303,7.415841584158416,16.0
0.18444444444444444,0.0,efpb__022,efpb,0.0,0.38,1.3833333333333333,8.629032258064516,6.942468295700587,69.0,K_MM,304,6.54228855721393,15.0
0.18444444444444444,0.0,efpb__022,efpb,0.0,0.25,1.231111111111111,7.211538461538462,5.993746091307067,69.0,K_MM,305,5.757281553398058,16.0
0.1922222222222222,0.0,efpb__022,efpb,0.0,0.83,38.59777777777778,38.191335740072205,58.82698667674572,52.0,K_OO,301,66.14309484193012,49.0
0.18444444444444444,0.0,efpb__022,efpb,0.0,0.87,37.47888888888889,42.18402777777778,57.91150187373883,50.0,K_OO,302,63.92918825561313,46.0
0.19111111111111112,0.0,efpb__022,efpb,0.0,0.82,38.541111111111114,40.929765886287626,57.66768123962369,52.0,K_OO,303,64.04139072847683,48.0
0.19444444444444445,0.0,efpb__022,efpb,0.0,0.87,36.55444444444444,40.248275862068965,55.126943976016484,52.0,K_OO,304,60.67725752508361,47.0
0.19111111111111112,0.0,efpb__022,efpb,0.0,0.83,33.89888888888889,40.715867158671585,53.61125295508274,52.0,K_OO,305,58.054545454545455,40.0
0.20444444444444446,0.0,efpb__022,efpb,0.0,0.84,21.906666666666666,39.792792792792795,38.982448630136986,57.0,K_SS,301,38.72992700729927,39.0
0.21333333333333335,0.0,efpb__022,efpb,0.0,0.81,18.285555555555554,37.34403669724771,32.3882863340564,59.0,K_SS,302,30.94800693240901,33.0
0.2088888888888889,0.0,efpb__022,efpb,0.0,0.82,20.16111111111111,41.59130434782609,35.94147896739689,57.0,K_SS,303,34.190893169877405,35.0
0.20666666666666667,0.0,efpb__022,efpb,0.0,0.84,18.613333333333333,34.13875598086124,31.987558808154734,60.0,K_SS,304,31.38608695652174,29.0
0.21666666666666667,0.0,efpb__022,efpb,0.0,0.82,17.1,33.47715736040609,30.134595051807995,60.0,K_SS,305,29.255208333333332,32.0
0.19111111111111112,0.0,efpb__022,efpb,0.0,0.4,3.5755555555555554,12.729032258064516,9.666274625110262,72.0,K_XX,301,8.762376237623762,21.0
0.1811111111111111,0.0,efpb__022,efpb,0.0,0.3,3.1555555555555554,10.227272727272727,8.489810771470161,72.0,K_XX,302,7.987804878048781,18.0
0.1922222222222222,0.0,efpb__022,efpb,0.0,0.48,3.45,11.28,9.078784302154029,72.0,K_XX,303,8.45320197044335,21.0
0.1922222222222222,0.0,efpb__022,efpb,0.0,0.39,3.1344444444444446,11.1203007518797,8.450968523002421,72.0,K_XX,304,7.778325123152709,20.0
0.1922222222222222,0.0,efpb__022,efpb,0.0,0.37,3.1344444444444446,11.341269841269842,8.514742014742014,72.0,K_XX,305,7.836633663366337,20.0
0.19111111111111112,0.0,efpb__023,efpb,0.0,0.36,2.7155555555555555,12.033898305084746,9.31729862290134,73.0,K_HH,301,8.53943217665615,19.0
0.1922222222222222,0.0,efpb__023,efpb,0.0,0.27,2.42,11.0990990990991,8.64234426547642,72.0,K_HH,302,7.967845659163987,18.0
0.19111111111111112,0.0,efpb__023,efpb,0.0,0.36,2.5844444444444443,10.136363636363637,8.630409356725146,73.0,K_HH,303,8.219354838709677,19.0
0.18555555555555556,0.0,efpb__023,efpb,0.0,0.38,2.6355555555555554,11.077669902912621,8.905649388468259,73.0,K_HH,304,8.362776025236593,21.0
0.19555555555555557,0.0,efpb__023,efpb,0.0,0.37,2.6433333333333335,11.516483516483516,9.042067307692307,73.0,K_HH,305,8.490445859872612,19.0
0.11444444444444445,0.0,efpb__023,efpb,0.0,0.27,0.47,5.436974789915967,5.287203001250521,57.0,K_HL,301,5.139784946236559,15.0
0.11666666666666667,0.0,efpb__023,efpb,0.0,0.26,0.46,4.441441441441442,4.734133790737564,59.0,K_HL,302,5.0,15.0
0.1111111111111111,0.0,efpb__023,efpb,0.0,0.25,0.37666666666666665,4.0636363636363635,4.058797909407665,56.0,K_HL,303,4.054347826086956,16.0
0.12333333333333334,0.0,efpb__023,efpb,0.0,0.24,0.38666666666666666,3.68,3.9253187613843346,60.0,K_HL,304,4.130434782608695,16.0
0.1111111111111111,0.0,efpb__023,efpb,0.0,0.27,0.42333333333333334,5.450549450549451,5.040113260972157,54.0,K_HL,305,4.731182795698925,17.0
0.2111111111111111,0.0,efpb__023,efpb,0.0,0.24,2.207777777777778,12.258064516129032,7.510306917086579,70.0,K_LH,301,7.147435897435898,18.0
0.2111111111111111,0.0,efpb__023,efpb,0.0,0.33,2.1366666666666667,12.033333333333333,7.249653579676674,70.0,K_LH,302,6.893548387096774,19.0
0.21888888888888888,0.0,efpb__023,efpb,0.0,0.27,1.7933333333333332,11.28,6.031720305626302,68.0,K_LH,303,5.7092651757188495,15.0
0.23444444444444446,0.0,efpb__023,efpb,0.0,0.3,1.9766666666666666,13.380952380952381,6.726805328347744,68.0,K_LH,304,6.383386581469648,17.0
0.22444444444444445,0.0,efpb__023,efpb,0.0,0.38,2.2044444444444444,11.173913043478262,7.249768089053803,68.0,K_LH,305,7.028662420382165,19.0
0.17666666666666667,0.0,efpb__023,efpb,0.0,0.27,1.4255555555555555,8.013698630136986,6.995844464232711,71.0,K_MM,301,6.714285714285714,15.0
0.18222222222222223,0.0,efpb__023,efpb,0.0,0.26,1.3922222222222222,7.536231884057971,6.790108564535585,71.0,K_MM,302,6.594059405940594,16.0
0.17888888888888888,0.0,efpb__023,efpb,0.0,0.26,1.4733333333333334,8.130434782608695,7.168576598311219,68.0,K_MM,303,6.915841584158416,16.0
0.18333333333333332,0.0,efpb__023,efpb,0.0,0.27,1.4155555555555555,8.516129032258064,6.957178065311152,69.0,K_MM,304,6.589108910891089,15.0
0.17888888888888888,0.0,efpb__023,efpb,0.0,0.25,1.3866666666666667,8.653846153846153,6.9512503956948395,69.0,K_MM,305,6.615763546798029,15.0
0.17333333333333334,0.0,efpb__023,efpb,0.0,0.44,33.37222222222222,24.445993031358885,47.749011113203984,74.0,K_OO,301,56.380872483221474,25.0
0.17444444444444446,0.0,efpb__023,efpb,0.0,0.47,33.32888888888889,23.14946619217082,47.524703651019436,73.0,K_OO,302,56.37983193277311,26.0
0.16777777777777778,0.0,efpb__023,efpb,0.0,0.55,34.757777777777775,24.926421404682273,47.97283995625228,74.0,K_OO,303,56.60586319218241,28.0
0.17333333333333334,0.0,efpb__023,efpb,0.0,0.44,34.17444444444445,22.431654676258994,47.46971407072987,75.0,K_OO,304,56.33443708609271,25.0
0.18555555555555556,0.0,efpb__023,efpb,0.0,0.91,29.903333333333332,24.022556390977442,42.61716202366532,73.0,K_OO,305,48.743961352657,23.0
0.1811111111111111,0.0,efpb__023,efpb,0.0,0.44,19.69333333333333,18.522321428571427,30.360321771834514,73.0,K_SS,301,33.976950354609926,22.0
0.18555555555555556,0.0,efpb__023,efpb,0.0,0.34,18.16777777777778,15.516279069767442,27.38038079470199,73.0,K_SS,302,30.775086505190313,20.0
0.18333333333333332,0.0,efpb__023,efpb,0.0,0.32,18.267777777777777,15.309734513274336,26.830047517945605,74.0,K_SS,303,30.24190800681431,20.0
0.19111111111111112,0.0,efpb__023,efpb,0.0,0.47,20.357777777777777,18.00966183574879,32.088185654008434,72.0,K_SS,304,36.02105263157895,22.0
0.19,0.0,efpb__023,efpb,0.0,0.36,18.93,16.505050505050505,29.450539956803453,73.0,K_SS,305,32.97142857142857,21.0
0.18777777777777777,0.0,efpb__023,efpb,0.0,0.31,3.2355555555555555,11.987096774193548,8.924135910954892,74.0,K_XX,301,8.024630541871922,19.0
0.18666666666666668,0.0,efpb__023,efpb,0.0,0.32,3.3233333333333333,11.522875816993464,8.784899034240562,73.0,K_XX,302,7.995098039215686,20.0
0.19111111111111112,0.0,efpb__023,efpb,0.0,0.37,3.3355555555555556,13.5,9.351548801870251,73.0,K_XX,303,8.147058823529411,19.0
0.19111111111111112,0.0,efpb__023,efpb,0.0,0.35,3.312222222222222,12.56115107913669,9.009262025694651,73.0,K_XX,304,8.07843137254902,19.0
0.18555555555555556,0.0,efpb__023,efpb,0.0,0.35,3.4455555555555555,11.609375,9.065263799939006,73.0,K_XX,305,8.448275862068966,19.0
0.19111111111111112,0.0,efpb__024,efpb,0.0,0.36,2.7155555555555555,12.033898305084746,9.31729862290134,73.0,K_HH,301,8.53943217665615,19.0
0.1922222222222222,0.0,efpb__024,efpb,0.0,0.35,2.4922222222222223,10.585585585585585,8.606873913882987,72.0,K_HH,302,8.06709265175719,19.0
0.18555555555555556,0.0,efpb__024,efpb,0.0,0.27,2.4722222222222223,10.339130434782609,8.411686586985391,73.0,K_HH,303,7.873817034700315,19.0
0.18555555555555556,0.0,efpb__024,efpb,0.0,0.37,2.6544444444444446,10.980582524271844,8.871092991652105,73.0,K_HH,304,8.343848580441641,21.0
0.19555555555555557,0.0,efpb__024,efpb,0.0,0.37,2.6433333333333335,11.516483516483516,9.042067307692307,73.0,K_HH,305,8.490445859872612,19.0
0.12111111111111111,0.0,efpb__024,efpb,0.0,0.27,0.4266666666666667,6.117647058823529,5.384328358208956,58.0,K_HL,301,4.670212765957447,15.0
0.12111111111111111,0.0,efpb__024,efpb,0.0,0.26,0.42,5.558558558558558,5.0763293310463125,60.0,K_HL,302,4.638297872340425,14.0
0.1111111111111111,0.0,efpb__024,efpb,0.0,0.25,0.37666666666666665,4.0636363636363635,4.058797909407665,56.0,K_HL,303,4.054347826086956,16.0
0.12333333333333334,0.0,efpb__024,efpb,0.0,0.24,0.38666666666666666,3.68,3.9253187613843346,60.0,K_HL,304,4.130434782608695,16.0
0.11555555555555555,0.0,efpb__024,efpb,0.0,0.26,0.35777777777777775,4.164835164835165,3.9909221213569035,56.0,K_HL,305,3.857142857142857,13.0
0.2111111111111111,0.0,efpb__024,efpb,0.0,0.24,2.207777777777778,12.258064516129032,7.510306917086579,70.0,K_LH,301,7.147435897435898,18.0
0.2111111111111111,0.0,efpb__024,efpb,0.0,0.33,2.1366666666666667,12.033333333333333,7.249653579676674,70.0,K_LH,302,6.893548387096774,19.0
0.21888888888888888,0.0,efpb__024,efpb,0.0,0.27,1.7933333333333332,11.28,6.031720305626302,68.0,K_LH,303,5.7092651757188495,15.0
0.23444444444444446,0.0,efpb__024,efpb,0.0,0.3,1.9766666666666666,13.380952380952381,6.726805328347744,68.0,K_LH,304,6.383386581469648,17.0
0.22444444444444445,0.0,efpb__024,efpb,0.0,0.34,2.1577777777777776,10.565217391304348,7.1358998144712436,68.0,K_LH,305,6.942675159235669,18.0
0.17666666666666667,0.0,efpb__024,efpb,0.0,0.27,1.4255555555555555,8.013698630136986,6.995844464232711,71.0,K_MM,301,6.714285714285714,15.0
0.18222222222222223,0.0,efpb__024,efpb,0.0,0.26,1.3922222222222222,7.536231884057971,6.790108564535585,71.0,K_MM,302,6.594059405940594,16.0
0.17777777777777778,0.0,efpb__024,efpb,0.0,0.27,1.508888888888889,8.594202898550725,7.367008443908323,70.0,K_MM,303,7.044554455445544,16.0
0.18333333333333332,0.0,efpb__024,efpb,0.0,0.27,1.521111111111111,7.67741935483871,7.173444239063462,69.0,K_MM,304,7.054455445544554,15.0
0.18444444444444444,0.0,efpb__024,efpb,0.0,0.25,1.231111111111111,7.211538461538462,5.993746091307067,69.0,K_MM,305,5.757281553398058,16.0
0.23333333333333334,0.0,efpb__024,efpb,0.0,6.03,21.92111111111111,310.37979094076655,99.48888888888888,65.0,K_OO,301,32.97714285714286,18.0
0.2222222222222222,0.0,efpb__024,efpb,0.0,5.18,24.88,214.17081850533808,79.9317210733208,66.0,K_OO,302,37.510233918128655,20.0
0.23444444444444446,0.0,efpb__024,efpb,0.0,6.56,21.684444444444445,312.9575163398693,101.64998775610155,65.0,K_OO,303,31.298444130127297,18.0
0.2222222222222222,0.0,efpb__024,efpb,0.0,4.96,24.346666666666668,214.0179856115108,78.0120717504038,68.0,K_OO,304,35.92185238784371,19.0
0.2111111111111111,0.0,efpb__024,efpb,0.0,3.03,27.267777777777777,68.203007518797,49.23359318346628,70.0,K_OO,305,43.20652173913044,21.0
0.21222222222222223,0.0,efpb__024,efpb,0.0,2.78,17.14666666666667,109.13392857142857,46.601934898720145,70.0,K_SS,301,28.370558375634516,21.0
0.18555555555555556,0.0,efpb__024,efpb,0.0,0.34,18.16777777777778,15.516279069767442,27.38038079470199,73.0,K_SS,302,30.775086505190313,20.0
0.18333333333333332,0.0,efpb__024,efpb,0.0,0.32,18.267777777777777,15.309734513274336,26.830047517945605,74.0,K_SS,303,30.24190800681431,20.0
0.1988888888888889,0.0,efpb__024,efpb,0.0,1.28,19.6,33.690821256038646,33.743393889347644,71.0,K_SS,304,33.75767918088737,22.0
0.19,0.0,efpb__024,efpb,0.0,0.36,18.93,16.505050505050505,29.450539956803453,73.0,K_SS,305,32.97142857142857,21.0
0.18777777777777777,0.0,efpb__024,efpb,0.0,0.31,3.3544444444444443,11.425806451612903,8.969976567076744,74.0,K_XX,301,8.248768472906404,19.0
0.18555555555555556,0.0,efpb__024,efpb,0.0,0.27,3.0166666666666666,11.522875816993464,8.381169212690951,73.0,K_XX,302,7.470443349753695,19.0
0.18666666666666668,0.0,efpb__024,efpb,0.0,0.37,3.351111111111111,12.46103896103896,9.104273005687618,73.0,K_XX,303,8.1320293398533,19.0
0.18666666666666668,0.0,efpb__024,efpb,0.0,0.27,3.207777777777778,12.733812949640289,8.887591677892532,74.0,K_XX,304,7.877149877149877,18.0
0.18555555555555556,0.0,efpb__024,efpb,0.0,0.35,3.4811111111111113,11.6484375,9.112311672500379,73.0,K_XX,305,8.498771498771498,19.0
0.18666666666666668,0.0,efpb__025,efpb,0.0,0.34,2.736666666666667,10.64406779661017,9.143154311649017,73.0,K_HH,301,8.712025316455696,19.0
0.18,0.0,efpb__025,efpb,0.0,0.38,2.568888888888889,10.875,8.834736036725326,73.0,K_HH,302,8.278481012658228,22.0
0.17555555555555555,0.0,efpb__025,efpb,0.0,0.34,2.4477777777777776,8.96551724137931,8.076690020829389,73.0,K_HH,303,7.826498422712934,22.0
0.1922222222222222,0.0,efpb__025,efpb,0.0,0.39,2.5677777777777777,10.278846153846153,8.625460182135246,72.0,K_HH,304,8.20820189274448,21.0
0.19333333333333333,0.0,efpb__025,efpb,0.0,0.44,2.2822222222222224,11.714285714285714,8.062663185378591,71.0,K_HH,305,7.246006389776358,18.0
0.12555555555555556,0.0,efpb__025,efpb,0.0,0.32,0.39555555555555555,5.882352941176471,5.0849917081260365,59.0,K_HL,301,4.308510638297872,13.0
0.12111111111111111,0.0,efpb__025,efpb,0.0,0.26,0.42333333333333334,5.324324324324325,4.975986277873071,60.0,K_HL,302,4.659574468085107,14.0
0.1111111111111111,0.0,efpb__025,efpb,0.0,0.25,0.37666666666666665,4.0636363636363635,4.058797909407665,56.0,K_HL,303,4.054347826086956,16.0
0.12555555555555556,0.0,efpb__025,efpb,0.0,0.3,0.37444444444444447,3.9,3.966302367941712,60.0,K_HL,304,4.021739130434782,16.0
0.11555555555555555,0.0,efpb__025,efpb,0.0,0.23,0.35555555555555557,3.9450549450549453,3.926421404682274,56.0,K_HL,305,3.912087912087912,13.0
0.21222222222222223,0.0,efpb__025,efpb,0.0,0.54,1.9522222222222223,13.064516129032258,6.820735327700388,69.0,K_LH,301,6.345047923322683,19.0
0.2111111111111111,0.0,efpb__025,efpb,0.0,0.39,2.0033333333333334,14.6,6.917338245452453,70.0,K_LH,302,6.347266881028939,17.0
0.22,0.0,efpb__025,efpb,0.0,0.47,1.6566666666666667,10.76,5.678588016720854,68.0,K_LH,303,5.365384615384615,14.0
0.2311111111111111,0.0,efpb__025,efpb,0.0,0.31,1.6877777777777778,15.05,5.973295853829936,67.0,K_LH,304,5.527156549520766,17.0
0.22,0.0,efpb__025,efpb,0.0,0.82,1.7644444444444445,17.083333333333332,6.272559000462749,67.0,K_LH,305,5.6369426751592355,20.0
0.17555555555555555,0.0,efpb__025,efpb,0.0,0.26,1.5477777777777777,8.506849315068493,7.561887800534284,72.0,K_MM,301,7.300492610837439,17.0
0.18333333333333332,0.0,efpb__025,efpb,0.0,0.27,1.3677777777777778,6.913043478260869,6.605548854041013,70.0,K_MM,302,6.524752475247524,18.0
0.18333333333333332,0.0,efpb__025,efpb,0.0,0.29,1.5777777777777777,8.898550724637682,7.715410233121405,69.0,K_MM,303,7.402985074626866,16.0
0.17777777777777778,0.0,efpb__025,efpb,0.0,0.32,1.5255555555555556,6.161290322580645,6.959789669038046,70.0,K_MM,304,7.149253731343284,18.0
0.18444444444444444,0.0,efpb__025,efpb,0.0,0.32,1.4555555555555555,8.365384615384615,7.039086929330833,69.0,K_MM,305,6.781553398058253,16.0
0.18777777777777777,0.0,efpb__025,efpb,0.0,0.87,38.507777777777775,40.12811387900356,58.57122734529063,52.0,K_OO,301,65.18242122719735,49.0
0.16111111111111112,0.0,efpb__025,efpb,0.0,0.84,41.931111111111115,39.21993127147766,63.33120155038759,46.0,K_OO,302,72.8,53.0
0.09666666666666666,0.0,efpb__025,efpb,0.0,10.19,81.0,62.56435643564357,325.6930903928065,57.0,K_OO,303,992.3152173913044,943.0
0.18222222222222223,0.0,efpb__025,efpb,0.0,0.87,40.42,44.73646209386282,59.962008774386256,51.0,K_OO,304,65.27168576104746,50.0
0.19333333333333333,0.0,efpb__025,efpb,0.0,0.86,33.681111111111115,40.71217712177122,51.26839945280438,53.0,K_OO,305,54.733858267716535,44.0
0.2088888888888889,0.0,efpb__025,efpb,0.0,0.85,22.3,40.6981981981982,38.35684775872753,57.0,K_SS,301,37.6602787456446,37.0
0.2111111111111111,0.0,efpb__025,efpb,0.0,0.84,19.261111111111113,38.17727272727273,33.67158024945882,58.0,K_SS,302,32.350086655112655,33.0
0.1988888888888889,0.0,efpb__025,efpb,0.0,0.83,20.684444444444445,39.43913043478261,35.909211330751994,56.0,K_SS,303,34.82871972318339,37.0
0.21444444444444444,0.0,efpb__025,efpb,0.0,0.81,19.053333333333335,36.070422535211264,32.93297531756687,59.0,K_SS,304,32.04819277108434,31.0
0.21333333333333335,0.0,efpb__025,efpb,0.0,0.86,17.456666666666667,36.42929292929293,31.32025383395029,60.0,K_SS,305,29.96695652173913,32.0
0.17888888888888888,0.0,efpb__025,efpb,0.0,0.34,3.4633333333333334,9.738853503184714,8.690282222868781,74.0,K_XX,301,8.379901960784315,20.0
0.19111111111111112,0.0,efpb__025,efpb,0.0,0.53,3.3088888888888888,10.55483870967742,8.788591590708615,72.0,K_XX,302,8.267326732673267,20.0
0.18666666666666668,0.0,efpb__025,efpb,0.0,0.53,3.8055555555555554,11.413333333333334,9.846119668246445,71.0,K_XX,303,9.398514851485148,20.0
0.1922222222222222,0.0,efpb__025,efpb,0.0,0.37,3.15,10.18796992481203,8.334145227584107,72.0,K_XX,304,7.863523573200992,21.0
0.19111111111111112,0.0,efpb__025,efpb,0.0,0.37,3.1166666666666667,10.682539682539682,8.377791373508717,72.0,K_XX,305,7.827586206896552,20.0
0.19111111111111112,0.0,efpb__026,efpb,0.0,0.48,2.187777777777778,9.579831932773109,7.623631559078898,72.0,K_HH,301,7.056962025316456,18.0
0.19777777777777777,0.0,efpb__026,efpb,0.0,0.54,2.531111111111111,12.563636363636364,8.986264267750046,72.0,K_HH,302,8.019169329073483,21.0
0.1922222222222222,0.0,efpb__026,efpb,0.0,0.41,2.71,11.1,9.13789759503491,73.0,K_HH,303,8.60576923076923,20.0
0.19333333333333333,0.0,efpb__026,efpb,0.0,0.39,2.4611111111111112,11.01923076923077,8.521561771561771,72.0,K_HH,304,7.889240506329114,20.0
0.19333333333333333,0.0,efpb__026,efpb,0.0,0.48,2.5366666666666666,12.989010989010989,9.127540852929455,71.0,K_HH,305,8.272151898734178,20.0
0.11333333333333333,0.0,efpb__026,efpb,0.0,0.34,0.4777777777777778,4.495798319327731,4.8159203980099505,60.0,K_HL,301,5.127659574468085,22.0
0.11666666666666667,0.0,efpb__026,efpb,0.0,0.26,0.46,4.441441441441442,4.734133790737564,59.0,K_HL,302,5.0,15.0
0.1111111111111111,0.0,efpb__026,efpb,0.0,0.25,0.37666666666666665,4.0636363636363635,4.058797909407665,56.0,K_HL,303,4.054347826086956,16.0
0.12444444444444444,0.0,efpb__026,efpb,0.0,0.24,0.38333333333333336,3.54,3.849726775956284,61.0,K_HL,304,4.108695652173913,17.0
0.1111111111111111,0.0,efpb__026,efpb,0.0,0.28,0.43,4.989010989010989,4.897121283624351,54.0,K_HL,305,4.827956989247312,17.0
0.21222222222222223,0.0,efpb__026,efpb,0.0,0.54,2.0,12.225806451612904,6.8183060109289615,69.0,K_LH,301,6.407643312101911,18.0
0.21666666666666667,0.0,efpb__026,efpb,0.0,0.5,1.9366666666666668,14.633333333333333,6.804725503822099,69.0,K_LH,302,6.2200647249190935,18.0
0.22111111111111112,0.0,efpb__026,efpb,0.0,0.49,1.558888888888889,11.72,5.394998842324613,67.0,K_LH,303,5.006389776357827,15.0
0.23222222222222222,0.0,efpb__026,efpb,0.0,0.31,1.5966666666666667,17.25,5.872723026623073,67.0,K_LH,304,5.3152866242038215,17.0
0.23,0.0,efpb__026,efpb,0.0,0.57,1.8811111111111112,15.173913043478262,6.469644103279832,68.0,K_LH,305,5.977635782747604,16.0
0.17666666666666667,0.0,efpb__026,efpb,0.0,0.25,1.5333333333333334,7.383561643835616,7.272187592757494,71.0,K_MM,301,7.241379310344827,16.0
0.18333333333333332,0.0,efpb__026,efpb,0.0,0.26,1.441111111111111,6.971014492753623,6.8332328106152005,70.0,K_MM,302,6.797029702970297,17.0
0.17888888888888888,0.0,efpb__026,efpb,0.0,0.36,1.5755555555555556,8.884057971014492,7.721351025331726,69.0,K_MM,303,7.415841584158416,16.0
0.18444444444444444,0.0,efpb__026,efpb,0.0,0.38,1.3833333333333333,8.629032258064516,6.942468295700587,69.0,K_MM,304,6.54228855721393,15.0
0.18,0.0,efpb__026,efpb,0.0,0.36,0.97,7.4423076923076925,5.072509457755359,68.0,K_MM,305,4.607843137254902,16.0
0.18666666666666668,0.0,efpb__026,efpb,0.0,0.54,33.76777777777778,27.22866894197952,48.12352500468252,57.0,K_OO,301,56.0251677852349,32.0
0.18222222222222223,0.0,efpb__026,efpb,0.0,0.57,39.55888888888889,28.04609929078014,55.72874907201189,55.0,K_OO,302,65.54084967320262,36.0
0.18333333333333332,0.0,efpb__026,efpb,0.0,0.55,36.873333333333335,26.61904761904762,51.34194089680246,56.0,K_OO,303,60.67612687813022,35.0
0.18555555555555556,0.0,efpb__026,efpb,0.0,0.55,38.91222222222222,28.524475524475523,53.63084284136915,58.0,K_OO,304,62.5974025974026,34.0
0.19111111111111112,0.0,efpb__026,efpb,0.0,0.57,36.12555555555556,27.845283018867924,51.32561436672968,57.0,K_OO,305,59.17213114754098,35.0
0.2011111111111111,0.0,efpb__026,efpb,0.0,0.57,19.22888888888889,27.02252252252252,31.40623392655077,61.0,K_SS,301,32.70363951473137,28.0
0.21222222222222223,0.0,efpb__026,efpb,0.0,0.54,17.92222222222222,27.0,29.59172144617913,62.0,K_SS,302,30.335051546391753,27.0
0.2,0.0,efpb__026,efpb,0.0,0.57,20.31111111111111,26.152173913043477,32.669041718298224,60.0,K_SS,303,34.69894366197183,29.0
0.20333333333333334,0.0,efpb__026,efpb,0.0,0.55,18.73111111111111,24.559808612440193,30.553047164811876,63.0,K_SS,304,32.25840707964602,26.0
0.21666666666666667,0.0,efpb__026,efpb,0.0,0.56,16.191111111111113,28.585858585858585,27.55605334444676,64.0,K_SS,305,27.28839590443686,25.0
0.19111111111111112,0.0,efpb__026,efpb,0.0,0.4,3.5755555555555554,12.729032258064516,9.666274625110262,72.0,K_XX,301,8.762376237623762,21.0
0.18555555555555556,0.0,efpb__026,efpb,0.0,0.37,3.256666666666667,9.246753246753247,8.44959088252484,72.0,K_XX,302,8.218137254901961,19.0
0.1988888888888889,0.0,efpb__026,efpb,0.0,0.48,3.1655555555555557,12.573333333333334,8.917802132701421,71.0,K_XX,303,7.873762376237623,20.0
0.1922222222222222,0.0,efpb__026,efpb,0.0,0.39,3.1344444444444446,11.1203007518797,8.450968523002421,72.0,K_XX,304,7.778325123152709,20.0
0.1922222222222222,0.0,efpb__026,efpb,0.0,0.37,3.1344444444444446,11.341269841269842,8.514742014742014,72.0,K_XX,305,7.836633663366337,20.0
0.18666666666666668,0.0,efpb__027,efpb,0.0,0.34,2.7311111111111113,10.610169491525424,9.125448028673834,73.0,K_HH,301,8.700315457413248,19.0
0.18,0.0,efpb__027,efpb,0.0,0.38,2.568888888888889,10.875,8.834736036725326,73.0,K_HH,302,8.278481012658228,22.0
0.18555555555555556,0.0,efpb__027,efpb,0.0,0.38,2.502222222222222,9.525862068965518,8.322062712504723,73.0,K_HH,303,7.984276729559748,19.0
0.1922222222222222,0.0,efpb__027,efpb,0.0,0.39,2.5677777777777777,10.278846153846153,8.625460182135246,72.0,K_HH,304,8.20820189274448,21.0
0.19333333333333333,0.0,efpb__027,efpb,0.0,0.48,2.506666666666667,12.582417582417582,8.937225986448786,71.0,K_HH,305,8.129746835443038,20.0
0.11777777777777777,0.0,efpb__027,efpb,0.0,0.34,0.41555555555555557,5.697478991596639,5.12380158399333,59.0,K_HL,301,4.559139784946237,24.0
0.12111111111111111,0.0,efpb__027,efpb,0.0,0.26,0.4388888888888889,4.864864864864865,4.835334476843911,60.0,K_HL,302,4.808510638297872,15.0
0.1111111111111111,0.0,efpb__027,efpb,0.0,0.25,0.37666666666666665,4.0636363636363635,4.058797909407665,56.0,K_HL,303,4.054347826086956,16.0
0.12444444444444444,0.0,efpb__027,efpb,0.0,0.24,0.38333333333333336,3.54,3.849726775956284,61.0,K_HL,304,4.108695652173913,17.0
0.11666666666666667,0.0,efpb__027,efpb,0.0,0.24,0.4255555555555556,5.054945054945055,4.907031618688061,54.0,K_HL,305,4.795698924731183,16.0
0.21222222222222223,0.0,efpb__027,efpb,0.0,0.54,1.9522222222222223,13.064516129032258,6.820735327700388,69.0,K_LH,301,6.345047923322683,19.0
0.2111111111111111,0.0,efpb__027,efpb,0.0,0.39,2.0033333333333334,14.6,6.917338245452453,70.0,K_LH,302,6.347266881028939,17.0
0.22,0.0,efpb__027,efpb,0.0,0.47,1.6566666666666667,10.76,5.678588016720854,68.0,K_LH,303,5.365384615384615,14.0
0.2311111111111111,0.0,efpb__027,efpb,0.0,0.31,1.6877777777777778,15.05,5.973295853829936,67.0,K_LH,304,5.527156549520766,17.0
0.23,0.0,efpb__027,efpb,0.0,0.57,1.8811111111111112,15.173913043478262,6.469644103279832,68.0,K_LH,305,5.977635782747604,16.0
0.17555555555555555,0.0,efpb__027,efpb,0.0,0.26,1.5477777777777777,8.506849315068493,7.561887800534284,72.0,K_MM,301,7.300492610837439,17.0
0.18333333333333332,0.0,efpb__027,efpb,0.0,0.27,1.3677777777777778,6.913043478260869,6.605548854041013,70.0,K_MM,302,6.524752475247524,18.0
0.18333333333333332,0.0,efpb__027,efpb,0.0,0.29,1.5777777777777777,8.898550724637682,7.715410233121405,69.0,K_MM,303,7.402985074626866,16.0
0.17777777777777778,0.0,efpb__027,efpb,0.0,0.32,1.5166666666666666,6.548387096774194,6.997834828332818,70.0,K_MM,304,7.104477611940299,18.0
0.18444444444444444,0.0,efpb__027,efpb,0.0,0.32,1.4555555555555555,8.365384615384615,7.039086929330833,69.0,K_MM,305,6.781553398058253,16.0
0.18666666666666668,0.0,efpb__027,efpb,0.0,0.54,33.76777777777778,27.22866894197952,48.12352500468252,57.0,K_OO,301,56.0251677852349,32.0
0.18222222222222223,0.0,efpb__027,efpb,0.0,0.57,39.55888888888889,28.04609929078014,55.72874907201189,55.0,K_OO,302,65.54084967320262,36.0
0.18333333333333332,0.0,efpb__027,efpb,0.0,0.55,36.873333333333335,26.61904761904762,51.34194089680246,56.0,K_OO,303,60.67612687813022,35.0
0.18555555555555556,0.0,efpb__027,efpb,0.0,0.55,38.91222222222222,28.524475524475523,53.63084284136915,58.0,K_OO,304,62.5974025974026,34.0
0.19111111111111112,0.0,efpb__027,efpb,0.0,0.57,36.12555555555556,27.845283018867924,51.32561436672968,57.0,K_OO,305,59.17213114754098,35.0
0.2011111111111111,0.0,efpb__027,efpb,0.0,0.57,19.22888888888889,27.02252252252252,31.40623392655077,61.0,K_SS,301,32.70363951473137,28.0
0.21222222222222223,0.0,efpb__027,efpb,0.0,0.54,17.92222222222222,27.0,29.59172144617913,62.0,K_SS,302,30.335051546391753,27.0
0.2,0.0,efpb__027,efpb,0.0,0.57,20.31111111111111,26.152173913043477,32.669041718298224,60.0,K_SS,303,34.69894366197183,29.0
0.20333333333333334,0.0,efpb__027,efpb,0.0,0.55,18.73111111111111,24.559808612440193,30.553047164811876,63.0,K_SS,304,32.25840707964602,26.0
0.21666666666666667,0.0,efpb__027,efpb,0.0,0.56,16.191111111111113,28.585858585858585,27.55605334444676,64.0,K_SS,305,27.28839590443686,25.0
0.17888888888888888,0.0,efpb__027,efpb,0.0,0.34,3.442222222222222,9.574193548387097,8.700058582308143,74.0,K_XX,301,8.443349753694582,20.0
0.18555555555555556,0.0,efpb__027,efpb,0.0,0.37,3.3244444444444445,9.402597402597403,8.606224430157802,72.0,K_XX,302,8.375,19.0
0.1922222222222222,0.0,efpb__027,efpb,0.0,0.48,3.45,11.28,9.078784302154029,72.0,K_XX,303,8.45320197044335,21.0
0.1922222222222222,0.0,efpb__027,efpb,0.0,0.37,3.1822222222222223,10.706766917293233,8.468069007263923,72.0,K_XX,304,7.903940886699507,20.0
0.19333333333333333,0.0,efpb__027,efpb,0.0,0.38,3.39,10.579365079365079,8.76353624961762,71.0,K_XX,305,8.330049261083744,21.0
0.18666666666666668,0.0,efpb__028,efpb,0.0,0.34,2.7311111111111113,10.610169491525424,9.125448028673834,73.0,K_HH,301,8.700315457413248,19.0
0.19777777777777777,0.0,efpb__028,efpb,0.0,0.51,2.301111111111111,11.517857142857142,8.250715512306813,72.0,K_HH,302,7.3627760252365935,19.0
0.18666666666666668,0.0,efpb__028,efpb,0.0,0.38,2.542222222222222,10.39655172413793,8.651100987091876,72.0,K_HH,303,8.158227848101266,19.0
0.1922222222222222,0.0,efpb__028,efpb,0.0,0.39,2.5677777777777777,10.278846153846153,8.625460182135246,72.0,K_HH,304,8.20820189274448,21.0
0.19333333333333333,0.0,efpb__028,efpb,0.0,0.48,2.506666666666667,12.582417582417582,8.937225986448786,71.0,K_HH,305,8.129746835443038,20.0
0.11333333333333333,0.0,efpb__028,efpb,0.0,0.34,0.4777777777777778,4.495798319327731,4.8159203980099505,60.0,K_HL,301,5.127659574468085,22.0
0.11666666666666667,0.0,efpb__028,efpb,0.0,0.26,0.45,4.693693693693693,4.8040308747855915,59.0,K_HL,302,4.904255319148936,15.0
0.1111111111111111,0.0,efpb__028,efpb,0.0,0.25,0.37666666666666665,4.0636363636363635,4.058797909407665,56.0,K_HL,303,4.054347826086956,16.0
0.12444444444444444,0.0,efpb__028,efpb,0.0,0.24,0.38333333333333336,3.54,3.849726775956284,61.0,K_HL,304,4.108695652173913,17.0
0.1111111111111111,0.0,efpb__028,efpb,0.0,0.28,0.43,4.989010989010989,4.897121283624351,54.0,K_HL,305,4.827956989247312,17.0
0.21222222222222223,0.0,efpb__028,efpb,0.0,0.54,1.9522222222222223,13.064516129032258,6.820735327700388,69.0,K_LH,301,6.345047923322683,19.0
0.2111111111111111,0.0,efpb__028,efpb,0.0,0.39,2.0033333333333334,14.6,6.917338245452453,70.0,K_LH,302,6.347266881028939,17.0
0.22,0.0,efpb__028,efpb,0.0,0.47,1.6566666666666667,10.76,5.678588016720854,68.0,K_LH,303,5.365384615384615,14.0
0.2311111111111111,0.0,efpb__028,efpb,0.0,0.31,1.6877777777777778,15.05,5.973295853829936,67.0,K_LH,304,5.527156549520766,17.0
0.22,0.0,efpb__028,efpb,0.0,0.82,1.7644444444444445,17.083333333333332,6.272559000462749,67.0,K_LH,305,5.6369426751592355,20.0
0.17555555555555555,0.0,efpb__028,efpb,0.0,0.26,1.5477777777777777,8.506849315068493,7.561887800534284,72.0,K_MM,301,7.300492610837439,17.0
0.18333333333333332,0.0,efpb__028,efpb,0.0,0.27,1.3677777777777778,6.913043478260869,6.605548854041013,70.0,K_MM,302,6.524752475247524,18.0
0.18333333333333332,0.0,efpb__028,efpb,0.0,0.29,1.5777777777777777,8.898550724637682,7.715410233121405,69.0,K_MM,303,7.402985074626866,16.0
0.18444444444444444,0.0,efpb__028,efpb,0.0,0.37,1.4477777777777778,8.161290322580646,7.045594577942082,69.0,K_MM,304,6.782178217821782,16.0
0.18444444444444444,0.0,efpb__028,efpb,0.0,0.32,1.4555555555555555,8.365384615384615,7.039086929330833,69.0,K_MM,305,6.781553398058253,16.0
0.18777777777777777,0.0,efpb__028,efpb,0.0,0.87,38.507777777777775,40.12811387900356,58.57122734529063,52.0,K_OO,301,65.18242122719735,49.0
0.1711111111111111,0.0,efpb__028,efpb,0.0,0.87,38.61888888888889,42.548611111111114,56.20460334788937,47.0,K_OO,302,61.05288461538461,48.0
0.09666666666666666,0.0,efpb__028,efpb,0.0,10.19,81.0,62.56435643564357,325.6930903928065,57.0,K_OO,303,992.3152173913044,943.0
0.18444444444444444,0.0,efpb__028,efpb,0.0,0.87,36.79,40.62199312714777,54.185457216305544,50.0,K_OO,304,59.13029315960912,51.0
0.19333333333333333,0.0,efpb__028,efpb,0.0,0.86,33.681111111111115,40.71217712177122,51.26839945280438,53.0,K_OO,305,54.733858267716535,44.0
0.2,0.0,efpb__028,efpb,0.0,0.87,22.461111111111112,41.37837837837838,39.61473237943826,56.0,K_SS,301,39.072072072072075,37.0
0.21333333333333335,0.0,efpb__028,efpb,0.0,0.81,18.285555555555554,37.34403669724771,32.3882863340564,59.0,K_SS,302,30.94800693240901,33.0
0.2088888888888889,0.0,efpb__028,efpb,0.0,0.82,20.18,41.59130434782609,35.969556721176595,57.0,K_SS,303,34.2276707530648,35.0
0.20666666666666667,0.0,efpb__028,efpb,0.0,0.84,18.67111111111111,34.34928229665072,32.187395309882746,60.0,K_SS,304,31.581881533101047,30.0
0.21666666666666667,0.0,efpb__028,efpb,0.0,0.82,17.045555555555556,34.005076142131976,30.10174695606141,60.0,K_SS,305,29.07304347826087,32.0
0.19111111111111112,0.0,efpb__028,efpb,0.0,0.4,3.5755555555555554,12.729032258064516,9.666274625110262,72.0,K_XX,301,8.762376237623762,21.0
0.1811111111111111,0.0,efpb__028,efpb,0.0,0.3,3.1555555555555554,10.227272727272727,8.489810771470161,72.0,K_XX,302,7.987804878048781,18.0
0.1922222222222222,0.0,efpb__028,efpb,0.0,0.48,3.45,11.28,9.078784302154029,72.0,K_XX,303,8.45320197044335,21.0
0.1922222222222222,0.0,efpb__028,efpb,0.0,0.37,3.1822222222222223,10.706766917293233,8.468069007263923,72.0,K_XX,304,7.903940886699507,20.0
0.1922222222222222,0.0,efpb__028,efpb,0.0,0.37,3.1422222222222222,10.476190476190476,8.411240786240786,72.0,K_XX,305,7.915841584158416,20.0
0.18666666666666668,0.0,efpb__029,efpb,0.0,0.34,2.7311111111111113,10.610169491525424,9.125448028673834,73.0,K_HH,301,8.700315457413248,19.0
0.19777777777777777,0.0,efpb__029,efpb,0.0,0.51,2.301111111111111,11.517857142857142,8.250715512306813,72.0,K_HH,302,7.3627760252365935,19.0
0.18555555555555556,0.0,efpb__029,efpb,0.0,0.38,2.502222222222222,9.525862068965518,8.322062712504723,73.0,K_HH,303,7.984276729559748,19.0
0.1922222222222222,0.0,efpb__029,efpb,0.0,0.39,2.5677777777777777,10.278846153846153,8.625460182135246,72.0,K_HH,304,8.20820189274448,21.0
0.19333333333333333,0.0,efpb__029,efpb,0.0,0.48,2.506666666666667,12.582417582417582,8.937225986448786,71.0,K_HH,305,8.129746835443038,20.0
0.11333333333333333,0.0,efpb__029,efpb,0.0,0.34,0.46,4.957983193277311,4.984576907044603,58.0,K_HL,301,5.010752688172043,23.0
0.12111111111111111,0.0,efpb__029,efpb,0.0,0.26,0.4388888888888889,4.864864864864865,4.835334476843911,60.0,K_HL,302,4.808510638297872,15.0
0.1111111111111111,0.0,efpb__029,efpb,0.0,0.25,0.37666666666666665,4.0636363636363635,4.058797909407665,56.0,K_HL,303,4.054347826086956,16.0
0.12444444444444444,0.0,efpb__029,efpb,0.0,0.24,0.38333333333333336,3.54,3.849726775956284,61.0,K_HL,304,4.108695652173913,17.0
0.11666666666666667,0.0,efpb__029,efpb,0.0,0.24,0.4255555555555556,5.054945054945055,4.907031618688061,54.0,K_HL,305,4.795698924731183,16.0
0.21222222222222223,0.0,efpb__029,efpb,0.0,0.54,1.9522222222222223,13.064516129032258,6.820735327700388,69.0,K_LH,301,6.345047923322683,19.0
0.2111111111111111,0.0,efpb__029,efpb,0.0,0.39,2.0033333333333334,14.6,6.917338245452453,70.0,K_LH,302,6.347266881028939,17.0
0.22,0.0,efpb__029,efpb,0.0,0.47,1.6566666666666667,10.76,5.678588016720854,68.0,K_LH,303,5.365384615384615,14.0
0.2311111111111111,0.0,efpb__029,efpb,0.0,0.31,1.6877777777777778,15.05,5.973295853829936,67.0,K_LH,304,5.527156549520766,17.0
0.23,0.0,efpb__029,efpb,0.0,0.57,1.8811111111111112,15.173913043478262,6.469644103279832,68.0,K_LH,305,5.977635782747604,16.0
0.17555555555555555,0.0,efpb__029,efpb,0.0,0.26,1.5477777777777777,8.506849315068493,7.561887800534284,72.0,K_MM,301,7.300492610837439,17.0
0.18333333333333332,0.0,efpb__029,efpb,0.0,0.27,1.3677777777777778,6.913043478260869,6.605548854041013,70.0,K_MM,302,6.524752475247524,18.0
0.18333333333333332,0.0,efpb__029,efpb,0.0,0.29,1.5777777777777777,8.898550724637682,7.715410233121405,69.0,K_MM,303,7.402985074626866,16.0
0.18444444444444444,0.0,efpb__029,efpb,0.0,0.37,1.5166666666666666,7.564516129032258,7.212805443860192,69.0,K_MM,304,7.129353233830845,16.0
0.18444444444444444,0.0,efpb__029,efpb,0.0,0.32,1.4555555555555555,8.365384615384615,7.039086929330833,69.0,K_MM,305,6.781553398058253,16.0
0.17777777777777778,0.0,efpb__029,efpb,0.0,0.54,34.98222222222222,26.351535836177476,47.826252723311555,55.0,K_OO,301,55.60771704180064,35.0
0.16333333333333333,0.0,efpb__029,efpb,0.0,0.56,42.208888888888886,25.45357142857143,57.858747697974216,53.0,K_OO,302,69.11612903225806,39.0
0.09888888888888889,0.0,efpb__029,efpb,0.0,10.19,81.0,34.07590759075907,305.2579271178419,58.0,K_OO,303,992.2826086956521,943.0
0.17222222222222222,0.0,efpb__029,efpb,0.0,0.59,39.224444444444444,30.982517482517483,54.40561920349154,55.0,K_OO,304,62.63738019169329,36.0
0.09888888888888889,0.0,efpb__029,efpb,0.0,7.9,69.41333333333333,31.954716981132076,218.65147339410643,51.0,K_OO,305,458.0062893081761,728.0
0.2,0.0,efpb__029,efpb,0.0,0.61,20.192222222222224,26.324324324324323,33.070674333507576,60.0,K_SS,301,35.10973451327433,30.0
0.21222222222222223,0.0,efpb__029,efpb,0.0,0.54,17.92222222222222,27.0,29.59172144617913,62.0,K_SS,302,30.335051546391753,27.0
0.19777777777777777,0.0,efpb__029,efpb,0.0,0.56,20.461111111111112,26.034782608695654,32.89501907806538,60.0,K_SS,303,35.02811950790861,29.0
0.1988888888888889,0.0,efpb__029,efpb,0.0,0.56,19.252222222222223,24.30622009569378,31.01760303573311,62.0,K_SS,304,32.91388400702988,28.0
0.21222222222222223,0.0,efpb__029,efpb,0.0,0.54,16.416666666666668,27.97979797979798,27.59575129533679,64.0,K_SS,305,27.496610169491525,26.0
0.19111111111111112,0.0,efpb__029,efpb,0.0,0.4,3.5755555555555554,12.03225806451613,9.496030579241399,72.0,K_XX,301,8.747524752475247,21.0
0.1811111111111111,0.0,efpb__029,efpb,0.0,0.3,3.1555555555555554,10.227272727272727,8.489810771470161,72.0,K_XX,302,7.987804878048781,18.0
0.1922222222222222,0.0,efpb__029,efpb,0.0,0.48,3.45,11.28,9.078784302154029,72.0,K_XX,303,8.45320197044335,21.0
0.1922222222222222,0.0,efpb__029,efpb,0.0,0.37,3.1822222222222223,10.706766917293233,8.468069007263923,72.0,K_XX,304,7.903940886699507,20.0
0.1922222222222222,0.0,efpb__029,efpb,0.0,0.37,3.1422222222222222,10.476190476190476,8.411240786240786,72.0,K_XX,305,7.915841584158416,20.0
0.16666666666666666,0.0,equal_bargaining__000,equal_bargaining,0.0,0.35,3.31,7.237288135593221,9.494079449961804,75.0,K_HH,301,10.150641025641026,24.0
0.1622222222222222,0.0,equal_bargaining__000,equal_bargaining,0.0,0.42,3.151111111111111,5.333333333333333,8.850204798127558,74.0,K_HH,302,9.822006472491909,23.0
0.1622222222222222,0.0,equal_bargaining__000,equal_bargaining,0.0,0.56,3.1222222222222222,6.790909090909091,9.090961986035687,74.0,K_HH,303,9.71474358974359,24.0
0.16444444444444445,0.0,equal_bargaining__000,equal_bargaining,0.0,0.57,3.3066666666666666,5.78,9.661629048086358,75.0,K_HH,304,10.60952380952381,25.0
0.17333333333333334,0.0,equal_bargaining__000,equal_bargaining,0.0,0.34,3.3555555555555556,6.736263736263736,9.69512686266613,74.0,K_HH,305,10.35897435897436,22.0
0.12555555555555556,0.0,equal_bargaining__000,equal_bargaining,0.0,0.32,0.39555555555555555,5.882352941176471,5.0849917081260365,59.0,K_HL,301,4.308510638297872,13.0
0.12111111111111111,0.0,equal_bargaining__000,equal_bargaining,0.0,0.26,0.42333333333333334,5.324324324324325,4.975986277873071,60.0,K_HL,302,4.659574468085107,14.0
0.1111111111111111,0.0,equal_bargaining__000,equal_bargaining,0.0,0.25,0.37666666666666665,4.0636363636363635,4.058797909407665,56.0,K_HL,303,4.054347826086956,16.0
0.12555555555555556,0.0,equal_bargaining__000,equal_bargaining,0.0,0.3,0.37444444444444447,3.9,3.966302367941712,60.0,K_HL,304,4.021739130434782,16.0
0.11555555555555555,0.0,equal_bargaining__000,equal_bargaining,0.0,0.23,0.35555555555555557,3.9450549450549453,3.926421404682274,56.0,K_HL,305,3.912087912087912,13.0
0.20555555555555555,0.0,equal_bargaining__000,equal_bargaining,0.0,0.36,2.391111111111111,7.032258064516129,7.504020215943028,70.0,K_LH,301,7.540192926045016,19.0
0.20555555555555555,0.0,equal_bargaining__000,equal_bargaining,0.0,0.44,2.6155555555555554,6.9,8.21011673151751,70.0,K_LH,302,8.30670926517572,23.0
0.21444444444444444,0.0,equal_bargaining__000,equal_bargaining,0.0,0.29,1.991111111111111,8.04,6.3859689742996055,68.0,K_LH,303,6.284345047923322,17.0
0.2111111111111111,0.0,equal_bargaining__000,equal_bargaining,0.0,0.27,1.9333333333333333,5.85,6.228148496240601,65.0,K_LH,304,6.246794871794871,19.0
0.21444444444444444,0.0,equal_bargaining__000,equal_bargaining,0.0,0.29,2.077777777777778,7.0,6.728403755868545,67.0,K_LH,305,6.712903225806452,18.0
0.16777777777777778,0.0,equal_bargaining__000,equal_bargaining,0.0,0.46,1.991111111111111,6.042253521126761,8.609734249029561,73.0,K_MM,301,9.300492610837438,26.0
0.17777777777777778,0.0,equal_bargaining__000,equal_bargaining,0.0,0.31,1.52,5.536231884057971,6.8201634877384185,70.0,K_MM,302,7.159203980099503,19.0
0.17222222222222222,0.0,equal_bargaining__000,equal_bargaining,0.0,0.29,1.8244444444444445,6.463768115942029,8.154704463208686,69.0,K_MM,303,8.599009900990099,18.0
0.17222222222222222,0.0,equal_bargaining__000,equal_bargaining,0.0,0.36,1.4466666666666668,5.112903225806452,6.471349353049908,70.0,K_MM,304,6.792079207920792,19.0
0.17555555555555555,0.0,equal_bargaining__000,equal_bargaining,0.0,0.29,1.8833333333333333,5.384615384615385,8.205651491365778,70.0,K_MM,305,8.75609756097561,19.0
0.28444444444444444,0.0,equal_bargaining__000,equal_bargaining,0.0,8.92,14.734444444444444,453.7436823104693,116.40287135065768,64.0,K_OO,301,20.049597855227884,12.0
0.28444444444444444,0.0,equal_bargaining__000,equal_bargaining,0.0,8.9,15.52111111111111,453.6678832116788,116.82619566094039,64.0,K_OO,302,21.273216689098252,12.0
0.28444444444444444,0.0,equal_bargaining__000,equal_bargaining,0.0,8.95,15.385555555555555,445.73776223776224,118.24069478908187,64.0,K_OO,303,21.008097165991902,12.0
0.28444444444444444,0.0,equal_bargaining__000,equal_bargaining,0.0,9.0,13.574444444444444,453.34317343173433,115.44822509406184,64.0,K_OO,304,19.221311475409838,12.0
0.28444444444444444,0.0,equal_bargaining__000,equal_bargaining,0.0,8.97,13.61888888888889,448.6539923954373,111.41901178010471,64.0,K_OO,305,18.97289972899729,12.0
0.25333333333333335,0.0,equal_bargaining__000,equal_bargaining,0.0,6.19,16.122222222222224,237.42410714285714,72.80998326277444,61.0,K_SS,301,26.23481116584565,40.0
0.26555555555555554,0.0,equal_bargaining__000,equal_bargaining,0.0,7.91,10.894444444444444,372.6359447004608,92.81304305379281,61.0,K_SS,302,17.59742351046699,19.0
0.2633333333333333,0.0,equal_bargaining__000,equal_bargaining,0.0,6.03,12.923333333333334,227.96,66.0918118975757,63.0,K_SS,303,20.68557536466775,28.0
0.2633333333333333,0.0,equal_bargaining__000,equal_bargaining,0.0,6.95,11.88111111111111,278.05445544554453,71.05182017107619,63.0,K_SS,304,19.00485436893204,23.0
0.24222222222222223,0.0,equal_bargaining__000,equal_bargaining,0.0,4.04,13.834444444444445,117.91836734693878,41.80226854690373,62.0,K_SS,305,22.739202657807308,30.0
0.16666666666666666,0.0,equal_bargaining__000,equal_bargaining,0.0,0.36,4.243333333333333,8.0,9.84079236977256,75.0,K_XX,301,10.382716049382717,22.0
0.1811111111111111,0.0,equal_bargaining__000,equal_bargaining,0.0,0.44,4.387777777777778,9.474025974025974,10.530609234400353,72.0,K_XX,302,10.841191066997519,23.0
0.17444444444444446,0.0,equal_bargaining__000,equal_bargaining,0.0,0.39,4.271111111111111,8.587837837837839,9.954538767103134,73.0,K_XX,303,10.334963325183374,22.0
0.17666666666666667,0.0,equal_bargaining__000,equal_bargaining,0.0,0.32,4.071111111111111,7.315789473684211,9.48247329622386,74.0,K_XX,304,10.02444987775061,19.0
0.17888888888888888,0.0,equal_bargaining__000,equal_bargaining,0.0,0.51,3.78,8.8203125,9.107654772796584,74.0,K_XX,305,9.177339901477833,21.0
0.16666666666666666,0.0,equal_bargaining__001,equal_bargaining,0.0,0.35,3.31,7.237288135593221,9.494079449961804,75.0,K_HH,301,10.150641025641026,24.0
0.1622222222222222,0.0,equal_bargaining__001,equal_bargaining,0.0,0.42,3.151111111111111,5.333333333333333,8.850204798127558,74.0,K_HH,302,9.822006472491909,23.0
0.1622222222222222,0.0,equal_bargaining__001,equal_bargaining,0.0,0.56,3.1222222222222222,6.790909090909091,9.090961986035687,74.0,K_HH,303,9.71474358974359,24.0
0.16444444444444445,0.0,equal_bargaining__001,equal_bargaining,0.0,0.57,3.3066666666666666,5.78,9.661629048086358,75.0,K_HH,304,10.60952380952381,25.0
0.17333333333333334,0.0,equal_bargaining__001,equal_bargaining,0.0,0.34,3.3555555555555556,6.736263736263736,9.69512686266613,74.0,K_HH,305,10.35897435897436,22.0
0.12555555555555556,0.0,equal_bargaining__001,equal_bargaining,0.0,0.32,0.39555555555555555,5.882352941176471,5.0849917081260365,59.0,K_HL,301,4.308510638297872,13.0
0.12111111111111111,0.0,equal_bargaining__001,equal_bargaining,0.0,0.26,0.42333333333333334,5.324324324324325,4.975986277873071,60.0,K_HL,302,4.659574468085107,14.0
0.1111111111111111,0.0,equal_bargaining__001,equal_bargaining,0.0,0.25,0.37666666666666665,4.0636363636363635,4.058797909407665,56.0,K_HL,303,4.054347826086956,16.0
0.12555555555555556,0.0,equal_bargaining__001,equal_bargaining,0.0,0.3,0.37444444444444447,3.9,3.966302367941712,60.0,K_HL,304,4.021739130434782,16.0
0.11555555555555555,0.0,equal_bargaining__001,equal_bargaining,0.0,0.23,0.35555555555555557,3.9450549450549453,3.926421404682274,56.0,K_HL,305,3.912087912087912,13.0
0.20555555555555555,0.0,equal_bargaining__001,equal_bargaining,0.0,0.36,2.391111111111111,7.032258064516129,7.504020215943028,70.0,K_LH,301,7.540192926045016,19.0
0.20555555555555555,0.0,equal_bargaining__001,equal_bargaining,0.0,0.44,2.6155555555555554,6.9,8.21011673151751,70.0,K_LH,302,8.30670926517572,23.0
0.21444444444444444,0.0,equal_bargaining__001,equal_bargaining,0.0,0.29,1.991111111111111,8.04,6.3859689742996055,68.0,K_LH,303,6.284345047923322,17.0
0.2111111111111111,0.0,equal_bargaining__001,equal_bargaining,0.0,0.27,1.9333333333333333,5.85,6.228148496240601,65.0,K_LH,304,6.246794871794871,19.0
0.21444444444444444,0.0,equal_bargaining__001,equal_bargaining,0.0,0.29,2.077777777777778,7.0,6.728403755868545,67.0,K_LH,305,6.712903225806452,18.0
0.16777777777777778,0.0,equal_bargaining__001,equal_bargaining,0.0,0.46,1.991111111111111,6.042253521126761,8.609734249029561,73.0,K_MM,301,9.300492610837438,26.0
0.17777777777777778,0.0,equal_bargaining__001,equal_bargaining,0.0,0.31,1.52,5.536231884057971,6.8201634877384185,70.0,K_MM,302,7.159203980099503,19.0
0.17222222222222222,0.0,equal_bargaining__001,equal_bargaining,0.0,0.29,1.8244444444444445,6.463768115942029,8.154704463208686,69.0,K_MM,303,8.599009900990099,18.0
0.17222222222222222,0.0,equal_bargaining__001,equal_bargaining,0.0,0.36,1.4466666666666668,5.112903225806452,6.471349353049908,70.0,K_MM,304,6.792079207920792,19.0
0.17555555555555555,0.0,equal_bargaining__001,equal_bargaining,0.0,0.29,1.8833333333333333,5.384615384615385,8.205651491365778,70.0,K_MM,305,8.75609756097561,19.0
0.28444444444444444,0.0,equal_bargaining__001,equal_bargaining,0.0,8.92,14.734444444444444,453.7436823104693,116.40287135065768,64.0,K_OO,301,20.049597855227884,12.0
0.28444444444444444,0.0,equal_bargaining__001,equal_bargaining,0.0,8.9,15.947777777777778,453.6678832116788,116.87716623876766,64.0,K_OO,302,21.977272727272727,12.0
0.28444444444444444,0.0,equal_bargaining__001,equal_bargaining,0.0,8.95,15.714444444444444,445.73776223776224,119.25764402961053,64.0,K_OO,303,21.668478260869566,12.0
0.28444444444444444,0.0,equal_bargaining__001,equal_bargaining,0.0,9.0,13.574444444444444,453.34317343173433,115.44822509406184,64.0,K_OO,304,19.221311475409838,12.0
0.28444444444444444,0.0,equal_bargaining__001,equal_bargaining,0.0,8.97,13.61888888888889,448.6539923954373,111.41901178010471,64.0,K_OO,305,18.97289972899729,12.0
0.2544444444444444,0.0,equal_bargaining__001,equal_bargaining,0.0,6.19,15.79,237.42410714285714,72.39273407502215,61.0,K_SS,301,25.699507389162562,41.0
0.24666666666666667,0.0,equal_bargaining__001,equal_bargaining,0.0,4.49,18.54,162.13824884792626,58.598339335734295,58.0,K_SS,302,29.888704318936878,78.0
0.2633333333333333,0.0,equal_bargaining__001,equal_bargaining,0.0,6.03,12.923333333333334,227.96,66.0918118975757,63.0,K_SS,303,20.68557536466775,28.0
0.2311111111111111,0.0,equal_bargaining__001,equal_bargaining,0.0,3.6,19.43777777777778,136.71782178217822,53.40201729106628,57.0,K_SS,304,31.533783783783782,84.0
0.2411111111111111,0.0,equal_bargaining__001,equal_bargaining,0.0,3.96,13.872222222222222,117.73469387755102,41.86626419727821,62.0,K_SS,305,22.83361064891847,30.0
0.16666666666666666,0.0,equal_bargaining__001,equal_bargaining,0.0,0.36,4.243333333333333,8.0,9.84079236977256,75.0,K_XX,301,10.382716049382717,22.0
0.1811111111111111,0.0,equal_bargaining__001,equal_bargaining,0.0,0.44,4.387777777777778,9.474025974025974,10.530609234400353,72.0,K_XX,302,10.841191066997519,23.0
0.17444444444444446,0.0,equal_bargaining__001,equal_bargaining,0.0,0.39,4.271111111111111,8.587837837837839,9.954538767103134,73.0,K_XX,303,10.334963325183374,22.0
0.17666666666666667,0.0,equal_bargaining__001,equal_bargaining,0.0,0.32,4.071111111111111,7.315789473684211,9.48247329622386,74.0,K_XX,304,10.02444987775061,19.0
0.17888888888888888,0.0,equal_bargaining__001,equal_bargaining,0.0,0.51,3.78,8.8203125,9.107654772796584,74.0,K_XX,305,9.177339901477833,21.0
0.16666666666666666,0.0,equal_bargaining__002,equal_bargaining,0.0,0.35,3.31,7.237288135593221,9.494079449961804,75.0,K_HH,301,10.150641025641026,24.0
0.1622222222222222,0.0,equal_bargaining__002,equal_bargaining,0.0,0.42,3.151111111111111,5.333333333333333,8.850204798127558,74.0,K_HH,302,9.822006472491909,23.0
0.1622222222222222,0.0,equal_bargaining__002,equal_bargaining,0.0,0.56,3.1222222222222222,6.790909090909091,9.090961986035687,74.0,K_HH,303,9.71474358974359,24.0
0.16444444444444445,0.0,equal_bargaining__002,equal_bargaining,0.0,0.57,3.3066666666666666,5.78,9.661629048086358,75.0,K_HH,304,10.60952380952381,25.0
0.17333333333333334,0.0,equal_bargaining__002,equal_bargaining,0.0,0.34,3.3555555555555556,6.736263736263736,9.69512686266613,74.0,K_HH,305,10.35897435897436,22.0
0.12555555555555556,0.0,equal_bargaining__002,equal_bargaining,0.0,0.32,0.39555555555555555,5.882352941176471,5.0849917081260365,59.0,K_HL,301,4.308510638297872,13.0
0.12111111111111111,0.0,equal_bargaining__002,equal_bargaining,0.0,0.26,0.42333333333333334,5.324324324324325,4.975986277873071,60.0,K_HL,302,4.659574468085107,14.0
0.1111111111111111,0.0,equal_bargaining__002,equal_bargaining,0.0,0.25,0.37666666666666665,4.0636363636363635,4.058797909407665,56.0,K_HL,303,4.054347826086956,16.0
0.12555555555555556,0.0,equal_bargaining__002,equal_bargaining,0.0,0.3,0.37444444444444447,3.9,3.966302367941712,60.0,K_HL,304,4.021739130434782,16.0
0.11555555555555555,0.0,equal_bargaining__002,equal_bargaining,0.0,0.23,0.35555555555555557,3.9450549450549453,3.926421404682274,56.0,K_HL,305,3.912087912087912,13.0
0.20555555555555555,0.0,equal_bargaining__002,equal_bargaining,0.0,0.36,2.391111111111111,7.032258064516129,7.504020215943028,70.0,K_LH,301,7.540192926045016,19.0
0.20555555555555555,0.0,equal_bargaining__002,equal_bargaining,0.0,0.44,2.6155555555555554,6.9,8.21011673151751,70.0,K_LH,302,8.30670926517572,23.0
0.21444444444444444,0.0,equal_bargaining__002,equal_bargaining,0.0,0.29,1.991111111111111,8.04,6.3859689742996055,68.0,K_LH,303,6.284345047923322,17.0
0.2111111111111111,0.0,equal_bargaining__002,equal_bargaining,0.0,0.27,1.9333333333333333,5.85,6.228148496240601,65.0,K_LH,304,6.246794871794871,19.0
0.21444444444444444,0.0,equal_bargaining__002,equal_bargaining,0.0,0.29,2.077777777777778,7.0,6.728403755868545,67.0,K_LH,305,6.712903225806452,18.0
0.16777777777777778,0.0,equal_bargaining__002,equal_bargaining,0.0,0.46,1.991111111111111,6.042253521126761,8.609734249029561,73.0,K_MM,301,9.300492610837438,26.0
0.17777777777777778,0.0,equal_bargaining__002,equal_bargaining,0.0,0.31,1.52,5.536231884057971,6.8201634877384185,70.0,K_MM,302,7.159203980099503,19.0
0.17222222222222222,0.0,equal_bargaining__002,equal_bargaining,0.0,0.29,1.8244444444444445,6.463768115942029,8.154704463208686,69.0,K_MM,303,8.599009900990099,18.0
0.17222222222222222,0.0,equal_bargaining__002,equal_bargaining,0.0,0.36,1.4466666666666668,5.112903225806452,6.471349353049908,70.0,K_MM,304,6.792079207920792,19.0
0.17555555555555555,0.0,equal_bargaining__002,equal_bargaining,0.0,0.29,1.8833333333333333,5.384615384615385,8.205651491365778,70.0,K_MM,305,8.75609756097561,19.0
0.28444444444444444,0.0,equal_bargaining__002,equal_bargaining,0.0,8.92,14.734444444444444,453.7436823104693,116.40287135065768,64.0,K_OO,301,20.049597855227884,12.0
0.28444444444444444,0.0,equal_bargaining__002,equal_bargaining,0.0,8.9,15.947777777777778,453.6678832116788,116.87716623876766,64.0,K_OO,302,21.977272727272727,12.0
0.28444444444444444,0.0,equal_bargaining__002,equal_bargaining,0.0,8.95,15.714444444444444,445.73776223776224,119.25764402961053,64.0,K_OO,303,21.668478260869566,12.0
0.28444444444444444,0.0,equal_bargaining__002,equal_bargaining,0.0,9.0,13.574444444444444,453.34317343173433,115.44822509406184,64.0,K_OO,304,19.221311475409838,12.0
0.28444444444444444,0.0,equal_bargaining__002,equal_bargaining,0.0,8.97,13.61888888888889,448.6539923954373,111.41901178010471,64.0,K_OO,305,18.97289972899729,12.0
0.25,0.0,equal_bargaining__002,equal_bargaining,0.0,6.19,16.34111111111111,237.42410714285714,73.1619572708477,60.0,K_SS,301,26.686371100164205,40.0
0.24666666666666667,0.0,equal_bargaining__002,equal_bargaining,0.0,4.49,18.54,162.13824884792626,58.598339335734295,58.0,K_SS,302,29.888704318936878,78.0
0.21333333333333335,0.0,equal_bargaining__002,equal_bargaining,0.0,3.88,23.756666666666668,136.44,62.94007295466389,53.0,K_SS,303,40.424778761061944,121.0
0.2311111111111111,0.0,equal_bargaining__002,equal_bargaining,0.0,3.6,19.43777777777778,136.71782178217822,53.40201729106628,57.0,K_SS,304,31.533783783783782,84.0
0.23222222222222222,0.0,equal_bargaining__002,equal_bargaining,0.0,3.68,14.645555555555555,114.5204081632653,42.088800326997756,60.0,K_SS,305,23.948504983388705,32.0
0.16666666666666666,0.0,equal_bargaining__002,equal_bargaining,0.0,0.36,4.243333333333333,8.0,9.84079236977256,75.0,K_XX,301,10.382716049382717,22.0
0.1811111111111111,0.0,equal_bargaining__002,equal_bargaining,0.0,0.44,4.387777777777778,9.474025974025974,10.530609234400353,72.0,K_XX,302,10.841191066997519,23.0
0.17444444444444446,0.0,equal_bargaining__002,equal_bargaining,0.0,0.39,4.271111111111111,8.587837837837839,9.954538767103134,73.0,K_XX,303,10.334963325183374,22.0
0.17666666666666667,0.0,equal_bargaining__002,equal_bargaining,0.0,0.32,4.071111111111111,7.315789473684211,9.48247329622386,74.0,K_XX,304,10.02444987775061,19.0
0.17888888888888888,0.0,equal_bargaining__002,equal_bargaining,0.0,0.51,3.78,8.8203125,9.107654772796584,74.0,K_XX,305,9.177339901477833,21.0
0.16666666666666666,0.0,equal_bargaining__003,equal_bargaining,0.0,0.35,3.31,7.237288135593221,9.494079449961804,75.0,K_HH,301,10.150641025641026,24.0
0.1622222222222222,0.0,equal_bargaining__003,equal_bargaining,0.0,0.42,3.151111111111111,5.333333333333333,8.850204798127558,74.0,K_HH,302,9.822006472491909,23.0
0.1622222222222222,0.0,equal_bargaining__003,equal_bargaining,0.0,0.56,3.1222222222222222,6.790909090909091,9.090961986035687,74.0,K_HH,303,9.71474358974359,24.0
0.16444444444444445,0.0,equal_bargaining__003,equal_bargaining,0.0,0.57,3.3066666666666666,5.78,9.661629048086358,75.0,K_HH,304,10.60952380952381,25.0
0.17333333333333334,0.0,equal_bargaining__003,equal_bargaining,0.0,0.34,3.3555555555555556,6.736263736263736,9.69512686266613,74.0,K_HH,305,10.35897435897436,22.0
0.12555555555555556,0.0,equal_bargaining__003,equal_bargaining,0.0,0.32,0.39555555555555555,5.882352941176471,5.0849917081260365,59.0,K_HL,301,4.308510638297872,13.0
0.12111111111111111,0.0,equal_bargaining__003,equal_bargaining,0.0,0.26,0.42333333333333334,5.324324324324325,4.975986277873071,60.0,K_HL,302,4.659574468085107,14.0
0.1111111111111111,0.0,equal_bargaining__003,equal_bargaining,0.0,0.25,0.37666666666666665,4.0636363636363635,4.058797909407665,56.0,K_HL,303,4.054347826086956,16.0
0.12555555555555556,0.0,equal_bargaining__003,equal_bargaining,0.0,0.3,0.37444444444444447,3.9,3.966302367941712,60.0,K_HL,304,4.021739130434782,16.0
0.11555555555555555,0.0,equal_bargaining__003,equal_bargaining,0.0,0.23,0.35555555555555557,3.9450549450549453,3.926421404682274,56.0,K_HL,305,3.912087912087912,13.0
0.20555555555555555,0.0,equal_bargaining__003,equal_bargaining,0.0,0.36,2.391111111111111,7.032258064516129,7.504020215943028,70.0,K_LH,301,7.540192926045016,19.0
0.20555555555555555,0.0,equal_bargaining__003,equal_bargaining,0.0,0.44,2.6155555555555554,6.9,8.21011673151751,70.0,K_LH,302,8.30670926517572,23.0
0.21444444444444444,0.0,equal_bargaining__003,equal_bargaining,0.0,0.29,1.991111111111111,8.04,6.3859689742996055,68.0,K_LH,303,6.284345047923322,17.0
0.2111111111111111,0.0,equal_bargaining__003,equal_bargaining,0.0,0.27,1.9333333333333333,5.85,6.228148496240601,65.0,K_LH,304,6.246794871794871,19.0
0.21444444444444444,0.0,equal_bargaining__003,equal_bargaining,0.0,0.29,2.077777777777778,7.0,6.728403755868545,67.0,K_LH,305,6.712903225806452,18.0
0.16777777777777778,0.0,equal_bargaining__003,equal_bargaining,0.0,0.46,1.991111111111111,6.042253521126761,8.609734249029561,73.0,K_MM,301,9.300492610837438,26.0
0.17777777777777778,0.0,equal_bargaining__003,equal_bargaining,0.0,0.31,1.52,5.536231884057971,6.8201634877384185,70.0,K_MM,302,7.159203980099503,19.0
0.17222222222222222,0.0,equal_bargaining__003,equal_bargaining,0.0,0.29,1.8244444444444445,6.463768115942029,8.154704463208686,69.0,K_MM,303,8.599009900990099,18.0
0.17222222222222222,0.0,equal_bargaining__003,equal_bargaining,0.0,0.36,1.4466666666666668,5.112903225806452,6.471349353049908,70.0,K_MM,304,6.792079207920792,19.0
0.17555555555555555,0.0,equal_bargaining__003,equal_bargaining,0.0,0.29,1.8833333333333333,5.384615384615385,8.205651491365778,70.0,K_MM,305,8.75609756097561,19.0
0.28444444444444444,0.0,equal_bargaining__003,equal_bargaining,0.0,8.92,14.734444444444444,453.7436823104693,116.40287135065768,64.0,K_OO,301,20.049597855227884,12.0
0.28444444444444444,0.0,equal_bargaining__003,equal_bargaining,0.0,8.9,15.52111111111111,453.6678832116788,116.82619566094039,64.0,K_OO,302,21.273216689098252,12.0
0.0,0.0,equal_bargaining__003,equal_bargaining,0.0,10.19,81.0,445.73776223776224,606.9208579881656,0.0,K_OO,303,992.3586956521739,944.0
0.28444444444444444,0.0,equal_bargaining__003,equal_bargaining,0.0,9.0,13.574444444444444,453.34317343173433,115.44822509406184,64.0,K_OO,304,19.221311475409838,12.0
0.28444444444444444,0.0,equal_bargaining__003,equal_bargaining,0.0,8.97,13.61888888888889,448.6539923954373,111.41901178010471,64.0,K_OO,305,18.97289972899729,12.0
0.25333333333333335,0.0,equal_bargaining__003,equal_bargaining,0.0,6.19,16.122222222222224,237.42410714285714,72.80998326277444,61.0,K_SS,301,26.23481116584565,40.0
0.2288888888888889,0.0,equal_bargaining__003,equal_bargaining,0.0,4.06,20.436666666666667,158.58064516129033,61.02831624885821,54.0,K_SS,302,33.475465313028764,79.0
0.2633333333333333,0.0,equal_bargaining__003,equal_bargaining,0.0,6.03,12.923333333333334,227.96,66.0918118975757,63.0,K_SS,303,20.68557536466775,28.0
0.22555555555555556,0.0,equal_bargaining__003,equal_bargaining,0.0,3.6,20.553333333333335,136.71782178217822,54.98885448916408,56.0,K_SS,304,33.46440677966102,83.0
0.2411111111111111,0.0,equal_bargaining__003,equal_bargaining,0.0,3.96,13.872222222222222,117.73469387755102,41.86626419727821,62.0,K_SS,305,22.83361064891847,30.0
0.16666666666666666,0.0,equal_bargaining__003,equal_bargaining,0.0,0.36,4.243333333333333,8.0,9.84079236977256,75.0,K_XX,301,10.382716049382717,22.0
0.1811111111111111,0.0,equal_bargaining__003,equal_bargaining,0.0,0.44,4.387777777777778,9.474025974025974,10.530609234400353,72.0,K_XX,302,10.841191066997519,23.0
0.17444444444444446,0.0,equal_bargaining__003,equal_bargaining,0.0,0.39,4.271111111111111,8.587837837837839,9.954538767103134,73.0,K_XX,303,10.334963325183374,22.0
0.17666666666666667,0.0,equal_bargaining__003,equal_bargaining,0.0,0.32,4.071111111111111,7.315789473684211,9.48247329622386,74.0,K_XX,304,10.02444987775061,19.0
0.17888888888888888,0.0,equal_bargaining__003,equal_bargaining,0.0,0.51,3.78,8.8203125,9.107654772796584,74.0,K_XX,305,9.177339901477833,21.0
0.16666666666666666,0.0,equal_bargaining__004,equal_bargaining,0.0,0.35,3.31,7.237288135593221,9.494079449961804,75.0,K_HH,301,10.150641025641026,24.0
0.1622222222222222,0.0,equal_bargaining__004,equal_bargaining,0.0,0.42,3.151111111111111,5.333333333333333,8.850204798127558,74.0,K_HH,302,9.822006472491909,23.0
0.1622222222222222,0.0,equal_bargaining__004,equal_bargaining,0.0,0.56,3.1222222222222222,6.790909090909091,9.090961986035687,74.0,K_HH,303,9.71474358974359,24.0
0.16444444444444445,0.0,equal_bargaining__004,equal_bargaining,0.0,0.57,3.3066666666666666,5.78,9.661629048086358,75.0,K_HH,304,10.60952380952381,25.0
0.17333333333333334,0.0,equal_bargaining__004,equal_bargaining,0.0,0.34,3.3555555555555556,6.736263736263736,9.69512686266613,74.0,K_HH,305,10.35897435897436,22.0
0.12555555555555556,0.0,equal_bargaining__004,equal_bargaining,0.0,0.32,0.39555555555555555,5.882352941176471,5.0849917081260365,59.0,K_HL,301,4.308510638297872,13.0
0.12111111111111111,0.0,equal_bargaining__004,equal_bargaining,0.0,0.26,0.42333333333333334,5.324324324324325,4.975986277873071,60.0,K_HL,302,4.659574468085107,14.0
0.1111111111111111,0.0,equal_bargaining__004,equal_bargaining,0.0,0.25,0.37666666666666665,4.0636363636363635,4.058797909407665,56.0,K_HL,303,4.054347826086956,16.0
0.12555555555555556,0.0,equal_bargaining__004,equal_bargaining,0.0,0.3,0.37444444444444447,3.9,3.966302367941712,60.0,K_HL,304,4.021739130434782,16.0
0.11555555555555555,0.0,equal_bargaining__004,equal_bargaining,0.0,0.23,0.35555555555555557,3.9450549450549453,3.926421404682274,56.0,K_HL,305,3.912087912087912,13.0
0.20555555555555555,0.0,equal_bargaining__004,equal_bargaining,0.0,0.36,2.391111111111111,7.032258064516129,7.504020215943028,70.0,K_LH,301,7.540192926045016,19.0
0.20555555555555555,0.0,equal_bargaining__004,equal_bargaining,0.0,0.44,2.6155555555555554,6.9,8.21011673151751,70.0,K_LH,302,8.30670926517572,23.0
0.21444444444444444,0.0,equal_bargaining__004,equal_bargaining,0.0,0.29,1.991111111111111,8.04,6.3859689742996055,68.0,K_LH,303,6.284345047923322,17.0
0.2111111111111111,0.0,equal_bargaining__004,equal_bargaining,0.0,0.27,1.9333333333333333,5.85,6.228148496240601,65.0,K_LH,304,6.246794871794871,19.0
0.21444444444444444,0.0,equal_bargaining__004,equal_bargaining,0.0,0.29,2.077777777777778,7.0,6.728403755868545,67.0,K_LH,305,6.712903225806452,18.0
0.16777777777777778,0.0,equal_bargaining__004,equal_bargaining,0.0,0.46,1.991111111111111,6.042253521126761,8.609734249029561,73.0,K_MM,301,9.300492610837438,26.0
0.17777777777777778,0.0,equal_bargaining__004,equal_bargaining,0.0,0.31,1.52,5.536231884057971,6.8201634877384185,70.0,K_MM,302,7.159203980099503,19.0
0.17222222222222222,0.0,equal_bargaining__004,equal_bargaining,0.0,0.29,1.8244444444444445,6.463768115942029,8.154704463208686,69.0,K_MM,303,8.599009900990099,18.0
0.17222222222222222,0.0,equal_bargaining__004,equal_bargaining,0.0,0.36,1.4466666666666668,5.112903225806452,6.471349353049908,70.0,K_MM,304,6.792079207920792,19.0
0.17555555555555555,0.0,equal_bargaining__004,equal_bargaining,0.0,0.29,1.8833333333333333,5.384615384615385,8.205651491365778,70.0,K_MM,305,8.75609756097561,19.0
0.28444444444444444,0.0,equal_bargaining__004,equal_bargaining,0.0,8.92,14.734444444444444,453.7436823104693,116.40287135065768,64.0,K_OO,301,20.049597855227884,12.0
0.28444444444444444,0.0,equal_bargaining__004,equal_bargaining,0.0,8.9,15.947777777777778,453.6678832116788,116.87716623876766,64.0,K_OO,302,21.977272727272727,12.0
0.28444444444444444,0.0,equal_bargaining__004,equal_bargaining,0.0,8.95,15.714444444444444,445.73776223776224,119.25764402961053,64.0,K_OO,303,21.668478260869566,12.0
0.28444444444444444,0.0,equal_bargaining__004,equal_bargaining,0.0,9.0,13.574444444444444,453.34317343173433,115.44822509406184,64.0,K_OO,304,19.221311475409838,12.0
0.28444444444444444,0.0,equal_bargaining__004,equal_bargaining,0.0,8.97,13.61888888888889,448.6539923954373,111.41901178010471,64.0,K_OO,305,18.97289972899729,12.0
0.2544444444444444,0.0,equal_bargaining__004,equal_bargaining,0.0,6.19,15.79,237.42410714285714,72.39273407502215,61.0,K_SS,301,25.699507389162562,41.0
0.24666666666666667,0.0,equal_bargaining__004,equal_bargaining,0.0,4.49,18.54,162.13824884792626,58.598339335734295,58.0,K_SS,302,29.888704318936878,78.0
0.21333333333333335,0.0,equal_bargaining__004,equal_bargaining,0.0,3.88,23.25,136.44,62.15247895229186,53.0,K_SS,303,39.476190476190474,122.0
0.2311111111111111,0.0,equal_bargaining__004,equal_bargaining,0.0,3.6,19.43777777777778,136.71782178217822,53.40201729106628,57.0,K_SS,304,31.533783783783782,84.0
0.23222222222222222,0.0,equal_bargaining__004,equal_bargaining,0.0,3.68,14.645555555555555,114.5204081632653,42.088800326997756,60.0,K_SS,305,23.948504983388705,32.0
0.16666666666666666,0.0,equal_bargaining__004,equal_bargaining,0.0,0.36,4.243333333333333,8.0,9.84079236977256,75.0,K_XX,301,10.382716049382717,22.0
0.1811111111111111,0.0,equal_bargaining__004,equal_bargaining,0.0,0.44,4.387777777777778,9.474025974025974,10.530609234400353,72.0,K_XX,302,10.841191066997519,23.0
0.17444444444444446,0.0,equal_bargaining__004,equal_bargaining,0.0,0.39,4.271111111111111,8.587837837837839,9.954538767103134,73.0,K_XX,303,10.334963325183374,22.0
0.17666666666666667,0.0,equal_bargaining__004,equal_bargaining,0.0,0.32,4.071111111111111,7.315789473684211,9.48247329622386,74.0,K_XX,304,10.02444987775061,19.0
0.17888888888888888,0.0,equal_bargaining__004,equal_bargaining,0.0,0.51,3.78,8.8203125,9.107654772796584,74.0,K_XX,305,9.177339901477833,21.0
0.16666666666666666,0.0,equal_bargaining__005,equal_bargaining,0.0,0.35,3.31,7.237288135593221,9.494079449961804,75.0,K_HH,301,10.150641025641026,24.0
0.1622222222222222,0.0,equal_bargaining__005,equal_bargaining,0.0,0.42,3.151111111111111,5.333333333333333,8.850204798127558,74.0,K_HH,302,9.822006472491909,23.0
0.1622222222222222,0.0,equal_bargaining__005,equal_bargaining,0.0,0.56,3.1222222222222222,6.790909090909091,9.090961986035687,74.0,K_HH,303,9.71474358974359,24.0
0.16444444444444445,0.0,equal_bargaining__005,equal_bargaining,0.0,0.57,3.3066666666666666,5.78,9.661629048086358,75.0,K_HH,304,10.60952380952381,25.0
0.17333333333333334,0.0,equal_bargaining__005,equal_bargaining,0.0,0.34,3.3555555555555556,6.736263736263736,9.69512686266613,74.0,K_HH,305,10.35897435897436,22.0
0.12555555555555556,0.0,equal_bargaining__005,equal_bargaining,0.0,0.32,0.39555555555555555,5.882352941176471,5.0849917081260365,59.0,K_HL,301,4.308510638297872,13.0
0.12111111111111111,0.0,equal_bargaining__005,equal_bargaining,0.0,0.26,0.42333333333333334,5.324324324324325,4.975986277873071,60.0,K_HL,302,4.659574468085107,14.0
0.1111111111111111,0.0,equal_bargaining__005,equal_bargaining,0.0,0.25,0.37666666666666665,4.0636363636363635,4.058797909407665,56.0,K_HL,303,4.054347826086956,16.0
0.12555555555555556,0.0,equal_bargaining__005,equal_bargaining,0.0,0.3,0.37444444444444447,3.9,3.966302367941712,60.0,K_HL,304,4.021739130434782,16.0
0.11555555555555555,0.0,equal_bargaining__005,equal_bargaining,0.0,0.23,0.35555555555555557,3.9450549450549453,3.926421404682274,56.0,K_HL,305,3.912087912087912,13.0
0.20555555555555555,0.0,equal_bargaining__005,equal_bargaining,0.0,0.36,2.391111111111111,7.032258064516129,7.504020215943028,70.0,K_LH,301,7.540192926045016,19.0
0.20555555555555555,0.0,equal_bargaining__005,equal_bargaining,0.0,0.44,2.6155555555555554,6.9,8.21011673151751,70.0,K_LH,302,8.30670926517572,23.0
0.21444444444444444,0.0,equal_bargaining__005,equal_bargaining,0.0,0.29,1.991111111111111,8.04,6.3859689742996055,68.0,K_LH,303,6.284345047923322,17.0
0.2111111111111111,0.0,equal_bargaining__005,equal_bargaining,0.0,0.27,1.9333333333333333,5.85,6.228148496240601,65.0,K_LH,304,6.246794871794871,19.0
0.21444444444444444,0.0,equal_bargaining__005,equal_bargaining,0.0,0.29,2.077777777777778,7.0,6.728403755868545,67.0,K_LH,305,6.712903225806452,18.0
0.16777777777777778,0.0,equal_bargaining__005,equal_bargaining,0.0,0.46,1.991111111111111,6.042253521126761,8.609734249029561,73.0,K_MM,301,9.300492610837438,26.0
0.17777777777777778,0.0,equal_bargaining__005,equal_bargaining,0.0,0.31,1.52,5.536231884057971,6.8201634877384185,70.0,K_MM,302,7.159203980099503,19.0
0.17222222222222222,0.0,equal_bargaining__005,equal_bargaining,0.0,0.29,1.8244444444444445,6.463768115942029,8.154704463208686,69.0,K_MM,303,8.599009900990099,18.0
0.17222222222222222,0.0,equal_bargaining__005,equal_bargaining,0.0,0.36,1.4466666666666668,5.112903225806452,6.471349353049908,70.0,K_MM,304,6.792079207920792,19.0
0.17555555555555555,0.0,equal_bargaining__005,equal_bargaining,0.0,0.29,1.8833333333333333,5.384615384615385,8.205651491365778,70.0,K_MM,305,8.75609756097561,19.0
0.28444444444444444,0.0,equal_bargaining__005,equal_bargaining,0.0,8.92,14.734444444444444,453.7436823104693,116.40287135065768,64.0,K_OO,301,20.049597855227884,12.0
0.28444444444444444,0.0,equal_bargaining__005,equal_bargaining,0.0,8.9,15.947777777777778,453.6678832116788,116.87716623876766,64.0,K_OO,302,21.977272727272727,12.0
0.28444444444444444,0.0,equal_bargaining__005,equal_bargaining,0.0,8.95,15.714444444444444,445.73776223776224,119.25764402961053,64.0,K_OO,303,21.668478260869566,12.0
0.28444444444444444,0.0,equal_bargaining__005,equal_bargaining,0.0,9.0,13.574444444444444,453.34317343173433,115.44822509406184,64.0,K_OO,304,19.221311475409838,12.0
0.28444444444444444,0.0,equal_bargaining__005,equal_bargaining,0.0,8.97,13.61888888888889,448.6539923954373,111.41901178010471,64.0,K_OO,305,18.97289972899729,12.0
0.25,0.0,equal_bargaining__005,equal_bargaining,0.0,6.19,16.34111111111111,237.42410714285714,73.1619572708477,60.0,K_SS,301,26.686371100164205,40.0
0.24666666666666667,0.0,equal_bargaining__005,equal_bargaining,0.0,4.49,18.54,162.13824884792626,58.598339335734295,58.0,K_SS,302,29.888704318936878,78.0
0.21333333333333335,0.0,equal_bargaining__005,equal_bargaining,0.0,3.88,23.756666666666668,136.44,62.94007295466389,53.0,K_SS,303,40.424778761061944,121.0
0.2311111111111111,0.0,equal_bargaining__005,equal_bargaining,0.0,3.6,19.43777777777778,136.71782178217822,53.40201729106628,57.0,K_SS,304,31.533783783783782,84.0
0.23222222222222222,0.0,equal_bargaining__005,equal_bargaining,0.0,3.68,14.645555555555555,114.5204081632653,42.088800326997756,60.0,K_SS,305,23.948504983388705,32.0
0.16666666666666666,0.0,equal_bargaining__005,equal_bargaining,0.0,0.36,4.243333333333333,8.0,9.84079236977256,75.0,K_XX,301,10.382716049382717,22.0
0.1811111111111111,0.0,equal_bargaining__005,equal_bargaining,0.0,0.44,4.387777777777778,9.474025974025974,10.530609234400353,72.0,K_XX,302,10.841191066997519,23.0
0.17444444444444446,0.0,equal_bargaining__005,equal_bargaining,0.0,0.39,4.271111111111111,8.587837837837839,9.954538767103134,73.0,K_XX,303,10.334963325183374,22.0
0.17666666666666667,0.0,equal_bargaining__005,equal_bargaining,0.0,0.32,4.071111111111111,7.315789473684211,9.48247329622386,74.0,K_XX,304,10.02444987775061,19.0
0.17888888888888888,0.0,equal_bargaining__005,equal_bargaining,0.0,0.51,3.78,8.8203125,9.107654772796584,74.0,K_XX,305,9.177339901477833,21.0
0.16666666666666666,0.0,equal_bargaining__006,equal_bargaining,0.0,0.35,3.31,7.237288135593221,9.494079449961804,75.0,K_HH,301,10.150641025641026,24.0
0.1622222222222222,0.0,equal_bargaining__006,equal_bargaining,0.0,0.42,3.151111111111111,5.333333333333333,8.850204798127558,74.0,K_HH,302,9.822006472491909,23.0
0.1622222222222222,0.0,equal_bargaining__006,equal_bargaining,0.0,0.56,3.1222222222222222,6.790909090909091,9.090961986035687,74.0,K_HH,303,9.71474358974359,24.0
0.16444444444444445,0.0,equal_bargaining__006,equal_bargaining,0.0,0.57,3.3066666666666666,5.78,9.661629048086358,75.0,K_HH,304,10.60952380952381,25.0
0.17333333333333334,0.0,equal_bargaining__006,equal_bargaining,0.0,0.34,3.3555555555555556,6.736263736263736,9.69512686266613,74.0,K_HH,305,10.35897435897436,22.0
0.12555555555555556,0.0,equal_bargaining__006,equal_bargaining,0.0,0.32,0.39555555555555555,5.882352941176471,5.0849917081260365,59.0,K_HL,301,4.308510638297872,13.0
0.12111111111111111,0.0,equal_bargaining__006,equal_bargaining,0.0,0.26,0.42333333333333334,5.324324324324325,4.975986277873071,60.0,K_HL,302,4.659574468085107,14.0
0.1111111111111111,0.0,equal_bargaining__006,equal_bargaining,0.0,0.25,0.37666666666666665,4.0636363636363635,4.058797909407665,56.0,K_HL,303,4.054347826086956,16.0
0.12555555555555556,0.0,equal_bargaining__006,equal_bargaining,0.0,0.3,0.37444444444444447,3.9,3.966302367941712,60.0,K_HL,304,4.021739130434782,16.0
0.11555555555555555,0.0,equal_bargaining__006,equal_bargaining,0.0,0.23,0.35555555555555557,3.9450549450549453,3.926421404682274,56.0,K_HL,305,3.912087912087912,13.0
0.20555555555555555,0.0,equal_bargaining__006,equal_bargaining,0.0,0.36,2.391111111111111,7.032258064516129,7.504020215943028,70.0,K_LH,301,7.540192926045016,19.0
0.20555555555555555,0.0,equal_bargaining__006,equal_bargaining,0.0,0.44,2.6155555555555554,6.9,8.21011673151751,70.0,K_LH,302,8.30670926517572,23.0
0.21444444444444444,0.0,equal_bargaining__006,equal_bargaining,0.0,0.29,1.991111111111111,8.04,6.3859689742996055,68.0,K_LH,303,6.284345047923322,17.0
0.2111111111111111,0.0,equal_bargaining__006,equal_bargaining,0.0,0.27,1.9333333333333333,5.85,6.228148496240601,65.0,K_LH,304,6.246794871794871,19.0
0.21444444444444444,0.0,equal_bargaining__006,equal_bargaining,0.0,0.29,2.077777777777778,7.0,6.728403755868545,67.0,K_LH,305,6.712903225806452,18.0
0.16777777777777778,0.0,equal_bargaining__006,equal_bargaining,0.0,0.46,1.991111111111111,6.042253521126761,8.609734249029561,73.0,K_MM,301,9.300492610837438,26.0
0.17777777777777778,0.0,equal_bargaining__006,equal_bargaining,0.0,0.31,1.52,5.536231884057971,6.8201634877384185,70.0,K_MM,302,7.159203980099503,19.0
0.17222222222222222,0.0,equal_bargaining__006,equal_bargaining,0.0,0.29,1.8244444444444445,6.463768115942029,8.154704463208686,69.0,K_MM,303,8.599009900990099,18.0
0.17222222222222222,0.0,equal_bargaining__006,equal_bargaining,0.0,0.36,1.4466666666666668,5.112903225806452,6.471349353049908,70.0,K_MM,304,6.792079207920792,19.0
0.17555555555555555,0.0,equal_bargaining__006,equal_bargaining,0.0,0.29,1.8833333333333333,5.384615384615385,8.205651491365778,70.0,K_MM,305,8.75609756097561,19.0
0.28444444444444444,0.0,equal_bargaining__006,equal_bargaining,0.0,8.92,14.734444444444444,453.7436823104693,116.40287135065768,64.0,K_OO,301,20.049597855227884,12.0
0.28444444444444444,0.0,equal_bargaining__006,equal_bargaining,0.0,8.9,15.52111111111111,453.6678832116788,116.82619566094039,64.0,K_OO,302,21.273216689098252,12.0
0.0,0.0,equal_bargaining__006,equal_bargaining,0.0,10.19,81.0,445.73776223776224,606.9208579881656,0.0,K_OO,303,992.3586956521739,944.0
0.28444444444444444,0.0,equal_bargaining__006,equal_bargaining,0.0,9.0,13.574444444444444,453.34317343173433,115.44822509406184,64.0,K_OO,304,19.221311475409838,12.0
0.28444444444444444,0.0,equal_bargaining__006,equal_bargaining,0.0,8.97,13.61888888888889,448.6539923954373,111.41901178010471,64.0,K_OO,305,18.97289972899729,12.0
0.25333333333333335,0.0,equal_bargaining__006,equal_bargaining,0.0,6.19,16.122222222222224,237.42410714285714,72.80998326277444,61.0,K_SS,301,26.23481116584565,40.0
0.24666666666666667,0.0,equal_bargaining__006,equal_bargaining,0.0,4.49,18.54,162.13824884792626,58.598339335734295,58.0,K_SS,302,29.888704318936878,78.0
0.2088888888888889,0.0,equal_bargaining__006,equal_bargaining,0.0,3.88,23.346666666666668,136.44,61.9045013421433,52.0,K_SS,303,39.3513986013986,123.0
0.22555555555555556,0.0,equal_bargaining__006,equal_bargaining,0.0,3.6,20.553333333333335,136.71782178217822,54.98885448916408,56.0,K_SS,304,33.46440677966102,83.0
0.2411111111111111,0.0,equal_bargaining__006,equal_bargaining,0.0,3.96,13.872222222222222,117.73469387755102,41.86626419727821,62.0,K_SS,305,22.83361064891847,30.0
0.16666666666666666,0.0,equal_bargaining__006,equal_bargaining,0.0,0.36,4.243333333333333,8.0,9.84079236977256,75.0,K_XX,301,10.382716049382717,22.0
0.1811111111111111,0.0,equal_bargaining__006,equal_bargaining,0.0,0.44,4.387777777777778,9.474025974025974,10.530609234400353,72.0,K_XX,302,10.841191066997519,23.0
0.17444444444444446,0.0,equal_bargaining__006,equal_bargaining,0.0,0.39,4.271111111111111,8.587837837837839,9.954538767103134,73.0,K_XX,303,10.334963325183374,22.0
0.17666666666666667,0.0,equal_bargaining__006,equal_bargaining,0.0,0.32,4.071111111111111,7.315789473684211,9.48247329622386,74.0,K_XX,304,10.02444987775061,19.0
0.17888888888888888,0.0,equal_bargaining__006,equal_bargaining,0.0,0.51,3.78,8.8203125,9.107654772796584,74.0,K_XX,305,9.177339901477833,21.0
0.16666666666666666,0.0,equal_bargaining__007,equal_bargaining,0.0,0.35,3.31,7.237288135593221,9.494079449961804,75.0,K_HH,301,10.150641025641026,24.0
0.1622222222222222,0.0,equal_bargaining__007,equal_bargaining,0.0,0.42,3.151111111111111,5.333333333333333,8.850204798127558,74.0,K_HH,302,9.822006472491909,23.0
0.1622222222222222,0.0,equal_bargaining__007,equal_bargaining,0.0,0.56,3.1222222222222222,6.790909090909091,9.090961986035687,74.0,K_HH,303,9.71474358974359,24.0
0.16444444444444445,0.0,equal_bargaining__007,equal_bargaining,0.0,0.57,3.3066666666666666,5.78,9.661629048086358,75.0,K_HH,304,10.60952380952381,25.0
0.17333333333333334,0.0,equal_bargaining__007,equal_bargaining,0.0,0.34,3.3555555555555556,6.736263736263736,9.69512686266613,74.0,K_HH,305,10.35897435897436,22.0
0.12555555555555556,0.0,equal_bargaining__007,equal_bargaining,0.0,0.32,0.39555555555555555,5.882352941176471,5.0849917081260365,59.0,K_HL,301,4.308510638297872,13.0
0.12111111111111111,0.0,equal_bargaining__007,equal_bargaining,0.0,0.26,0.42333333333333334,5.324324324324325,4.975986277873071,60.0,K_HL,302,4.659574468085107,14.0
0.1111111111111111,0.0,equal_bargaining__007,equal_bargaining,0.0,0.25,0.37666666666666665,4.0636363636363635,4.058797909407665,56.0,K_HL,303,4.054347826086956,16.0
0.12555555555555556,0.0,equal_bargaining__007,equal_bargaining,0.0,0.3,0.37444444444444447,3.9,3.966302367941712,60.0,K_HL,304,4.021739130434782,16.0
0.11555555555555555,0.0,equal_bargaining__007,equal_bargaining,0.0,0.23,0.35555555555555557,3.9450549450549453,3.926421404682274,56.0,K_HL,305,3.912087912087912,13.0
0.20555555555555555,0.0,equal_bargaining__007,equal_bargaining,0.0,0.36,2.391111111111111,7.032258064516129,7.504020215943028,70.0,K_LH,301,7.540192926045016,19.0
0.20555555555555555,0.0,equal_bargaining__007,equal_bargaining,0.0,0.44,2.6155555555555554,6.9,8.21011673151751,70.0,K_LH,302,8.30670926517572,23.0
0.21444444444444444,0.0,equal_bargaining__007,equal_bargaining,0.0,0.29,1.991111111111111,8.04,6.3859689742996055,68.0,K_LH,303,6.284345047923322,17.0
0.2111111111111111,0.0,equal_bargaining__007,equal_bargaining,0.0,0.27,1.9333333333333333,5.85,6.228148496240601,65.0,K_LH,304,6.246794871794871,19.0
0.21444444444444444,0.0,equal_bargaining__007,equal_bargaining,0.0,0.29,2.077777777777778,7.0,6.728403755868545,67.0,K_LH,305,6.712903225806452,18.0
0.16777777777777778,0.0,equal_bargaining__007,equal_bargaining,0.0,0.46,1.991111111111111,6.042253521126761,8.609734249029561,73.0,K_MM,301,9.300492610837438,26.0
0.17777777777777778,0.0,equal_bargaining__007,equal_bargaining,0.0,0.31,1.52,5.536231884057971,6.8201634877384185,70.0,K_MM,302,7.159203980099503,19.0
0.17222222222222222,0.0,equal_bargaining__007,equal_bargaining,0.0,0.29,1.8244444444444445,6.463768115942029,8.154704463208686,69.0,K_MM,303,8.599009900990099,18.0
0.17222222222222222,0.0,equal_bargaining__007,equal_bargaining,0.0,0.36,1.4466666666666668,5.112903225806452,6.471349353049908,70.0,K_MM,304,6.792079207920792,19.0
0.17555555555555555,0.0,equal_bargaining__007,equal_bargaining,0.0,0.29,1.8833333333333333,5.384615384615385,8.205651491365778,70.0,K_MM,305,8.75609756097561,19.0
0.28444444444444444,0.0,equal_bargaining__007,equal_bargaining,0.0,8.92,14.734444444444444,453.7436823104693,116.40287135065768,64.0,K_OO,301,20.049597855227884,12.0
0.28444444444444444,0.0,equal_bargaining__007,equal_bargaining,0.0,8.9,15.947777777777778,453.6678832116788,116.87716623876766,64.0,K_OO,302,21.977272727272727,12.0
0.28444444444444444,0.0,equal_bargaining__007,equal_bargaining,0.0,8.95,15.714444444444444,445.73776223776224,119.25764402961053,64.0,K_OO,303,21.668478260869566,12.0
0.28444444444444444,0.0,equal_bargaining__007,equal_bargaining,0.0,9.0,13.574444444444444,453.34317343173433,115.44822509406184,64.0,K_OO,304,19.221311475409838,12.0
0.28444444444444444,0.0,equal_bargaining__007,equal_bargaining,0.0,8.97,13.61888888888889,448.6539923954373,111.41901178010471,64.0,K_OO,305,18.97289972899729,12.0
0.2544444444444444,0.0,equal_bargaining__007,equal_bargaining,0.0,6.19,15.79,237.42410714285714,72.39273407502215,61.0,K_SS,301,25.699507389162562,41.0
0.24666666666666667,0.0,equal_bargaining__007,equal_bargaining,0.0,4.49,18.54,162.13824884792626,58.598339335734295,58.0,K_SS,302,29.888704318936878,78.0
0.21333333333333335,0.0,equal_bargaining__007,equal_bargaining,0.0,3.88,23.25,136.44,62.15247895229186,53.0,K_SS,303,39.476190476190474,122.0
0.2311111111111111,0.0,equal_bargaining__007,equal_bargaining,0.0,3.6,19.43777777777778,136.71782178217822,53.40201729106628,57.0,K_SS,304,31.533783783783782,84.0
0.23222222222222222,0.0,equal_bargaining__007,equal_bargaining,0.0,3.68,14.645555555555555,114.5204081632653,42.088800326997756,60.0,K_SS,305,23.948504983388705,32.0
0.16666666666666666,0.0,equal_bargaining__007,equal_bargaining,0.0,0.36,4.243333333333333,8.0,9.84079236977256,75.0,K_XX,301,10.382716049382717,22.0
0.1811111111111111,0.0,equal_bargaining__007,equal_bargaining,0.0,0.44,4.387777777777778,9.474025974025974,10.530609234400353,72.0,K_XX,302,10.841191066997519,23.0
0.17444444444444446,0.0,equal_bargaining__007,equal_bargaining,0.0,0.39,4.271111111111111,8.587837837837839,9.954538767103134,73.0,K_XX,303,10.334963325183374,22.0
0.17666666666666667,0.0,equal_bargaining__007,equal_bargaining,0.0,0.32,4.071111111111111,7.315789473684211,9.48247329622386,74.0,K_XX,304,10.02444987775061,19.0
0.17888888888888888,0.0,equal_bargaining__007,equal_bargaining,0.0,0.51,3.78,8.8203125,9.107654772796584,74.0,K_XX,305,9.177339901477833,21.0
0.16666666666666666,0.0,equal_bargaining__008,equal_bargaining,0.0,0.35,3.31,7.237288135593221,9.494079449961804,75.0,K_HH,301,10.150641025641026,24.0
0.1622222222222222,0.0,equal_bargaining__008,equal_bargaining,0.0,0.42,3.151111111111111,5.333333333333333,8.850204798127558,74.0,K_HH,302,9.822006472491909,23.0
0.1622222222222222,0.0,equal_bargaining__008,equal_bargaining,0.0,0.56,3.1222222222222222,6.790909090909091,9.090961986035687,74.0,K_HH,303,9.71474358974359,24.0
0.16444444444444445,0.0,equal_bargaining__008,equal_bargaining,0.0,0.57,3.3066666666666666,5.78,9.661629048086358,75.0,K_HH,304,10.60952380952381,25.0
0.17333333333333334,0.0,equal_bargaining__008,equal_bargaining,0.0,0.34,3.3555555555555556,6.736263736263736,9.69512686266613,74.0,K_HH,305,10.35897435897436,22.0
0.12555555555555556,0.0,equal_bargaining__008,equal_bargaining,0.0,0.32,0.39555555555555555,5.882352941176471,5.0849917081260365,59.0,K_HL,301,4.308510638297872,13.0
0.12111111111111111,0.0,equal_bargaining__008,equal_bargaining,0.0,0.26,0.42333333333333334,5.324324324324325,4.975986277873071,60.0,K_HL,302,4.659574468085107,14.0
0.1111111111111111,0.0,equal_bargaining__008,equal_bargaining,0.0,0.25,0.37666666666666665,4.0636363636363635,4.058797909407665,56.0,K_HL,303,4.054347826086956,16.0
0.12555555555555556,0.0,equal_bargaining__008,equal_bargaining,0.0,0.3,0.37444444444444447,3.9,3.966302367941712,60.0,K_HL,304,4.021739130434782,16.0
0.11555555555555555,0.0,equal_bargaining__008,equal_bargaining,0.0,0.23,0.35555555555555557,3.9450549450549453,3.926421404682274,56.0,K_HL,305,3.912087912087912,13.0
0.20555555555555555,0.0,equal_bargaining__008,equal_bargaining,0.0,0.36,2.391111111111111,7.032258064516129,7.504020215943028,70.0,K_LH,301,7.540192926045016,19.0
0.20555555555555555,0.0,equal_bargaining__008,equal_bargaining,0.0,0.44,2.6155555555555554,6.9,8.21011673151751,70.0,K_LH,302,8.30670926517572,23.0
0.21444444444444444,0.0,equal_bargaining__008,equal_bargaining,0.0,0.29,1.991111111111111,8.04,6.3859689742996055,68.0,K_LH,303,6.284345047923322,17.0
0.2111111111111111,0.0,equal_bargaining__008,equal_bargaining,0.0,0.27,1.9333333333333333,5.85,6.228148496240601,65.0,K_LH,304,6.246794871794871,19.0
0.21444444444444444,0.0,equal_bargaining__008,equal_bargaining,0.0,0.29,2.077777777777778,7.0,6.728403755868545,67.0,K_LH,305,6.712903225806452,18.0
0.16777777777777778,0.0,equal_bargaining__008,equal_bargaining,0.0,0.46,1.991111111111111,6.042253521126761,8.609734249029561,73.0,K_MM,301,9.300492610837438,26.0
0.17777777777777778,0.0,equal_bargaining__008,equal_bargaining,0.0,0.31,1.52,5.536231884057971,6.8201634877384185,70.0,K_MM,302,7.159203980099503,19.0
0.17222222222222222,0.0,equal_bargaining__008,equal_bargaining,0.0,0.29,1.8244444444444445,6.463768115942029,8.154704463208686,69.0,K_MM,303,8.599009900990099,18.0
0.17222222222222222,0.0,equal_bargaining__008,equal_bargaining,0.0,0.36,1.4466666666666668,5.112903225806452,6.471349353049908,70.0,K_MM,304,6.792079207920792,19.0
0.17555555555555555,0.0,equal_bargaining__008,equal_bargaining,0.0,0.29,1.8833333333333333,5.384615384615385,8.205651491365778,70.0,K_MM,305,8.75609756097561,19.0
0.28444444444444444,0.0,equal_bargaining__008,equal_bargaining,0.0,8.92,14.734444444444444,453.7436823104693,116.40287135065768,64.0,K_OO,301,20.049597855227884,12.0
0.28444444444444444,0.0,equal_bargaining__008,equal_bargaining,0.0,8.9,15.947777777777778,453.6678832116788,116.87716623876766,64.0,K_OO,302,21.977272727272727,12.0
0.28444444444444444,0.0,equal_bargaining__008,equal_bargaining,0.0,8.95,15.714444444444444,445.73776223776224,119.25764402961053,64.0,K_OO,303,21.668478260869566,12.0
0.28444444444444444,0.0,equal_bargaining__008,equal_bargaining,0.0,9.0,13.574444444444444,453.34317343173433,115.44822509406184,64.0,K_OO,304,19.221311475409838,12.0
0.28444444444444444,0.0,equal_bargaining__008,equal_bargaining,0.0,8.97,13.61888888888889,448.6539923954373,111.41901178010471,64.0,K_OO,305,18.97289972899729,12.0
0.25,0.0,equal_bargaining__008,equal_bargaining,0.0,6.19,16.34111111111111,237.42410714285714,73.1619572708477,60.0,K_SS,301,26.686371100164205,40.0
0.24666666666666667,0.0,equal_bargaining__008,equal_bargaining,0.0,4.49,18.54,162.13824884792626,58.598339335734295,58.0,K_SS,302,29.888704318936878,78.0
0.21333333333333335,0.0,equal_bargaining__008,equal_bargaining,0.0,3.88,23.756666666666668,136.44,62.94007295466389,53.0,K_SS,303,40.424778761061944,121.0
0.2311111111111111,0.0,equal_bargaining__008,equal_bargaining,0.0,3.6,19.43777777777778,136.71782178217822,53.40201729106628,57.0,K_SS,304,31.533783783783782,84.0
0.23222222222222222,0.0,equal_bargaining__008,equal_bargaining,0.0,3.68,14.645555555555555,114.5204081632653,42.088800326997756,60.0,K_SS,305,23.948504983388705,32.0
0.16666666666666666,0.0,equal_bargaining__008,equal_bargaining,0.0,0.36,4.243333333333333,8.0,9.84079236977256,75.0,K_XX,301,10.382716049382717,22.0
0.1811111111111111,0.0,equal_bargaining__008,equal_bargaining,0.0,0.44,4.387777777777778,9.474025974025974,10.530609234400353,72.0,K_XX,302,10.841191066997519,23.0
0.17444444444444446,0.0,equal_bargaining__008,equal_bargaining,0.0,0.39,4.271111111111111,8.587837837837839,9.954538767103134,73.0,K_XX,303,10.334963325183374,22.0
0.17666666666666667,0.0,equal_bargaining__008,equal_bargaining,0.0,0.32,4.071111111111111,7.315789473684211,9.48247329622386,74.0,K_XX,304,10.02444987775061,19.0
0.17888888888888888,0.0,equal_bargaining__008,equal_bargaining,0.0,0.51,3.78,8.8203125,9.107654772796584,74.0,K_XX,305,9.177339901477833,21.0
0.15555555555555556,0.0,fixed_time__000,fixed_time,0.0,0.35,3.0677777777777777,14.470588235294118,10.878713339640491,60.0,K_HH,301,9.834920634920636,22.0
0.15555555555555556,0.0,fixed_time__000,fixed_time,0.0,0.37,3.0955555555555554,16.153153153153152,11.345531587057009,60.0,K_HH,302,10.038216560509554,22.0
0.15555555555555556,0.0,fixed_time__000,fixed_time,0.0,0.35,3.1777777777777776,16.81896551724138,11.747668886774502,60.0,K_HH,303,10.311111111111112,22.0
0.15555555555555556,0.0,fixed_time__000,fixed_time,0.0,0.34,3.12,15.427184466019417,11.144,60.0,K_HH,304,10.066666666666666,22.0
0.15555555555555556,0.0,fixed_time__000,fixed_time,0.0,0.34,3.0355555555555553,14.153846153846153,10.59054487179487,60.0,K_HH,305,9.796178343949045,22.0
0.15555555555555556,0.0,fixed_time__000,fixed_time,0.0,0.35,0.9,14.470588235294118,11.870779491454773,60.0,K_HL,301,9.311827956989248,22.0
0.15555555555555556,0.0,fixed_time__000,fixed_time,0.0,0.37,0.8322222222222222,16.153153153153152,12.251517779705114,60.0,K_HL,302,8.630434782608695,22.0
0.15555555555555556,0.0,fixed_time__000,fixed_time,0.0,0.35,0.8988888888888888,16.81896551724138,13.009708737864079,60.0,K_HL,303,9.35483870967742,22.0
0.15555555555555556,0.0,fixed_time__000,fixed_time,0.0,0.34,0.8111111111111111,15.427184466019417,11.654756587762394,60.0,K_HL,304,8.440860215053764,21.0
0.15555555555555556,0.0,fixed_time__000,fixed_time,0.0,0.34,0.8622222222222222,14.153846153846153,11.17649834827749,60.0,K_HL,305,8.935483870967742,22.0
0.15555555555555556,0.0,fixed_time__000,fixed_time,0.0,0.35,3.0677777777777777,13.838709677419354,10.116685584562996,60.0,K_LH,301,9.834920634920636,22.0
0.15555555555555556,0.0,fixed_time__000,fixed_time,0.0,0.31,3.0955555555555554,10.966666666666667,10.101780009128252,60.0,K_LH,302,10.038216560509554,22.0
0.15555555555555556,0.0,fixed_time__000,fixed_time,0.0,0.35,3.1777777777777776,16.296296296296298,10.681328751431845,60.0,K_LH,303,10.311111111111112,22.0
0.15555555555555556,0.0,fixed_time__000,fixed_time,0.0,0.31,3.12,12.952380952380953,10.207433217189315,60.0,K_LH,304,10.066666666666666,22.0
0.15555555555555556,0.0,fixed_time__000,fixed_time,0.0,0.34,3.0355555555555553,13.782608695652174,10.008812615955472,60.0,K_LH,305,9.796178343949045,22.0
0.15555555555555556,0.0,fixed_time__000,fixed_time,0.0,0.35,1.7222222222222223,14.625,9.464435146443515,60.0,K_MM,301,8.049504950495049,21.0
0.15555555555555556,0.0,fixed_time__000,fixed_time,0.0,0.35,1.8222222222222222,14.594202898550725,9.846501809408927,60.0,K_MM,302,8.599009900990099,22.0
0.15555555555555556,0.0,fixed_time__000,fixed_time,0.0,0.35,1.8022222222222222,16.47222222222222,10.176628810520024,60.0,K_MM,303,8.450495049504951,22.0
0.15555555555555556,0.0,fixed_time__000,fixed_time,0.0,0.33,1.8166666666666667,14.444444444444445,9.674140049140048,60.0,K_MM,304,8.529702970297029,22.0
0.15555555555555556,0.0,fixed_time__000,fixed_time,0.0,0.34,1.791111111111111,13.192307692307692,9.24666242848061,60.0,K_MM,305,8.465346534653465,21.0
0.15555555555555556,0.0,fixed_time__000,fixed_time,0.0,3.67,31.70111111111111,216.3548387096774,90.21577380952381,60.0,K_OO,301,46.7485549132948,23.0
0.15555555555555556,0.0,fixed_time__000,fixed_time,0.0,2.99,30.25777777777778,172.1237113402062,73.88286655683692,60.0,K_OO,302,42.90985915492958,22.0
0.15555555555555556,0.0,fixed_time__000,fixed_time,0.0,3.88,31.684444444444445,215.59874608150471,88.35832264271968,60.0,K_OO,303,44.628851540616246,23.0
0.15555555555555556,0.0,fixed_time__000,fixed_time,0.0,3.65,31.63222222222222,226.4774193548387,90.27764724945312,60.0,K_OO,304,44.59774964838256,22.0
0.15555555555555556,0.0,fixed_time__000,fixed_time,0.0,3.19,31.34777777777778,185.04827586206898,78.52999917471321,60.0,K_OO,305,45.015514809590975,23.0
0.15555555555555556,0.0,fixed_time__000,fixed_time,0.0,1.67,13.52,90.81304347826087,37.83269551565107,60.0,K_SS,301,22.390444810543656,23.0
0.15555555555555556,0.0,fixed_time__000,fixed_time,0.0,1.26,13.053333333333333,74.69124423963133,33.08653465346534,60.0,K_SS,302,21.701639344262293,22.0
0.15555555555555556,0.0,fixed_time__000,fixed_time,0.0,1.25,14.173333333333334,52.99134199134199,30.03852530966546,60.0,K_SS,303,23.363338788870703,23.0
0.15555555555555556,0.0,fixed_time__000,fixed_time,0.0,1.21,12.341111111111111,80.82191780821918,33.49925794004156,60.0,K_SS,304,20.408866995073893,23.0
0.15555555555555556,0.0,fixed_time__000,fixed_time,0.0,0.61,12.47,30.146464646464647,22.87615846827579,60.0,K_SS,305,21.039800995024876,22.0
0.15555555555555556,0.0,fixed_time__000,fixed_time,0.0,0.48,3.7655555555555558,19.191082802547772,11.815187290482436,60.0,K_XX,301,9.626535626535626,21.0
0.15555555555555556,0.0,fixed_time__000,fixed_time,0.0,0.53,3.9277777777777776,19.136363636363637,12.057934878263419,60.0,K_XX,302,9.992610837438423,21.0
0.15555555555555556,0.0,fixed_time__000,fixed_time,0.0,0.44,3.861111111111111,21.219354838709677,12.391489361702126,60.0,K_XX,303,9.792592592592593,21.0
0.15555555555555556,0.0,fixed_time__000,fixed_time,0.0,0.36,3.938888888888889,16.81021897810219,11.391696750902527,60.0,K_XX,304,9.985221674876847,22.0
0.15555555555555556,0.0,fixed_time__000,fixed_time,0.0,0.41,3.89,15.9765625,11.029675848424896,60.0,K_XX,305,9.832923832923832,21.0
0.14,0.0,fixed_time__001,fixed_time,0.0,0.43,3.0444444444444443,17.388429752066116,11.54530106921778,54.0,K_HH,301,9.829652996845425,23.0
0.14,0.0,fixed_time__001,fixed_time,0.0,0.47,2.986666666666667,21.557522123893804,12.209864787659495,54.0,K_HH,302,9.646687697160884,23.0
0.14,0.0,fixed_time__001,fixed_time,0.0,0.49,3.0144444444444445,17.273504273504273,11.406917406917406,54.0,K_HH,303,9.741324921135647,23.0
0.14,0.0,fixed_time__001,fixed_time,0.0,0.4,2.9655555555555555,19.05607476635514,11.46099017530341,54.0,K_HH,304,9.488958990536277,23.0
0.14,0.0,fixed_time__001,fixed_time,0.0,0.39,2.968888888888889,16.204301075268816,10.743417145119778,54.0,K_HH,305,9.511041009463723,23.0
0.14,0.0,fixed_time__001,fixed_time,0.0,0.43,0.7833333333333333,17.388429752066116,12.882352941176471,54.0,K_HL,301,8.222222222222221,24.0
0.14,0.0,fixed_time__001,fixed_time,0.0,0.47,0.7911111111111111,21.557522123893804,14.718979680069173,54.0,K_HL,302,8.186813186813186,24.0
0.14,0.0,fixed_time__001,fixed_time,0.0,0.49,0.7933333333333333,17.273504273504273,12.727156821079472,54.0,K_HL,303,8.23076923076923,24.0
0.14,0.0,fixed_time__001,fixed_time,0.0,0.4,0.7477777777777778,19.05607476635514,13.205803571428573,54.0,K_HL,304,7.855555555555555,24.0
0.14,0.0,fixed_time__001,fixed_time,0.0,0.39,0.78,16.204301075268816,11.726190476190476,54.0,K_HL,305,8.166666666666666,24.0
0.14,0.0,fixed_time__001,fixed_time,0.0,0.38,3.0444444444444443,15.757575757575758,10.269152999325993,54.0,K_LH,301,9.829652996845425,23.0
0.14,0.0,fixed_time__001,fixed_time,0.0,0.4,2.986666666666667,17.516129032258064,10.197246671180322,54.0,K_LH,302,9.646687697160884,23.0
0.14,0.0,fixed_time__001,fixed_time,0.0,0.38,3.0144444444444445,15.407407407407407,10.089728991118195,54.0,K_LH,303,9.741324921135647,23.0
0.14,0.0,fixed_time__001,fixed_time,0.0,0.4,2.9655555555555555,19.47826086956522,10.017007584463341,54.0,K_LH,304,9.488958990536277,23.0
0.14,0.0,fixed_time__001,fixed_time,0.0,0.35,2.968888888888889,13.043478260869565,9.697770627441967,54.0,K_LH,305,9.511041009463723,23.0
0.14,0.0,fixed_time__001,fixed_time,0.0,0.4,1.768888888888889,17.22972972972973,10.423054070112894,54.0,K_MM,301,8.504950495049505,24.0
0.14,0.0,fixed_time__001,fixed_time,0.0,0.4,1.8122222222222222,18.314285714285713,10.754117999401018,54.0,K_MM,302,8.748768472906404,24.0
0.14,0.0,fixed_time__001,fixed_time,0.0,0.38,1.9,15.835616438356164,10.485010388839418,54.0,K_MM,303,9.004926108374384,25.0
0.14,0.0,fixed_time__001,fixed_time,0.0,0.4,1.8433333333333333,19.348484848484848,10.94816611094271,54.0,K_MM,304,8.847290640394089,24.0
0.14,0.0,fixed_time__001,fixed_time,0.0,0.36,1.8422222222222222,14.711538461538462,9.778766687857596,54.0,K_MM,305,8.801980198019802,24.0
0.14,0.0,fixed_time__001,fixed_time,0.0,4.49,32.791111111111114,245.0,96.54491355046241,54.0,K_OO,301,46.3944055944056,26.0
0.14,0.0,fixed_time__001,fixed_time,0.0,3.72,32.78666666666667,202.89491525423728,82.91605515684219,54.0,K_OO,302,45.466299862448416,25.0
0.14,0.0,fixed_time__001,fixed_time,0.0,4.55,33.55777777777778,245.91975308641975,99.515517936316,54.0,K_OO,303,47.758865248226954,27.0
0.14,0.0,fixed_time__001,fixed_time,0.0,4.37,31.80666666666667,253.00958466453673,97.8982225468712,54.0,K_OO,304,45.074964639321074,25.0
0.14,0.0,fixed_time__001,fixed_time,0.0,3.94,32.035555555555554,210.68493150684932,81.89977040614363,54.0,K_OO,305,43.17536813922356,25.0
0.14,0.0,fixed_time__001,fixed_time,0.0,2.56,13.766666666666667,144.57563025210084,50.88104233265523,54.0,K_SS,301,22.80687397708674,26.0
0.14,0.0,fixed_time__001,fixed_time,0.0,2.01,14.474444444444444,108.98181818181818,42.78892082053315,54.0,K_SS,302,24.334431630971995,26.0
0.14,0.0,fixed_time__001,fixed_time,0.0,2.03,16.04222222222222,107.56485355648536,45.55760593634056,54.0,K_SS,303,26.683774834437084,27.0
0.14,0.0,fixed_time__001,fixed_time,0.0,2.06,13.625555555555556,130.49333333333334,46.35390946502058,54.0,K_SS,304,22.558823529411764,25.0
0.14,0.0,fixed_time__001,fixed_time,0.0,1.27,13.293333333333333,60.14427860696517,29.95255364158356,54.0,K_SS,305,22.28735632183908,26.0
0.14,0.0,fixed_time__001,fixed_time,0.0,0.71,4.593333333333334,26.06875,15.038166835333238,54.0,K_XX,301,11.71882640586797,25.0
0.14,0.0,fixed_time__001,fixed_time,0.0,0.71,4.278888888888889,26.51923076923077,14.518540061073143,54.0,K_XX,302,10.99755501222494,24.0
0.14,0.0,fixed_time__001,fixed_time,0.0,0.66,4.227777777777778,25.557692307692307,14.15079825834543,54.0,K_XX,303,10.81219512195122,24.0
0.14,0.0,fixed_time__001,fixed_time,0.0,0.45,4.351111111111111,20.24113475177305,12.931172885387243,54.0,K_XX,304,10.992665036674817,24.0
0.14,0.0,fixed_time__001,fixed_time,0.0,0.51,4.144444444444445,17.46153846153846,11.988514432522292,54.0,K_XX,305,10.65036674816626,24.0
0.11666666666666667,0.0,fixed_time__002,fixed_time,0.0,0.6,3.5955555555555554,26.14516129032258,15.104967197750703,45.0,K_HH,301,11.761904761904763,27.0
0.11666666666666667,0.0,fixed_time__002,fixed_time,0.0,0.68,3.5955555555555554,27.079646017699115,14.985071770334928,45.0,K_HH,302,11.647619047619047,27.0
0.11666666666666667,0.0,fixed_time__002,fixed_time,0.0,0.68,3.628888888888889,26.352941176470587,15.06681766704417,45.0,K_HH,303,11.79746835443038,28.0
0.11666666666666667,0.0,fixed_time__002,fixed_time,0.0,0.63,3.703333333333333,28.936363636363637,15.6321044546851,45.0,K_HH,304,12.069620253164556,28.0
0.11666666666666667,0.0,fixed_time__002,fixed_time,0.0,0.51,3.6766666666666667,23.46808510638298,14.004160063391442,45.0,K_HH,305,11.83860759493671,28.0
0.11666666666666667,0.0,fixed_time__002,fixed_time,0.0,0.6,0.9433333333333334,26.14516129032258,18.12904564315353,45.0,K_HL,301,9.633333333333333,28.0
0.11666666666666667,0.0,fixed_time__002,fixed_time,0.0,0.68,0.9911111111111112,27.079646017699115,18.408260869565215,45.0,K_HL,302,10.033333333333333,28.0
0.11666666666666667,0.0,fixed_time__002,fixed_time,0.0,0.68,0.9511111111111111,26.352941176470587,18.086016949152544,45.0,K_HL,303,9.677777777777777,28.0
0.11666666666666667,0.0,fixed_time__002,fixed_time,0.0,0.63,0.9444444444444444,28.936363636363637,18.987224669603524,45.0,K_HL,304,9.633333333333333,27.0
0.11666666666666667,0.0,fixed_time__002,fixed_time,0.0,0.51,0.9566666666666667,23.46808510638298,15.981402002861232,45.0,K_HL,305,9.898876404494382,27.0
0.11666666666666667,0.0,fixed_time__002,fixed_time,0.0,0.5,3.5955555555555554,27.939393939393938,12.968361581920904,45.0,K_LH,301,11.761904761904763,27.0
0.11666666666666667,0.0,fixed_time__002,fixed_time,0.0,0.45,3.5955555555555554,26.129032258064516,12.666742338251986,45.0,K_LH,302,11.647619047619047,27.0
0.11666666666666667,0.0,fixed_time__002,fixed_time,0.0,0.48,3.628888888888889,20.59259259259259,12.339881224303335,45.0,K_LH,303,11.79746835443038,28.0
0.11666666666666667,0.0,fixed_time__002,fixed_time,0.0,0.5,3.703333333333333,24.52173913043478,12.729829414476717,45.0,K_LH,304,12.069620253164556,28.0
0.11666666666666667,0.0,fixed_time__002,fixed_time,0.0,0.48,3.6766666666666667,16.0,12.059243891194098,45.0,K_LH,305,11.83860759493671,28.0
0.11666666666666667,0.0,fixed_time__002,fixed_time,0.0,0.5,2.3755555555555556,24.355263157894736,14.47211678832117,45.0,K_MM,301,11.653658536585366,27.0
0.11666666666666667,0.0,fixed_time__002,fixed_time,0.0,0.5,2.331111111111111,24.885714285714286,14.151849642004773,45.0,K_MM,302,11.318627450980392,28.0
0.11666666666666667,0.0,fixed_time__002,fixed_time,0.0,0.5,2.3466666666666667,22.68918918918919,14.02907488986784,45.0,K_MM,303,11.62439024390244,27.0
0.11666666666666667,0.0,fixed_time__002,fixed_time,0.0,0.5,2.3577777777777778,27.18840579710145,14.65214779212977,45.0,K_MM,304,11.374384236453203,28.0
0.11666666666666667,2.0,fixed_time__002,fixed_time,0.0,0.49,2.3055555555555554,22.11320754716981,13.152738654147106,45.0,K_MM,305,11.370731707317074,27.0
0.11666666666666667,0.0,fixed_time__002,fixed_time,0.0,5.79,26.843333333333334,310.1358024691358,106.34501873828856,45.0,K_OO,301,37.33559782608695,29.0
0.11666666666666667,0.0,fixed_time__002,fixed_time,0.0,5.13,27.893333333333334,272.7639344262295,95.40238000793337,45.0,K_OO,302,38.78775510204082,30.0
0.11666666666666667,0.0,fixed_time__002,fixed_time,0.0,5.69,30.546666666666667,306.96996996996995,110.11025998142989,45.0,K_OO,303,41.78184281842818,30.0
0.11666666666666667,0.0,fixed_time__002,fixed_time,0.0,5.93,29.891111111111112,319.3157894736842,112.49771076728764,45.0,K_OO,304,41.71763085399449,30.0
0.11666666666666667,0.0,fixed_time__002,fixed_time,0.0,5.15,32.132222222222225,281.3675496688742,100.84533143264433,45.0,K_OO,305,44.097428958051424,30.0
0.11666666666666667,0.0,fixed_time__002,fixed_time,0.0,4.07,16.936666666666667,225.84552845528455,74.43056885654089,45.0,K_SS,301,27.765472312703583,30.0
0.11666666666666667,0.0,fixed_time__002,fixed_time,0.0,3.19,14.845555555555556,164.04484304932734,54.71587039019169,45.0,K_SS,302,24.418416801292405,30.0
0.11666666666666667,0.0,fixed_time__002,fixed_time,0.0,3.47,15.486666666666666,183.35510204081632,62.267550553223955,45.0,K_SS,303,25.341423948220065,29.0
0.11666666666666667,0.0,fixed_time__002,fixed_time,0.0,3.87,12.773333333333333,224.04255319148936,67.3118362618266,45.0,K_SS,304,21.318181818181817,28.0
0.11666666666666667,0.0,fixed_time__002,fixed_time,0.0,2.61,18.13111111111111,137.12918660287082,52.43188202247191,45.0,K_SS,305,29.962046204620464,30.0
0.11666666666666667,0.0,fixed_time__002,fixed_time,0.0,1.28,5.076666666666667,56.36196319018405,23.04123563218391,45.0,K_XX,301,12.851219512195122,27.0
0.11666666666666667,0.0,fixed_time__002,fixed_time,0.0,1.23,4.988888888888889,61.75949367088607,23.934587554269175,45.0,K_XX,302,12.721951219512196,27.0
0.11666666666666667,0.0,fixed_time__002,fixed_time,0.0,1.13,4.878888888888889,46.855345911949684,20.371242774566472,45.0,K_XX,303,12.470731707317073,27.0
0.11666666666666667,0.0,fixed_time__002,fixed_time,0.0,0.86,5.052222222222222,36.923611111111114,18.004127966976263,45.0,K_XX,304,12.905109489051094,27.0
0.11666666666666667,0.0,fixed_time__002,fixed_time,0.0,0.65,4.944444444444445,29.396946564885496,15.878614457831327,45.0,K_XX,305,12.55609756097561,27.0
0.09333333333333334,0.0,fixed_time__003,fixed_time,0.0,0.69,4.162222222222222,30.656,17.891743812582657,36.0,K_HH,301,13.945337620578778,33.0
0.09333333333333334,0.0,fixed_time__003,fixed_time,0.0,0.8,4.12,29.42982456140351,17.090069284064665,36.0,K_HH,302,13.621794871794872,32.0
0.09333333333333334,0.0,fixed_time__003,fixed_time,0.0,0.75,4.093333333333334,28.92436974789916,16.98897128731698,36.0,K_HH,303,13.498402555910543,32.0
0.09333333333333334,0.0,fixed_time__003,fixed_time,0.0,0.61,4.12,28.855855855855857,17.00077429345722,36.0,K_HH,304,13.756410256410257,33.0
0.09333333333333334,0.0,fixed_time__003,fixed_time,0.0,0.61,4.14,29.074468085106382,16.59273308045518,36.0,K_HH,305,13.70926517571885,33.0
0.09333333333333334,0.0,fixed_time__003,fixed_time,0.0,0.69,1.5177777777777777,30.656,23.22107438016529,36.0,K_HL,301,15.277777777777779,34.0
0.09333333333333334,0.0,fixed_time__003,fixed_time,0.0,0.8,1.488888888888889,29.42982456140351,21.980628497632374,36.0,K_HL,302,14.802197802197803,34.0
0.09333333333333334,0.0,fixed_time__003,fixed_time,0.0,0.75,1.5777777777777777,28.92436974789916,22.33881163084703,36.0,K_HL,303,15.714285714285714,36.0
0.09333333333333334,0.0,fixed_time__003,fixed_time,0.0,0.61,1.4866666666666666,28.855855855855857,21.71140350877193,36.0,K_HL,304,14.933333333333334,34.0
0.09333333333333334,0.0,fixed_time__003,fixed_time,0.0,0.61,1.5777777777777777,29.074468085106382,21.738388625592417,36.0,K_HL,305,15.844444444444445,36.0
0.09333333333333334,0.0,fixed_time__003,fixed_time,0.0,0.6,4.162222222222222,28.939393939393938,15.076835124628403,36.0,K_LH,301,13.945337620578778,33.0
0.09333333333333334,0.0,fixed_time__003,fixed_time,0.0,0.61,4.12,23.322580645161292,14.310581768208888,36.0,K_LH,302,13.621794871794872,32.0
0.09333333333333334,0.0,fixed_time__003,fixed_time,0.0,0.57,4.093333333333334,23.62962962962963,14.128831528001843,36.0,K_LH,303,13.498402555910543,32.0
0.09333333333333334,0.0,fixed_time__003,fixed_time,0.0,0.51,4.12,26.304347826086957,14.429771348576761,36.0,K_LH,304,13.756410256410257,33.0
0.09333333333333334,0.0,fixed_time__003,fixed_time,0.0,0.56,4.14,31.82608695652174,14.678529890672248,36.0,K_LH,305,13.70926517571885,33.0
0.09333333333333334,0.0,fixed_time__003,fixed_time,0.0,0.61,2.1533333333333333,29.394736842105264,14.605099318114439,36.0,K_MM,301,10.303482587064677,32.0
0.09333333333333334,0.0,fixed_time__003,fixed_time,0.0,0.61,2.1977777777777776,26.042857142857144,13.825917017438364,36.0,K_MM,302,10.569306930693068,31.0
0.09333333333333334,0.0,fixed_time__003,fixed_time,0.0,0.6,2.2155555555555555,25.43243243243243,13.852346999405821,36.0,K_MM,303,10.589108910891088,32.0
0.09333333333333334,0.0,fixed_time__003,fixed_time,0.0,0.61,2.192222222222222,27.557142857142857,14.109440769693325,36.0,K_MM,304,10.524752475247524,33.0
0.09333333333333334,0.0,fixed_time__003,fixed_time,0.0,0.61,2.2288888888888887,31.50943396226415,14.14826598790964,36.0,K_MM,305,10.626865671641792,32.0
0.09333333333333334,0.0,fixed_time__003,fixed_time,0.0,5.08,35.297777777777775,276.2919254658385,109.0910482636371,36.0,K_OO,301,50.51343705799151,38.0
0.09333333333333334,0.0,fixed_time__003,fixed_time,0.0,4.44,31.3,236.7095709570957,91.73712671509281,36.0,K_OO,302,44.80694444444445,37.0
0.09333333333333334,0.0,fixed_time__003,fixed_time,0.0,5.11,32.80222222222222,274.0392749244713,104.66721132897602,36.0,K_OO,303,45.9141689373297,37.0
0.09333333333333334,0.0,fixed_time__003,fixed_time,0.0,5.02,30.784444444444443,285.21183800623055,106.6210492539708,36.0,K_OO,304,44.68539325842696,37.0
0.09333333333333334,0.0,fixed_time__003,fixed_time,0.0,4.56,31.186666666666667,244.94666666666666,92.36374588386477,36.0,K_OO,305,43.92984869325997,37.0
0.09333333333333334,0.0,fixed_time__003,fixed_time,0.0,3.15,20.99222222222222,180.91803278688525,69.06597288523963,36.0,K_SS,301,35.09546925566343,37.0
0.09333333333333334,0.0,fixed_time__003,fixed_time,0.0,2.47,15.528888888888888,137.04444444444445,50.304748956006605,36.0,K_SS,302,26.051696284329562,35.0
0.09333333333333334,0.0,fixed_time__003,fixed_time,0.0,2.48,17.432222222222222,134.32231404958677,53.12694177070427,36.0,K_SS,303,28.78743961352657,35.0
0.09333333333333334,0.0,fixed_time__003,fixed_time,0.0,3.03,16.654444444444444,176.68669527896995,61.74233427431129,36.0,K_SS,304,28.02454991816694,35.0
0.09333333333333334,0.0,fixed_time__003,fixed_time,0.0,1.86,19.407777777777778,91.9326923076923,45.372182351157385,36.0,K_SS,305,32.97670549084859,36.0
0.09333333333333334,0.0,fixed_time__003,fixed_time,0.0,1.05,5.7988888888888885,41.853658536585364,20.851392295484057,36.0,K_XX,301,14.341523341523342,33.0
0.09333333333333334,0.0,fixed_time__003,fixed_time,0.0,1.0,5.826666666666667,40.25625,20.50857807502181,36.0,K_XX,302,14.52216748768473,33.0
0.09333333333333334,0.0,fixed_time__003,fixed_time,0.0,0.87,5.907777777777778,36.608695652173914,19.872682143378594,36.0,K_XX,303,14.72952853598015,34.0
0.09333333333333334,0.0,fixed_time__003,fixed_time,0.0,0.68,5.865555555555556,34.37671232876713,18.87806691449814,36.0,K_XX,304,14.580246913580247,34.0
0.09333333333333334,0.0,fixed_time__003,fixed_time,0.0,0.61,5.84,29.076335877862597,17.39012496190186,36.0,K_XX,305,14.475247524752476,34.0
0.07777777777777778,0.0,fixed_time__004,fixed_time,0.0,0.73,5.573333333333333,35.69491525423729,22.05131086142322,30.0,K_HH,301,18.18125,41.0
0.07777777777777778,0.0,fixed_time__004,fixed_time,0.0,0.73,5.714444444444444,29.46846846846847,20.857467348097675,30.0,K_HH,302,18.56697819314642,42.0
0.07777777777777778,0.0,fixed_time__004,fixed_time,0.0,0.73,5.725555555555555,33.51304347826087,21.780790960451977,30.0,K_HH,303,18.5375,42.0
0.07777777777777778,0.0,fixed_time__004,fixed_time,0.0,0.73,5.714444444444444,34.46534653465346,21.734622823984523,30.0,K_HH,304,18.64375,42.0
0.07777777777777778,0.0,fixed_time__004,fixed_time,0.0,0.73,5.488888888888889,29.967032967032967,20.19921104536489,30.0,K_HH,305,18.0625,41.0
0.07777777777777778,0.0,fixed_time__004,fixed_time,0.0,0.73,1.6744444444444444,35.69491525423729,26.30473001255756,30.0,K_HL,301,17.13978494623656,43.0
0.07777777777777778,0.0,fixed_time__004,fixed_time,0.0,0.73,1.7977777777777777,29.46846846846847,23.646399310047435,30.0,K_HL,302,18.301075268817204,44.0
0.07777777777777778,0.0,fixed_time__004,fixed_time,0.0,0.73,1.68,33.51304347826087,25.132683340398476,30.0,K_HL,303,17.161290322580644,43.0
0.07777777777777778,0.0,fixed_time__004,fixed_time,0.0,0.73,1.7255555555555555,34.46534653465346,25.28346101847679,30.0,K_HL,304,17.612903225806452,43.0
0.07777777777777778,0.0,fixed_time__004,fixed_time,0.0,0.73,1.73,29.967032967032967,22.930627654554034,30.0,K_HL,305,17.634408602150536,43.0
0.07777777777777778,0.0,fixed_time__004,fixed_time,0.0,0.73,5.573333333333333,37.96774193548387,19.553467561521252,30.0,K_LH,301,18.18125,41.0
0.07777777777777778,0.0,fixed_time__004,fixed_time,0.0,0.72,5.714444444444444,23.733333333333334,18.91348088531187,30.0,K_LH,302,18.56697819314642,42.0
0.07777777777777778,0.0,fixed_time__004,fixed_time,0.0,0.73,5.725555555555555,27.77777777777778,19.100677200902936,30.0,K_LH,303,18.5375,42.0
0.07777777777777778,0.0,fixed_time__004,fixed_time,0.0,0.72,5.714444444444444,36.80952380952381,19.51670480549199,30.0,K_LH,304,18.64375,42.0
0.07777777777777778,0.0,fixed_time__004,fixed_time,0.0,0.6,5.488888888888889,23.956521739130434,18.37129840546697,30.0,K_LH,305,18.0625,41.0
0.07777777777777778,0.0,fixed_time__004,fixed_time,0.0,0.73,3.243333333333333,33.985915492957744,19.768018675226145,30.0,K_MM,301,16.05263157894737,41.0
0.07777777777777778,0.0,fixed_time__004,fixed_time,0.0,0.73,3.25,26.420289855072465,18.034047549163486,30.0,K_MM,302,15.904306220095695,41.0
0.07777777777777778,0.0,fixed_time__004,fixed_time,0.0,0.73,3.252222222222222,29.450704225352112,18.78669390137146,30.0,K_MM,303,16.0,41.0
0.07777777777777778,0.0,fixed_time__004,fixed_time,0.0,0.73,3.2333333333333334,36.682539682539684,19.729907379743054,30.0,K_MM,304,15.799043062200957,41.0
0.07777777777777778,0.0,fixed_time__004,fixed_time,0.0,0.73,3.207777777777778,26.51923076923077,17.52116156935434,30.0,K_MM,305,15.799043062200957,40.0
0.07777777777777778,0.0,fixed_time__004,fixed_time,0.0,5.03,35.10666666666667,281.11821086261983,107.93297608573944,30.0,K_OO,301,50.0998613037448,45.0
0.07777777777777778,0.0,fixed_time__004,fixed_time,0.0,4.51,36.72888888888889,241.29591836734693,96.02847948511665,30.0,K_OO,302,51.02465753424657,45.0
0.07777777777777778,0.0,fixed_time__004,fixed_time,0.0,5.01,40.12222222222222,278.64285714285717,110.7894654944371,30.0,K_OO,303,54.68151147098516,45.0
0.07777777777777778,0.0,fixed_time__004,fixed_time,0.0,5.13,35.66111111111111,289.15384615384613,111.64277634130576,30.0,K_OO,304,51.80758426966292,44.0
0.07777777777777778,0.0,fixed_time__004,fixed_time,0.0,4.45,36.166666666666664,249.43642611683848,96.979441053646,30.0,K_OO,305,50.485013623978205,45.0
0.07777777777777778,0.0,fixed_time__004,fixed_time,0.0,3.18,20.72111111111111,185.4,70.01503537735849,30.0,K_SS,301,35.3671096345515,42.0
0.07777777777777778,0.0,fixed_time__004,fixed_time,0.0,2.47,21.415555555555557,137.10138248847926,56.700437105390975,30.0,K_SS,302,35.2272,43.0
0.07777777777777778,0.0,fixed_time__004,fixed_time,0.0,2.42,19.986666666666668,137.4892703862661,57.1766873545384,30.0,K_SS,303,33.732899022801305,42.0
0.07777777777777778,0.0,fixed_time__004,fixed_time,0.0,3.06,20.345555555555556,180.59375,67.84832362979321,30.0,K_SS,304,35.14309764309764,43.0
0.07777777777777778,0.0,fixed_time__004,fixed_time,0.0,1.64,20.633333333333333,85.31313131313131,45.321723189734186,30.0,K_SS,305,35.22056384742952,43.0
0.07777777777777778,0.0,fixed_time__004,fixed_time,0.0,0.93,7.58,44.270967741935486,25.0385884378138,30.0,K_XX,301,19.53956834532374,40.0
0.07777777777777778,0.0,fixed_time__004,fixed_time,0.0,1.1,7.326666666666667,42.993506493506494,24.095244936072405,30.0,K_XX,302,18.72661870503597,40.0
0.07777777777777778,0.0,fixed_time__004,fixed_time,0.0,0.94,7.365555555555556,44.41558441558441,24.52751041517023,30.0,K_XX,303,18.87769784172662,40.0
0.07777777777777778,0.0,fixed_time__004,fixed_time,0.0,0.92,7.064444444444445,37.977777777777774,22.017722640673462,30.0,K_XX,304,18.0431654676259,40.0
0.07777777777777778,0.0,fixed_time__004,fixed_time,0.0,0.81,7.423333333333333,33.53543307086614,21.751158272306082,30.0,K_XX,305,18.99040767386091,40.0
0.058888888888888886,0.0,fixed_time__005,fixed_time,0.0,0.96,7.773333333333333,46.775,29.832958380202474,22.0,K_HH,301,24.91509433962264,56.0
0.058888888888888886,0.0,fixed_time__005,fixed_time,0.0,0.95,7.852222222222222,37.80357142857143,27.799126637554583,22.0,K_HH,302,25.09717868338558,56.0
0.058888888888888886,0.0,fixed_time__005,fixed_time,0.0,0.96,8.03111111111111,43.84615384615385,29.460033853676883,22.0,K_HH,303,25.401253918495296,57.0
0.058888888888888886,0.0,fixed_time__005,fixed_time,0.0,0.96,8.103333333333333,44.953271028037385,29.585777266628327,22.0,K_HH,304,25.620689655172413,57.0
0.058888888888888886,0.0,fixed_time__005,fixed_time,0.0,0.96,7.821111111111111,39.69230769230769,27.66956693691912,22.0,K_HH,305,25.031347962382444,56.0
0.058888888888888886,0.0,fixed_time__005,fixed_time,0.0,0.96,1.8777777777777778,46.775,33.13932018464121,22.0,K_HL,301,19.307692307692307,54.0
0.058888888888888886,0.0,fixed_time__005,fixed_time,0.0,0.95,1.8022222222222222,37.80357142857143,27.745250431778928,22.0,K_HL,302,18.32608695652174,54.0
0.058888888888888886,0.0,fixed_time__005,fixed_time,0.0,0.96,1.7966666666666666,43.84615384615385,30.92941673710904,22.0,K_HL,303,18.293478260869566,54.0
0.058888888888888886,0.0,fixed_time__005,fixed_time,0.0,0.96,1.8833333333333333,44.953271028037385,31.516200621393697,22.0,K_HL,304,19.36263736263736,54.0
0.058888888888888886,0.0,fixed_time__005,fixed_time,0.0,0.96,1.8866666666666667,39.69230769230769,28.182990922121355,22.0,K_HL,305,19.32967032967033,54.0
0.058888888888888886,0.0,fixed_time__005,fixed_time,0.0,0.96,7.773333333333333,41.71875,26.122361921867984,22.0,K_LH,301,24.91509433962264,56.0
0.058888888888888886,0.0,fixed_time__005,fixed_time,0.0,0.94,7.852222222222222,42.0,26.27282925734799,22.0,K_LH,302,25.09717868338558,56.0
0.058888888888888886,0.0,fixed_time__005,fixed_time,0.0,0.96,8.03111111111111,37.074074074074076,26.11478378990265,22.0,K_LH,303,25.401253918495296,57.0
0.058888888888888886,0.0,fixed_time__005,fixed_time,0.0,0.86,8.103333333333333,36.869565217391305,26.211788896504455,22.0,K_LH,304,25.620689655172413,57.0
0.058888888888888886,0.0,fixed_time__005,fixed_time,0.0,0.85,7.821111111111111,22.91304347826087,24.920036554717843,22.0,K_LH,305,25.031347962382444,56.0
0.058888888888888886,0.0,fixed_time__005,fixed_time,0.0,0.96,5.3277777777777775,45.75342465753425,29.863985807214668,22.0,K_MM,301,25.49019607843137,58.0
0.058888888888888886,0.0,fixed_time__005,fixed_time,0.0,0.94,5.3933333333333335,36.17142857142857,27.988319856244384,22.0,K_MM,302,25.817733990147783,58.0
0.058888888888888886,0.0,fixed_time__005,fixed_time,0.0,0.96,5.404444444444445,36.16438356164384,28.005639655684185,22.0,K_MM,303,25.748768472906406,58.0
0.058888888888888886,0.0,fixed_time__005,fixed_time,0.0,0.96,5.394444444444445,42.378787878787875,29.083661715671415,22.0,K_MM,304,25.75862068965517,58.0
0.058888888888888886,0.0,fixed_time__005,fixed_time,0.0,0.96,5.246666666666667,35.15384615384615,26.733143399810064,22.0,K_MM,305,25.073891625615765,57.0
0.058888888888888886,0.0,fixed_time__005,fixed_time,0.0,4.9,50.20777777777778,268.6835443037975,123.30125081221571,22.0,K_OO,301,73.10369318181819,61.0
0.058888888888888886,0.0,fixed_time__005,fixed_time,0.0,4.23,50.57222222222222,225.6283783783784,111.08623548922057,22.0,K_OO,302,73.82857142857142,61.0
0.058888888888888886,0.0,fixed_time__005,fixed_time,0.0,4.78,53.34444444444444,261.953560371517,124.80834807785105,22.0,K_OO,303,76.67937853107344,62.0
0.058888888888888886,0.0,fixed_time__005,fixed_time,0.0,4.86,46.852222222222224,272.0063897763578,120.77881238258595,22.0,K_OO,304,68.83737517831669,60.0
0.058888888888888886,0.0,fixed_time__005,fixed_time,0.0,4.27,47.36666666666667,233.69965870307166,109.05103985417185,22.0,K_OO,305,69.0881934566145,61.0
0.058888888888888886,0.0,fixed_time__005,fixed_time,0.0,2.93,25.673333333333332,169.55882352941177,75.28041423687914,22.0,K_SS,301,45.623711340206185,60.0
0.058888888888888886,0.0,fixed_time__005,fixed_time,0.0,2.3,26.26,127.5296803652968,62.66266266266266,22.0,K_SS,302,44.45,58.0
0.058888888888888886,0.0,fixed_time__005,fixed_time,0.0,2.2,26.66888888888889,118.31063829787234,62.81296038224169,22.0,K_SS,303,45.866554054054056,58.0
0.058888888888888886,0.0,fixed_time__005,fixed_time,0.0,2.5,25.212222222222223,160.55752212389382,70.20587056702064,22.0,K_SS,304,43.76262626262626,58.0
0.058888888888888886,0.0,fixed_time__005,fixed_time,0.0,1.7,25.662222222222223,71.09547738693468,50.09585921325051,22.0,K_SS,305,44.64745762711864,59.0
0.058888888888888886,0.0,fixed_time__005,fixed_time,0.0,1.22,10.392222222222221,58.062893081761004,33.33199713672155,22.0,K_XX,301,26.043373493975903,56.0
0.058888888888888886,0.0,fixed_time__005,fixed_time,0.0,1.23,10.36111111111111,49.593548387096774,31.27468867651318,22.0,K_XX,302,25.973300970873787,56.0
0.058888888888888886,0.0,fixed_time__005,fixed_time,0.0,1.11,10.258888888888889,50.044871794871796,31.316512434933486,22.0,K_XX,303,25.861650485436893,55.0
0.058888888888888886,0.0,fixed_time__005,fixed_time,0.0,1.04,10.297777777777778,47.815602836879435,30.41481044401829,22.0,K_XX,304,25.84503631961259,56.0
0.058888888888888886,0.0,fixed_time__005,fixed_time,0.0,0.96,10.488888888888889,42.2421875,29.2622061482821,22.0,K_XX,305,26.160194174757283,56.0
0.18666666666666668,0.0,fixed_time__006,fixed_time,0.0,0.27,2.9522222222222223,11.361344537815127,9.662062440870388,73.0,K_HH,301,9.168253968253968,19.0
0.18666666666666668,0.0,fixed_time__006,fixed_time,0.0,0.27,2.91,12.306306306306306,9.72507204610951,73.0,K_HH,302,9.025396825396825,19.0
0.18666666666666668,0.0,fixed_time__006,fixed_time,0.0,0.27,2.911111111111111,11.017241379310345,9.500953834414345,73.0,K_HH,303,9.070063694267516,19.0
0.18666666666666668,0.0,fixed_time__006,fixed_time,0.0,0.27,2.9466666666666668,11.283018867924529,9.619797744068455,73.0,K_HH,304,9.187898089171975,19.0
0.18666666666666668,0.0,fixed_time__006,fixed_time,0.0,0.27,3.03,10.538461538461538,9.60959040959041,73.0,K_HH,305,9.403174603174604,19.0
0.18666666666666668,0.0,fixed_time__006,fixed_time,0.0,0.27,0.8277777777777777,11.361344537815127,9.882203389830508,73.0,K_HL,301,8.377777777777778,18.0
0.18666666666666668,0.0,fixed_time__006,fixed_time,0.0,0.27,0.8755555555555555,12.306306306306306,10.552631578947368,73.0,K_HL,302,8.88888888888889,18.0
0.18666666666666668,0.0,fixed_time__006,fixed_time,0.0,0.27,0.8411111111111111,11.017241379310345,9.737942808365343,73.0,K_HL,303,8.483516483516484,18.0
0.18666666666666668,0.0,fixed_time__006,fixed_time,0.0,0.27,0.8311111111111111,11.283018867924529,9.968609865470851,73.0,K_HL,304,8.777777777777779,18.0
0.18666666666666668,0.0,fixed_time__006,fixed_time,0.0,0.27,0.8366666666666667,10.538461538461538,9.507405637840419,73.0,K_HL,305,8.714285714285714,18.0
0.18666666666666668,0.0,fixed_time__006,fixed_time,0.0,0.26,2.9522222222222223,8.258064516129032,9.104199772985243,73.0,K_LH,301,9.168253968253968,19.0
0.18666666666666668,0.0,fixed_time__006,fixed_time,0.0,0.27,2.91,10.066666666666666,9.096473265073948,73.0,K_LH,302,9.025396825396825,19.0
0.18666666666666668,0.0,fixed_time__006,fixed_time,0.0,0.26,2.911111111111111,10.5,9.155688622754491,73.0,K_LH,303,9.070063694267516,19.0
0.18666666666666668,0.0,fixed_time__006,fixed_time,0.0,0.27,2.9466666666666668,10.454545454545455,9.252673175267319,73.0,K_LH,304,9.187898089171975,19.0
0.18666666666666668,0.0,fixed_time__006,fixed_time,0.0,0.25,3.03,8.608695652173912,9.36092485549133,73.0,K_LH,305,9.403174603174604,19.0
0.18666666666666668,0.0,fixed_time__006,fixed_time,0.0,0.27,1.5722222222222222,10.458333333333334,8.073559822747415,73.0,K_MM,301,7.429268292682927,18.0
0.18666666666666668,0.0,fixed_time__006,fixed_time,0.0,0.27,1.6866666666666668,11.115942028985508,8.616681455190772,73.0,K_MM,302,7.975845410628019,19.0
0.18666666666666668,0.0,fixed_time__006,fixed_time,0.0,0.27,1.66,10.13888888888889,8.33078281341966,73.0,K_MM,303,7.844660194174757,19.0
0.18666666666666668,0.0,fixed_time__006,fixed_time,0.0,0.27,1.511111111111111,11.276923076923078,8.015024038461538,73.0,K_MM,304,7.223300970873787,18.0
0.18666666666666668,0.0,fixed_time__006,fixed_time,0.0,0.27,1.551111111111111,9.942307692307692,7.836147592245153,73.0,K_MM,305,7.427184466019417,18.0
0.18666666666666668,0.0,fixed_time__006,fixed_time,0.0,1.87,29.554444444444446,99.53401360544218,65.12666729732288,73.0,K_OO,301,51.87052810902896,21.0
0.18666666666666668,0.0,fixed_time__006,fixed_time,0.0,1.54,30.45777777777778,74.71378091872792,58.33482935951379,73.0,K_OO,302,52.441322314049586,21.0
0.18666666666666668,0.0,fixed_time__006,fixed_time,0.0,1.85,28.07888888888889,113.05211726384364,65.4906928175792,73.0,K_OO,303,47.10801963993453,20.0
0.18666666666666668,0.0,fixed_time__006,fixed_time,0.0,1.61,31.962222222222223,102.96575342465754,68.65085353201923,73.0,K_OO,304,55.609137055837564,23.0
0.18666666666666668,0.0,fixed_time__006,fixed_time,0.0,1.06,30.31111111111111,58.02554744525548,54.482437415098005,73.0,K_OO,305,53.19931271477663,23.0
0.18666666666666668,0.0,fixed_time__006,fixed_time,0.0,0.58,19.62,21.150442477876105,31.72589098532495,73.0,K_SS,301,35.00892857142857,20.0
0.18666666666666668,0.0,fixed_time__006,fixed_time,0.0,0.62,20.49888888888889,21.19724770642202,32.73107737718743,73.0,K_SS,302,36.17259786476868,21.0
0.18666666666666668,0.0,fixed_time__006,fixed_time,0.0,0.61,18.983333333333334,23.278260869565216,30.418062934205153,73.0,K_SS,303,32.611111111111114,19.0
0.18666666666666668,0.0,fixed_time__006,fixed_time,0.0,0.39,24.513333333333332,15.627358490566039,37.34730798396707,73.0,K_SS,304,43.822669104204756,26.0
0.18666666666666668,0.0,fixed_time__006,fixed_time,0.0,0.46,22.91888888888889,14.289340101522843,34.93724894148301,73.0,K_SS,305,40.55475763016158,21.0
0.18666666666666668,0.0,fixed_time__006,fixed_time,0.0,0.35,3.7711111111111113,13.006369426751592,10.118617098220742,73.0,K_XX,301,9.27007299270073,19.0
0.18666666666666668,0.0,fixed_time__006,fixed_time,0.0,0.36,4.051111111111111,12.409090909090908,10.488937409024745,73.0,K_XX,302,9.934146341463414,20.0
0.18666666666666668,0.0,fixed_time__006,fixed_time,0.0,0.36,3.56,12.774193548387096,9.748255813953488,73.0,K_XX,303,8.86829268292683,19.0
0.18666666666666668,0.0,fixed_time__006,fixed_time,0.0,0.27,3.3777777777777778,12.264285714285714,9.194205052005945,73.0,K_XX,304,8.387804878048781,18.0
0.18666666666666668,0.0,fixed_time__006,fixed_time,0.0,0.27,3.49,11.559055118110237,9.184787539694542,73.0,K_XX,305,8.620437956204379,18.0
0.17555555555555555,0.0,fixed_time__007,fixed_time,0.0,0.34,2.982222222222222,12.661016949152541,10.085965919969366,67.0,K_HH,301,9.334405144694534,20.0
0.17555555555555555,0.0,fixed_time__007,fixed_time,0.0,0.3,2.9255555555555555,14.135135135135135,10.27448703058459,67.0,K_HH,302,9.217948717948717,20.0
0.17555555555555555,0.0,fixed_time__007,fixed_time,0.0,0.3,2.993333333333333,12.232142857142858,10.030989734650397,67.0,K_HH,303,9.421221864951768,21.0
0.17555555555555555,0.0,fixed_time__007,fixed_time,0.0,0.3,2.9355555555555557,11.237623762376238,9.618041847611527,67.0,K_HH,304,9.21474358974359,20.0
0.17555555555555555,0.0,fixed_time__007,fixed_time,0.0,0.3,2.901111111111111,11.054945054945055,9.434152235199354,67.0,K_HH,305,9.070512820512821,20.0
0.17555555555555555,0.0,fixed_time__007,fixed_time,0.0,0.27,0.9755555555555555,9.228813559322035,9.79433805162365,67.0,K_HL,301,10.340425531914894,21.0
0.17555555555555555,0.0,fixed_time__007,fixed_time,0.0,0.27,0.9733333333333334,11.73873873873874,10.910737386804657,67.0,K_HL,302,10.150537634408602,21.0
0.17555555555555555,0.0,fixed_time__007,fixed_time,0.0,0.27,0.9544444444444444,10.196428571428571,10.199402220324508,67.0,K_HL,303,10.202127659574469,20.0
0.17555555555555555,0.0,fixed_time__007,fixed_time,0.0,0.26,0.9755555555555555,9.06,9.680398370303305,67.0,K_HL,304,10.193548387096774,21.0
0.17555555555555555,0.0,fixed_time__007,fixed_time,0.0,0.27,0.9533333333333334,9.296703296703297,9.766885553470921,67.0,K_HL,305,10.117021276595745,21.0
0.17555555555555555,0.0,fixed_time__007,fixed_time,0.0,0.3,2.9522222222222223,11.580645161290322,9.427393495190104,67.0,K_LH,301,9.262820512820513,20.0
0.17555555555555555,0.0,fixed_time__007,fixed_time,0.0,0.29,2.9344444444444444,14.133333333333333,9.593499656672007,67.0,K_LH,302,9.258785942492013,20.0
0.17555555555555555,0.0,fixed_time__007,fixed_time,0.0,0.3,3.0277777777777777,14.24,9.751794396851125,67.0,K_LH,303,9.476038338658148,20.0
0.17555555555555555,0.0,fixed_time__007,fixed_time,0.0,0.3,2.8933333333333335,10.285714285714286,9.211323392357876,67.0,K_LH,304,9.156050955414013,20.0
0.17555555555555555,0.0,fixed_time__007,fixed_time,0.0,0.28,3.03,13.782608695652174,9.704313543599259,67.0,K_LH,305,9.47452229299363,20.0
0.17555555555555555,0.0,fixed_time__007,fixed_time,0.0,0.3,1.8111111111111111,12.352112676056338,9.375865182064398,67.0,K_MM,301,8.567164179104477,20.0
0.17555555555555555,0.0,fixed_time__007,fixed_time,0.0,0.3,1.8455555555555556,13.376811594202898,9.693914623069936,67.0,K_MM,302,8.721393034825871,20.0
0.17555555555555555,0.0,fixed_time__007,fixed_time,0.0,0.3,1.7466666666666666,11.826086956521738,9.0,67.0,K_MM,303,8.25,20.0
0.17555555555555555,0.0,fixed_time__007,fixed_time,0.0,0.3,1.8577777777777778,11.841269841269842,9.413312693498453,67.0,K_MM,304,8.825,21.0
0.17555555555555555,0.0,fixed_time__007,fixed_time,0.0,0.29,1.73,11.923076923076923,8.866900734120652,67.0,K_MM,305,8.25870646766169,20.0
0.17555555555555555,0.0,fixed_time__007,fixed_time,0.0,2.56,30.322222222222223,142.64285714285714,73.6263508645533,67.0,K_OO,301,48.77229299363057,23.0
0.17555555555555555,0.0,fixed_time__007,fixed_time,0.0,2.09,32.09111111111111,105.42960288808665,65.81529240828188,67.0,K_OO,302,52.50157728706625,22.0
0.17555555555555555,0.0,fixed_time__007,fixed_time,0.0,2.5,29.736666666666668,151.69607843137254,74.85145749694536,67.0,K_OO,303,46.85139318885449,21.0
0.17555555555555555,0.0,fixed_time__007,fixed_time,0.0,2.45,32.81666666666667,149.160409556314,78.16323039524623,67.0,K_OO,304,52.72337042925278,23.0
0.17555555555555555,0.0,fixed_time__007,fixed_time,0.0,1.75,30.08,101.1978021978022,61.84016582220175,67.0,K_OO,305,48.616,22.0
0.17555555555555555,0.0,fixed_time__007,fixed_time,0.0,0.75,17.543333333333333,36.266666666666666,31.363101383440018,67.0,K_SS,301,29.87937062937063,23.0
0.17555555555555555,0.0,fixed_time__007,fixed_time,0.0,0.83,19.84888888888889,31.64516129032258,33.6349932425408,67.0,K_SS,302,34.21465968586387,24.0
0.17555555555555555,0.0,fixed_time__007,fixed_time,0.0,0.74,17.953333333333333,26.331858407079647,29.939673969473574,67.0,K_SS,303,31.045855379188712,23.0
0.17555555555555555,0.0,fixed_time__007,fixed_time,0.0,0.48,15.392222222222221,21.36842105263158,25.239795918367346,67.0,K_SS,304,26.31660899653979,22.0
0.17555555555555555,0.0,fixed_time__007,fixed_time,0.0,0.53,15.986666666666666,17.056122448979593,25.33663260962112,67.0,K_SS,305,27.51923076923077,22.0
0.17555555555555555,0.0,fixed_time__007,fixed_time,0.0,0.43,3.6277777777777778,14.858064516129032,10.343800440205428,67.0,K_XX,301,9.014814814814814,20.0
0.17555555555555555,0.0,fixed_time__007,fixed_time,0.0,0.31,3.8255555555555554,14.62987012987013,10.63200352009387,67.0,K_XX,302,9.46551724137931,20.0
0.17555555555555555,0.0,fixed_time__007,fixed_time,0.0,0.4,4.174444444444444,15.158940397350994,11.348703594578668,67.0,K_XX,303,10.258620689655173,21.0
0.17555555555555555,0.0,fixed_time__007,fixed_time,0.0,0.3,3.933333333333333,12.5,10.280296161982472,67.0,K_XX,304,9.716748768472906,20.0
0.17555555555555555,0.0,fixed_time__007,fixed_time,0.0,0.3,3.74,12.198412698412698,9.801315386968492,67.0,K_XX,305,9.229064039408867,20.0
0.15555555555555556,0.0,fixed_time__008,fixed_time,0.0,0.33,3.1566666666666667,12.705882352941176,10.730464326160817,60.0,K_HH,301,10.158227848101266,22.0
0.15555555555555556,0.0,fixed_time__008,fixed_time,0.0,0.33,3.1733333333333333,13.963963963963964,10.997700268302033,60.0,K_HH,302,10.19620253164557,23.0
0.15555555555555556,0.0,fixed_time__008,fixed_time,0.0,0.33,3.2955555555555556,13.060344827586206,11.135680304471931,60.0,K_HH,303,10.59047619047619,23.0
0.15555555555555556,0.0,fixed_time__008,fixed_time,0.0,0.44,3.6255555555555556,14.563106796116505,12.208195121951219,60.0,K_HH,304,11.615873015873015,25.0
0.15555555555555556,0.0,fixed_time__008,fixed_time,0.0,0.33,3.1855555555555557,12.483516483516484,10.555444555444556,60.0,K_HH,305,10.126984126984127,23.0
0.15555555555555556,0.0,fixed_time__008,fixed_time,0.0,0.32,1.0166666666666666,9.627118644067796,10.115110925073251,60.0,K_HL,301,10.591397849462366,24.0
0.15555555555555556,0.0,fixed_time__008,fixed_time,0.0,0.3,1.0222222222222221,11.378378378378379,11.01293661060802,60.0,K_HL,302,10.67741935483871,24.0
0.15555555555555556,0.0,fixed_time__008,fixed_time,0.0,0.31,1.0777777777777777,9.773913043478261,10.518016108520559,60.0,K_HL,303,11.225806451612904,25.0
0.15555555555555556,0.0,fixed_time__008,fixed_time,0.0,0.31,1.0066666666666666,11.558823529411764,11.034096007178107,60.0,K_HL,304,10.591397849462366,24.0
0.15555555555555556,0.0,fixed_time__008,fixed_time,0.0,0.31,0.9944444444444445,10.538461538461538,10.464369985842378,60.0,K_HL,305,10.408602150537634,24.0
0.15555555555555556,0.0,fixed_time__008,fixed_time,0.0,0.35,2.91,13.838709677419354,9.765493757094212,60.0,K_LH,301,9.457142857142857,22.0
0.15555555555555556,0.0,fixed_time__008,fixed_time,0.0,0.31,2.973333333333333,10.966666666666667,9.730944774075766,60.0,K_LH,302,9.640127388535031,22.0
0.15555555555555556,0.0,fixed_time__008,fixed_time,0.0,0.35,2.9877777777777776,16.296296296296298,10.061855670103093,60.0,K_LH,303,9.65079365079365,22.0
0.15555555555555556,0.0,fixed_time__008,fixed_time,0.0,0.31,3.026666666666667,12.952380952380953,9.851103368176538,60.0,K_LH,304,9.692063492063491,22.0
0.15555555555555556,0.0,fixed_time__008,fixed_time,0.0,0.34,2.966666666666667,13.782608695652174,9.819421965317918,60.0,K_LH,305,9.596825396825396,22.0
0.15555555555555556,0.0,fixed_time__008,fixed_time,0.0,0.33,1.8844444444444444,11.833333333333334,9.479607025900565,60.0,K_MM,301,8.83743842364532,22.0
0.15555555555555556,0.0,fixed_time__008,fixed_time,0.0,0.32,1.9822222222222223,13.507246376811594,10.184139381195553,60.0,K_MM,302,9.31527093596059,22.0
0.15555555555555556,0.0,fixed_time__008,fixed_time,0.0,0.32,1.9188888888888889,12.902777777777779,9.913962488835963,60.0,K_MM,303,9.098522167487685,22.0
0.15555555555555556,0.0,fixed_time__008,fixed_time,0.0,0.33,1.97,14.444444444444445,10.26399510553686,60.0,K_MM,304,9.266009852216749,22.0
0.15555555555555556,0.0,fixed_time__008,fixed_time,0.0,0.33,1.93,11.115384615384615,9.471668249446028,60.0,K_MM,305,9.147783251231527,22.0
0.15555555555555556,0.0,fixed_time__008,fixed_time,0.0,2.12,33.08555555555556,114.71768707482993,67.0827992378313,60.0,K_OO,301,50.809667673716014,24.0
0.15555555555555556,0.0,fixed_time__008,fixed_time,0.0,1.74,34.60666666666667,84.76071428571429,61.358845338983045,60.0,K_OO,302,53.67530487804878,24.0
0.15555555555555556,0.0,fixed_time__008,fixed_time,0.0,1.96,33.6,124.86601307189542,69.83133141600406,60.0,K_OO,303,50.611275964391695,24.0
0.15555555555555556,0.0,fixed_time__008,fixed_time,0.0,1.93,35.73,121.13993174061433,73.7129882726391,60.0,K_OO,304,57.19165378670788,24.0
0.15555555555555556,0.0,fixed_time__008,fixed_time,0.0,1.31,32.876666666666665,74.31751824817518,55.89024390243902,60.0,K_OO,305,50.05855855855856,24.0
0.15555555555555556,0.0,fixed_time__008,fixed_time,0.0,0.62,17.73,25.616071428571427,29.450246710526315,60.0,K_SS,301,30.59722222222222,26.0
0.15555555555555556,0.0,fixed_time__008,fixed_time,0.0,0.64,15.13888888888889,23.847926267281107,25.49699010305071,60.0,K_SS,302,25.965928449744464,24.0
0.15555555555555556,0.0,fixed_time__008,fixed_time,0.0,0.63,14.626666666666667,24.53913043478261,25.025542655224633,60.0,K_SS,303,25.172649572649572,24.0
0.15555555555555556,0.0,fixed_time__008,fixed_time,0.0,0.47,14.93,19.21153846153846,24.450195916683853,60.0,K_SS,304,25.880546075085324,24.0
0.15555555555555556,0.0,fixed_time__008,fixed_time,0.0,0.56,17.676666666666666,17.370558375634516,28.012498698052287,60.0,K_SS,305,30.75979557069847,25.0
0.15555555555555556,0.0,fixed_time__008,fixed_time,0.0,0.38,4.407777777777778,14.685897435897436,11.863961465479493,60.0,K_XX,301,11.031941031941033,23.0
0.15555555555555556,0.0,fixed_time__008,fixed_time,0.0,0.33,4.407777777777778,14.948051948051948,11.920509442248571,60.0,K_XX,302,11.039312039312039,23.0
0.15555555555555556,0.0,fixed_time__008,fixed_time,0.0,0.36,4.254444444444444,15.567741935483872,11.774594357550065,60.0,K_XX,303,10.663390663390663,22.0
0.15555555555555556,0.0,fixed_time__008,fixed_time,0.0,0.33,4.317777777777778,15.291970802919709,11.72466596607116,60.0,K_XX,304,10.800982800982801,22.0
0.15555555555555556,0.0,fixed_time__008,fixed_time,0.0,0.33,4.3966666666666665,13.346456692913385,11.462124676116446,60.0,K_XX,305,11.00982800982801,23.0
0.14,0.0,fixed_time__009,fixed_time,0.0,0.36,3.5766666666666667,13.425,11.962225145649315,54.0,K_HH,301,11.53627760252366,26.0
0.14,0.0,fixed_time__009,fixed_time,0.0,0.36,3.568888888888889,15.473214285714286,12.26846021751574,54.0,K_HH,302,11.397476340694006,25.0
0.14,0.0,fixed_time__009,fixed_time,0.0,0.35,3.58,13.102564102564102,11.85068985068985,54.0,K_HH,303,11.495268138801261,26.0
0.14,0.0,fixed_time__009,fixed_time,0.0,0.36,3.5844444444444443,13.85981308411215,11.92756694278559,54.0,K_HH,304,11.425867507886435,26.0
0.14,0.0,fixed_time__009,fixed_time,0.0,0.36,3.4922222222222223,14.780219780219781,11.8543033194196,54.0,K_HH,305,11.20820189274448,25.0
0.14,0.0,fixed_time__009,fixed_time,0.0,0.34,0.9966666666666667,8.366666666666667,9.295909849749583,54.0,K_HL,301,10.228260869565217,27.0
0.14,0.0,fixed_time__009,fixed_time,0.0,0.34,0.9988888888888889,9.883928571428571,10.050518134715027,54.0,K_HL,302,10.206521739130435,26.0
0.14,0.0,fixed_time__009,fixed_time,0.0,0.35,1.0044444444444445,11.085470085470085,10.679628064243449,54.0,K_HL,303,10.282608695652174,27.0
0.14,0.0,fixed_time__009,fixed_time,0.0,0.35,1.0788888888888888,10.299065420560748,10.674757281553397,54.0,K_HL,304,11.01086956521739,28.0
0.14,0.0,fixed_time__009,fixed_time,0.0,0.33,0.99,13.043956043956044,11.364672364672364,54.0,K_HL,305,10.08695652173913,26.0
0.14,0.0,fixed_time__009,fixed_time,0.0,0.38,3.1366666666666667,15.757575757575758,10.526173893507076,54.0,K_LH,301,10.107255520504731,24.0
0.14,0.0,fixed_time__009,fixed_time,0.0,0.38,3.08,16.161290322580644,10.483863687655155,54.0,K_LH,302,10.056782334384858,24.0
0.14,0.0,fixed_time__009,fixed_time,0.0,0.38,3.1077777777777778,15.407407407407407,10.424276930084263,54.0,K_LH,303,10.097791798107256,24.0
0.14,0.0,fixed_time__009,fixed_time,0.0,0.39,3.0922222222222224,17.73913043478261,10.343369340381523,54.0,K_LH,304,9.930599369085174,24.0
0.14,0.0,fixed_time__009,fixed_time,0.0,0.35,3.0544444444444445,13.043478260869565,10.05929671339922,54.0,K_LH,305,9.892744479495269,24.0
0.14,0.0,fixed_time__009,fixed_time,0.0,0.36,2.0522222222222224,13.465753424657533,10.554591684116064,54.0,K_MM,301,9.74129353233831,25.0
0.14,0.0,fixed_time__009,fixed_time,0.0,0.36,2.1277777777777778,14.114285714285714,10.98712189278227,54.0,K_MM,302,10.157635467980295,26.0
0.14,0.0,fixed_time__009,fixed_time,0.0,0.35,2.1444444444444444,13.04109589041096,10.824873849807064,54.0,K_MM,303,10.211822660098521,26.0
0.14,0.0,fixed_time__009,fixed_time,0.0,0.36,2.008888888888889,13.227272727272727,10.329055912007334,54.0,K_MM,304,9.597014925373134,25.0
0.14,0.0,fixed_time__009,fixed_time,0.0,0.36,2.0255555555555556,14.711538461538462,10.481246026700571,54.0,K_MM,305,9.643564356435643,25.0
0.14,0.0,fixed_time__009,fixed_time,0.0,1.6,36.803333333333335,85.20677966101695,65.70339736748487,54.0,K_OO,301,58.76645768025078,27.0
0.14,0.0,fixed_time__009,fixed_time,0.0,1.34,36.93666666666667,66.16197183098592,58.93716729208482,54.0,K_OO,302,56.55656108597285,26.0
0.14,0.0,fixed_time__009,fixed_time,0.0,1.57,36.40555555555556,93.66993464052288,65.33925672789407,54.0,K_OO,303,55.31127819548872,27.0
0.14,0.0,fixed_time__009,fixed_time,0.0,1.36,37.51555555555556,88.55972696245733,65.01355343179844,54.0,K_OO,304,56.972727272727276,26.0
0.14,0.0,fixed_time__009,fixed_time,0.0,0.83,36.58555555555556,42.78909090909091,52.58168033148196,54.0,K_OO,305,55.71558245083207,27.0
0.14,0.0,fixed_time__009,fixed_time,0.0,0.62,18.105555555555554,23.517543859649123,28.968271334792124,54.0,K_SS,301,30.566889632107024,27.0
0.14,0.0,fixed_time__009,fixed_time,0.0,0.65,16.714444444444446,21.767123287671232,27.097916245195226,54.0,K_SS,302,28.614864864864863,27.0
0.14,0.0,fixed_time__009,fixed_time,0.0,0.6,19.354444444444443,20.487068965517242,29.48850291127998,54.0,K_SS,303,32.161397670549086,27.0
0.14,0.0,fixed_time__009,fixed_time,0.0,0.44,16.45,16.699530516431924,25.38347693867207,54.0,K_SS,304,27.774789915966387,27.0
0.14,0.0,fixed_time__009,fixed_time,0.0,0.46,17.26888888888889,17.136363636363637,26.875647668393782,54.0,K_SS,305,29.389830508474578,27.0
0.14,0.0,fixed_time__009,fixed_time,0.0,0.42,5.003333333333333,15.245283018867925,13.184566657068816,54.0,K_XX,301,12.572815533980583,26.0
0.14,0.0,fixed_time__009,fixed_time,0.0,0.36,4.816666666666666,16.677419354838708,13.201543614387651,54.0,K_XX,302,12.188264058679707,25.0
0.14,0.0,fixed_time__009,fixed_time,0.0,0.38,4.888888888888889,14.153846153846153,12.709757161553002,54.0,K_XX,303,12.28606356968215,25.0
0.14,0.0,fixed_time__009,fixed_time,0.0,0.36,4.866666666666666,13.652482269503546,12.433585073300756,54.0,K_XX,304,12.111922141119221,25.0
0.14,0.0,fixed_time__009,fixed_time,0.0,0.36,4.764444444444444,15.0,12.585686244904121,54.0,K_XX,305,12.007299270072993,25.0
0.11666666666666667,0.0,fixed_time__010,fixed_time,0.0,0.43,4.477777777777778,18.09016393442623,15.196675382891295,45.0,K_HH,301,14.342767295597485,30.0
0.11666666666666667,0.0,fixed_time__010,fixed_time,0.0,0.43,4.467777777777778,19.5929203539823,15.218434583888783,45.0,K_HH,302,14.018927444794953,30.0
0.11666666666666667,0.0,fixed_time__010,fixed_time,0.0,0.43,4.558888888888889,17.162393162393162,14.996597996597997,45.0,K_HH,303,14.381703470031546,30.0
0.11666666666666667,0.0,fixed_time__010,fixed_time,0.0,0.43,4.593333333333334,19.02777777777778,15.574990410433447,45.0,K_HH,304,14.672955974842766,30.0
0.11666666666666667,0.0,fixed_time__010,fixed_time,0.0,0.43,4.575555555555556,16.107526881720432,14.758661651158187,45.0,K_HH,305,14.454258675078865,30.0
0.11666666666666667,0.0,fixed_time__010,fixed_time,0.0,0.43,1.6022222222222222,12.416666666666666,14.353755770037766,45.0,K_HL,301,16.318681318681318,35.0
0.11666666666666667,0.0,fixed_time__010,fixed_time,0.0,0.43,1.5722222222222222,12.973214285714286,14.528006947459835,45.0,K_HL,302,16.0,35.0
0.11666666666666667,0.0,fixed_time__010,fixed_time,0.0,0.43,1.5544444444444445,10.025641025641026,12.940926476838078,45.0,K_HL,303,15.824175824175825,35.0
0.11666666666666667,0.0,fixed_time__010,fixed_time,0.0,0.42,1.4544444444444444,12.672897196261681,13.882589285714285,45.0,K_HL,304,14.988888888888889,34.0
0.11666666666666667,0.0,fixed_time__010,fixed_time,0.0,0.42,1.5677777777777777,9.802197802197803,13.243191591017679,45.0,K_HL,305,15.89010989010989,35.0
0.11666666666666667,0.0,fixed_time__010,fixed_time,0.0,0.48,3.7744444444444443,26.424242424242426,13.301920903954802,45.0,K_LH,301,12.244444444444444,28.0
0.11666666666666667,0.0,fixed_time__010,fixed_time,0.0,0.45,3.7744444444444443,26.129032258064516,13.156640181611804,45.0,K_LH,302,12.174603174603174,28.0
0.11666666666666667,0.0,fixed_time__010,fixed_time,0.0,0.48,3.818888888888889,20.59259259259259,12.812014618547282,45.0,K_LH,303,12.300632911392405,28.0
0.11666666666666667,0.0,fixed_time__010,fixed_time,0.0,0.48,3.901111111111111,22.304347826086957,13.199631166436145,45.0,K_LH,304,12.689873417721518,28.0
0.11666666666666667,0.0,fixed_time__010,fixed_time,0.0,0.48,3.878888888888889,16.0,12.712540341171046,45.0,K_LH,305,12.528481012658228,28.0
0.11666666666666667,0.0,fixed_time__010,fixed_time,0.0,0.43,2.8555555555555556,18.027027027027028,14.615565345080764,45.0,K_MM,301,13.668292682926829,30.0
0.11666666666666667,0.0,fixed_time__010,fixed_time,0.0,0.42,2.816666666666667,17.214285714285715,14.363447251114414,45.0,K_MM,302,13.614634146341464,31.0
0.11666666666666667,0.0,fixed_time__010,fixed_time,0.0,0.42,2.818888888888889,13.945205479452055,13.696037847427558,45.0,K_MM,303,13.627450980392156,30.0
0.11666666666666667,0.0,fixed_time__010,fixed_time,0.0,0.43,2.8655555555555554,18.940298507462686,14.809295352323836,45.0,K_MM,304,13.770731707317074,31.0
0.11666666666666667,0.0,fixed_time__010,fixed_time,0.0,0.43,2.8422222222222224,15.038461538461538,13.851782363977486,45.0,K_MM,305,13.62135922330097,30.0
0.11666666666666667,0.0,fixed_time__010,fixed_time,0.0,1.53,39.58888888888889,80.42229729729729,65.18634876915131,45.0,K_OO,301,59.97747747747748,32.0
0.11666666666666667,0.0,fixed_time__010,fixed_time,0.0,1.27,40.56666666666667,64.22377622377623,63.3841732979664,45.0,K_OO,302,63.1,32.0
0.11666666666666667,0.0,fixed_time__010,fixed_time,0.0,1.52,40.71222222222222,83.32786885245902,66.25788855320577,45.0,K_OO,303,60.38563049853372,32.0
0.11666666666666667,0.0,fixed_time__010,fixed_time,0.0,1.37,41.05111111111111,86.7728813559322,69.70516078156487,45.0,K_OO,304,63.755760368663594,32.0
0.11666666666666667,0.0,fixed_time__010,fixed_time,0.0,0.73,41.61666666666667,40.97826086956522,58.73784691532614,45.0,K_OO,305,64.46808510638297,32.0
0.11666666666666667,0.0,fixed_time__010,fixed_time,0.0,0.65,21.011111111111113,25.182608695652174,32.40214187463157,45.0,K_SS,301,34.50990099009901,32.0
0.11666666666666667,0.0,fixed_time__010,fixed_time,0.0,0.68,20.622222222222224,25.239819004524886,31.930294641091553,45.0,K_SS,302,33.80098684210526,32.0
0.11666666666666667,0.0,fixed_time__010,fixed_time,0.0,0.65,21.601111111111113,24.487068965517242,32.68810289389067,45.0,K_SS,303,35.08346972176759,32.0
0.11666666666666667,0.0,fixed_time__010,fixed_time,0.0,0.47,20.857777777777777,20.66046511627907,31.170457931856564,45.0,K_SS,304,34.02463054187192,32.0
0.11666666666666667,0.0,fixed_time__010,fixed_time,0.0,0.57,21.00111111111111,20.715,31.572079368293178,45.0,K_SS,305,34.32838283828383,32.0
0.11666666666666667,0.0,fixed_time__010,fixed_time,0.0,0.43,6.042222222222223,18.832298136645964,16.022004889975552,45.0,K_XX,301,15.175182481751825,30.0
0.11666666666666667,0.0,fixed_time__010,fixed_time,0.0,0.43,6.15,19.853503184713375,16.434305515449033,45.0,K_XX,302,15.432038834951456,30.0
0.11666666666666667,0.0,fixed_time__010,fixed_time,0.0,0.43,6.057777777777778,19.352564102564102,16.081405436668597,45.0,K_XX,303,15.12864077669903,30.0
0.11666666666666667,0.0,fixed_time__010,fixed_time,0.0,0.43,6.188888888888889,18.52112676056338,16.171487603305785,45.0,K_XX,304,15.548543689320388,30.0
0.11666666666666667,0.0,fixed_time__010,fixed_time,0.0,0.43,6.107777777777778,16.369230769230768,15.422550052687038,45.0,K_XX,305,15.19221411192214,30.0
0.09333333333333334,0.0,fixed_time__011,fixed_time,0.0,0.54,5.52,22.766129032258064,18.738668158925574,36.0,K_HH,301,17.526813880126184,36.0
0.09333333333333334,0.0,fixed_time__011,fixed_time,0.0,0.54,5.457777777777777,20.95575221238938,18.1983581519664,36.0,K_HH,302,17.439873417721518,35.0
0.09333333333333334,0.0,fixed_time__011,fixed_time,0.0,0.52,5.453333333333333,22.3781512605042,18.446017365043417,36.0,K_HH,303,17.306962025316455,35.0
0.09333333333333334,0.0,fixed_time__011,fixed_time,0.0,0.54,5.483333333333333,24.37272727272727,18.949243439954035,36.0,K_HH,304,17.501577287066247,36.0
0.09333333333333334,0.0,fixed_time__011,fixed_time,0.0,0.54,5.413333333333333,25.180851063829788,18.678719620628332,36.0,K_HH,305,17.19558359621451,35.0
0.09333333333333334,0.0,fixed_time__011,fixed_time,0.0,0.54,2.188888888888889,11.388429752066116,16.77436974789916,36.0,K_HL,301,22.344444444444445,44.0
0.09333333333333334,0.0,fixed_time__011,fixed_time,0.0,0.54,2.1466666666666665,13.663716814159292,17.842173913043478,36.0,K_HL,302,21.877777777777776,44.0
0.09333333333333334,0.0,fixed_time__011,fixed_time,0.0,0.55,2.2644444444444445,11.794871794871796,17.339991500212495,36.0,K_HL,303,22.824175824175825,45.0
0.09333333333333334,0.0,fixed_time__011,fixed_time,0.0,0.56,2.2022222222222223,14.551401869158878,18.639285714285712,36.0,K_HL,304,22.377777777777776,44.0
0.09333333333333334,0.0,fixed_time__011,fixed_time,0.0,0.56,2.2666666666666666,13.10752688172043,18.637619047619047,36.0,K_HL,305,23.033333333333335,45.0
0.09333333333333334,0.0,fixed_time__011,fixed_time,0.0,0.6,4.162222222222222,28.939393939393938,15.076835124628403,36.0,K_LH,301,13.945337620578778,33.0
0.09333333333333334,0.0,fixed_time__011,fixed_time,0.0,0.61,4.12,23.322580645161292,14.310581768208888,36.0,K_LH,302,13.621794871794872,32.0
0.09333333333333334,0.0,fixed_time__011,fixed_time,0.0,0.57,4.093333333333334,23.62962962962963,14.128831528001843,36.0,K_LH,303,13.498402555910543,32.0
0.09333333333333334,0.0,fixed_time__011,fixed_time,0.0,0.51,4.12,26.304347826086957,14.429771348576761,36.0,K_LH,304,13.756410256410257,33.0
0.09333333333333334,0.0,fixed_time__011,fixed_time,0.0,0.56,4.14,31.82608695652174,14.678529890672248,36.0,K_LH,305,13.70926517571885,33.0
0.09333333333333334,0.0,fixed_time__011,fixed_time,0.0,0.54,2.658888888888889,23.55263157894737,15.148029197080294,36.0,K_MM,301,12.751219512195123,35.0
0.09333333333333334,0.0,fixed_time__011,fixed_time,0.0,0.54,2.612222222222222,20.714285714285715,14.265811455847254,36.0,K_MM,302,12.563725490196079,35.0
0.09333333333333334,0.0,fixed_time__011,fixed_time,0.0,0.52,2.661111111111111,20.33783783783784,14.451356132075471,36.0,K_MM,303,12.808823529411764,35.0
0.09333333333333334,0.0,fixed_time__011,fixed_time,0.0,0.52,2.6744444444444446,24.217391304347824,15.075097626914989,36.0,K_MM,304,12.68472906403941,36.0
0.09333333333333334,0.0,fixed_time__011,fixed_time,0.0,0.54,2.688888888888889,24.69811320754717,14.923947203016969,36.0,K_MM,305,12.970588235294118,36.0
0.09333333333333334,0.0,fixed_time__011,fixed_time,0.0,1.31,43.38333333333333,67.73825503355705,66.67562429793485,36.0,K_OO,301,66.3071104387292,41.0
0.09333333333333334,0.0,fixed_time__011,fixed_time,0.0,1.12,46.22222222222222,57.146341463414636,69.19023136246787,36.0,K_OO,302,73.2998454404946,42.0
0.09333333333333334,0.0,fixed_time__011,fixed_time,0.0,1.26,45.88777777777778,68.08169934640523,69.92543746228775,36.0,K_OO,303,70.58599695585997,42.0
0.09333333333333334,0.0,fixed_time__011,fixed_time,0.0,1.14,44.76888888888889,67.98983050847458,68.6588521316315,36.0,K_OO,304,68.88922610015175,41.0
0.09333333333333334,0.0,fixed_time__011,fixed_time,0.0,0.75,43.45111111111111,36.96774193548387,57.6268271711092,36.0,K_OO,305,64.1470588235294,41.0
0.09333333333333334,0.0,fixed_time__011,fixed_time,0.0,0.65,27.63111111111111,26.573275862068964,41.98693788014757,36.0,K_SS,301,46.6256323777403,41.0
0.09333333333333334,0.0,fixed_time__011,fixed_time,0.0,0.68,26.544444444444444,25.207207207207208,39.35436653150034,36.0,K_SS,302,43.33443163097199,41.0
0.09333333333333334,0.0,fixed_time__011,fixed_time,0.0,0.59,27.065555555555555,25.77446808510638,40.87424197236306,36.0,K_SS,303,45.47723440134907,41.0
0.09333333333333334,0.0,fixed_time__011,fixed_time,0.0,0.58,27.024444444444445,25.353211009174313,41.36724085210478,36.0,K_SS,304,45.94207836456559,41.0
0.09333333333333334,0.0,fixed_time__011,fixed_time,0.0,0.53,29.536666666666665,25.15841584158416,45.41657065046612,36.0,K_SS,305,50.85319516407599,41.0
0.09333333333333334,0.0,fixed_time__011,fixed_time,0.0,0.53,7.125555555555556,22.539877300613497,18.70514842965725,36.0,K_XX,301,17.535279805352797,37.0
0.09333333333333334,0.0,fixed_time__011,fixed_time,0.0,0.52,7.2877777777777775,22.474683544303797,19.107410611303344,36.0,K_XX,302,18.114077669902912,37.0
0.09333333333333334,0.0,fixed_time__011,fixed_time,0.0,0.52,7.126666666666667,22.50632911392405,18.701718907987864,36.0,K_XX,303,17.576642335766422,37.0
0.09333333333333334,0.0,fixed_time__011,fixed_time,0.0,0.52,7.213333333333333,23.90277777777778,18.99439775910364,36.0,K_XX,304,17.67153284671533,37.0
0.09333333333333334,0.0,fixed_time__011,fixed_time,0.0,0.53,7.207777777777777,21.68702290076336,18.47196753344356,36.0,K_XX,305,17.683698296836983,37.0
0.07777777777777778,0.0,fixed_time__012,fixed_time,0.0,0.64,6.776666666666666,27.559322033898304,23.092359677116573,30.0,K_HH,301,21.821316614420063,45.0
0.07777777777777778,0.0,fixed_time__012,fixed_time,0.0,0.64,6.636666666666667,24.536363636363635,21.949494949494948,30.0,K_HH,302,21.26332288401254,45.0
0.07777777777777778,0.0,fixed_time__012,fixed_time,0.0,0.63,6.847777777777778,24.29090909090909,22.359763087504774,30.0,K_HH,303,21.845911949685533,46.0
0.07777777777777778,0.0,fixed_time__012,fixed_time,0.0,0.64,6.825555555555556,26.95,22.82786088983874,30.0,K_HH,304,21.83385579937304,45.0
0.07777777777777778,0.0,fixed_time__012,fixed_time,0.0,0.64,6.514444444444444,26.35164835164835,21.84991101443544,30.0,K_HH,305,20.862068965517242,45.0
0.07777777777777778,0.0,fixed_time__012,fixed_time,0.0,0.67,2.097777777777778,14.322033898305085,17.870940882597836,30.0,K_HL,301,21.29787234042553,54.0
0.07777777777777778,0.0,fixed_time__012,fixed_time,0.0,0.66,2.1644444444444444,15.2,18.76744186046512,30.0,K_HL,302,21.97872340425532,54.0
0.07777777777777778,0.0,fixed_time__012,fixed_time,0.0,0.67,2.18,16.90909090909091,19.60508182601206,30.0,K_HL,303,22.03191489361702,55.0
0.07777777777777778,0.0,fixed_time__012,fixed_time,0.0,0.68,2.3177777777777777,14.04,19.201620162016205,30.0,K_HL,304,23.425531914893618,55.0
0.07777777777777778,0.0,fixed_time__012,fixed_time,0.0,0.68,2.1,16.307692307692307,19.149624765478425,30.0,K_HL,305,21.26595744680851,54.0
0.07777777777777778,0.0,fixed_time__012,fixed_time,0.0,0.73,5.365555555555556,37.96774193548387,18.977628635346758,30.0,K_LH,301,17.5625,41.0
0.07777777777777778,0.0,fixed_time__012,fixed_time,0.0,0.74,5.507777777777778,26.233333333333334,18.431390134529146,30.0,K_LH,302,17.86875,41.0
0.07777777777777778,0.0,fixed_time__012,fixed_time,0.0,0.75,5.521111111111111,30.666666666666668,18.642889390519187,30.0,K_LH,303,17.8625,41.0
0.07777777777777778,0.0,fixed_time__012,fixed_time,0.0,0.72,5.512222222222222,36.80952380952381,18.859267734553775,30.0,K_LH,304,17.953125,41.0
0.07777777777777778,0.0,fixed_time__012,fixed_time,0.0,0.6,5.3133333333333335,23.956521739130434,17.70501138952164,30.0,K_LH,305,17.359375,41.0
0.07777777777777778,0.0,fixed_time__012,fixed_time,0.0,0.64,4.072222222222222,25.366197183098592,21.031976744186046,30.0,K_MM,301,19.904761904761905,45.0
0.07777777777777778,0.0,fixed_time__012,fixed_time,0.0,0.64,4.127777777777778,20.13235294117647,20.007331378299117,30.0,K_MM,302,19.976190476190474,46.0
0.07777777777777778,0.0,fixed_time__012,fixed_time,0.0,0.61,4.093333333333334,22.955882352941178,20.539882697947213,30.0,K_MM,303,19.938095238095237,46.0
0.07777777777777778,0.0,fixed_time__012,fixed_time,0.0,0.64,4.084444444444444,27.774193548387096,21.268059701492536,30.0,K_MM,304,19.79047619047619,46.0
0.07777777777777778,0.0,fixed_time__012,fixed_time,0.0,0.61,4.113333333333333,23.5,20.468,30.0,K_MM,305,19.89047619047619,46.0
0.07777777777777778,0.0,fixed_time__012,fixed_time,0.0,1.28,47.71,63.70318021201413,70.53197573656846,30.0,K_OO,301,72.75074626865671,50.0
0.07777777777777778,0.0,fixed_time__012,fixed_time,0.0,1.06,51.477777777777774,55.64598540145985,73.57423987235175,30.0,K_OO,302,79.32572298325724,51.0
0.07777777777777778,0.0,fixed_time__012,fixed_time,0.0,1.19,52.14222222222222,61.9551724137931,73.79832864330179,30.0,K_OO,303,77.68924889543446,50.0
0.07777777777777778,0.0,fixed_time__012,fixed_time,0.0,1.06,48.42444444444445,60.92831541218638,71.24606869893701,30.0,K_OO,304,74.59606656580938,50.0
0.07777777777777778,0.0,fixed_time__012,fixed_time,0.0,0.88,48.95,36.71863117870723,64.50751485494581,30.0,K_OO,305,72.79941002949853,50.0
0.07777777777777778,0.0,fixed_time__012,fixed_time,0.0,0.63,29.00777777777778,30.30593607305936,44.69339907426041,30.0,K_SS,301,48.76006711409396,50.0
0.07777777777777778,0.0,fixed_time__012,fixed_time,0.0,0.76,29.517777777777777,31.55140186915888,45.08725637181409,30.0,K_SS,302,48.7702479338843,50.0
0.07777777777777778,0.0,fixed_time__012,fixed_time,0.0,0.78,29.125555555555554,30.614349775784753,44.62923030847559,30.0,K_SS,303,48.642737896494154,49.0
0.07777777777777778,0.0,fixed_time__012,fixed_time,0.0,0.65,28.493333333333332,27.396039603960396,43.3226266952177,30.0,K_SS,304,47.454090150250416,49.0
0.07777777777777778,0.0,fixed_time__012,fixed_time,0.0,0.65,30.156666666666666,28.387755102040817,46.52249457027614,30.0,K_SS,305,51.13322091062395,50.0
0.07777777777777778,0.0,fixed_time__012,fixed_time,0.0,0.63,9.195555555555556,28.35483870967742,24.4983503084206,30.0,K_XX,301,23.39568345323741,45.0
0.07777777777777778,0.0,fixed_time__012,fixed_time,0.0,0.63,9.116666666666667,26.96078431372549,23.916702632714717,30.0,K_XX,302,23.057553956834532,45.0
0.07777777777777778,0.0,fixed_time__012,fixed_time,0.0,0.63,8.997777777777777,27.35135135135135,23.759889871033185,30.0,K_XX,303,22.77937649880096,45.0
0.07777777777777778,0.0,fixed_time__012,fixed_time,0.0,0.63,8.974444444444444,26.345864661654137,23.46852318175085,30.0,K_XX,304,22.762589928057555,45.0
0.07777777777777778,0.0,fixed_time__012,fixed_time,0.0,0.63,9.086666666666666,27.206349206349206,23.89058524173028,30.0,K_XX,305,23.11990407673861,45.0
0.058888888888888886,0.0,fixed_time__013,fixed_time,0.0,0.84,9.106666666666667,36.378151260504204,29.992410218437612,22.0,K_HH,301,28.188271604938272,61.0
0.058888888888888886,0.0,fixed_time__013,fixed_time,0.0,0.84,9.193333333333333,27.18018018018018,28.139916918429005,22.0,K_HH,302,28.3944099378882,61.0
0.058888888888888886,0.0,fixed_time__013,fixed_time,0.0,0.82,9.303333333333333,35.258620689655174,30.044332210998878,22.0,K_HH,303,28.599378881987576,61.0
0.058888888888888886,0.0,fixed_time__013,fixed_time,0.0,0.84,9.294444444444444,33.41904761904762,29.771184834123222,22.0,K_HH,304,28.864615384615384,62.0
0.058888888888888886,0.0,fixed_time__013,fixed_time,0.0,0.82,9.082222222222223,31.142857142857142,28.587786259541982,22.0,K_HH,305,28.03405572755418,61.0
0.058888888888888886,0.0,fixed_time__013,fixed_time,0.0,0.88,3.31,19.24576271186441,26.557035803497087,23.0,K_HL,301,33.61702127659574,68.0
0.058888888888888886,0.0,fixed_time__013,fixed_time,0.0,0.9,3.3066666666666666,16.527272727272727,25.323340471092077,23.0,K_HL,302,33.1578947368421,68.0
0.058888888888888886,0.0,fixed_time__013,fixed_time,0.0,0.89,3.207777777777778,14.772727272727273,23.98458244111349,23.0,K_HL,303,32.189473684210526,67.0
0.058888888888888886,0.0,fixed_time__013,fixed_time,0.0,0.89,3.3,20.21,27.448694869486953,23.0,K_HL,304,33.37234042553192,68.0
0.058888888888888886,0.0,fixed_time__013,fixed_time,0.0,0.89,3.31,16.846153846153847,26.367260787992496,23.0,K_HL,305,33.45744680851064,68.0
0.058888888888888886,0.0,fixed_time__013,fixed_time,0.0,0.98,7.24,49.42424242424242,25.05549314760728,22.0,K_LH,301,23.104100946372238,55.0
0.058888888888888886,0.0,fixed_time__013,fixed_time,0.0,1.0,7.336666666666667,45.32258064516129,24.564658090724443,22.0,K_LH,302,23.00315457413249,55.0
0.058888888888888886,0.0,fixed_time__013,fixed_time,0.0,0.96,7.517777777777778,37.074074074074076,24.26508767934411,22.0,K_LH,303,23.425867507886434,56.0
0.058888888888888886,0.0,fixed_time__013,fixed_time,0.0,1.0,7.5744444444444445,41.21739130434783,24.943171402383136,22.0,K_LH,304,24.037735849056602,56.0
0.058888888888888886,0.0,fixed_time__013,fixed_time,0.0,1.01,7.2877777777777775,27.347826086956523,23.27763732475293,22.0,K_LH,305,23.050473186119874,55.0
0.058888888888888886,0.0,fixed_time__013,fixed_time,0.0,0.85,5.957777777777777,37.80821917808219,30.18653901943719,22.0,K_MM,301,28.138755980861244,61.0
0.058888888888888886,0.0,fixed_time__013,fixed_time,0.0,0.85,6.027777777777778,32.405797101449274,29.24042427813789,22.0,K_MM,302,28.432692307692307,62.0
0.058888888888888886,0.0,fixed_time__013,fixed_time,0.0,0.82,6.051111111111111,31.083333333333332,29.00145475705557,22.0,K_MM,303,28.449760765550238,62.0
0.058888888888888886,0.0,fixed_time__013,fixed_time,0.0,0.83,6.118888888888889,31.23076923076923,29.272349272349274,22.0,K_MM,304,28.803827751196174,62.0
0.058888888888888886,0.0,fixed_time__013,fixed_time,0.0,0.85,5.848888888888889,29.53846153846154,27.88569663268458,22.0,K_MM,305,27.56937799043062,61.0
0.058888888888888886,0.0,fixed_time__013,fixed_time,0.0,1.36,56.01555555555556,69.44366197183099,83.86083340706007,22.0,K_OO,301,88.6989247311828,69.0
0.058888888888888886,0.0,fixed_time__013,fixed_time,0.0,1.06,57.39111111111111,50.80782918149466,80.17195164681151,22.0,K_OO,302,89.75981873111782,69.0
0.058888888888888886,0.0,fixed_time__013,fixed_time,0.0,1.15,59.28111111111111,59.773648648648646,83.44958019562019,22.0,K_OO,303,91.6051437216339,69.0
0.058888888888888886,0.0,fixed_time__013,fixed_time,0.0,1.09,53.245555555555555,53.25266903914591,76.35242872228089,22.0,K_OO,304,83.94072948328268,68.0
0.058888888888888886,0.0,fixed_time__013,fixed_time,0.0,1.1,54.01111111111111,45.0,78.97768649052377,22.0,K_OO,305,90.37277147487845,69.0
0.058888888888888886,0.0,fixed_time__013,fixed_time,0.0,1.09,35.355555555555554,42.870535714285715,57.76147256781562,22.0,K_SS,301,62.170103092783506,67.0
0.058888888888888886,0.0,fixed_time__013,fixed_time,0.0,1.04,34.958888888888886,35.663594470046085,53.822359876111506,22.0,K_SS,302,58.84908789386402,66.0
0.058888888888888886,0.0,fixed_time__013,fixed_time,0.0,0.94,35.096666666666664,40.36086956521739,55.14892356310488,22.0,K_SS,303,59.49501661129568,67.0
0.058888888888888886,0.0,fixed_time__013,fixed_time,0.0,0.9,32.983333333333334,37.36492890995261,52.74918633034988,22.0,K_SS,304,56.95286195286195,65.0
0.058888888888888886,0.0,fixed_time__013,fixed_time,0.0,1.1,32.263333333333335,36.68181818181818,52.75296936861846,22.0,K_SS,305,56.930034129692835,67.0
0.058888888888888886,0.0,fixed_time__013,fixed_time,0.0,0.83,11.967777777777778,39.445859872611464,32.18914728682171,22.0,K_XX,301,30.127058823529413,60.0
0.058888888888888886,0.0,fixed_time__013,fixed_time,0.0,0.83,12.262222222222222,30.675324675324674,30.618695837476917,22.0,K_XX,302,30.602836879432623,61.0
0.058888888888888886,0.0,fixed_time__013,fixed_time,0.0,0.83,11.92,35.63870967741936,31.083132359199887,22.0,K_XX,303,29.79905437352246,60.0
0.058888888888888886,0.0,fixed_time__013,fixed_time,0.0,0.83,11.87111111111111,33.89208633093525,30.640005806357966,22.0,K_XX,304,29.817966903073287,60.0
0.058888888888888886,0.0,fixed_time__013,fixed_time,0.0,0.83,11.894444444444444,32.5703125,30.400557348195953,22.0,K_XX,305,29.899061032863848,60.0
