config_id,controller,scenario_id,seed,person_delay_s,max_norm_wait,starvation_violations,ped_mean_wait_s,veh_mean_wait_s,phase_switches,clearance_share
efficiency__000,efficiency,K_HH,301,11.704839020628494,0.69,0.0,12.658119658119658,11.427184466019417,82.0,0.19555555555555557
efficiency__001,efficiency,K_HH,301,11.704839020628494,0.69,0.0,12.658119658119658,11.427184466019417,82.0,0.19555555555555557
efficiency__002,efficiency,K_HH,301,11.704839020628494,0.69,0.0,12.658119658119658,11.427184466019417,82.0,0.19555555555555557
efficiency__003,efficiency,K_HH,301,12.258338153074995,0.45,0.0,13.145299145299145,12.0,81.0,0.19777777777777777
efficiency__004,efficiency,K_HH,301,12.258338153074995,0.45,0.0,13.145299145299145,12.0,81.0,0.19777777777777777
efficiency__005,efficiency,K_HH,301,12.258338153074995,0.45,0.0,13.145299145299145,12.0,81.0,0.19777777777777777
efficiency__006,efficiency,K_HH,301,12.258338153074995,0.45,0.0,13.145299145299145,12.0,81.0,0.19777777777777777
efficiency__007,efficiency,K_HH,301,12.258338153074995,0.45,0.0,13.145299145299145,12.0,81.0,0.19777777777777777
efficiency__008,efficiency,K_HH,301,12.258338153074995,0.45,0.0,13.145299145299145,12.0,81.0,0.19777777777777777
efficiency__009,efficiency,K_HH,301,11.704839020628494,0.69,0.0,12.658119658119658,11.427184466019417,82.0,0.19555555555555557
efficiency__010,efficiency,K_HH,301,11.704839020628494,0.69,0.0,12.658119658119658,11.427184466019417,82.0,0.19555555555555557
efficiency__011,efficiency,K_HH,301,11.704839020628494,0.69,0.0,12.658119658119658,11.427184466019417,82.0,0.19555555555555557
efficiency__012,efficiency,K_HH,301,12.258338153074995,0.45,0.0,13.145299145299145,12.0,81.0,0.19777777777777777
efficiency__013,efficiency,K_HH,301,12.258338153074995,0.45,0.0,13.145299145299145,12.0,81.0,0.19777777777777777
efficiency__014,efficiency,K_HH,301,12.258338153074995,0.45,0.0,13.145299145299145,12.0,81.0,0.19777777777777777
efficiency__015,efficiency,K_HH,301,12.258338153074995,0.45,0.0,13.145299145299145,12.0,81.0,0.19777777777777777
efficiency__016,efficiency,K_HH,301,12.258338153074995,0.45,0.0,13.145299145299145,12.0,81.0,0.19777777777777777
efficiency__017,efficiency,K_HH,301,12.258338153074995,0.45,0.0,13.145299145299145,12.0,81.0,0.19777777777777777
efficiency__018,efficiency,K_HH,301,11.704839020628494,0.69,0.0,12.658119658119658,11.427184466019417,82.0,0.19555555555555557
efficiency__019,efficiency,K_HH,301,11.704839020628494,0.69,0.0,12.658119658119658,11.427184466019417,82.0,0.19555555555555557
efficiency__020,efficiency,K_HH,301,11.704839020628494,0.69,0.0,12.658119658119658,11.427184466019417,82.0,0.19555555555555557
efficiency__021,efficiency,K_HH,301,12.258338153074995,0.45,0.0,13.145299145299145,12.0,81.0,0.19777777777777777
efficiency__022,efficiency,K_HH,301,12.258338153074995,0.45,0.0,13.145299145299145,12.0,81.0,0.19777777777777777
efficiency__023,efficiency,K_HH,301,12.258338153074995,0.45,0.0,13.145299145299145,12.0,81.0,0.19777777777777777
efficiency__024,efficiency,K_HH,301,12.258338153074995,0.45,0.0,13.145299145299145,12.0,81.0,0.19777777777777777
efficiency__025,efficiency,K_HH,301,12.258338153074995,0.45,0.0,13.145299145299145,12.0,81.0,0.19777777777777777
efficiency__026,efficiency,K_HH,301,12.258338153074995,0.45,0.0,13.145299145299145,12.0,81.0,0.19777777777777777
efficiency__000,efficiency,K_HH,302,11.11065485195591,0.51,0.0,11.46,11.014336917562725,82.0,0.19777777777777777
efficiency__001,efficiency,K_HH,302,11.11065485195591,0.51,0.0,11.46,11.014336917562725,82.0,0.19777777777777777
efficiency__002,efficiency,K_HH,302,11.11065485195591,0.51,0.0,11.46,11.014336917562725,82.0,0.19777777777777777
efficiency__003,efficiency,K_HH,302,11.059217635617031,0.5,0.0,11.56,10.921146953405017,82.0,0.19666666666666666
efficiency__004,efficiency,K_HH,302,11.059217635617031,0.5,0.0,11.56,10.921146953405017,82.0,0.19666666666666666
efficiency__005,efficiency,K_HH,302,11.059217635617031,0.5,0.0,11.56,10.921146953405017,82.0,0.19666666666666666
efficiency__006,efficiency,K_HH,302,11.059217635617031,0.5,0.0,11.56,10.921146953405017,82.0,0.19666666666666666
efficiency__007,efficiency,K_HH,302,11.059217635617031,0.5,0.0,11.56,10.921146953405017,82.0,0.19666666666666666
efficiency__008,efficiency,K_HH,302,11.059217635617031,0.5,0.0,11.56,10.921146953405017,82.0,0.19666666666666666
efficiency__009,efficiency,K_HH,302,11.11065485195591,0.51,0.0,11.46,11.014336917562725,82.0,0.19777777777777777
efficiency__010,efficiency,K_HH,302,11.11065485195591,0.51,0.0,11.46,11.014336917562725,82.0,0.19777777777777777
efficiency__011,efficiency,K_HH,302,11.11065485195591,0.51,0.0,11.46,11.014336917562725,82.0,0.19777777777777777
efficiency__012,efficiency,K_HH,302,11.059217635617031,0.5,0.0,11.56,10.921146953405017,82.0,0.19666666666666666
efficiency__013,efficiency,K_HH,302,11.059217635617031,0.5,0.0,11.56,10.921146953405017,82.0,0.19666666666666666
efficiency__014,efficiency,K_HH,302,11.059217635617031,0.5,0.0,11.56,10.921146953405017,82.0,0.19666666666666666
efficiency__015,efficiency,K_HH,302,11.059217635617031,0.5,0.0,11.56,10.921146953405017,82.0,0.19666666666666666
efficiency__016,efficiency,K_HH,302,11.059217635617031,0.5,0.0,11.56,10.921146953405017,82.0,0.19666666666666666
efficiency__017,efficiency,K_HH,302,11.059217635617031,0.5,0.0,11.56,10.921146953405017,82.0,0.19666666666666666
efficiency__018,efficiency,K_HH,302,11.11065485195591,0.51,0.0,11.46,11.014336917562725,82.0,0.19777777777777777
efficiency__019,efficiency,K_HH,302,11.11065485195591,0.51,0.0,11.46,11.014336917562725,82.0,0.19777777777777777
efficiency__020,efficiency,K_HH,302,11.11065485195591,0.51,0.0,11.46,11.014336917562725,82.0,0.19777777777777777
efficiency__021,efficiency,K_HH,302,11.059217635617031,0.5,0.0,11.56,10.921146953405017,82.0,0.19666666666666666
efficiency__022,efficiency,K_HH,302,11.059217635617031,0.5,0.0,11.56,10.921146953405017,82.0,0.19666666666666666
efficiency__023,efficiency,K_HH,302,11.059217635617031,0.5,0.0,11.56,10.921146953405017,82.0,0.19666666666666666
efficiency__024,efficiency,K_HH,302,11.059217635617031,0.5,0.0,11.56,10.921146953405017,82.0,0.19666666666666666
efficiency__025,efficiency,K_HH,302,11.059217635617031,0.5,0.0,11.56,10.921146953405017,82.0,0.19666666666666666
efficiency__026,efficiency,K_HH,302,11.059217635617031,0.5,0.0,11.56,10.921146953405017,82.0,0.19666666666666666
efficiency__000,efficiency,K_HH,303,12.106073040623716,0.55,0.0,13.57,11.728187919463087,82.0,0.19666666666666666
efficiency__001,efficiency,K_HH,303,12.106073040623716,0.55,0.0,13.57,11.728187919463087,82.0,0.19666666666666666
efficiency__002,efficiency,K_HH,303,12.106073040623716,0.55,0.0,13.57,11.728187919463087,82.0,0.19666666666666666
efficiency__003,efficiency,K_HH,303,12.106073040623716,0.55,0.0,13.57,11.728187919463087,82.0,0.19666666666666666
efficiency__004,efficiency,K_HH,303,12.106073040623716,0.55,0.0,13.57,11.728187919463087,82.0,0.19666666666666666
efficiency__005,efficiency,K_HH,303,12.106073040623716,0.55,0.0,13.57,11.728187919463087,82.0,0.19666666666666666
efficiency__006,efficiency,K_HH,303,12.106073040623716,0.55,0.0,13.57,11.728187919463087,82.0,0.19666666666666666
efficiency__007,efficiency,K_HH,303,12.106073040623716,0.55,0.0,13.57,11.728187919463087,82.0,0.19666666666666666
efficiency__008,efficiency,K_HH,303,12.106073040623716,0.55,0.0,13.57,11.728187919463087,82.0,0.19666666666666666
efficiency__009,efficiency,K_HH,303,12.106073040623716,0.55,0.0,13.57,11.728187919463087,82.0,0.19666666666666666
efficiency__010,efficiency,K_HH,303,12.106073040623716,0.55,0.0,13.57,11.728187919463087,82.0,0.19666666666666666
efficiency__011,efficiency,K_HH,303,12.106073040623716,0.55,0.0,13.57,11.728187919463087,82.0,0.19666666666666666
efficiency__012,efficiency,K_HH,303,12.106073040623716,0.55,0.0,13.57,11.728187919463087,82.0,0.19666666666666666
efficiency__013,efficiency,K_HH,303,12.106073040623716,0.55,0.0,13.57,11.728187919463087,82.0,0.19666666666666666
efficiency__014,efficiency,K_HH,303,12.106073040623716,0.55,0.0,13.57,11.728187919463087,82.0,0.19666666666666666
efficiency__015,efficiency,K_HH,303,12.106073040623716,0.55,0.0,13.57,11.728187919463087,82.0,0.19666666666666666
efficiency__016,efficiency,K_HH,303,12.106073040623716,0.55,0.0,13.57,11.728187919463087,82.0,0.19666666666666666
efficiency__017,efficiency,K_HH,303,12.106073040623716,0.55,0.0,13.57,11.728187919463087,82.0,0.19666666666666666
efficiency__018,efficiency,K_HH,303,12.106073040623716,0.55,0.0,13.57,11.728187919463087,82.0,0.19666666666666666
efficiency__019,efficiency,K_HH,303,12.106073040623716,0.55,0.0,13.57,11.728187919463087,82.0,0.19666666666666666
efficiency__020,efficiency,K_HH,303,12.106073040623716,0.55,0.0,13.57,11.728187919463087,82.0,0.19666666666666666
efficiency__021,efficiency,K_HH,303,12.106073040623716,0.55,0.0,13.57,11.728187919463087,82.0,0.19666666666666666
efficiency__022,efficiency,K_HH,303,12.106073040623716,0.55,0.0,13.57,11.728187919463087,82.0,0.19666666666666666
efficiency__023,efficiency,K_HH,303,12.106073040623716,0.55,0.0,13.57,11.728187919463087,82.0,0.19666666666666666
efficiency__024,efficiency,K_HH,303,12.106073040623716,0.55,0.0,13.57,11.728187919463087,82.0,0.19666666666666666
efficiency__025,efficiency,K_HH,303,12.106073040623716,0.55,0.0,13.57,11.728187919463087,82.0,0.19666666666666666
efficiency__026,efficiency,K_HH,303,12.106073040623716,0.55,0.0,13.57,11.728187919463087,82.0,0.19666666666666666
efficiency__000,efficiency,K_HH,304,12.193440031614305,0.61,0.0,13.0,12.009463722397477,80.0,0.2111111111111111
efficiency__001,efficiency,K_HH,304,12.193440031614305,0.61,0.0,13.0,12.009463722397477,80.0,0.2111111111111111
efficiency__002,efficiency,K_HH,304,12.193440031614305,0.61,0.0,13.0,12.009463722397477,80.0,0.2111111111111111
efficiency__003,efficiency,K_HH,304,11.674570243034973,0.55,0.0,12.72340425531915,11.435331230283913,80.0,0.2111111111111111
efficiency__004,efficiency,K_HH,304,11.674570243034973,0.55,0.0,12.72340425531915,11.435331230283913,80.0,0.2111111111111111
efficiency__005,efficiency,K_HH,304,11.674570243034973,0.55,0.0,12.72340425531915,11.435331230283913,80.0,0.2111111111111111
efficiency__006,efficiency,K_HH,304,11.674570243034973,0.55,0.0,12.72340425531915,11.435331230283913,80.0,0.2111111111111111
efficiency__007,efficiency,K_HH,304,11.674570243034973,0.55,0.0,12.72340425531915,11.435331230283913,80.0,0.2111111111111111
efficiency__008,efficiency,K_HH,304,11.674570243034973,0.55,0.0,12.72340425531915,11.435331230283913,80.0,0.2111111111111111
efficiency__009,efficiency,K_HH,304,12.193440031614305,0.61,0.0,13.0,12.009463722397477,80.0,0.2111111111111111
efficiency__010,efficiency,K_HH,304,12.193440031614305,0.61,0.0,13.0,12.009463722397477,80.0,0.2111111111111111
efficiency__011,efficiency,K_HH,304,12.193440031614305,0.61,0.0,13.0,12.009463722397477,80.0,0.2111111111111111
efficiency__012,efficiency,K_HH,304,11.674570243034973,0.55,0.0,12.72340425531915,11.435331230283913,80.0,0.2111111111111111
efficiency__013,efficiency,K_HH,304,11.674570243034973,0.55,0.0,12.72340425531915,11.435331230283913,80.0,0.2111111111111111
efficiency__014,efficiency,K_HH,304,11.674570243034973,0.55,0.0,12.72340425531915,11.435331230283913,80.0,0.2111111111111111
efficiency__015,efficiency,K_HH,304,11.674570243034973,0.55,0.0,12.72340425531915,11.435331230283913,80.0,0.2111111111111111
efficiency__016,efficiency,K_HH,304,11.674570243034973,0.55,0.0,12.72340425531915,11.435331230283913,80.0,0.2111111111111111
efficiency__017,efficiency,K_HH,304,11.674570243034973,0.55,0.0,12.72340425531915,11.435331230283913,80.0,0.2111111111111111
efficiency__018,efficiency,K_HH,304,12.193440031614305,0.61,0.0,13.0,12.009463722397477,80.0,0.2111111111111111
efficiency__019,efficiency,K_HH,304,12.193440031614305,0.61,0.0,13.0,12.009463722397477,80.0,0.2111111111111111
efficiency__020,efficiency,K_HH,304,12.193440031614305,0.61,0.0,13.0,12.009463722397477,80.0,0.2111111111111111
efficiency__021,efficiency,K_HH,304,11.674570243034973,0.55,0.0,12.72340425531915,11.435331230283913,80.0,0.2111111111111111
efficiency__022,efficiency,K_HH,304,11.674570243034973,0.55,0.0,12.72340425531915,11.435331230283913,80.0,0.2111111111111111
efficiency__023,efficiency,K_HH,304,11.674570243034973,0.55,0.0,12.72340425531915,11.435331230283913,80.0,0.2111111111111111
efficiency__024,efficiency,K_HH,304,11.674570243034973,0.55,0.0,12.72340425531915,11.435331230283913,80.0,0.2111111111111111
efficiency__025,efficiency,K_HH,304,11.674570243034973,0.55,0.0,12.72340425531915,11.435331230283913,80.0,0.2111111111111111
efficiency__026,efficiency,K_HH,304,11.674570243034973,0.55,0.0,12.72340425531915,11.435331230283913,80.0,0.2111111111111111
efficiency__000,efficiency,K_HH,305,12.600477992431788,0.54,0.0,14.094827586206897,12.151515151515152,82.0,0.19666666666666666
efficiency__001,efficiency,K_HH,305,12.600477992431788,0.54,0.0,14.094827586206897,12.151515151515152,82.0,0.19666666666666666
efficiency__002,efficiency,K_HH,305,12.600477992431788,0.54,0.0,14.094827586206897,12.151515151515152,82.0,0.19666666666666666
efficiency__003,efficiency,K_HH,305,12.006771559450309,0.4,0.0,11.155172413793103,12.262626262626263,82.0,0.19666666666666666
efficiency__004,efficiency,K_HH,305,12.006771559450309,0.4,0.0,11.155172413793103,12.262626262626263,82.0,0.19666666666666666
efficiency__005,efficiency,K_HH,305,12.006771559450309,0.4,0.0,11.155172413793103,12.262626262626263,82.0,0.19666666666666666
efficiency__006,efficiency,K_HH,305,12.006771559450309,0.4,0.0,11.155172413793103,12.262626262626263,82.0,0.19666666666666666
efficiency__007,efficiency,K_HH,305,12.006771559450309,0.4,0.0,11.155172413793103,12.262626262626263,82.0,0.19666666666666666
efficiency__008,efficiency,K_HH,305,12.006771559450309,0.4,0.0,11.155172413793103,12.262626262626263,82.0,0.19666666666666666
efficiency__009,efficiency,K_HH,305,12.600477992431788,0.54,0.0,14.094827586206897,12.151515151515152,82.0,0.19666666666666666
efficiency__010,efficiency,K_HH,305,12.600477992431788,0.54,0.0,14.094827586206897,12.151515151515152,82.0,0.19666666666666666
efficiency__011,efficiency,K_HH,305,12.600477992431788,0.54,0.0,14.094827586206897,12.151515151515152,82.0,0.19666666666666666
efficiency__012,efficiency,K_HH,305,12.006771559450309,0.4,0.0,11.155172413793103,12.262626262626263,82.0,0.19666666666666666
efficiency__013,efficiency,K_HH,305,12.006771559450309,0.4,0.0,11.155172413793103,12.262626262626263,82.0,0.19666666666666666
efficiency__014,efficiency,K_HH,305,12.006771559450309,0.4,0.0,11.155172413793103,12.262626262626263,82.0,0.19666666666666666
efficiency__015,efficiency,K_HH,305,12.006771559450309,0.4,0.0,11.155172413793103,12.262626262626263,82.0,0.19666666666666666
efficiency__016,efficiency,K_HH,305,12.006771559450309,0.4,0.0,11.155172413793103,12.262626262626263,82.0,0.19666666666666666
efficiency__017,efficiency,K_HH,305,12.006771559450309,0.4,0.0,11.155172413793103,12.262626262626263,82.0,0.19666666666666666
efficiency__018,efficiency,K_HH,305,12.600477992431788,0.54,0.0,14.094827586206897,12.151515151515152,82.0,0.19666666666666666
efficiency__019,efficiency,K_HH,305,12.600477992431788,0.54,0.0,14.094827586206897,12.151515151515152,82.0,0.19666666666666666
efficiency__020,efficiency,K_HH,305,12.600477992431788,0.54,0.0,14.094827586206897,12.151515151515152,82.0,0.19666666666666666
efficiency__021,efficiency,K_HH,305,12.006771559450309,0.4,0.0,11.155172413793103,12.262626262626263,82.0,0.19666666666666666
efficiency__022,efficiency,K_HH,305,12.006771559450309,0.4,0.0,11.155172413793103,12.262626262626263,82.0,0.19666666666666666
efficiency__023,efficiency,K_HH,305,12.006771559450309,0.4,0.0,11.155172413793103,12.262626262626263,82.0,0.19666666666666666
efficiency__024,efficiency,K_HH,305,12.006771559450309,0.4,0.0,11.155172413793103,12.262626262626263,82.0,0.19666666666666666
efficiency__025,efficiency,K_HH,305,12.006771559450309,0.4,0.0,11.155172413793103,12.262626262626263,82.0,0.19666666666666666
efficiency__026,efficiency,K_HH,305,12.006771559450309,0.4,0.0,11.155172413793103,12.262626262626263,82.0,0.19666666666666666
efpb__000,efpb,K_HH,301,10.958550221708117,0.52,0.0,14.427350427350428,9.94822006472492,80.0,0.1988888888888889
efpb__001,efpb,K_HH,301,11.428571428571427,0.49,0.0,11.11111111111111,11.521035598705502,81.0,0.19111111111111112
efpb__002,efpb,K_HH,301,10.936957779063041,0.53,0.0,14.487179487179487,9.902912621359222,80.0,0.1988888888888889
efpb__003,efpb,K_HH,301,11.485251590514746,0.69,0.0,13.495726495726496,10.89967637540453,80.0,0.18777777777777777
efpb__004,efpb,K_HH,301,11.428571428571427,0.49,0.0,11.11111111111111,11.521035598705502,81.0,0.19111111111111112
efpb__005,efpb,K_HH,301,11.707345286292654,0.52,0.0,13.991452991452991,11.042071197411003,80.0,0.19333333333333333
efpb__006,efpb,K_HH,301,11.916522074416811,0.43,0.0,10.863247863247864,12.223300970873787,82.0,0.19111111111111112
efpb__007,efpb,K_HH,301,11.428571428571427,0.49,0.0,11.11111111111111,11.521035598705502,81.0,0.19111111111111112
efpb__008,efpb,K_HH,301,11.916522074416811,0.43,0.0,10.863247863247864,12.223300970873787,82.0,0.19111111111111112
efpb__009,efpb,K_HH,301,11.916522074416811,0.43,0.0,10.863247863247864,12.223300970873787,82.0,0.19111111111111112
efpb__010,efpb,K_HH,301,11.660497397339501,0.53,0.0,14.128205128205128,10.941747572815533,80.0,0.19333333333333333
efpb__011,efpb,K_HH,301,11.916522074416811,0.43,0.0,10.863247863247864,12.223300970873787,82.0,0.19111111111111112
efpb__012,efpb,K_HH,301,11.660497397339501,0.53,0.0,14.128205128205128,10.941747572815533,80.0,0.19333333333333333
efpb__013,efpb,K_HH,301,11.707345286292654,0.52,0.0,13.991452991452991,11.042071197411003,80.0,0.19333333333333333
efpb__014,efpb,K_HH,301,12.230576441102757,0.43,0.0,11.88888888888889,12.330097087378642,82.0,0.19111111111111112
efpb__015,efpb,K_HH,301,10.936957779063041,0.53,0.0,14.487179487179487,9.902912621359222,80.0,0.1988888888888889
efpb__016,efpb,K_HH,301,11.707345286292654,0.52,0.0,13.991452991452991,11.042071197411003,80.0,0.19333333333333333
efpb__017,efpb,K_HH,301,11.916522074416811,0.43,0.0,10.863247863247864,12.223300970873787,82.0,0.19111111111111112
efpb__018,efpb,K_HH,301,11.916522074416811,0.43,0.0,10.863247863247864,12.223300970873787,82.0,0.19111111111111112
efpb__019,efpb,K_HH,301,11.428571428571427,0.49,0.0,11.11111111111111,11.521035598705502,81.0,0.19111111111111112
efpb__020,efpb,K_HH,301,12.045883940620783,0.49,0.0,12.247863247863247,11.98705501618123,81.0,0.19333333333333333
efpb__021,efpb,K_HH,301,10.936957779063041,0.53,0.0,14.487179487179487,9.902912621359222,80.0,0.1988888888888889
efpb__022,efpb,K_HH,301,10.936957779063041,0.53,0.0,14.487179487179487,9.902912621359222,80.0,0.1988888888888889
efpb__023,efpb,K_HH,301,11.916522074416811,0.43,0.0,10.863247863247864,12.223300970873787,82.0,0.19111111111111112
efpb__024,efpb,K_HH,301,11.916522074416811,0.43,0.0,10.863247863247864,12.223300970873787,82.0,0.19111111111111112
efpb__025,efpb,K_HH,301,11.485251590514746,0.69,0.0,13.495726495726496,10.89967637540453,80.0,0.18777777777777777
efpb__026,efpb,K_HH,301,10.958550221708117,0.52,0.0,14.427350427350428,9.94822006472492,80.0,0.1988888888888889
efpb__027,efpb,K_HH,301,10.958550221708117,0.52,0.0,14.427350427350428,9.94822006472492,80.0,0.1988888888888889
efpb__028,efpb,K_HH,301,10.936957779063041,0.53,0.0,14.487179487179487,9.902912621359222,80.0,0.1988888888888889
efpb__029,efpb,K_HH,301,10.958550221708117,0.52,0.0,14.427350427350428,9.94822006472492,80.0,0.1988888888888889
efpb__000,efpb,K_HH,302,12.128809163604927,0.51,0.0,15.17,11.290322580645162,80.0,0.1988888888888889
efpb__001,efpb,K_HH,302,13.719688783228875,0.8,0.0,19.84,12.03225806451613,80.0,0.21
efpb__002,efpb,K_HH,302,11.70866652258483,0.51,0.0,13.85,11.118279569892474,81.0,0.1922222222222222
efpb__003,efpb,K_HH,302,11.739355954181976,0.51,0.0,14.59,10.953405017921147,81.0,0.19333333333333333
efpb__004,efpb,K_HH,302,11.066781932137456,0.4,0.0,12.57,10.652329749103943,81.0,0.19777777777777777
efpb__005,efpb,K_HH,302,11.739355954181976,0.51,0.0,14.59,10.953405017921147,81.0,0.19333333333333333
efpb__006,efpb,K_HH,302,10.86665225848282,0.43,0.0,10.89,10.86021505376344,82.0,0.1922222222222222
efpb__007,efpb,K_HH,302,12.196671709531016,0.51,0.0,14.08,11.67741935483871,80.0,0.20444444444444446
efpb__008,efpb,K_HH,302,11.285714285714285,0.43,0.0,11.62,11.193548387096774,82.0,0.1922222222222222
efpb__009,efpb,K_HH,302,10.86665225848282,0.43,0.0,10.89,10.86021505376344,82.0,0.1922222222222222
efpb__010,efpb,K_HH,302,13.719688783228875,0.8,0.0,19.84,12.03225806451613,80.0,0.21
efpb__011,efpb,K_HH,302,10.86665225848282,0.43,0.0,10.89,10.86021505376344,82.0,0.1922222222222222
efpb__012,efpb,K_HH,302,11.45191268640588,0.6,0.0,14.56,10.594982078853047,80.0,0.20444444444444446
efpb__013,efpb,K_HH,302,11.739355954181976,0.51,0.0,14.59,10.953405017921147,81.0,0.19333333333333333
efpb__014,efpb,K_HH,302,10.763345580289606,0.41,0.0,10.62,10.802867383512545,82.0,0.19333333333333333
efpb__015,efpb,K_HH,302,12.128809163604927,0.51,0.0,15.17,11.290322580645162,80.0,0.1988888888888889
efpb__016,efpb,K_HH,302,11.042360060514373,0.42,0.0,13.51,10.362007168458781,80.0,0.1988888888888889
efpb__017,efpb,K_HH,302,10.86665225848282,0.43,0.0,10.89,10.86021505376344,82.0,0.1922222222222222
efpb__018,efpb,K_HH,302,10.86665225848282,0.43,0.0,10.89,10.86021505376344,82.0,0.1922222222222222
efpb__019,efpb,K_HH,302,11.439161443700023,0.6,0.0,13.89,10.763440860215054,80.0,0.20444444444444446
efpb__020,efpb,K_HH,302,11.045818024637995,0.58,0.0,9.86,11.372759856630825,82.0,0.1922222222222222
efpb__021,efpb,K_HH,302,12.128809163604927,0.51,0.0,15.17,11.290322580645162,80.0,0.1988888888888889
efpb__022,efpb,K_HH,302,12.128809163604927,0.51,0.0,15.17,11.290322580645162,80.0,0.1988888888888889
efpb__023,efpb,K_HH,302,11.285714285714285,0.43,0.0,11.62,11.193548387096774,82.0,0.1922222222222222
efpb__024,efpb,K_HH,302,10.86665225848282,0.43,0.0,10.89,10.86021505376344,82.0,0.1922222222222222
efpb__025,efpb,K_HH,302,11.739355954181976,0.51,0.0,14.59,10.953405017921147,81.0,0.19333333333333333
efpb__026,efpb,K_HH,302,12.128809163604927,0.51,0.0,15.17,11.290322580645162,80.0,0.1988888888888889
efpb__027,efpb,K_HH,302,11.739355954181976,0.51,0.0,14.59,10.953405017921147,81.0,0.19333333333333333
efpb__028,efpb,K_HH,302,12.128809163604927,0.51,0.0,15.17,11.290322580645162,80.0,0.1988888888888889
efpb__029,efpb,K_HH,302,12.128809163604927,0.51,0.0,15.17,11.290322580645162,80.0,0.1988888888888889
efpb__000,efpb,K_HH,303,11.87217890849405,0.51,0.0,14.38,11.224832214765101,80.0,0.21
efpb__001,efpb,K_HH,303,11.385514977431267,0.47,0.0,12.06,11.211409395973154,80.0,0.20444444444444446
efpb__002,efpb,K_HH,303,12.63028313500205,0.69,0.0,16.06,11.74496644295302,79.0,0.2111111111111111
efpb__003,efpb,K_HH,303,12.63028313500205,0.69,0.0,16.06,11.74496644295302,79.0,0.2111111111111111
efpb__004,efpb,K_HH,303,11.560730406237177,0.47,0.0,12.94,11.204697986577182,80.0,0.20444444444444446
efpb__005,efpb,K_HH,303,12.06216659827657,0.55,0.0,13.72,11.634228187919463,80.0,0.20444444444444446
efpb__006,efpb,K_HH,303,12.11325400082068,0.43,0.0,12.37,12.046979865771812,81.0,0.20222222222222222
efpb__007,efpb,K_HH,303,11.385514977431267,0.47,0.0,12.06,11.211409395973154,80.0,0.20444444444444446
efpb__008,efpb,K_HH,303,11.81329503487895,0.3,0.0,11.87,11.798657718120806,81.0,0.20222222222222222
efpb__009,efpb,K_HH,303,12.11325400082068,0.43,0.0,12.37,12.046979865771812,81.0,0.20222222222222222
efpb__010,efpb,K_HH,303,11.385514977431267,0.47,0.0,12.06,11.211409395973154,80.0,0.20444444444444446
efpb__011,efpb,K_HH,303,12.11325400082068,0.43,0.0,12.37,12.046979865771812,81.0,0.20222222222222222
efpb__012,efpb,K_HH,303,11.560730406237177,0.47,0.0,12.94,11.204697986577182,80.0,0.20444444444444446
efpb__013,efpb,K_HH,303,12.06216659827657,0.55,0.0,13.72,11.634228187919463,80.0,0.20444444444444446
efpb__014,efpb,K_HH,303,12.11325400082068,0.43,0.0,12.37,12.046979865771812,81.0,0.20222222222222222
efpb__015,efpb,K_HH,303,11.928395568321708,0.58,0.0,15.07,11.11744966442953,80.0,0.21
efpb__016,efpb,K_HH,303,12.06216659827657,0.55,0.0,13.72,11.634228187919463,80.0,0.20444444444444446
efpb__017,efpb,K_HH,303,12.11325400082068,0.43,0.0,12.37,12.046979865771812,81.0,0.20222222222222222
efpb__018,efpb,K_HH,303,12.11325400082068,0.43,0.0,12.37,12.046979865771812,81.0,0.20222222222222222
efpb__019,efpb,K_HH,303,11.560730406237177,0.47,0.0,12.94,11.204697986577182,80.0,0.20444444444444446
efpb__020,efpb,K_HH,303,12.224251128436602,0.69,0.0,15.42,11.399328859060402,79.0,0.20555555555555555
efpb__021,efpb,K_HH,303,12.303446860894542,0.52,0.0,15.26,11.54026845637584,79.0,0.2111111111111111
efpb__022,efpb,K_HH,303,11.87217890849405,0.51,0.0,14.38,11.224832214765101,80.0,0.21
efpb__023,efpb,K_HH,303,11.81329503487895,0.3,0.0,11.87,11.798657718120806,81.0,0.20222222222222222
efpb__024,efpb,K_HH,303,12.11325400082068,0.43,0.0,12.37,12.046979865771812,81.0,0.20222222222222222
efpb__025,efpb,K_HH,303,12.224251128436602,0.69,0.0,15.42,11.399328859060402,79.0,0.20555555555555555
efpb__026,efpb,K_HH,303,11.639105457529748,0.5,0.0,13.92,11.050335570469798,80.0,0.21
efpb__027,efpb,K_HH,303,12.589249076733688,0.55,0.0,15.34,11.879194630872483,80.0,0.21333333333333335
efpb__028,efpb,K_HH,303,12.303446860894542,0.52,0.0,15.26,11.54026845637584,79.0,0.2111111111111111
efpb__029,efpb,K_HH,303,12.589249076733688,0.55,0.0,15.34,11.879194630872483,80.0,0.21333333333333335
efpb__000,efpb,K_HH,304,12.081011657775145,0.55,0.0,17.96808510638298,10.738170347003155,79.0,0.21777777777777776
efpb__001,efpb,K_HH,304,11.544754001185536,0.53,0.0,14.085106382978724,10.965299684542586,80.0,0.20444444444444446
efpb__002,efpb,K_HH,304,11.690970163999209,0.56,0.0,15.148936170212766,10.902208201892744,80.0,0.21
efpb__003,efpb,K_HH,304,11.690970163999209,0.56,0.0,15.148936170212766,10.902208201892744,80.0,0.21
efpb__004,efpb,K_HH,304,12.28018178225647,0.5,0.0,12.73404255319149,12.176656151419559,80.0,0.2
efpb__005,efpb,K_HH,304,11.96700256866232,0.52,0.0,14.574468085106384,11.372239747634069,80.0,0.20555555555555555
efpb__006,efpb,K_HH,304,12.586247777119144,0.42,0.0,11.159574468085106,12.911671924290221,82.0,0.19666666666666666
efpb__007,efpb,K_HH,304,11.544754001185536,0.53,0.0,14.085106382978724,10.965299684542586,80.0,0.20444444444444446
efpb__008,efpb,K_HH,304,12.206678522031218,0.46,0.0,13.361702127659575,11.943217665615142,81.0,0.20222222222222222
efpb__009,efpb,K_HH,304,12.586247777119144,0.42,0.0,11.159574468085106,12.911671924290221,82.0,0.19666666666666666
efpb__010,efpb,K_HH,304,12.197391819798458,0.76,0.0,16.617021276595743,11.189274447949527,80.0,0.21
efpb__011,efpb,K_HH,304,12.586247777119144,0.42,0.0,11.159574468085106,12.911671924290221,82.0,0.19666666666666666
efpb__012,efpb,K_HH,304,12.197391819798458,0.76,0.0,16.617021276595743,11.189274447949527,80.0,0.21
efpb__013,efpb,K_HH,304,11.96700256866232,0.52,0.0,14.574468085106384,11.372239747634069,80.0,0.20555555555555555
efpb__014,efpb,K_HH,304,12.586247777119144,0.42,0.0,11.159574468085106,12.911671924290221,82.0,0.19666666666666666
efpb__015,efpb,K_HH,304,11.690970163999209,0.56,0.0,15.148936170212766,10.902208201892744,80.0,0.21
efpb__016,efpb,K_HH,304,11.96700256866232,0.52,0.0,14.574468085106384,11.372239747634069,80.0,0.20555555555555555
efpb__017,efpb,K_HH,304,12.586247777119144,0.42,0.0,11.159574468085106,12.911671924290221,82.0,0.19666666666666666
efpb__018,efpb,K_HH,304,12.586247777119144,0.42,0.0,11.159574468085106,12.911671924290221,82.0,0.19666666666666666
efpb__019,efpb,K_HH,304,12.28018178225647,0.5,0.0,12.73404255319149,12.176656151419559,80.0,0.2
efpb__020,efpb,K_HH,304,12.28018178225647,0.5,0.0,12.73404255319149,12.176656151419559,80.0,0.2
efpb__021,efpb,K_HH,304,11.690970163999209,0.56,0.0,15.148936170212766,10.902208201892744,80.0,0.21
efpb__022,efpb,K_HH,304,11.690970163999209,0.56,0.0,15.148936170212766,10.902208201892744,80.0,0.21
efpb__023,efpb,K_HH,304,12.193044852795891,0.42,0.0,12.22340425531915,12.186119873817034,81.0,0.19777777777777777
efpb__024,efpb,K_HH,304,12.586247777119144,0.42,0.0,11.159574468085106,12.911671924290221,82.0,0.19666666666666666
efpb__025,efpb,K_HH,304,12.126259632483697,0.76,0.0,16.51063829787234,11.126182965299684,80.0,0.21
efpb__026,efpb,K_HH,304,12.081011657775145,0.55,0.0,17.96808510638298,10.738170347003155,79.0,0.21777777777777776
efpb__027,efpb,K_HH,304,12.081011657775145,0.55,0.0,17.96808510638298,10.738170347003155,79.0,0.21777777777777776
efpb__028,efpb,K_HH,304,11.690970163999209,0.56,0.0,15.148936170212766,10.902208201892744,80.0,0.21
efpb__029,efpb,K_HH,304,12.081011657775145,0.55,0.0,17.96808510638298,10.738170347003155,79.0,0.21777777777777776
efpb__000,efpb,K_HH,305,12.180641306512648,0.48,0.0,14.362068965517242,11.525252525252526,80.0,0.20777777777777778
efpb__001,efpb,K_HH,305,12.518223461461861,0.49,0.0,14.64655172413793,11.878787878787879,80.0,0.2
efpb__002,efpb,K_HH,305,13.05377414857598,0.76,0.0,17.71551724137931,11.653198653198654,80.0,0.20777777777777778
efpb__003,efpb,K_HH,305,13.05377414857598,0.76,0.0,17.71551724137931,11.653198653198654,80.0,0.20777777777777778
efpb__004,efpb,K_HH,305,12.587731527584147,0.49,0.0,14.801724137931034,11.922558922558922,80.0,0.20444444444444446
efpb__005,efpb,K_HH,305,12.820952001593307,0.54,0.0,14.948275862068966,12.181818181818182,80.0,0.2088888888888889
efpb__006,efpb,K_HH,305,12.289982075283808,0.38,0.0,13.232758620689655,12.006734006734007,82.0,0.19444444444444445
efpb__007,efpb,K_HH,305,12.587731527584147,0.49,0.0,14.801724137931034,11.922558922558922,80.0,0.20444444444444446
efpb__008,efpb,K_HH,305,12.289982075283808,0.38,0.0,13.232758620689655,12.006734006734007,82.0,0.19444444444444445
efpb__009,efpb,K_HH,305,12.289982075283808,0.38,0.0,13.232758620689655,12.006734006734007,82.0,0.19444444444444445
efpb__010,efpb,K_HH,305,12.666998605855406,0.69,0.0,15.75,11.74074074074074,80.0,0.20333333333333334
efpb__011,efpb,K_HH,305,12.289982075283808,0.38,0.0,13.232758620689655,12.006734006734007,82.0,0.19444444444444445
efpb__012,efpb,K_HH,305,12.666998605855406,0.69,0.0,15.75,11.74074074074074,80.0,0.20333333333333334
efpb__013,efpb,K_HH,305,12.820952001593307,0.54,0.0,14.948275862068966,12.181818181818182,80.0,0.2088888888888889
efpb__014,efpb,K_HH,305,12.289982075283808,0.38,0.0,13.232758620689655,12.006734006734007,82.0,0.19444444444444445
efpb__015,efpb,K_HH,305,13.48635729934276,0.76,0.0,19.54310344827586,11.666666666666666,79.0,0.21555555555555556
efpb__016,efpb,K_HH,305,12.711212905795659,0.5,0.0,16.344827586206897,11.61952861952862,80.0,0.20666666666666667
efpb__017,efpb,K_HH,305,12.289982075283808,0.38,0.0,13.232758620689655,12.006734006734007,82.0,0.19444444444444445
efpb__018,efpb,K_HH,305,12.289982075283808,0.38,0.0,13.232758620689655,12.006734006734007,82.0,0.19444444444444445
efpb__019,efpb,K_HH,305,12.518223461461861,0.49,0.0,14.64655172413793,11.878787878787879,80.0,0.2
efpb__020,efpb,K_HH,305,11.735112527384985,0.46,0.0,14.327586206896552,10.956228956228957,80.0,0.20444444444444446
efpb__021,efpb,K_HH,305,13.05377414857598,0.76,0.0,17.71551724137931,11.653198653198654,80.0,0.20777777777777778
efpb__022,efpb,K_HH,305,13.48635729934276,0.76,0.0,19.54310344827586,11.666666666666666,79.0,0.21555555555555556
efpb__023,efpb,K_HH,305,12.289982075283808,0.38,0.0,13.232758620689655,12.006734006734007,82.0,0.19444444444444445
efpb__024,efpb,K_HH,305,12.289982075283808,0.38,0.0,13.232758620689655,12.006734006734007,82.0,0.19444444444444445
efpb__025,efpb,K_HH,305,12.35849432383987,0.48,0.0,14.78448275862069,11.62962962962963,80.0,0.20222222222222222
efpb__026,efpb,K_HH,305,12.180641306512648,0.48,0.0,14.362068965517242,11.525252525252526,80.0,0.20777777777777778
efpb__027,efpb,K_HH,305,12.180641306512648,0.48,0.0,14.362068965517242,11.525252525252526,80.0,0.20777777777777778
efpb__028,efpb,K_HH,305,13.05377414857598,0.76,0.0,17.71551724137931,11.653198653198654,80.0,0.20777777777777778
efpb__029,efpb,K_HH,305,12.180641306512648,0.48,0.0,14.362068965517242,11.525252525252526,80.0,0.20777777777777778
equal_bargaining__000,equal_bargaining,K_HH,301,12.006940427993058,0.53,0.0,9.564102564102564,12.718446601941748,82.0,0.17222222222222222
equal_bargaining__001,equal_bargaining,K_HH,301,12.006940427993058,0.53,0.0,9.564102564102564,12.718446601941748,82.0,0.17222222222222222
equal_bargaining__002,equal_bargaining,K_HH,301,12.006940427993058,0.53,0.0,9.564102564102564,12.718446601941748,82.0,0.17222222222222222
equal_bargaining__003,equal_bargaining,K_HH,301,12.006940427993058,0.53,0.0,9.564102564102564,12.718446601941748,82.0,0.17222222222222222
equal_bargaining__004,equal_bargaining,K_HH,301,12.006940427993058,0.53,0.0,9.564102564102564,12.718446601941748,82.0,0.17222222222222222
equal_bargaining__005,equal_bargaining,K_HH,301,12.006940427993058,0.53,0.0,9.564102564102564,12.718446601941748,82.0,0.17222222222222222
equal_bargaining__006,equal_bargaining,K_HH,301,12.006940427993058,0.53,0.0,9.564102564102564,12.718446601941748,82.0,0.17222222222222222
equal_bargaining__007,equal_bargaining,K_HH,301,12.006940427993058,0.53,0.0,9.564102564102564,12.718446601941748,82.0,0.17222222222222222
equal_bargaining__008,equal_bargaining,K_HH,301,12.006940427993058,0.53,0.0,9.564102564102564,12.718446601941748,82.0,0.17222222222222222
equal_bargaining__000,equal_bargaining,K_HH,302,12.892586989409985,0.79,0.0,12.49,13.00358422939068,82.0,0.18777777777777777
equal_bargaining__001,equal_bargaining,K_HH,302,12.892586989409985,0.79,0.0,12.49,13.00358422939068,82.0,0.18777777777777777
equal_bargaining__002,equal_bargaining,K_HH,302,12.892586989409985,0.79,0.0,12.49,13.00358422939068,82.0,0.18777777777777777
equal_bargaining__003,equal_bargaining,K_HH,302,12.892586989409985,0.79,0.0,12.49,13.00358422939068,82.0,0.18777777777777777
equal_bargaining__004,equal_bargaining,K_HH,302,12.892586989409985,0.79,0.0,12.49,13.00358422939068,82.0,0.18777777777777777
equal_bargaining__005,equal_bargaining,K_HH,302,12.892586989409985,0.79,0.0,12.49,13.00358422939068,82.0,0.18777777777777777
equal_bargaining__006,equal_bargaining,K_HH,302,12.892586989409985,0.79,0.0,12.49,13.00358422939068,82.0,0.18777777777777777
equal_bargaining__007,equal_bargaining,K_HH,302,12.892586989409985,0.79,0.0,12.49,13.00358422939068,82.0,0.18777777777777777
equal_bargaining__008,equal_bargaining,K_HH,302,12.892586989409985,0.79,0.0,12.49,13.00358422939068,82.0,0.18777777777777777
equal_bargaining__000,equal_bargaining,K_HH,303,11.085556011489537,0.37,0.0,7.27,12.070469798657719,82.0,0.17555555555555555
equal_bargaining__001,equal_bargaining,K_HH,303,11.085556011489537,0.37,0.0,7.27,12.070469798657719,82.0,0.17555555555555555
equal_bargaining__002,equal_bargaining,K_HH,303,11.085556011489537,0.37,0.0,7.27,12.070469798657719,82.0,0.17555555555555555
equal_bargaining__003,equal_bargaining,K_HH,303,11.085556011489537,0.37,0.0,7.27,12.070469798657719,82.0,0.17555555555555555
equal_bargaining__004,equal_bargaining,K_HH,303,11.085556011489537,0.37,0.0,7.27,12.070469798657719,82.0,0.17555555555555555
equal_bargaining__005,equal_bargaining,K_HH,303,11.085556011489537,0.37,0.0,7.27,12.070469798657719,82.0,0.17555555555555555
equal_bargaining__006,equal_bargaining,K_HH,303,11.085556011489537,0.37,0.0,7.27,12.070469798657719,82.0,0.17555555555555555
equal_bargaining__007,equal_bargaining,K_HH,303,11.085556011489537,0.37,0.0,7.27,12.070469798657719,82.0,0.17555555555555555
equal_bargaining__008,equal_bargaining,K_HH,303,11.085556011489537,0.37,0.0,7.27,12.070469798657719,82.0,0.17555555555555555
equal_bargaining__000,equal_bargaining,K_HH,304,12.381149970361587,0.45,0.0,10.414893617021276,12.829652996845425,82.0,0.1922222222222222
equal_bargaining__001,equal_bargaining,K_HH,304,12.381149970361587,0.45,0.0,10.414893617021276,12.829652996845425,82.0,0.1922222222222222
equal_bargaining__002,equal_bargaining,K_HH,304,12.381149970361587,0.45,0.0,10.414893617021276,12.829652996845425,82.0,0.1922222222222222
equal_bargaining__003,equal_bargaining,K_HH,304,12.381149970361587,0.45,0.0,10.414893617021276,12.829652996845425,82.0,0.1922222222222222
equal_bargaining__004,equal_bargaining,K_HH,304,12.381149970361587,0.45,0.0,10.414893617021276,12.829652996845425,82.0,0.1922222222222222
equal_bargaining__005,equal_bargaining,K_HH,304,12.381149970361587,0.45,0.0,10.414893617021276,12.829652996845425,82.0,0.1922222222222222
equal_bargaining__006,equal_bargaining,K_HH,304,12.381149970361587,0.45,0.0,10.414893617021276,12.829652996845425,82.0,0.1922222222222222
equal_bargaining__007,equal_bargaining,K_HH,304,12.381149970361587,0.45,0.0,10.414893617021276,12.829652996845425,82.0,0.1922222222222222
equal_bargaining__008,equal_bargaining,K_HH,304,12.381149970361587,0.45,0.0,10.414893617021276,12.829652996845425,82.0,0.1922222222222222
equal_bargaining__000,equal_bargaining,K_HH,305,12.093009360685121,0.36,0.0,9.5,12.872053872053872,82.0,0.17888888888888888
equal_bargaining__001,equal_bargaining,K_HH,305,12.093009360685121,0.36,0.0,9.5,12.872053872053872,82.0,0.17888888888888888
equal_bargaining__002,equal_bargaining,K_HH,305,12.093009360685121,0.36,0.0,9.5,12.872053872053872,82.0,0.17888888888888888
equal_bargaining__003,equal_bargaining,K_HH,305,12.093009360685121,0.36,0.0,9.5,12.872053872053872,82.0,0.17888888888888888
equal_bargaining__004,equal_bargaining,K_HH,305,12.093009360685121,0.36,0.0,9.5,12.872053872053872,82.0,0.17888888888888888
equal_bargaining__005,equal_bargaining,K_HH,305,12.093009360685121,0.36,0.0,9.5,12.872053872053872,82.0,0.17888888888888888
equal_bargaining__006,equal_bargaining,K_HH,305,12.093009360685121,0.36,0.0,9.5,12.872053872053872,82.0,0.17888888888888888
equal_bargaining__007,equal_bargaining,K_HH,305,12.093009360685121,0.36,0.0,9.5,12.872053872053872,82.0,0.17888888888888888
equal_bargaining__008,equal_bargaining,K_HH,305,12.093009360685121,0.36,0.0,9.5,12.872053872053872,82.0,0.17888888888888888
fixed_time__000,fixed_time,K_HH,301,13.303065355696933,0.35,0.0,15.2991452991453,12.72168284789644,68.0,0.15555555555555556
fixed_time__001,fixed_time,K_HH,301,14.948717948717949,0.4,0.0,17.23931623931624,14.281553398058252,61.0,0.14
fixed_time__002,fixed_time,K_HH,301,18.157123578176204,0.77,0.0,26.752136752136753,15.653721682847896,50.0,0.11666666666666667
fixed_time__003,fixed_time,K_HH,301,20.001735106998265,0.67,0.0,27.752136752136753,17.74433656957929,40.0,0.09333333333333334
fixed_time__004,fixed_time,K_HH,301,24.640254482359744,0.73,0.0,36.87179487179487,21.07766990291262,34.0,0.07777777777777778
fixed_time__005,fixed_time,K_HH,301,29.943127048390203,0.96,0.0,40.24786324786325,26.941747572815533,25.0,0.057777777777777775
fixed_time__006,fixed_time,K_HH,301,12.021014073645652,0.29,0.0,11.726495726495726,12.106796116504855,82.0,0.18666666666666668
fixed_time__007,fixed_time,K_HH,301,14.657991131675342,0.34,0.0,11.017094017094017,15.718446601941748,76.0,0.17444444444444446
fixed_time__008,fixed_time,K_HH,301,14.076537497590127,0.35,0.0,12.350427350427351,14.579288025889968,68.0,0.15555555555555556
fixed_time__009,fixed_time,K_HH,301,15.430113745903217,0.38,0.0,12.82905982905983,16.187702265372167,61.0,0.14
fixed_time__010,fixed_time,K_HH,301,17.918064391748597,0.45,0.0,14.692307692307692,18.857605177993527,50.0,0.11666666666666667
fixed_time__011,fixed_time,K_HH,301,20.47310584152689,0.55,0.0,20.23076923076923,20.54368932038835,40.0,0.09333333333333334
fixed_time__012,fixed_time,K_HH,301,25.67399267399267,0.65,0.0,25.41025641025641,25.750809061488674,33.0,0.07777777777777778
fixed_time__013,fixed_time,K_HH,301,32.42008868324658,0.85,0.0,30.94017094017094,32.85113268608414,25.0,0.057777777777777775
fixed_time__000,fixed_time,K_HH,302,13.872919818456884,0.37,0.0,16.22,13.225806451612904,68.0,0.15555555555555556
fixed_time__001,fixed_time,K_HH,302,15.33390966068727,0.4,0.0,17.26,14.802867383512545,61.0,0.14
fixed_time__002,fixed_time,K_HH,302,17.893883725956343,0.54,0.0,25.14,15.89605734767025,50.0,0.11666666666666667
fixed_time__003,fixed_time,K_HH,302,20.403933434190623,0.58,0.0,25.86,18.899641577060933,40.0,0.09333333333333334
fixed_time__004,fixed_time,K_HH,302,24.221093581154093,0.73,0.0,34.76,21.315412186379927,34.0,0.07777777777777778
fixed_time__005,fixed_time,K_HH,302,31.579208990706725,0.96,0.0,49.28,26.698924731182796,25.0,0.057777777777777775
fixed_time__006,fixed_time,K_HH,302,12.545277717743678,0.29,0.0,11.52,12.827956989247312,82.0,0.18666666666666668
fixed_time__007,fixed_time,K_HH,302,14.087529716879189,0.32,0.0,11.74,14.734767025089607,76.0,0.17444444444444446
fixed_time__008,fixed_time,K_HH,302,14.192133131618759,0.35,0.0,13.55,14.369175627240143,68.0,0.15555555555555556
fixed_time__009,fixed_time,K_HH,302,16.16209206829479,0.38,0.0,13.76,16.82437275985663,61.0,0.14
fixed_time__010,fixed_time,K_HH,302,18.711908363950723,0.45,0.0,15.99,19.462365591397848,50.0,0.11666666666666667
fixed_time__011,fixed_time,K_HH,302,22.192349254376488,0.55,0.0,20.03,22.788530465949822,40.0,0.09333333333333334
fixed_time__012,fixed_time,K_HH,302,24.849578560622433,0.65,0.0,21.21,25.85304659498208,33.0,0.07777777777777778
fixed_time__013,fixed_time,K_HH,302,32.36438296952669,0.85,0.0,31.84,32.5089605734767,25.0,0.057777777777777775
fixed_time__000,fixed_time,K_HH,303,14.153877718506358,0.34,0.0,14.62,14.033557046979865,68.0,0.15555555555555556
fixed_time__001,fixed_time,K_HH,303,14.266721378744355,0.4,0.0,17.64,13.395973154362416,61.0,0.14
fixed_time__002,fixed_time,K_HH,303,16.555806319244972,0.5,0.0,22.96,14.90268456375839,50.0,0.11666666666666667
fixed_time__003,fixed_time,K_HH,303,20.336274107509233,0.61,0.0,29.01,18.09731543624161,40.0,0.09333333333333334
fixed_time__004,fixed_time,K_HH,303,24.19121871153057,0.72,0.0,34.24,21.59731543624161,34.0,0.07777777777777778
fixed_time__005,fixed_time,K_HH,303,30.8984407057858,0.96,0.0,44.48,27.392617449664428,25.0,0.057777777777777775
fixed_time__006,fixed_time,K_HH,303,12.469224456298729,0.29,0.0,11.18,12.802013422818792,82.0,0.18666666666666668
fixed_time__007,fixed_time,K_HH,303,13.010668855149774,0.42,0.0,10.27,13.718120805369127,76.0,0.17444444444444446
fixed_time__008,fixed_time,K_HH,303,14.42757488715634,0.35,0.0,12.08,15.033557046979865,68.0,0.15555555555555556
fixed_time__009,fixed_time,K_HH,303,14.617972917521541,0.39,0.0,12.54,15.154362416107382,61.0,0.14
fixed_time__010,fixed_time,K_HH,303,17.500410340582683,0.45,0.0,16.67,17.71476510067114,50.0,0.11666666666666667
fixed_time__011,fixed_time,K_HH,303,21.269798933114483,0.55,0.0,19.39,21.75503355704698,40.0,0.09333333333333334
fixed_time__012,fixed_time,K_HH,303,26.506360279031597,0.65,0.0,25.66,26.7248322147651,33.0,0.07777777777777778
fixed_time__013,fixed_time,K_HH,303,33.36048420188756,0.85,0.0,31.91,33.73489932885906,25.0,0.057777777777777775
fixed_time__000,fixed_time,K_HH,304,13.186129223473621,0.35,0.0,14.77659574468085,12.823343848580441,68.0,0.15555555555555556
fixed_time__001,fixed_time,K_HH,304,14.938549693736416,0.39,0.0,14.48936170212766,15.041009463722398,61.0,0.14
fixed_time__002,fixed_time,K_HH,304,17.90871369294606,0.51,0.0,25.03191489361702,16.28391167192429,50.0,0.11666666666666667
fixed_time__003,fixed_time,K_HH,304,20.89843904366726,0.61,0.0,28.03191489361702,19.271293375394322,40.0,0.09333333333333334
fixed_time__004,fixed_time,K_HH,304,22.93637621023513,0.73,0.0,39.308510638297875,19.201892744479494,34.0,0.07777777777777778
fixed_time__005,fixed_time,K_HH,304,30.52934202726734,0.96,0.0,40.691489361702125,28.21135646687697,25.0,0.057777777777777775
fixed_time__006,fixed_time,K_HH,304,12.235724165184745,0.29,0.0,10.904255319148936,12.53943217665615,82.0,0.18666666666666668
fixed_time__007,fixed_time,K_HH,304,14.678522031219128,0.38,0.0,10.48936170212766,15.634069400630915,76.0,0.17444444444444446
fixed_time__008,fixed_time,K_HH,304,14.246986761509584,0.4,0.0,12.97872340425532,14.53627760252366,68.0,0.15555555555555556
fixed_time__009,fixed_time,K_HH,304,16.012250543370875,0.38,0.0,11.446808510638299,17.053627760252365,61.0,0.14
fixed_time__010,fixed_time,K_HH,304,18.651649871566885,0.45,0.0,16.170212765957448,19.217665615141957,50.0,0.11666666666666667
fixed_time__011,fixed_time,K_HH,304,21.70499901205295,0.55,0.0,18.351063829787233,22.470031545741325,40.0,0.09333333333333334
fixed_time__012,fixed_time,K_HH,304,24.61035368504248,0.65,0.0,24.893617021276597,24.545741324921135,33.0,0.07777777777777778
fixed_time__013,fixed_time,K_HH,304,33.14364750049397,0.85,0.0,28.670212765957448,34.16403785488959,25.0,0.057777777777777775
fixed_time__000,fixed_time,K_HH,305,14.054969129655447,0.35,0.0,16.56896551724138,13.2996632996633,68.0,0.15555555555555556
fixed_time__001,fixed_time,K_HH,305,15.844453296156143,0.53,0.0,20.448275862068964,14.461279461279462,61.0,0.14
fixed_time__002,fixed_time,K_HH,305,18.082055367456682,0.74,0.0,26.155172413793103,15.656565656565656,50.0,0.11666666666666667
fixed_time__003,fixed_time,K_HH,305,21.383588926508665,0.72,0.0,25.887931034482758,20.03030303030303,40.0,0.09333333333333334
fixed_time__004,fixed_time,K_HH,305,26.163712407886873,0.8,0.0,38.76724137931034,22.377104377104377,34.0,0.07777777777777778
fixed_time__005,fixed_time,K_HH,305,31.236008763194583,0.96,0.0,41.26724137931034,28.22222222222222,25.0,0.057777777777777775
fixed_time__006,fixed_time,K_HH,305,12.84644493128859,0.29,0.0,11.85344827586207,13.144781144781145,82.0,0.18666666666666668
fixed_time__007,fixed_time,K_HH,305,12.741087432782313,0.32,0.0,9.75,13.63973063973064,76.0,0.17444444444444446
fixed_time__008,fixed_time,K_HH,305,14.452698665604462,0.35,0.0,12.698275862068966,14.97979797979798,68.0,0.15555555555555556
fixed_time__009,fixed_time,K_HH,305,15.523600876319456,0.38,0.0,13.198275862068966,16.22222222222222,61.0,0.14
fixed_time__010,fixed_time,K_HH,305,19.310894244174467,0.45,0.0,18.137931034482758,19.663299663299664,50.0,0.11666666666666667
fixed_time__011,fixed_time,K_HH,305,22.42899820752838,0.55,0.0,17.82758620689655,23.811447811447813,40.0,0.09333333333333334
fixed_time__012,fixed_time,K_HH,305,26.791874128659625,0.65,0.0,25.03448275862069,27.31986531986532,33.0,0.07777777777777778
fixed_time__013,fixed_time,K_HH,305,33.51185022903804,0.85,0.0,31.853448275862068,34.01010101010101,25.0,0.057777777777777775
efficiency__000,efficiency,K_HH_burst,301,13.063540361553606,0.41,0.0,17.238095238095237,12.097421203438396,81.0,0.19111111111111112
efficiency__001,efficiency,K_HH_burst,301,13.063540361553606,0.41,0.0,17.238095238095237,12.097421203438396,81.0,0.19111111111111112
efficiency__002,efficiency,K_HH_burst,301,13.063540361553606,0.41,0.0,17.238095238095237,12.097421203438396,81.0,0.19111111111111112
efficiency__003,efficiency,K_HH_burst,301,13.904778951136567,0.52,0.0,20.97142857142857,12.269340974212035,79.0,0.19555555555555557
efficiency__004,efficiency,K_HH_burst,301,13.904778951136567,0.52,0.0,20.97142857142857,12.269340974212035,79.0,0.19555555555555557
efficiency__005,efficiency,K_HH_burst,301,13.904778951136567,0.52,0.0,20.97142857142857,12.269340974212035,79.0,0.19555555555555557
efficiency__006,efficiency,K_HH_burst,301,13.904778951136567,0.52,0.0,20.97142857142857,12.269340974212035,79.0,0.19555555555555557
efficiency__007,efficiency,K_HH_burst,301,13.904778951136567,0.52,0.0,20.97142857142857,12.269340974212035,79.0,0.19555555555555557
efficiency__008,efficiency,K_HH_burst,301,13.904778951136567,0.52,0.0,20.97142857142857,12.269340974212035,79.0,0.19555555555555557
efficiency__009,efficiency,K_HH_burst,301,13.063540361553606,0.41,0.0,17.238095238095237,12.097421203438396,81.0,0.19111111111111112
efficiency__010,efficiency,K_HH_burst,301,13.063540361553606,0.41,0.0,17.238095238095237,12.097421203438396,81.0,0.19111111111111112
efficiency__011,efficiency,K_HH_burst,301,13.063540361553606,0.41,0.0,17.238095238095237,12.097421203438396,81.0,0.19111111111111112
efficiency__012,efficiency,K_HH_burst,301,13.904778951136567,0.52,0.0,20.97142857142857,12.269340974212035,79.0,0.19555555555555557
efficiency__013,efficiency,K_HH_burst,301,13.904778951136567,0.52,0.0,20.97142857142857,12.269340974212035,79.0,0.19555555555555557
efficiency__014,efficiency,K_HH_burst,301,13.904778951136567,0.52,0.0,20.97142857142857,12.269340974212035,79.0,0.19555555555555557
efficiency__015,efficiency,K_HH_burst,301,13.904778951136567,0.52,0.0,20.97142857142857,12.269340974212035,79.0,0.19555555555555557
efficiency__016,efficiency,K_HH_burst,301,13.904778951136567,0.52,0.0,20.97142857142857,12.269340974212035,79.0,0.19555555555555557
efficiency__017,efficiency,K_HH_burst,301,13.904778951136567,0.52,0.0,20.97142857142857,12.269340974212035,79.0,0.19555555555555557
efficiency__018,efficiency,K_HH_burst,301,13.063540361553606,0.41,0.0,17.238095238095237,12.097421203438396,81.0,0.19111111111111112
efficiency__019,efficiency,K_HH_burst,301,13.063540361553606,0.41,0.0,17.238095238095237,12.097421203438396,81.0,0.19111111111111112
efficiency__020,efficiency,K_HH_burst,301,13.063540361553606,0.41,0.0,17.238095238095237,12.097421203438396,81.0,0.19111111111111112
efficiency__021,efficiency,K_HH_burst,301,13.904778951136567,0.52,0.0,20.97142857142857,12.269340974212035,79.0,0.19555555555555557
efficiency__022,efficiency,K_HH_burst,301,13.904778951136567,0.52,0.0,20.97142857142857,12.269340974212035,79.0,0.19555555555555557
efficiency__023,efficiency,K_HH_burst,301,13.904778951136567,0.52,0.0,20.97142857142857,12.269340974212035,79.0,0.19555555555555557
efficiency__024,efficiency,K_HH_burst,301,13.904778951136567,0.52,0.0,20.97142857142857,12.269340974212035,79.0,0.19555555555555557
efficiency__025,efficiency,K_HH_burst,301,13.904778951136567,0.52,0.0,20.97142857142857,12.269340974212035,79.0,0.19555555555555557
efficiency__026,efficiency,K_HH_burst,301,13.904778951136567,0.52,0.0,20.97142857142857,12.269340974212035,79.0,0.19555555555555557
efficiency__000,efficiency,K_HH_burst,302,13.513054591929889,0.7,0.0,18.66355140186916,12.262536873156343,78.0,0.19444444444444445
efficiency__001,efficiency,K_HH_burst,302,13.513054591929889,0.7,0.0,18.66355140186916,12.262536873156343,78.0,0.19444444444444445
efficiency__002,efficiency,K_HH_burst,302,13.513054591929889,0.7,0.0,18.66355140186916,12.262536873156343,78.0,0.19444444444444445
efficiency__003,efficiency,K_HH_burst,302,13.696184042358956,0.47,0.0,18.61682242990654,12.501474926253687,76.0,0.19555555555555557
efficiency__004,efficiency,K_HH_burst,302,13.696184042358956,0.47,0.0,18.61682242990654,12.501474926253687,76.0,0.19555555555555557
efficiency__005,efficiency,K_HH_burst,302,13.696184042358956,0.47,0.0,18.61682242990654,12.501474926253687,76.0,0.19555555555555557
efficiency__006,efficiency,K_HH_burst,302,13.696184042358956,0.47,0.0,18.61682242990654,12.501474926253687,76.0,0.19555555555555557
efficiency__007,efficiency,K_HH_burst,302,13.696184042358956,0.47,0.0,18.61682242990654,12.501474926253687,76.0,0.19555555555555557
efficiency__008,efficiency,K_HH_burst,302,13.696184042358956,0.47,0.0,18.61682242990654,12.501474926253687,76.0,0.19555555555555557
efficiency__009,efficiency,K_HH_burst,302,13.513054591929889,0.7,0.0,18.66355140186916,12.262536873156343,78.0,0.19444444444444445
efficiency__010,efficiency,K_HH_burst,302,13.513054591929889,0.7,0.0,18.66355140186916,12.262536873156343,78.0,0.19444444444444445
efficiency__011,efficiency,K_HH_burst,302,13.513054591929889,0.7,0.0,18.66355140186916,12.262536873156343,78.0,0.19444444444444445
efficiency__012,efficiency,K_HH_burst,302,13.696184042358956,0.47,0.0,18.61682242990654,12.501474926253687,76.0,0.19555555555555557
efficiency__013,efficiency,K_HH_burst,302,13.696184042358956,0.47,0.0,18.61682242990654,12.501474926253687,76.0,0.19555555555555557
efficiency__014,efficiency,K_HH_burst,302,13.696184042358956,0.47,0.0,18.61682242990654,12.501474926253687,76.0,0.19555555555555557
efficiency__015,efficiency,K_HH_burst,302,13.696184042358956,0.47,0.0,18.61682242990654,12.501474926253687,76.0,0.19555555555555557
efficiency__016,efficiency,K_HH_burst,302,13.696184042358956,0.47,0.0,18.61682242990654,12.501474926253687,76.0,0.19555555555555557
efficiency__017,efficiency,K_HH_burst,302,13.696184042358956,0.47,0.0,18.61682242990654,12.501474926253687,76.0,0.19555555555555557
efficiency__018,efficiency,K_HH_burst,302,13.513054591929889,0.7,0.0,18.66355140186916,12.262536873156343,78.0,0.19444444444444445
efficiency__019,efficiency,K_HH_burst,302,13.513054591929889,0.7,0.0,18.66355140186916,12.262536873156343,78.0,0.19444444444444445
efficiency__020,efficiency,K_HH_burst,302,13.513054591929889,0.7,0.0,18.66355140186916,12.262536873156343,78.0,0.19444444444444445
efficiency__021,efficiency,K_HH_burst,302,13.696184042358956,0.47,0.0,18.61682242990654,12.501474926253687,76.0,0.19555555555555557
efficiency__022,efficiency,K_HH_burst,302,13.696184042358956,0.47,0.0,18.61682242990654,12.501474926253687,76.0,0.19555555555555557
efficiency__023,efficiency,K_HH_burst,302,13.696184042358956,0.47,0.0,18.61682242990654,12.501474926253687,76.0,0.19555555555555557
efficiency__024,efficiency,K_HH_burst,302,13.696184042358956,0.47,0.0,18.61682242990654,12.501474926253687,76.0,0.19555555555555557
efficiency__025,efficiency,K_HH_burst,302,13.696184042358956,0.47,0.0,18.61682242990654,12.501474926253687,76.0,0.19555555555555557
efficiency__026,efficiency,K_HH_burst,302,13.696184042358956,0.47,0.0,18.61682242990654,12.501474926253687,76.0,0.19555555555555557
efficiency__000,efficiency,K_HH_burst,303,13.481237322515213,0.53,0.0,15.148760330578513,13.052486187845304,81.0,0.19777777777777777
efficiency__001,efficiency,K_HH_burst,303,13.481237322515213,0.53,0.0,15.148760330578513,13.052486187845304,81.0,0.19777777777777777
efficiency__002,efficiency,K_HH_burst,303,13.481237322515213,0.53,0.0,15.148760330578513,13.052486187845304,81.0,0.19777777777777777
efficiency__003,efficiency,K_HH_burst,303,12.744929006085192,0.59,0.0,15.652892561983471,11.997237569060774,80.0,0.20333333333333334
efficiency__004,efficiency,K_HH_burst,303,12.744929006085192,0.59,0.0,15.652892561983471,11.997237569060774,80.0,0.20333333333333334
efficiency__005,efficiency,K_HH_burst,303,12.744929006085192,0.59,0.0,15.652892561983471,11.997237569060774,80.0,0.20333333333333334
efficiency__006,efficiency,K_HH_burst,303,12.744929006085192,0.59,0.0,15.652892561983471,11.997237569060774,80.0,0.20333333333333334
efficiency__007,efficiency,K_HH_burst,303,12.744929006085192,0.59,0.0,15.652892561983471,11.997237569060774,80.0,0.20333333333333334
efficiency__008,efficiency,K_HH_burst,303,12.744929006085192,0.59,0.0,15.652892561983471,11.997237569060774,80.0,0.20333333333333334
efficiency__009,efficiency,K_HH_burst,303,13.481237322515213,0.53,0.0,15.148760330578513,13.052486187845304,81.0,0.19777777777777777
efficiency__010,efficiency,K_HH_burst,303,13.481237322515213,0.53,0.0,15.148760330578513,13.052486187845304,81.0,0.19777777777777777
efficiency__011,efficiency,K_HH_burst,303,13.481237322515213,0.53,0.0,15.148760330578513,13.052486187845304,81.0,0.19777777777777777
efficiency__012,efficiency,K_HH_burst,303,12.744929006085192,0.59,0.0,15.652892561983471,11.997237569060774,80.0,0.20333333333333334
efficiency__013,efficiency,K_HH_burst,303,12.744929006085192,0.59,0.0,15.652892561983471,11.997237569060774,80.0,0.20333333333333334
efficiency__014,efficiency,K_HH_burst,303,12.744929006085192,0.59,0.0,15.652892561983471,11.997237569060774,80.0,0.20333333333333334
efficiency__015,efficiency,K_HH_burst,303,12.744929006085192,0.59,0.0,15.652892561983471,11.997237569060774,80.0,0.20333333333333334
efficiency__016,efficiency,K_HH_burst,303,12.744929006085192,0.59,0.0,15.652892561983471,11.997237569060774,80.0,0.20333333333333334
efficiency__017,efficiency,K_HH_burst,303,12.744929006085192,0.59,0.0,15.652892561983471,11.997237569060774,80.0,0.20333333333333334
efficiency__018,efficiency,K_HH_burst,303,13.481237322515213,0.53,0.0,15.148760330578513,13.052486187845304,81.0,0.19777777777777777
efficiency__019,efficiency,K_HH_burst,303,13.481237322515213,0.53,0.0,15.148760330578513,13.052486187845304,81.0,0.19777777777777777
efficiency__020,efficiency,K_HH_burst,303,13.481237322515213,0.53,0.0,15.148760330578513,13.052486187845304,81.0,0.19777777777777777
efficiency__021,efficiency,K_HH_burst,303,12.744929006085192,0.59,0.0,15.652892561983471,11.997237569060774,80.0,0.20333333333333334
efficiency__022,efficiency,K_HH_burst,303,12.744929006085192,0.59,0.0,15.652892561983471,11.997237569060774,80.0,0.20333333333333334
efficiency__023,efficiency,K_HH_burst,303,12.744929006085192,0.59,0.0,15.652892561983471,11.997237569060774,80.0,0.20333333333333334
efficiency__024,efficiency,K_HH_burst,303,12.744929006085192,0.59,0.0,15.652892561983471,11.997237569060774,80.0,0.20333333333333334
efficiency__025,efficiency,K_HH_burst,303,12.744929006085192,0.59,0.0,15.652892561983471,11.997237569060774,80.0,0.20333333333333334
efficiency__026,efficiency,K_HH_burst,303,12.744929006085192,0.59,0.0,15.652892561983471,11.997237569060774,80.0,0.20333333333333334
efficiency__000,efficiency,K_HH_burst,304,13.28817352384231,0.4,0.0,17.483606557377048,12.172804532577903,83.0,0.18666666666666668
efficiency__001,efficiency,K_HH_burst,304,13.28817352384231,0.4,0.0,17.483606557377048,12.172804532577903,83.0,0.18666666666666668
efficiency__002,efficiency,K_HH_burst,304,13.28817352384231,0.4,0.0,17.483606557377048,12.172804532577903,83.0,0.18666666666666668
efficiency__003,efficiency,K_HH_burst,304,13.936305732484072,0.41,0.0,16.78688524590164,13.178470254957507,77.0,0.19555555555555557
efficiency__004,efficiency,K_HH_burst,304,13.936305732484072,0.41,0.0,16.78688524590164,13.178470254957507,77.0,0.19555555555555557
efficiency__005,efficiency,K_HH_burst,304,13.936305732484072,0.41,0.0,16.78688524590164,13.178470254957507,77.0,0.19555555555555557
efficiency__006,efficiency,K_HH_burst,304,13.936305732484072,0.41,0.0,16.78688524590164,13.178470254957507,77.0,0.19555555555555557
efficiency__007,efficiency,K_HH_burst,304,13.936305732484072,0.41,0.0,16.78688524590164,13.178470254957507,77.0,0.19555555555555557
efficiency__008,efficiency,K_HH_burst,304,13.936305732484072,0.41,0.0,16.78688524590164,13.178470254957507,77.0,0.19555555555555557
efficiency__009,efficiency,K_HH_burst,304,13.28817352384231,0.4,0.0,17.483606557377048,12.172804532577903,83.0,0.18666666666666668
efficiency__010,efficiency,K_HH_burst,304,13.28817352384231,0.4,0.0,17.483606557377048,12.172804532577903,83.0,0.18666666666666668
efficiency__011,efficiency,K_HH_burst,304,13.28817352384231,0.4,0.0,17.483606557377048,12.172804532577903,83.0,0.18666666666666668
efficiency__012,efficiency,K_HH_burst,304,13.936305732484072,0.41,0.0,16.78688524590164,13.178470254957507,77.0,0.19555555555555557
efficiency__013,efficiency,K_HH_burst,304,13.936305732484072,0.41,0.0,16.78688524590164,13.178470254957507,77.0,0.19555555555555557
efficiency__014,efficiency,K_HH_burst,304,13.936305732484072,0.41,0.0,16.78688524590164,13.178470254957507,77.0,0.19555555555555557
efficiency__015,efficiency,K_HH_burst,304,13.936305732484072,0.41,0.0,16.78688524590164,13.178470254957507,77.0,0.19555555555555557
efficiency__016,efficiency,K_HH_burst,304,13.936305732484072,0.41,0.0,16.78688524590164,13.178470254957507,77.0,0.19555555555555557
efficiency__017,efficiency,K_HH_burst,304,13.936305732484072,0.41,0.0,16.78688524590164,13.178470254957507,77.0,0.19555555555555557
efficiency__018,efficiency,K_HH_burst,304,13.28817352384231,0.4,0.0,17.483606557377048,12.172804532577903,83.0,0.18666666666666668
efficiency__019,efficiency,K_HH_burst,304,13.28817352384231,0.4,0.0,17.483606557377048,12.172804532577903,83.0,0.18666666666666668
efficiency__020,efficiency,K_HH_burst,304,13.28817352384231,0.4,0.0,17.483606557377048,12.172804532577903,83.0,0.18666666666666668
efficiency__021,efficiency,K_HH_burst,304,13.936305732484072,0.41,0.0,16.78688524590164,13.178470254957507,77.0,0.19555555555555557
efficiency__022,efficiency,K_HH_burst,304,13.936305732484072,0.41,0.0,16.78688524590164,13.178470254957507,77.0,0.19555555555555557
efficiency__023,efficiency,K_HH_burst,304,13.936305732484072,0.41,0.0,16.78688524590164,13.178470254957507,77.0,0.19555555555555557
efficiency__024,efficiency,K_HH_burst,304,13.936305732484072,0.41,0.0,16.78688524590164,13.178470254957507,77.0,0.19555555555555557
efficiency__025,efficiency,K_HH_burst,304,13.936305732484072,0.41,0.0,16.78688524590164,13.178470254957507,77.0,0.19555555555555557
efficiency__026,efficiency,K_HH_burst,304,13.936305732484072,0.41,0.0,16.78688524590164,13.178470254957507,77.0,0.19555555555555557
efficiency__000,efficiency,K_HH_burst,305,13.371168493405166,0.5,0.0,14.898148148148149,12.987915407854985,81.0,0.18777777777777777
efficiency__001,efficiency,K_HH_burst,305,13.371168493405166,0.5,0.0,14.898148148148149,12.987915407854985,81.0,0.18777777777777777
efficiency__002,efficiency,K_HH_burst,305,13.371168493405166,0.5,0.0,14.898148148148149,12.987915407854985,81.0,0.18777777777777777
efficiency__003,efficiency,K_HH_burst,305,13.945383615084527,0.52,0.0,17.796296296296298,12.978851963746223,79.0,0.19666666666666666
efficiency__004,efficiency,K_HH_burst,305,13.945383615084527,0.52,0.0,17.796296296296298,12.978851963746223,79.0,0.19666666666666666
efficiency__005,efficiency,K_HH_burst,305,13.945383615084527,0.52,0.0,17.796296296296298,12.978851963746223,79.0,0.19666666666666666
efficiency__006,efficiency,K_HH_burst,305,13.945383615084527,0.52,0.0,17.796296296296298,12.978851963746223,79.0,0.19666666666666666
efficiency__007,efficiency,K_HH_burst,305,13.945383615084527,0.52,0.0,17.796296296296298,12.978851963746223,79.0,0.19666666666666666
efficiency__008,efficiency,K_HH_burst,305,13.945383615084527,0.52,0.0,17.796296296296298,12.978851963746223,79.0,0.19666666666666666
efficiency__009,efficiency,K_HH_burst,305,13.371168493405166,0.5,0.0,14.898148148148149,12.987915407854985,81.0,0.18777777777777777
efficiency__010,efficiency,K_HH_burst,305,13.371168493405166,0.5,0.0,14.898148148148149,12.987915407854985,81.0,0.18777777777777777
efficiency__011,efficiency,K_HH_burst,305,13.371168493405166,0.5,0.0,14.898148148148149,12.987915407854985,81.0,0.18777777777777777
efficiency__012,efficiency,K_HH_burst,305,13.945383615084527,0.52,0.0,17.796296296296298,12.978851963746223,79.0,0.19666666666666666
efficiency__013,efficiency,K_HH_burst,305,13.945383615084527,0.52,0.0,17.796296296296298,12.978851963746223,79.0,0.19666666666666666
efficiency__014,efficiency,K_HH_burst,305,13.945383615084527,0.52,0.0,17.796296296296298,12.978851963746223,79.0,0.19666666666666666
efficiency__015,efficiency,K_HH_burst,305,13.945383615084527,0.52,0.0,17.796296296296298,12.978851963746223,79.0,0.19666666666666666
efficiency__016,efficiency,K_HH_burst,305,13.945383615084527,0.52,0.0,17.796296296296298,12.978851963746223,79.0,0.19666666666666666
efficiency__017,efficiency,K_HH_burst,305,13.945383615084527,0.52,0.0,17.796296296296298,12.978851963746223,79.0,0.19666666666666666
efficiency__018,efficiency,K_HH_burst,305,13.371168493405166,0.5,0.0,14.898148148148149,12.987915407854985,81.0,0.18777777777777777
efficiency__019,efficiency,K_HH_burst,305,13.371168493405166,0.5,0.0,14.898148148148149,12.987915407854985,81.0,0.18777777777777777
efficiency__020,efficiency,K_HH_burst,305,13.371168493405166,0.5,0.0,14.898148148148149,12.987915407854985,81.0,0.18777777777777777
efficiency__021,efficiency,K_HH_burst,305,13.945383615084527,0.52,0.0,17.796296296296298,12.978851963746223,79.0,0.19666666666666666
efficiency__022,efficiency,K_HH_burst,305,13.945383615084527,0.52,0.0,17.796296296296298,12.978851963746223,79.0,0.19666666666666666
efficiency__023,efficiency,K_HH_burst,305,13.945383615084527,0.52,0.0,17.796296296296298,12.978851963746223,79.0,0.19666666666666666
efficiency__024,efficiency,K_HH_burst,305,13.945383615084527,0.52,0.0,17.796296296296298,12.978851963746223,79.0,0.19666666666666666
efficiency__025,efficiency,K_HH_burst,305,13.945383615084527,0.52,0.0,17.796296296296298,12.978851963746223,79.0,0.19666666666666666
efficiency__026,efficiency,K_HH_burst,305,13.945383615084527,0.52,0.0,17.796296296296298,12.978851963746223,79.0,0.19666666666666666
efpb__000,efpb,K_HH_burst,301,14.393413280830499,0.53,0.0,24.80952380952381,11.982808022922637,75.0,0.2088888888888889
efpb__001,efpb,K_HH_burst,301,15.514050474315376,0.81,0.0,28.82857142857143,12.432664756446991,74.0,0.21
efpb__002,efpb,K_HH_burst,301,14.876499015571863,0.81,0.0,27.714285714285715,11.9054441260745,74.0,0.20555555555555555
efpb__003,efpb,K_HH_burst,301,14.893323787363524,0.81,0.0,27.580952380952382,11.95702005730659,74.0,0.20555555555555555
efpb__004,efpb,K_HH_burst,301,14.426883837479863,0.53,0.0,23.142857142857142,12.40974212034384,75.0,0.2088888888888889
efpb__005,efpb,K_HH_burst,301,14.343475926257382,0.53,0.0,23.34285714285714,12.260744985673352,75.0,0.20444444444444446
efpb__006,efpb,K_HH_burst,301,13.139788795417935,0.38,0.0,13.780952380952382,12.991404011461318,79.0,0.2
efpb__007,efpb,K_HH_burst,301,14.426883837479863,0.53,0.0,23.142857142857142,12.40974212034384,75.0,0.2088888888888889
efpb__008,efpb,K_HH_burst,301,14.665294433506352,0.66,0.0,18.295238095238094,13.825214899713467,78.0,0.2011111111111111
efpb__009,efpb,K_HH_burst,301,14.665294433506352,0.66,0.0,18.295238095238094,13.825214899713467,78.0,0.2011111111111111
efpb__010,efpb,K_HH_burst,301,14.901557186325396,0.81,0.0,27.847619047619048,11.9054441260745,74.0,0.21
efpb__011,efpb,K_HH_burst,301,14.665294433506352,0.66,0.0,18.295238095238094,13.825214899713467,78.0,0.2011111111111111
efpb__012,efpb,K_HH_burst,301,14.901557186325396,0.81,0.0,27.847619047619048,11.9054441260745,74.0,0.21
efpb__013,efpb,K_HH_burst,301,14.343475926257382,0.53,0.0,23.34285714285714,12.260744985673352,75.0,0.20444444444444446
efpb__014,efpb,K_HH_burst,301,13.139788795417935,0.38,0.0,13.780952380952382,12.991404011461318,79.0,0.2
efpb__015,efpb,K_HH_burst,301,14.901557186325396,0.81,0.0,27.847619047619048,11.9054441260745,74.0,0.21
efpb__016,efpb,K_HH_burst,301,14.368534097010917,0.53,0.0,23.476190476190474,12.260744985673352,75.0,0.2088888888888889
efpb__017,efpb,K_HH_burst,301,14.665294433506352,0.66,0.0,18.295238095238094,13.825214899713467,78.0,0.2011111111111111
efpb__018,efpb,K_HH_burst,301,14.665294433506352,0.66,0.0,18.295238095238094,13.825214899713467,78.0,0.2011111111111111
efpb__019,efpb,K_HH_burst,301,15.514050474315376,0.81,0.0,28.82857142857143,12.432664756446991,74.0,0.21
efpb__020,efpb,K_HH_burst,301,15.48899230356184,0.81,0.0,28.695238095238096,12.432664756446991,74.0,0.20555555555555555
efpb__021,efpb,K_HH_burst,301,14.901557186325396,0.81,0.0,27.847619047619048,11.9054441260745,74.0,0.21
efpb__022,efpb,K_HH_burst,301,14.901557186325396,0.81,0.0,27.847619047619048,11.9054441260745,74.0,0.21
efpb__023,efpb,K_HH_burst,301,13.139788795417935,0.38,0.0,13.780952380952382,12.991404011461318,79.0,0.2
efpb__024,efpb,K_HH_burst,301,13.139788795417935,0.38,0.0,13.780952380952382,12.991404011461318,79.0,0.2
efpb__025,efpb,K_HH_burst,301,14.893323787363524,0.81,0.0,27.580952380952382,11.95702005730659,74.0,0.20555555555555555
efpb__026,efpb,K_HH_burst,301,14.393413280830499,0.53,0.0,24.80952380952381,11.982808022922637,75.0,0.2088888888888889
efpb__027,efpb,K_HH_burst,301,14.368355110076964,0.53,0.0,24.676190476190477,11.982808022922637,75.0,0.20444444444444446
efpb__028,efpb,K_HH_burst,301,14.901557186325396,0.81,0.0,27.847619047619048,11.9054441260745,74.0,0.21
efpb__029,efpb,K_HH_burst,301,14.393413280830499,0.53,0.0,24.80952380952381,11.982808022922637,75.0,0.2088888888888889
efpb__000,efpb,K_HH_burst,302,14.035055687420119,0.54,0.0,22.149532710280372,12.064896755162241,75.0,0.2011111111111111
efpb__001,efpb,K_HH_burst,302,14.90250136936279,0.73,0.0,24.074766355140188,12.67551622418879,74.0,0.20777777777777778
efpb__002,efpb,K_HH_burst,302,15.150264743472702,0.87,0.0,28.514018691588785,11.905604719764012,73.0,0.2088888888888889
efpb__003,efpb,K_HH_burst,302,14.922037611831293,0.87,0.0,24.429906542056074,12.613569321533923,75.0,0.21222222222222223
efpb__004,efpb,K_HH_burst,302,14.364798247215626,0.54,0.0,20.16822429906542,12.955752212389381,75.0,0.2011111111111111
efpb__005,efpb,K_HH_burst,302,14.020814314405696,0.54,0.0,21.542056074766354,12.194690265486726,75.0,0.19666666666666666
efpb__006,efpb,K_HH_burst,302,14.464853021727222,0.43,0.0,12.83177570093458,14.861356932153392,77.0,0.18333333333333332
efpb__007,efpb,K_HH_burst,302,14.364798247215626,0.54,0.0,20.16822429906542,12.955752212389381,75.0,0.2011111111111111
efpb__008,efpb,K_HH_burst,302,14.464853021727222,0.43,0.0,12.83177570093458,14.861356932153392,77.0,0.18333333333333332
efpb__009,efpb,K_HH_burst,302,14.464853021727222,0.43,0.0,12.83177570093458,14.861356932153392,77.0,0.18333333333333332
efpb__010,efpb,K_HH_burst,302,14.252693080153367,0.54,0.0,21.27102803738318,12.548672566371682,75.0,0.20666666666666667
efpb__011,efpb,K_HH_burst,302,14.464853021727222,0.43,0.0,12.83177570093458,14.861356932153392,77.0,0.18333333333333332
efpb__012,efpb,K_HH_burst,302,14.252693080153367,0.54,0.0,21.27102803738318,12.548672566371682,75.0,0.20666666666666667
efpb__013,efpb,K_HH_burst,302,14.020814314405696,0.54,0.0,21.542056074766354,12.194690265486726,75.0,0.19666666666666666
efpb__014,efpb,K_HH_burst,302,14.464853021727222,0.43,0.0,12.83177570093458,14.861356932153392,77.0,0.18333333333333332
efpb__015,efpb,K_HH_burst,302,15.150264743472702,0.87,0.0,28.514018691588785,11.905604719764012,73.0,0.2088888888888889
efpb__016,efpb,K_HH_burst,302,14.020814314405696,0.54,0.0,21.542056074766354,12.194690265486726,75.0,0.19666666666666666
efpb__017,efpb,K_HH_burst,302,14.464853021727222,0.43,0.0,12.83177570093458,14.861356932153392,77.0,0.18333333333333332
efpb__018,efpb,K_HH_burst,302,14.464853021727222,0.43,0.0,12.83177570093458,14.861356932153392,77.0,0.18333333333333332
efpb__019,efpb,K_HH_burst,302,14.90250136936279,0.73,0.0,24.074766355140188,12.67551622418879,74.0,0.20777777777777778
efpb__020,efpb,K_HH_burst,302,15.18805915647252,0.73,0.0,26.046728971962615,12.551622418879056,74.0,0.20222222222222222
efpb__021,efpb,K_HH_burst,302,14.922037611831293,0.87,0.0,24.429906542056074,12.613569321533923,75.0,0.21222222222222223
efpb__022,efpb,K_HH_burst,302,15.150264743472702,0.87,0.0,28.514018691588785,11.905604719764012,73.0,0.2088888888888889
efpb__023,efpb,K_HH_burst,302,14.464853021727222,0.43,0.0,12.83177570093458,14.861356932153392,77.0,0.18333333333333332
efpb__024,efpb,K_HH_burst,302,14.464853021727222,0.43,0.0,12.83177570093458,14.861356932153392,77.0,0.18333333333333332
efpb__025,efpb,K_HH_burst,302,14.439109001278071,0.54,0.0,21.53271028037383,12.716814159292035,75.0,0.20666666666666667
efpb__026,efpb,K_HH_burst,302,14.035055687420119,0.54,0.0,22.149532710280372,12.064896755162241,75.0,0.2011111111111111
efpb__027,efpb,K_HH_burst,302,14.020814314405696,0.54,0.0,21.542056074766354,12.194690265486726,75.0,0.19666666666666666
efpb__028,efpb,K_HH_burst,302,15.150264743472702,0.87,0.0,28.514018691588785,11.905604719764012,73.0,0.2088888888888889
efpb__029,efpb,K_HH_burst,302,14.020814314405696,0.54,0.0,21.542056074766354,12.194690265486726,75.0,0.19666666666666666
efpb__000,efpb,K_HH_burst,303,13.101419878296145,0.54,0.0,16.181818181818183,12.30939226519337,78.0,0.20555555555555555
efpb__001,efpb,K_HH_burst,303,13.107336037863423,0.45,0.0,14.330578512396695,12.792817679558011,78.0,0.2011111111111111
efpb__002,efpb,K_HH_burst,303,14.02231237322515,0.87,0.0,22.33884297520661,11.883977900552486,77.0,0.21222222222222223
efpb__003,efpb,K_HH_burst,303,14.02231237322515,0.87,0.0,22.33884297520661,11.883977900552486,77.0,0.21222222222222223
efpb__004,efpb,K_HH_burst,303,13.086883029073698,0.45,0.0,14.198347107438016,12.80110497237569,78.0,0.2011111111111111
efpb__005,efpb,K_HH_burst,303,13.637762001352264,0.56,0.0,15.785123966942148,13.085635359116022,78.0,0.2011111111111111
efpb__006,efpb,K_HH_burst,303,13.885564570655848,0.36,0.0,14.933884297520661,13.616022099447514,81.0,0.19444444444444445
efpb__007,efpb,K_HH_burst,303,13.107336037863423,0.45,0.0,14.330578512396695,12.792817679558011,78.0,0.2011111111111111
efpb__008,efpb,K_HH_burst,303,14.155679513184584,0.72,0.0,17.15702479338843,13.383977900552486,81.0,0.19777777777777777
efpb__009,efpb,K_HH_burst,303,14.155679513184584,0.72,0.0,17.15702479338843,13.383977900552486,81.0,0.19777777777777777
efpb__010,efpb,K_HH_burst,303,14.25287356321839,0.87,0.0,22.09090909090909,12.237569060773481,77.0,0.20777777777777778
efpb__011,efpb,K_HH_burst,303,14.155679513184584,0.72,0.0,17.15702479338843,13.383977900552486,81.0,0.19777777777777777
efpb__012,efpb,K_HH_burst,303,14.23242055442867,0.87,0.0,21.958677685950413,12.24585635359116,77.0,0.20777777777777778
efpb__013,efpb,K_HH_burst,303,13.637762001352264,0.56,0.0,15.785123966942148,13.085635359116022,78.0,0.2011111111111111
efpb__014,efpb,K_HH_burst,303,13.885564570655848,0.36,0.0,14.933884297520661,13.616022099447514,81.0,0.19444444444444445
efpb__015,efpb,K_HH_burst,303,14.120013522650442,0.87,0.0,22.644628099173552,11.92817679558011,77.0,0.21333333333333335
efpb__016,efpb,K_HH_burst,303,13.637762001352264,0.56,0.0,15.785123966942148,13.085635359116022,78.0,0.2011111111111111
efpb__017,efpb,K_HH_burst,303,14.155679513184584,0.72,0.0,17.15702479338843,13.383977900552486,81.0,0.19777777777777777
efpb__018,efpb,K_HH_burst,303,14.155679513184584,0.72,0.0,17.15702479338843,13.383977900552486,81.0,0.19777777777777777
efpb__019,efpb,K_HH_burst,303,13.086883029073698,0.45,0.0,14.198347107438016,12.80110497237569,78.0,0.2011111111111111
efpb__020,efpb,K_HH_burst,303,13.637762001352264,0.56,0.0,15.785123966942148,13.085635359116022,78.0,0.2011111111111111
efpb__021,efpb,K_HH_burst,303,14.108012170385393,0.87,0.0,22.553719008264462,11.93646408839779,77.0,0.21222222222222223
efpb__022,efpb,K_HH_burst,303,14.108012170385393,0.87,0.0,22.553719008264462,11.93646408839779,77.0,0.21222222222222223
efpb__023,efpb,K_HH_burst,303,13.885564570655848,0.36,0.0,14.933884297520661,13.616022099447514,81.0,0.19444444444444445
efpb__024,efpb,K_HH_burst,303,13.885564570655848,0.36,0.0,14.933884297520661,13.616022099447514,81.0,0.19444444444444445
efpb__025,efpb,K_HH_burst,303,14.146720757268426,0.87,0.0,21.74380165289256,12.193370165745856,77.0,0.20777777777777778
efpb__026,efpb,K_HH_burst,303,13.11342123056119,0.54,0.0,16.272727272727273,12.30110497237569,78.0,0.20666666666666667
efpb__027,efpb,K_HH_burst,303,13.513353617308994,0.56,0.0,16.380165289256198,12.776243093922652,78.0,0.20555555555555555
efpb__028,efpb,K_HH_burst,303,14.108012170385393,0.87,0.0,22.553719008264462,11.93646408839779,77.0,0.21222222222222223
efpb__029,efpb,K_HH_burst,303,13.513353617308994,0.56,0.0,16.380165289256198,12.776243093922652,78.0,0.20555555555555555
efpb__000,efpb,K_HH_burst,304,16.073678774315717,0.57,0.0,26.83606557377049,13.212464589235127,73.0,0.20777777777777778
efpb__001,efpb,K_HH_burst,304,15.292477190566363,0.77,0.0,23.28688524590164,13.167138810198301,75.0,0.20444444444444446
efpb__002,efpb,K_HH_burst,304,15.924083318987774,0.77,0.0,29.24590163934426,12.38243626062323,73.0,0.20666666666666667
efpb__003,efpb,K_HH_burst,304,16.84592873127905,0.77,0.0,32.622950819672134,12.65155807365439,72.0,0.21222222222222223
efpb__004,efpb,K_HH_burst,304,15.387846445171283,0.54,0.0,21.950819672131146,13.643059490084985,75.0,0.20555555555555555
efpb__005,efpb,K_HH_burst,304,15.596316061284215,0.54,0.0,24.040983606557376,13.351274787535411,74.0,0.20555555555555555
efpb__006,efpb,K_HH_burst,304,13.511103460148044,0.38,0.0,14.336065573770492,13.291784702549576,76.0,0.18666666666666668
efpb__007,efpb,K_HH_burst,304,15.387846445171283,0.54,0.0,21.950819672131146,13.643059490084985,75.0,0.20555555555555555
efpb__008,efpb,K_HH_burst,304,13.66930624892408,0.45,0.0,13.991803278688524,13.58356940509915,74.0,0.17777777777777778
efpb__009,efpb,K_HH_burst,304,13.66930624892408,0.45,0.0,13.991803278688524,13.58356940509915,74.0,0.17777777777777778
efpb__010,efpb,K_HH_burst,304,15.586331554484419,0.77,0.0,25.868852459016395,12.852691218130312,74.0,0.20555555555555555
efpb__011,efpb,K_HH_burst,304,13.66930624892408,0.45,0.0,13.991803278688524,13.58356940509915,74.0,0.17777777777777778
efpb__012,efpb,K_HH_burst,304,15.586331554484419,0.77,0.0,25.868852459016395,12.852691218130312,74.0,0.20555555555555555
efpb__013,efpb,K_HH_burst,304,15.596316061284215,0.54,0.0,24.040983606557376,13.351274787535411,74.0,0.20555555555555555
efpb__014,efpb,K_HH_burst,304,13.511103460148044,0.38,0.0,14.336065573770492,13.291784702549576,76.0,0.18666666666666668
efpb__015,efpb,K_HH_burst,304,16.01704252022723,0.77,0.0,29.688524590163933,12.38243626062323,73.0,0.20666666666666667
efpb__016,efpb,K_HH_burst,304,15.68927526252367,0.54,0.0,24.483606557377048,13.351274787535411,74.0,0.20555555555555555
efpb__017,efpb,K_HH_burst,304,13.66930624892408,0.45,0.0,13.991803278688524,13.58356940509915,74.0,0.17777777777777778
efpb__018,efpb,K_HH_burst,304,13.66930624892408,0.45,0.0,13.991803278688524,13.58356940509915,74.0,0.17777777777777778
efpb__019,efpb,K_HH_burst,304,15.292477190566363,0.77,0.0,23.28688524590164,13.167138810198301,75.0,0.20444444444444446
efpb__020,efpb,K_HH_burst,304,15.199517989326907,0.77,0.0,22.84426229508197,13.167138810198301,75.0,0.20444444444444446
efpb__021,efpb,K_HH_burst,304,16.01704252022723,0.77,0.0,29.688524590163933,12.38243626062323,73.0,0.20666666666666667
efpb__022,efpb,K_HH_burst,304,16.01704252022723,0.77,0.0,29.688524590163933,12.38243626062323,73.0,0.20666666666666667
efpb__023,efpb,K_HH_burst,304,13.511103460148044,0.38,0.0,14.336065573770492,13.291784702549576,76.0,0.18666666666666668
efpb__024,efpb,K_HH_burst,304,13.511103460148044,0.38,0.0,14.336065573770492,13.291784702549576,76.0,0.18666666666666668
efpb__025,efpb,K_HH_burst,304,16.33189877775865,0.77,0.0,29.131147540983605,12.929178470254957,74.0,0.21
efpb__026,efpb,K_HH_burst,304,16.073678774315717,0.57,0.0,26.83606557377049,13.212464589235127,73.0,0.20777777777777778
efpb__027,efpb,K_HH_burst,304,15.988294026510582,0.57,0.0,26.34426229508197,13.23512747875354,73.0,0.20666666666666667
efpb__028,efpb,K_HH_burst,304,16.01704252022723,0.77,0.0,29.688524590163933,12.38243626062323,73.0,0.20666666666666667
efpb__029,efpb,K_HH_burst,304,16.08125322775004,0.57,0.0,26.78688524590164,13.23512747875354,73.0,0.20666666666666667
efpb__000,efpb,K_HH_burst,305,13.886866059817947,0.54,0.0,19.61111111111111,12.450151057401813,74.0,0.21
efpb__001,efpb,K_HH_burst,305,13.085639977707599,0.48,0.0,17.916666666666668,11.873111782477341,75.0,0.20333333333333334
efpb__002,efpb,K_HH_burst,305,14.315809028422816,0.67,0.0,23.75925925925926,11.945619335347432,75.0,0.21444444444444444
efpb__003,efpb,K_HH_burst,305,14.315809028422816,0.67,0.0,23.75925925925926,11.945619335347432,75.0,0.21444444444444444
efpb__004,efpb,K_HH_burst,305,13.085639977707599,0.48,0.0,17.916666666666668,11.873111782477341,75.0,0.20333333333333334
efpb__005,efpb,K_HH_burst,305,13.647222738250047,0.54,0.0,17.574074074074073,12.661631419939576,75.0,0.20333333333333334
efpb__006,efpb,K_HH_burst,305,14.047185584246705,0.41,0.0,14.981481481481481,13.812688821752266,79.0,0.19555555555555557
efpb__007,efpb,K_HH_burst,305,13.085639977707599,0.48,0.0,17.916666666666668,11.873111782477341,75.0,0.20333333333333334
efpb__008,efpb,K_HH_burst,305,15.277354634961917,0.99,0.0,25.63888888888889,12.676737160120846,78.0,0.2088888888888889
efpb__009,efpb,K_HH_burst,305,15.277354634961917,0.99,0.0,25.63888888888889,12.676737160120846,78.0,0.2088888888888889
efpb__010,efpb,K_HH_burst,305,13.103659669329371,0.48,0.0,18.37962962962963,11.779456193353475,75.0,0.20333333333333334
efpb__011,efpb,K_HH_burst,305,15.277354634961917,0.99,0.0,25.63888888888889,12.676737160120846,78.0,0.2088888888888889
efpb__012,efpb,K_HH_burst,305,13.103659669329371,0.48,0.0,18.37962962962963,11.779456193353475,75.0,0.20333333333333334
efpb__013,efpb,K_HH_burst,305,13.647222738250047,0.54,0.0,17.574074074074073,12.661631419939576,75.0,0.20333333333333334
efpb__014,efpb,K_HH_burst,305,13.701096043098644,0.39,0.0,14.351851851851851,13.537764350453172,78.0,0.19111111111111112
efpb__015,efpb,K_HH_burst,305,14.315809028422816,0.67,0.0,23.75925925925926,11.945619335347432,75.0,0.21444444444444444
efpb__016,efpb,K_HH_burst,305,13.647222738250047,0.54,0.0,17.574074074074073,12.661631419939576,75.0,0.20333333333333334
efpb__017,efpb,K_HH_burst,305,15.277354634961917,0.99,0.0,25.63888888888889,12.676737160120846,78.0,0.2088888888888889
efpb__018,efpb,K_HH_burst,305,15.277354634961917,0.99,0.0,25.63888888888889,12.676737160120846,78.0,0.2088888888888889
efpb__019,efpb,K_HH_burst,305,13.085639977707599,0.48,0.0,17.916666666666668,11.873111782477341,75.0,0.20333333333333334
efpb__020,efpb,K_HH_burst,305,14.274010774660972,0.68,0.0,22.046296296296298,12.323262839879154,75.0,0.2088888888888889
efpb__021,efpb,K_HH_burst,305,14.315809028422816,0.67,0.0,23.75925925925926,11.945619335347432,75.0,0.21444444444444444
efpb__022,efpb,K_HH_burst,305,14.315809028422816,0.67,0.0,23.75925925925926,11.945619335347432,75.0,0.21444444444444444
efpb__023,efpb,K_HH_burst,305,14.047185584246705,0.41,0.0,14.981481481481481,13.812688821752266,79.0,0.19555555555555557
efpb__024,efpb,K_HH_burst,305,14.047185584246705,0.41,0.0,14.981481481481481,13.812688821752266,79.0,0.19555555555555557
efpb__025,efpb,K_HH_burst,305,14.292030466282744,0.68,0.0,22.50925925925926,12.229607250755286,75.0,0.2088888888888889
efpb__026,efpb,K_HH_burst,305,13.886866059817947,0.54,0.0,19.61111111111111,12.450151057401813,74.0,0.21
efpb__027,efpb,K_HH_burst,305,13.886866059817947,0.54,0.0,19.61111111111111,12.450151057401813,74.0,0.21
efpb__028,efpb,K_HH_burst,305,14.315809028422816,0.67,0.0,23.75925925925926,11.945619335347432,75.0,0.21444444444444444
efpb__029,efpb,K_HH_burst,305,13.886866059817947,0.54,0.0,19.61111111111111,12.450151057401813,74.0,0.21
equal_bargaining__000,equal_bargaining,K_HH_burst,301,13.553248612851261,0.52,0.0,18.20952380952381,12.475644699140402,76.0,0.1922222222222222
equal_bargaining__001,equal_bargaining,K_HH_burst,301,13.553248612851261,0.52,0.0,18.20952380952381,12.475644699140402,76.0,0.1922222222222222
equal_bargaining__002,equal_bargaining,K_HH_burst,301,13.553248612851261,0.52,0.0,18.20952380952381,12.475644699140402,76.0,0.1922222222222222
equal_bargaining__003,equal_bargaining,K_HH_burst,301,13.553248612851261,0.52,0.0,18.20952380952381,12.475644699140402,76.0,0.1922222222222222
equal_bargaining__004,equal_bargaining,K_HH_burst,301,13.553248612851261,0.52,0.0,18.20952380952381,12.475644699140402,76.0,0.1922222222222222
equal_bargaining__005,equal_bargaining,K_HH_burst,301,13.553248612851261,0.52,0.0,18.20952380952381,12.475644699140402,76.0,0.1922222222222222
equal_bargaining__006,equal_bargaining,K_HH_burst,301,13.553248612851261,0.52,0.0,18.20952380952381,12.475644699140402,76.0,0.1922222222222222
equal_bargaining__007,equal_bargaining,K_HH_burst,301,13.553248612851261,0.52,0.0,18.20952380952381,12.475644699140402,76.0,0.1922222222222222
equal_bargaining__008,equal_bargaining,K_HH_burst,301,13.553248612851261,0.52,0.0,18.20952380952381,12.475644699140402,76.0,0.1922222222222222
equal_bargaining__000,equal_bargaining,K_HH_burst,302,15.033595033777617,0.6,0.0,22.0,13.342182890855458,75.0,0.19777777777777777
equal_bargaining__001,equal_bargaining,K_HH_burst,302,15.033595033777617,0.6,0.0,22.0,13.342182890855458,75.0,0.19777777777777777
equal_bargaining__002,equal_bargaining,K_HH_burst,302,15.033595033777617,0.6,0.0,22.0,13.342182890855458,75.0,0.19777777777777777
equal_bargaining__003,equal_bargaining,K_HH_burst,302,15.033595033777617,0.6,0.0,22.0,13.342182890855458,75.0,0.19777777777777777
equal_bargaining__004,equal_bargaining,K_HH_burst,302,15.033595033777617,0.6,0.0,22.0,13.342182890855458,75.0,0.19777777777777777
equal_bargaining__005,equal_bargaining,K_HH_burst,302,15.033595033777617,0.6,0.0,22.0,13.342182890855458,75.0,0.19777777777777777
equal_bargaining__006,equal_bargaining,K_HH_burst,302,15.033595033777617,0.6,0.0,22.0,13.342182890855458,75.0,0.19777777777777777
equal_bargaining__007,equal_bargaining,K_HH_burst,302,15.033595033777617,0.6,0.0,22.0,13.342182890855458,75.0,0.19777777777777777
equal_bargaining__008,equal_bargaining,K_HH_burst,302,15.033595033777617,0.6,0.0,22.0,13.342182890855458,75.0,0.19777777777777777
equal_bargaining__000,equal_bargaining,K_HH_burst,303,14.267748478701824,0.67,0.0,17.479338842975206,13.441988950276244,80.0,0.19777777777777777
equal_bargaining__001,equal_bargaining,K_HH_burst,303,14.267748478701824,0.67,0.0,17.479338842975206,13.441988950276244,80.0,0.19777777777777777
equal_bargaining__002,equal_bargaining,K_HH_burst,303,14.267748478701824,0.67,0.0,17.479338842975206,13.441988950276244,80.0,0.19777777777777777
equal_bargaining__003,equal_bargaining,K_HH_burst,303,14.267748478701824,0.67,0.0,17.479338842975206,13.441988950276244,80.0,0.19777777777777777
equal_bargaining__004,equal_bargaining,K_HH_burst,303,14.267748478701824,0.67,0.0,17.479338842975206,13.441988950276244,80.0,0.19777777777777777
equal_bargaining__005,equal_bargaining,K_HH_burst,303,14.267748478701824,0.67,0.0,17.479338842975206,13.441988950276244,80.0,0.19777777777777777
equal_bargaining__006,equal_bargaining,K_HH_burst,303,14.267748478701824,0.67,0.0,17.479338842975206,13.441988950276244,80.0,0.19777777777777777
equal_bargaining__007,equal_bargaining,K_HH_burst,303,14.267748478701824,0.67,0.0,17.479338842975206,13.441988950276244,80.0,0.19777777777777777
equal_bargaining__008,equal_bargaining,K_HH_burst,303,14.267748478701824,0.67,0.0,17.479338842975206,13.441988950276244,80.0,0.19777777777777777
equal_bargaining__000,equal_bargaining,K_HH_burst,304,15.201583749354448,0.77,0.0,20.040983606557376,13.91501416430595,76.0,0.19333333333333333
equal_bargaining__001,equal_bargaining,K_HH_burst,304,15.201583749354448,0.77,0.0,20.040983606557376,13.91501416430595,76.0,0.19333333333333333
equal_bargaining__002,equal_bargaining,K_HH_burst,304,15.201583749354448,0.77,0.0,20.040983606557376,13.91501416430595,76.0,0.19333333333333333
equal_bargaining__003,equal_bargaining,K_HH_burst,304,15.201583749354448,0.77,0.0,20.040983606557376,13.91501416430595,76.0,0.19333333333333333
equal_bargaining__004,equal_bargaining,K_HH_burst,304,15.201583749354448,0.77,0.0,20.040983606557376,13.91501416430595,76.0,0.19333333333333333
equal_bargaining__005,equal_bargaining,K_HH_burst,304,15.201583749354448,0.77,0.0,20.040983606557376,13.91501416430595,76.0,0.19333333333333333
equal_bargaining__006,equal_bargaining,K_HH_burst,304,15.201583749354448,0.77,0.0,20.040983606557376,13.91501416430595,76.0,0.19333333333333333
equal_bargaining__007,equal_bargaining,K_HH_burst,304,15.201583749354448,0.77,0.0,20.040983606557376,13.91501416430595,76.0,0.19333333333333333
equal_bargaining__008,equal_bargaining,K_HH_burst,304,15.201583749354448,0.77,0.0,20.040983606557376,13.91501416430595,76.0,0.19333333333333333
equal_bargaining__000,equal_bargaining,K_HH_burst,305,13.61229797510682,0.54,0.0,14.703703703703704,13.338368580060424,75.0,0.19777777777777777
equal_bargaining__001,equal_bargaining,K_HH_burst,305,13.61229797510682,0.54,0.0,14.703703703703704,13.338368580060424,75.0,0.19777777777777777
equal_bargaining__002,equal_bargaining,K_HH_burst,305,13.61229797510682,0.54,0.0,14.703703703703704,13.338368580060424,75.0,0.19777777777777777
equal_bargaining__003,equal_bargaining,K_HH_burst,305,13.61229797510682,0.54,0.0,14.703703703703704,13.338368580060424,75.0,0.19777777777777777
equal_bargaining__004,equal_bargaining,K_HH_burst,305,13.61229797510682,0.54,0.0,14.703703703703704,13.338368580060424,75.0,0.19777777777777777
equal_bargaining__005,equal_bargaining,K_HH_burst,305,13.61229797510682,0.54,0.0,14.703703703703704,13.338368580060424,75.0,0.19777777777777777
equal_bargaining__006,equal_bargaining,K_HH_burst,305,13.61229797510682,0.54,0.0,14.703703703703704,13.338368580060424,75.0,0.19777777777777777
equal_bargaining__007,equal_bargaining,K_HH_burst,305,13.61229797510682,0.54,0.0,14.703703703703704,13.338368580060424,75.0,0.19777777777777777
equal_bargaining__008,equal_bargaining,K_HH_burst,305,13.61229797510682,0.54,0.0,14.703703703703704,13.338368580060424,75.0,0.19777777777777777
fixed_time__000,fixed_time,K_HH_burst,301,16.425630928942187,0.48,0.0,19.18095238095238,15.787965616045845,68.0,0.15555555555555556
fixed_time__001,fixed_time,K_HH_burst,301,16.41775550384822,0.58,0.0,21.34285714285714,15.277936962750717,61.0,0.14
fixed_time__002,fixed_time,K_HH_burst,301,18.99588330051906,0.75,0.0,26.914285714285715,17.163323782234958,50.0,0.11666666666666667
fixed_time__003,fixed_time,K_HH_burst,301,21.746733488455344,0.63,0.0,29.38095238095238,19.979942693409743,40.0,0.09333333333333334
fixed_time__004,fixed_time,K_HH_burst,301,25.00590656882047,0.73,0.0,34.180952380952384,22.882521489971346,34.0,0.07777777777777778
fixed_time__005,fixed_time,K_HH_burst,301,29.809378915339177,0.96,0.0,41.42857142857143,27.120343839541547,25.0,0.057777777777777775
fixed_time__006,fixed_time,K_HH_burst,301,14.31107929121174,0.48,0.0,12.114285714285714,14.819484240687679,82.0,0.18666666666666668
fixed_time__007,fixed_time,K_HH_burst,301,16.80902094147127,0.42,0.0,14.238095238095237,17.404011461318053,76.0,0.17444444444444446
fixed_time__008,fixed_time,K_HH_burst,301,17.83049937354573,0.54,0.0,13.0,18.94842406876791,68.0,0.15555555555555556
fixed_time__009,fixed_time,K_HH_burst,301,16.73348845534276,0.51,0.0,13.39047619047619,17.507163323782233,61.0,0.14
fixed_time__010,fixed_time,K_HH_burst,301,20.64506890996957,0.51,0.0,16.276190476190475,21.65616045845272,50.0,0.11666666666666667
fixed_time__011,fixed_time,K_HH_burst,301,24.22355468050832,0.55,0.0,23.295238095238094,24.43839541547278,40.0,0.09333333333333334
fixed_time__012,fixed_time,K_HH_burst,301,26.24682298192232,0.65,0.0,24.057142857142857,26.75358166189112,33.0,0.07777777777777778
fixed_time__013,fixed_time,K_HH_burst,301,32.971720064435296,0.85,0.0,38.371428571428574,31.722063037249285,25.0,0.057777777777777775
fixed_time__000,fixed_time,K_HH_burst,302,14.597042176373927,0.37,0.0,14.74766355140187,14.56047197640118,68.0,0.15555555555555556
fixed_time__001,fixed_time,K_HH_burst,302,15.247398210699286,0.4,0.0,16.44859813084112,14.955752212389381,61.0,0.14
fixed_time__002,fixed_time,K_HH_burst,302,17.976994705130544,0.67,0.0,25.439252336448597,16.16519174041298,50.0,0.11666666666666667
fixed_time__003,fixed_time,K_HH_burst,302,23.236443308380498,0.71,0.0,32.41121495327103,21.008849557522122,40.0,0.09333333333333334
fixed_time__004,fixed_time,K_HH_burst,302,24.374109914186597,0.73,0.0,33.654205607476634,22.12094395280236,34.0,0.07777777777777778
fixed_time__005,fixed_time,K_HH_burst,302,29.568011685229138,0.93,0.0,39.35514018691589,27.19174041297935,25.0,0.057777777777777775
fixed_time__006,fixed_time,K_HH_burst,302,14.683220741281723,0.42,0.0,12.102803738317757,15.309734513274336,82.0,0.18666666666666668
fixed_time__007,fixed_time,K_HH_burst,302,16.924776337410993,0.63,0.0,12.532710280373832,17.991150442477878,76.0,0.17444444444444446
fixed_time__008,fixed_time,K_HH_burst,302,16.549570932992513,0.53,0.0,12.25233644859813,17.5929203539823,68.0,0.15555555555555556
fixed_time__009,fixed_time,K_HH_burst,302,16.817235712981557,0.6,0.0,13.962616822429906,17.51032448377581,61.0,0.14
fixed_time__010,fixed_time,K_HH_burst,302,19.391090012780722,0.51,0.0,15.485981308411215,20.339233038348084,50.0,0.11666666666666667
fixed_time__011,fixed_time,K_HH_burst,302,23.996165784188424,0.55,0.0,21.514018691588785,24.59882005899705,40.0,0.09333333333333334
fixed_time__012,fixed_time,K_HH_burst,302,25.67902136205952,0.65,0.0,22.97196261682243,26.336283185840706,33.0,0.07777777777777778
fixed_time__013,fixed_time,K_HH_burst,302,30.710242833668065,0.85,0.0,36.429906542056074,29.321533923303836,25.0,0.057777777777777775
fixed_time__000,fixed_time,K_HH_burst,303,15.549695740365113,0.48,0.0,17.75206611570248,14.98342541436464,68.0,0.15555555555555556
fixed_time__001,fixed_time,K_HH_burst,303,17.569979716024342,0.55,0.0,22.107438016528924,16.403314917127073,61.0,0.14
fixed_time__002,fixed_time,K_HH_burst,303,20.045131845841784,0.81,0.0,29.90082644628099,17.511049723756905,50.0,0.11666666666666667
fixed_time__003,fixed_time,K_HH_burst,303,21.697599729546994,0.9,0.0,33.231404958677686,18.73204419889503,40.0,0.09333333333333334
fixed_time__004,fixed_time,K_HH_burst,303,26.296484110885732,0.98,0.0,38.21487603305785,23.23204419889503,34.0,0.07777777777777778
fixed_time__005,fixed_time,K_HH_burst,303,29.706896551724135,0.96,0.0,44.446280991735534,25.917127071823206,25.0,0.057777777777777775
fixed_time__006,fixed_time,K_HH_burst,303,14.264874915483436,0.4,0.0,12.082644628099173,14.82596685082873,82.0,0.18666666666666668
fixed_time__007,fixed_time,K_HH_burst,303,15.342461122379987,0.47,0.0,13.859504132231406,15.723756906077348,76.0,0.17444444444444446
fixed_time__008,fixed_time,K_HH_burst,303,16.73799864773496,0.43,0.0,14.537190082644628,17.303867403314918,68.0,0.15555555555555556
fixed_time__009,fixed_time,K_HH_burst,303,17.877450980392158,0.43,0.0,14.768595041322314,18.676795580110497,61.0,0.14
fixed_time__010,fixed_time,K_HH_burst,303,20.21264367816092,0.61,0.0,16.892561983471076,21.066298342541437,50.0,0.11666666666666667
fixed_time__011,fixed_time,K_HH_burst,303,22.36697092630155,0.55,0.0,21.785123966942148,22.516574585635357,40.0,0.09333333333333334
fixed_time__012,fixed_time,K_HH_burst,303,27.080966869506423,0.65,0.0,24.570247933884296,27.726519337016576,33.0,0.07777777777777778
fixed_time__013,fixed_time,K_HH_burst,303,32.36240703177823,0.85,0.0,39.27272727272727,30.585635359116022,25.0,0.057777777777777775
fixed_time__000,fixed_time,K_HH_burst,304,16.28473059046307,0.64,0.0,21.21311475409836,14.974504249291785,68.0,0.15555555555555556
fixed_time__001,fixed_time,K_HH_burst,304,18.892408331898775,0.74,0.0,26.852459016393443,16.776203966005667,61.0,0.14
fixed_time__002,fixed_time,K_HH_burst,304,23.052332587364432,0.83,0.0,38.721311475409834,18.886685552407933,50.0,0.11666666666666667
fixed_time__003,fixed_time,K_HH_burst,304,22.741779996557064,0.82,0.0,34.877049180327866,19.51558073654391,40.0,0.09333333333333334
fixed_time__004,fixed_time,K_HH_burst,304,27.521260113616798,0.95,0.0,35.0655737704918,25.51558073654391,34.0,0.07777777777777778
fixed_time__005,fixed_time,K_HH_burst,304,28.890342571871233,0.79,0.0,38.27049180327869,26.39660056657224,25.0,0.057777777777777775
fixed_time__006,fixed_time,K_HH_burst,304,15.484937166465828,0.42,0.0,17.10655737704918,15.053824362606232,82.0,0.18666666666666668
fixed_time__007,fixed_time,K_HH_burst,304,15.851953864692716,0.48,0.0,13.270491803278688,16.53824362606232,76.0,0.17444444444444446
fixed_time__008,fixed_time,K_HH_burst,304,16.943019452573587,0.47,0.0,14.459016393442623,17.60339943342776,68.0,0.15555555555555556
fixed_time__009,fixed_time,K_HH_burst,304,18.80358065071441,0.48,0.0,16.860655737704917,19.320113314447593,61.0,0.14
fixed_time__010,fixed_time,K_HH_burst,304,21.75142021001893,0.53,0.0,18.450819672131146,22.628895184135978,50.0,0.11666666666666667
fixed_time__011,fixed_time,K_HH_burst,304,22.570666207608877,0.55,0.0,20.827868852459016,23.03399433427762,40.0,0.09333333333333334
fixed_time__012,fixed_time,K_HH_burst,304,28.109140988121872,0.65,0.0,22.4672131147541,29.609065155807365,33.0,0.07777777777777778
fixed_time__013,fixed_time,K_HH_burst,304,32.064038560853845,0.85,0.0,38.01639344262295,30.481586402266288,25.0,0.057777777777777775
fixed_time__000,fixed_time,K_HH_burst,305,16.352034181683077,0.46,0.0,19.74074074074074,15.501510574018127,68.0,0.15555555555555556
fixed_time__001,fixed_time,K_HH_burst,305,17.624187256176857,0.59,0.0,22.037037037037038,16.516616314199396,61.0,0.14
fixed_time__002,fixed_time,K_HH_burst,305,19.44807728032696,0.74,0.0,28.52777777777778,17.169184290030213,50.0,0.11666666666666667
fixed_time__003,fixed_time,K_HH_burst,305,21.44138955972506,0.69,0.0,29.314814814814813,19.46525679758308,40.0,0.09333333333333334
fixed_time__004,fixed_time,K_HH_burst,305,25.60672487460524,0.71,0.0,34.138888888888886,23.46525679758308,34.0,0.07777777777777778
fixed_time__005,fixed_time,K_HH_burst,305,30.07802340702211,0.84,0.0,41.342592592592595,27.250755287009063,25.0,0.057777777777777775
fixed_time__006,fixed_time,K_HH_burst,305,14.015790451421141,0.38,0.0,13.537037037037036,14.13595166163142,82.0,0.18666666666666668
fixed_time__007,fixed_time,K_HH_burst,305,15.203975478357794,0.41,0.0,12.092592592592593,15.98489425981873,76.0,0.17444444444444446
fixed_time__008,fixed_time,K_HH_burst,305,16.725803455322314,0.43,0.0,12.768518518518519,17.719033232628398,68.0,0.15555555555555556
fixed_time__009,fixed_time,K_HH_burst,305,17.74623815716144,0.38,0.0,14.11111111111111,18.658610271903324,61.0,0.14
fixed_time__010,fixed_time,K_HH_burst,305,19.9797510681776,0.55,0.0,17.046296296296298,20.716012084592144,50.0,0.11666666666666667
fixed_time__011,fixed_time,K_HH_burst,305,22.688092141928294,0.55,0.0,22.444444444444443,22.749244712990937,40.0,0.09333333333333334
fixed_time__012,fixed_time,K_HH_burst,305,28.022478172023042,0.65,0.0,24.416666666666668,28.92749244712991,33.0,0.07777777777777778
fixed_time__013,fixed_time,K_HH_burst,305,32.60170908415382,0.85,0.0,39.53703703703704,30.861027190332326,25.0,0.057777777777777775
efficiency__000,efficiency,K_HL,301,6.947718210013292,0.38,0.0,5.3090909090909095,8.50561797752809,81.0,0.14555555555555555
efficiency__001,efficiency,K_HL,301,6.947718210013292,0.38,0.0,5.3090909090909095,8.50561797752809,81.0,0.14555555555555555
efficiency__002,efficiency,K_HL,301,6.947718210013292,0.38,0.0,5.3090909090909095,8.50561797752809,81.0,0.14555555555555555
efficiency__003,efficiency,K_HL,301,8.3628710677891,0.38,0.0,6.7,9.9438202247191,78.0,0.15444444444444444
efficiency__004,efficiency,K_HL,301,8.3628710677891,0.38,0.0,6.7,9.9438202247191,78.0,0.15444444444444444
efficiency__005,efficiency,K_HL,301,8.3628710677891,0.38,0.0,6.7,9.9438202247191,78.0,0.15444444444444444
efficiency__006,efficiency,K_HL,301,8.3628710677891,0.38,0.0,6.7,9.9438202247191,78.0,0.15444444444444444
efficiency__007,efficiency,K_HL,301,8.3628710677891,0.38,0.0,6.7,9.9438202247191,78.0,0.15444444444444444
efficiency__008,efficiency,K_HL,301,8.3628710677891,0.38,0.0,6.7,9.9438202247191,78.0,0.15444444444444444
efficiency__009,efficiency,K_HL,301,6.947718210013292,0.38,0.0,5.3090909090909095,8.50561797752809,81.0,0.14555555555555555
efficiency__010,efficiency,K_HL,301,6.947718210013292,0.38,0.0,5.3090909090909095,8.50561797752809,81.0,0.14555555555555555
efficiency__011,efficiency,K_HL,301,6.947718210013292,0.38,0.0,5.3090909090909095,8.50561797752809,81.0,0.14555555555555555
efficiency__012,efficiency,K_HL,301,8.3628710677891,0.38,0.0,6.7,9.9438202247191,78.0,0.15444444444444444
efficiency__013,efficiency,K_HL,301,8.3628710677891,0.38,0.0,6.7,9.9438202247191,78.0,0.15444444444444444
efficiency__014,efficiency,K_HL,301,8.3628710677891,0.38,0.0,6.7,9.9438202247191,78.0,0.15444444444444444
efficiency__015,efficiency,K_HL,301,8.3628710677891,0.38,0.0,6.7,9.9438202247191,78.0,0.15444444444444444
efficiency__016,efficiency,K_HL,301,8.3628710677891,0.38,0.0,6.7,9.9438202247191,78.0,0.15444444444444444
efficiency__017,efficiency,K_HL,301,8.3628710677891,0.38,0.0,6.7,9.9438202247191,78.0,0.15444444444444444
efficiency__018,efficiency,K_HL,301,6.947718210013292,0.38,0.0,5.3090909090909095,8.50561797752809,81.0,0.14555555555555555
efficiency__019,efficiency,K_HL,301,6.947718210013292,0.38,0.0,5.3090909090909095,8.50561797752809,81.0,0.14555555555555555
efficiency__020,efficiency,K_HL,301,6.947718210013292,0.38,0.0,5.3090909090909095,8.50561797752809,81.0,0.14555555555555555
efficiency__021,efficiency,K_HL,301,8.3628710677891,0.38,0.0,6.7,9.9438202247191,78.0,0.15444444444444444
efficiency__022,efficiency,K_HL,301,8.3628710677891,0.38,0.0,6.7,9.9438202247191,78.0,0.15444444444444444
efficiency__023,efficiency,K_HL,301,8.3628710677891,0.38,0.0,6.7,9.9438202247191,78.0,0.15444444444444444
efficiency__024,efficiency,K_HL,301,8.3628710677891,0.38,0.0,6.7,9.9438202247191,78.0,0.15444444444444444
efficiency__025,efficiency,K_HL,301,8.3628710677891,0.38,0.0,6.7,9.9438202247191,78.0,0.15444444444444444
efficiency__026,efficiency,K_HL,301,8.3628710677891,0.38,0.0,6.7,9.9438202247191,78.0,0.15444444444444444
efficiency__000,efficiency,K_HL,302,9.957322551662173,0.61,0.0,6.436893203883495,12.98913043478261,85.0,0.15555555555555556
efficiency__001,efficiency,K_HL,302,9.957322551662173,0.61,0.0,6.436893203883495,12.98913043478261,85.0,0.15555555555555556
efficiency__002,efficiency,K_HL,302,9.957322551662173,0.61,0.0,6.436893203883495,12.98913043478261,85.0,0.15555555555555556
efficiency__003,efficiency,K_HL,302,8.75381850853549,0.42,0.0,5.893203883495145,11.217391304347826,82.0,0.15333333333333332
efficiency__004,efficiency,K_HL,302,8.75381850853549,0.42,0.0,5.893203883495145,11.217391304347826,82.0,0.15333333333333332
efficiency__005,efficiency,K_HL,302,8.75381850853549,0.42,0.0,5.893203883495145,11.217391304347826,82.0,0.15333333333333332
efficiency__006,efficiency,K_HL,302,8.75381850853549,0.42,0.0,5.893203883495145,11.217391304347826,82.0,0.15333333333333332
efficiency__007,efficiency,K_HL,302,8.75381850853549,0.42,0.0,5.893203883495145,11.217391304347826,82.0,0.15333333333333332
efficiency__008,efficiency,K_HL,302,8.75381850853549,0.42,0.0,5.893203883495145,11.217391304347826,82.0,0.15333333333333332
efficiency__009,efficiency,K_HL,302,9.957322551662173,0.61,0.0,6.436893203883495,12.98913043478261,85.0,0.15555555555555556
efficiency__010,efficiency,K_HL,302,9.957322551662173,0.61,0.0,6.436893203883495,12.98913043478261,85.0,0.15555555555555556
efficiency__011,efficiency,K_HL,302,9.957322551662173,0.61,0.0,6.436893203883495,12.98913043478261,85.0,0.15555555555555556
efficiency__012,efficiency,K_HL,302,8.75381850853549,0.42,0.0,5.893203883495145,11.217391304347826,82.0,0.15333333333333332
efficiency__013,efficiency,K_HL,302,8.75381850853549,0.42,0.0,5.893203883495145,11.217391304347826,82.0,0.15333333333333332
efficiency__014,efficiency,K_HL,302,8.75381850853549,0.42,0.0,5.893203883495145,11.217391304347826,82.0,0.15333333333333332
efficiency__015,efficiency,K_HL,302,8.75381850853549,0.42,0.0,5.893203883495145,11.217391304347826,82.0,0.15333333333333332
efficiency__016,efficiency,K_HL,302,8.75381850853549,0.42,0.0,5.893203883495145,11.217391304347826,82.0,0.15333333333333332
efficiency__017,efficiency,K_HL,302,8.75381850853549,0.42,0.0,5.893203883495145,11.217391304347826,82.0,0.15333333333333332
efficiency__018,efficiency,K_HL,302,9.957322551662173,0.61,0.0,6.436893203883495,12.98913043478261,85.0,0.15555555555555556
efficiency__019,efficiency,K_HL,302,9.957322551662173,0.61,0.0,6.436893203883495,12.98913043478261,85.0,0.15555555555555556
efficiency__020,efficiency,K_HL,302,9.957322551662173,0.61,0.0,6.436893203883495,12.98913043478261,85.0,0.15555555555555556
efficiency__021,efficiency,K_HL,302,8.75381850853549,0.42,0.0,5.893203883495145,11.217391304347826,82.0,0.15333333333333332
efficiency__022,efficiency,K_HL,302,8.75381850853549,0.42,0.0,5.893203883495145,11.217391304347826,82.0,0.15333333333333332
efficiency__023,efficiency,K_HL,302,8.75381850853549,0.42,0.0,5.893203883495145,11.217391304347826,82.0,0.15333333333333332
efficiency__024,efficiency,K_HL,302,8.75381850853549,0.42,0.0,5.893203883495145,11.217391304347826,82.0,0.15333333333333332
efficiency__025,efficiency,K_HL,302,8.75381850853549,0.42,0.0,5.893203883495145,11.217391304347826,82.0,0.15333333333333332
efficiency__026,efficiency,K_HL,302,8.75381850853549,0.42,0.0,5.893203883495145,11.217391304347826,82.0,0.15333333333333332
efficiency__000,efficiency,K_HL,303,7.961476074614762,0.64,0.0,5.782178217821782,9.473214285714286,84.0,0.1622222222222222
efficiency__001,efficiency,K_HL,303,7.961476074614762,0.64,0.0,5.782178217821782,9.473214285714286,84.0,0.1622222222222222
efficiency__002,efficiency,K_HL,303,7.961476074614762,0.64,0.0,5.782178217821782,9.473214285714286,84.0,0.1622222222222222
efficiency__003,efficiency,K_HL,303,8.3345498783455,0.42,0.0,5.663366336633663,10.1875,79.0,0.15555555555555556
efficiency__004,efficiency,K_HL,303,8.3345498783455,0.42,0.0,5.663366336633663,10.1875,79.0,0.15555555555555556
efficiency__005,efficiency,K_HL,303,8.3345498783455,0.42,0.0,5.663366336633663,10.1875,79.0,0.15555555555555556
efficiency__006,efficiency,K_HL,303,8.3345498783455,0.42,0.0,5.663366336633663,10.1875,79.0,0.15555555555555556
efficiency__007,efficiency,K_HL,303,8.3345498783455,0.42,0.0,5.663366336633663,10.1875,79.0,0.15555555555555556
efficiency__008,efficiency,K_HL,303,8.3345498783455,0.42,0.0,5.663366336633663,10.1875,79.0,0.15555555555555556
efficiency__009,efficiency,K_HL,303,7.961476074614762,0.64,0.0,5.782178217821782,9.473214285714286,84.0,0.1622222222222222
efficiency__010,efficiency,K_HL,303,7.961476074614762,0.64,0.0,5.782178217821782,9.473214285714286,84.0,0.1622222222222222
efficiency__011,efficiency,K_HL,303,7.961476074614762,0.64,0.0,5.782178217821782,9.473214285714286,84.0,0.1622222222222222
efficiency__012,efficiency,K_HL,303,8.3345498783455,0.42,0.0,5.663366336633663,10.1875,79.0,0.15555555555555556
efficiency__013,efficiency,K_HL,303,8.3345498783455,0.42,0.0,5.663366336633663,10.1875,79.0,0.15555555555555556
efficiency__014,efficiency,K_HL,303,8.3345498783455,0.42,0.0,5.663366336633663,10.1875,79.0,0.15555555555555556
efficiency__015,efficiency,K_HL,303,8.3345498783455,0.42,0.0,5.663366336633663,10.1875,79.0,0.15555555555555556
efficiency__016,efficiency,K_HL,303,8.3345498783455,0.42,0.0,5.663366336633663,10.1875,79.0,0.15555555555555556
efficiency__017,efficiency,K_HL,303,8.3345498783455,0.42,0.0,5.663366336633663,10.1875,79.0,0.15555555555555556
efficiency__018,efficiency,K_HL,303,7.961476074614762,0.64,0.0,5.782178217821782,9.473214285714286,84.0,0.1622222222222222
efficiency__019,efficiency,K_HL,303,7.961476074614762,0.64,0.0,5.782178217821782,9.473214285714286,84.0,0.1622222222222222
efficiency__020,efficiency,K_HL,303,7.961476074614762,0.64,0.0,5.782178217821782,9.473214285714286,84.0,0.1622222222222222
efficiency__021,efficiency,K_HL,303,8.3345498783455,0.42,0.0,5.663366336633663,10.1875,79.0,0.15555555555555556
efficiency__022,efficiency,K_HL,303,8.3345498783455,0.42,0.0,5.663366336633663,10.1875,79.0,0.15555555555555556
efficiency__023,efficiency,K_HL,303,8.3345498783455,0.42,0.0,5.663366336633663,10.1875,79.0,0.15555555555555556
efficiency__024,efficiency,K_HL,303,8.3345498783455,0.42,0.0,5.663366336633663,10.1875,79.0,0.15555555555555556
efficiency__025,efficiency,K_HL,303,8.3345498783455,0.42,0.0,5.663366336633663,10.1875,79.0,0.15555555555555556
efficiency__026,efficiency,K_HL,303,8.3345498783455,0.42,0.0,5.663366336633663,10.1875,79.0,0.15555555555555556
efficiency__000,efficiency,K_HL,304,8.721792890262751,0.88,0.0,4.968085106382978,12.246753246753247,80.0,0.14888888888888888
efficiency__001,efficiency,K_HL,304,8.721792890262751,0.88,0.0,4.968085106382978,12.246753246753247,80.0,0.14888888888888888
efficiency__002,efficiency,K_HL,304,8.721792890262751,0.88,0.0,4.968085106382978,12.246753246753247,80.0,0.14888888888888888
efficiency__003,efficiency,K_HL,304,9.585265327150951,0.71,0.0,6.861702127659575,12.142857142857142,79.0,0.15
efficiency__004,efficiency,K_HL,304,9.585265327150951,0.71,0.0,6.861702127659575,12.142857142857142,79.0,0.15
efficiency__005,efficiency,K_HL,304,9.585265327150951,0.71,0.0,6.861702127659575,12.142857142857142,79.0,0.15
efficiency__006,efficiency,K_HL,304,9.585265327150951,0.71,0.0,6.861702127659575,12.142857142857142,79.0,0.15
efficiency__007,efficiency,K_HL,304,9.585265327150951,0.71,0.0,6.861702127659575,12.142857142857142,79.0,0.15
efficiency__008,efficiency,K_HL,304,9.585265327150951,0.71,0.0,6.861702127659575,12.142857142857142,79.0,0.15
efficiency__009,efficiency,K_HL,304,8.721792890262751,0.88,0.0,4.968085106382978,12.246753246753247,80.0,0.14888888888888888
efficiency__010,efficiency,K_HL,304,8.721792890262751,0.88,0.0,4.968085106382978,12.246753246753247,80.0,0.14888888888888888
efficiency__011,efficiency,K_HL,304,8.721792890262751,0.88,0.0,4.968085106382978,12.246753246753247,80.0,0.14888888888888888
efficiency__012,efficiency,K_HL,304,9.585265327150951,0.71,0.0,6.861702127659575,12.142857142857142,79.0,0.15
efficiency__013,efficiency,K_HL,304,9.585265327150951,0.71,0.0,6.861702127659575,12.142857142857142,79.0,0.15
efficiency__014,efficiency,K_HL,304,9.585265327150951,0.71,0.0,6.861702127659575,12.142857142857142,79.0,0.15
efficiency__015,efficiency,K_HL,304,9.585265327150951,0.71,0.0,6.861702127659575,12.142857142857142,79.0,0.15
efficiency__016,efficiency,K_HL,304,9.585265327150951,0.71,0.0,6.861702127659575,12.142857142857142,79.0,0.15
efficiency__017,efficiency,K_HL,304,9.585265327150951,0.71,0.0,6.861702127659575,12.142857142857142,79.0,0.15
efficiency__018,efficiency,K_HL,304,8.721792890262751,0.88,0.0,4.968085106382978,12.246753246753247,80.0,0.14888888888888888
efficiency__019,efficiency,K_HL,304,8.721792890262751,0.88,0.0,4.968085106382978,12.246753246753247,80.0,0.14888888888888888
efficiency__020,efficiency,K_HL,304,8.721792890262751,0.88,0.0,4.968085106382978,12.246753246753247,80.0,0.14888888888888888
efficiency__021,efficiency,K_HL,304,9.585265327150951,0.71,0.0,6.861702127659575,12.142857142857142,79.0,0.15
efficiency__022,efficiency,K_HL,304,9.585265327150951,0.71,0.0,6.861702127659575,12.142857142857142,79.0,0.15
efficiency__023,efficiency,K_HL,304,9.585265327150951,0.71,0.0,6.861702127659575,12.142857142857142,79.0,0.15
efficiency__024,efficiency,K_HL,304,9.585265327150951,0.71,0.0,6.861702127659575,12.142857142857142,79.0,0.15
efficiency__025,efficiency,K_HL,304,9.585265327150951,0.71,0.0,6.861702127659575,12.142857142857142,79.0,0.15
efficiency__026,efficiency,K_HL,304,9.585265327150951,0.71,0.0,6.861702127659575,12.142857142857142,79.0,0.15
efficiency__000,efficiency,K_HL,305,8.732041587901701,0.58,0.0,6.095238095238095,11.329268292682928,85.0,0.1411111111111111
efficiency__001,efficiency,K_HL,305,8.732041587901701,0.58,0.0,6.095238095238095,11.329268292682928,85.0,0.1411111111111111
efficiency__002,efficiency,K_HL,305,8.732041587901701,0.58,0.0,6.095238095238095,11.329268292682928,85.0,0.1411111111111111
efficiency__003,efficiency,K_HL,305,8.484404536862003,0.84,0.0,5.819047619047619,11.109756097560975,83.0,0.14888888888888888
efficiency__004,efficiency,K_HL,305,8.484404536862003,0.84,0.0,5.819047619047619,11.109756097560975,83.0,0.14888888888888888
efficiency__005,efficiency,K_HL,305,8.484404536862003,0.84,0.0,5.819047619047619,11.109756097560975,83.0,0.14888888888888888
efficiency__006,efficiency,K_HL,305,8.484404536862003,0.84,0.0,5.819047619047619,11.109756097560975,83.0,0.14888888888888888
efficiency__007,efficiency,K_HL,305,8.484404536862003,0.84,0.0,5.819047619047619,11.109756097560975,83.0,0.14888888888888888
efficiency__008,efficiency,K_HL,305,8.484404536862003,0.84,0.0,5.819047619047619,11.109756097560975,83.0,0.14888888888888888
efficiency__009,efficiency,K_HL,305,8.732041587901701,0.58,0.0,6.095238095238095,11.329268292682928,85.0,0.1411111111111111
efficiency__010,efficiency,K_HL,305,8.732041587901701,0.58,0.0,6.095238095238095,11.329268292682928,85.0,0.1411111111111111
efficiency__011,efficiency,K_HL,305,8.732041587901701,0.58,0.0,6.095238095238095,11.329268292682928,85.0,0.1411111111111111
efficiency__012,efficiency,K_HL,305,8.484404536862003,0.84,0.0,5.819047619047619,11.109756097560975,83.0,0.14888888888888888
efficiency__013,efficiency,K_HL,305,8.484404536862003,0.84,0.0,5.819047619047619,11.109756097560975,83.0,0.14888888888888888
efficiency__014,efficiency,K_HL,305,8.484404536862003,0.84,0.0,5.819047619047619,11.109756097560975,83.0,0.14888888888888888
efficiency__015,efficiency,K_HL,305,8.484404536862003,0.84,0.0,5.819047619047619,11.109756097560975,83.0,0.14888888888888888
efficiency__016,efficiency,K_HL,305,8.484404536862003,0.84,0.0,5.819047619047619,11.109756097560975,83.0,0.14888888888888888
efficiency__017,efficiency,K_HL,305,8.484404536862003,0.84,0.0,5.819047619047619,11.109756097560975,83.0,0.14888888888888888
efficiency__018,efficiency,K_HL,305,8.732041587901701,0.58,0.0,6.095238095238095,11.329268292682928,85.0,0.1411111111111111
efficiency__019,efficiency,K_HL,305,8.732041587901701,0.58,0.0,6.095238095238095,11.329268292682928,85.0,0.1411111111111111
efficiency__020,efficiency,K_HL,305,8.732041587901701,0.58,0.0,6.095238095238095,11.329268292682928,85.0,0.1411111111111111
efficiency__021,efficiency,K_HL,305,8.484404536862003,0.84,0.0,5.819047619047619,11.109756097560975,83.0,0.14888888888888888
efficiency__022,efficiency,K_HL,305,8.484404536862003,0.84,0.0,5.819047619047619,11.109756097560975,83.0,0.14888888888888888
efficiency__023,efficiency,K_HL,305,8.484404536862003,0.84,0.0,5.819047619047619,11.109756097560975,83.0,0.14888888888888888
efficiency__024,efficiency,K_HL,305,8.484404536862003,0.84,0.0,5.819047619047619,11.109756097560975,83.0,0.14888888888888888
efficiency__025,efficiency,K_HL,305,8.484404536862003,0.84,0.0,5.819047619047619,11.109756097560975,83.0,0.14888888888888888
efficiency__026,efficiency,K_HL,305,8.484404536862003,0.84,0.0,5.819047619047619,11.109756097560975,83.0,0.14888888888888888
efpb__000,efpb,K_HL,301,8.011962782454585,0.44,0.0,7.090909090909091,8.887640449438202,77.0,0.15555555555555556
efpb__001,efpb,K_HL,301,8.342046964997785,0.34,0.0,7.118181818181818,9.50561797752809,77.0,0.15555555555555556
efpb__002,efpb,K_HL,301,8.076650420912717,0.44,0.0,7.4363636363636365,8.685393258426966,76.0,0.15666666666666668
efpb__003,efpb,K_HL,301,8.843597696056714,0.44,0.0,8.572727272727272,9.101123595505618,76.0,0.1622222222222222
efpb__004,efpb,K_HL,301,8.342046964997785,0.34,0.0,7.118181818181818,9.50561797752809,77.0,0.15555555555555556
efpb__005,efpb,K_HL,301,8.076650420912717,0.44,0.0,7.4363636363636365,8.685393258426966,76.0,0.15666666666666668
efpb__006,efpb,K_HL,301,9.175454142667258,0.29,0.0,8.154545454545454,10.146067415730338,78.0,0.16
efpb__007,efpb,K_HL,301,8.342046964997785,0.34,0.0,7.118181818181818,9.50561797752809,77.0,0.15555555555555556
efpb__008,efpb,K_HL,301,9.153300841825432,0.43,0.0,8.10909090909091,10.146067415730338,79.0,0.15888888888888889
efpb__009,efpb,K_HL,301,9.217988480283562,0.43,0.0,8.454545454545455,9.9438202247191,78.0,0.16
efpb__010,efpb,K_HL,301,8.011962782454585,0.44,0.0,7.090909090909091,8.887640449438202,77.0,0.15555555555555556
efpb__011,efpb,K_HL,301,9.153300841825432,0.43,0.0,8.10909090909091,10.146067415730338,79.0,0.15888888888888889
efpb__012,efpb,K_HL,301,8.011962782454585,0.44,0.0,7.090909090909091,8.887640449438202,77.0,0.15555555555555556
efpb__013,efpb,K_HL,301,8.076650420912717,0.44,0.0,7.4363636363636365,8.685393258426966,76.0,0.15666666666666668
efpb__014,efpb,K_HL,301,9.175454142667258,0.29,0.0,8.154545454545454,10.146067415730338,78.0,0.16
efpb__015,efpb,K_HL,301,8.011962782454585,0.44,0.0,7.090909090909091,8.887640449438202,77.0,0.15555555555555556
efpb__016,efpb,K_HL,301,8.011962782454585,0.44,0.0,7.090909090909091,8.887640449438202,77.0,0.15555555555555556
efpb__017,efpb,K_HL,301,9.217988480283562,0.43,0.0,8.454545454545455,9.9438202247191,78.0,0.16
efpb__018,efpb,K_HL,301,9.153300841825432,0.43,0.0,8.10909090909091,10.146067415730338,79.0,0.15888888888888889
efpb__019,efpb,K_HL,301,8.342046964997785,0.34,0.0,7.118181818181818,9.50561797752809,77.0,0.15555555555555556
efpb__020,efpb,K_HL,301,8.076650420912717,0.44,0.0,7.4363636363636365,8.685393258426966,76.0,0.15666666666666668
efpb__021,efpb,K_HL,301,8.011962782454585,0.44,0.0,7.090909090909091,8.887640449438202,77.0,0.15555555555555556
efpb__022,efpb,K_HL,301,8.011962782454585,0.44,0.0,7.090909090909091,8.887640449438202,77.0,0.15555555555555556
efpb__023,efpb,K_HL,301,9.110766504209128,0.29,0.0,7.8090909090909095,10.348314606741573,79.0,0.15888888888888889
efpb__024,efpb,K_HL,301,9.175454142667258,0.29,0.0,8.154545454545454,10.146067415730338,78.0,0.16
efpb__025,efpb,K_HL,301,8.843597696056714,0.44,0.0,8.572727272727272,9.101123595505618,76.0,0.1622222222222222
efpb__026,efpb,K_HL,301,8.011962782454585,0.44,0.0,7.090909090909091,8.887640449438202,77.0,0.15555555555555556
efpb__027,efpb,K_HL,301,8.076650420912717,0.44,0.0,7.4363636363636365,8.685393258426966,76.0,0.15666666666666668
efpb__028,efpb,K_HL,301,8.011962782454585,0.44,0.0,7.090909090909091,8.887640449438202,77.0,0.15555555555555556
efpb__029,efpb,K_HL,301,8.011962782454585,0.44,0.0,7.090909090909091,8.887640449438202,77.0,0.15555555555555556
efpb__000,efpb,K_HL,302,9.101976639712488,0.37,0.0,7.592233009708738,10.402173913043478,81.0,0.16555555555555557
efpb__001,efpb,K_HL,302,9.101976639712488,0.37,0.0,7.592233009708738,10.402173913043478,81.0,0.16555555555555557
efpb__002,efpb,K_HL,302,9.632075471698112,0.57,0.0,7.980582524271845,11.054347826086957,80.0,0.16555555555555557
efpb__003,efpb,K_HL,302,9.564240790655884,0.57,0.0,8.174757281553399,10.76086956521739,80.0,0.1711111111111111
efpb__004,efpb,K_HL,302,9.101976639712488,0.37,0.0,7.592233009708738,10.402173913043478,81.0,0.16555555555555557
efpb__005,efpb,K_HL,302,9.767744833782567,0.56,0.0,8.475728155339805,10.880434782608695,80.0,0.16555555555555557
efpb__006,efpb,K_HL,302,10.040880503144653,0.33,0.0,8.990291262135923,10.945652173913043,82.0,0.16333333333333333
efpb__007,efpb,K_HL,302,9.101976639712488,0.37,0.0,7.592233009708738,10.402173913043478,81.0,0.16555555555555557
efpb__008,efpb,K_HL,302,9.900269541778975,0.33,0.0,8.572815533980583,11.043478260869565,82.0,0.16333333333333333
efpb__009,efpb,K_HL,302,10.040880503144653,0.33,0.0,8.990291262135923,10.945652173913043,82.0,0.16333333333333333
efpb__010,efpb,K_HL,302,9.101976639712488,0.37,0.0,7.592233009708738,10.402173913043478,81.0,0.16555555555555557
efpb__011,efpb,K_HL,302,10.040880503144653,0.33,0.0,8.990291262135923,10.945652173913043,82.0,0.16333333333333333
efpb__012,efpb,K_HL,302,9.101976639712488,0.37,0.0,7.592233009708738,10.402173913043478,81.0,0.16555555555555557
efpb__013,efpb,K_HL,302,9.767744833782567,0.56,0.0,8.475728155339805,10.880434782608695,80.0,0.16555555555555557
efpb__014,efpb,K_HL,302,9.211141060197663,0.29,0.0,8.446601941747574,9.869565217391305,80.0,0.16555555555555557
efpb__015,efpb,K_HL,302,9.101976639712488,0.37,0.0,7.592233009708738,10.402173913043478,81.0,0.16555555555555557
efpb__016,efpb,K_HL,302,9.767744833782567,0.56,0.0,8.475728155339805,10.880434782608695,80.0,0.16555555555555557
efpb__017,efpb,K_HL,302,9.211141060197663,0.29,0.0,8.446601941747574,9.869565217391305,80.0,0.16555555555555557
efpb__018,efpb,K_HL,302,10.040880503144653,0.33,0.0,8.990291262135923,10.945652173913043,82.0,0.16333333333333333
efpb__019,efpb,K_HL,302,9.101976639712488,0.37,0.0,7.592233009708738,10.402173913043478,81.0,0.16555555555555557
efpb__020,efpb,K_HL,302,10.37466307277628,0.4,0.0,9.320388349514563,11.282608695652174,81.0,0.16444444444444445
efpb__021,efpb,K_HL,302,9.101976639712488,0.37,0.0,7.592233009708738,10.402173913043478,81.0,0.16555555555555557
efpb__022,efpb,K_HL,302,9.101976639712488,0.37,0.0,7.592233009708738,10.402173913043478,81.0,0.16555555555555557
efpb__023,efpb,K_HL,302,9.900269541778975,0.33,0.0,8.572815533980583,11.043478260869565,82.0,0.16333333333333333
efpb__024,efpb,K_HL,302,9.211141060197663,0.29,0.0,8.446601941747574,9.869565217391305,80.0,0.16555555555555557
efpb__025,efpb,K_HL,302,9.564240790655884,0.57,0.0,8.174757281553399,10.76086956521739,80.0,0.1711111111111111
efpb__026,efpb,K_HL,302,9.101976639712488,0.37,0.0,7.592233009708738,10.402173913043478,81.0,0.16555555555555557
efpb__027,efpb,K_HL,302,9.767744833782567,0.56,0.0,8.475728155339805,10.880434782608695,80.0,0.16555555555555557
efpb__028,efpb,K_HL,302,9.101976639712488,0.37,0.0,7.592233009708738,10.402173913043478,81.0,0.16555555555555557
efpb__029,efpb,K_HL,302,9.767744833782567,0.56,0.0,8.475728155339805,10.880434782608695,80.0,0.16555555555555557
efpb__000,efpb,K_HL,303,8.656528791565288,0.6,0.0,7.376237623762377,9.544642857142858,79.0,0.16666666666666666
efpb__001,efpb,K_HL,303,8.656528791565288,0.6,0.0,7.376237623762377,9.544642857142858,79.0,0.16666666666666666
efpb__002,efpb,K_HL,303,8.656528791565288,0.6,0.0,7.376237623762377,9.544642857142858,79.0,0.16666666666666666
efpb__003,efpb,K_HL,303,8.616788321167883,0.6,0.0,7.742574257425742,9.223214285714286,80.0,0.1711111111111111
efpb__004,efpb,K_HL,303,8.656528791565288,0.6,0.0,7.376237623762377,9.544642857142858,79.0,0.16666666666666666
efpb__005,efpb,K_HL,303,8.279805352798055,0.6,0.0,7.00990099009901,9.160714285714286,79.0,0.16666666666666666
efpb__006,efpb,K_HL,303,9.358475263584754,0.41,0.0,8.871287128712872,9.696428571428571,79.0,0.17222222222222222
efpb__007,efpb,K_HL,303,8.656528791565288,0.6,0.0,7.376237623762377,9.544642857142858,79.0,0.16666666666666666
efpb__008,efpb,K_HL,303,9.358475263584754,0.41,0.0,8.871287128712872,9.696428571428571,79.0,0.17222222222222222
efpb__009,efpb,K_HL,303,9.358475263584754,0.41,0.0,8.871287128712872,9.696428571428571,79.0,0.17222222222222222
efpb__010,efpb,K_HL,303,8.656528791565288,0.6,0.0,7.376237623762377,9.544642857142858,79.0,0.16666666666666666
efpb__011,efpb,K_HL,303,9.358475263584754,0.41,0.0,8.871287128712872,9.696428571428571,79.0,0.17222222222222222
efpb__012,efpb,K_HL,303,8.656528791565288,0.6,0.0,7.376237623762377,9.544642857142858,79.0,0.16666666666666666
efpb__013,efpb,K_HL,303,8.279805352798055,0.6,0.0,7.00990099009901,9.160714285714286,79.0,0.16666666666666666
efpb__014,efpb,K_HL,303,9.512165450121653,0.41,0.0,9.207920792079207,9.723214285714286,80.0,0.17666666666666667
efpb__015,efpb,K_HL,303,8.656528791565288,0.6,0.0,7.376237623762377,9.544642857142858,79.0,0.16666666666666666
efpb__016,efpb,K_HL,303,8.656528791565288,0.6,0.0,7.376237623762377,9.544642857142858,79.0,0.16666666666666666
efpb__017,efpb,K_HL,303,9.512165450121653,0.41,0.0,9.207920792079207,9.723214285714286,80.0,0.17666666666666667
efpb__018,efpb,K_HL,303,9.358475263584754,0.41,0.0,8.871287128712872,9.696428571428571,79.0,0.17222222222222222
efpb__019,efpb,K_HL,303,8.656528791565288,0.6,0.0,7.376237623762377,9.544642857142858,79.0,0.16666666666666666
efpb__020,efpb,K_HL,303,8.656528791565288,0.6,0.0,7.376237623762377,9.544642857142858,79.0,0.16666666666666666
efpb__021,efpb,K_HL,303,8.656528791565288,0.6,0.0,7.376237623762377,9.544642857142858,79.0,0.16666666666666666
efpb__022,efpb,K_HL,303,8.656528791565288,0.6,0.0,7.376237623762377,9.544642857142858,79.0,0.16666666666666666
efpb__023,efpb,K_HL,303,9.358475263584754,0.41,0.0,8.871287128712872,9.696428571428571,79.0,0.17222222222222222
efpb__024,efpb,K_HL,303,9.512165450121653,0.41,0.0,9.207920792079207,9.723214285714286,80.0,0.17666666666666667
efpb__025,efpb,K_HL,303,8.616788321167883,0.6,0.0,7.742574257425742,9.223214285714286,80.0,0.1711111111111111
efpb__026,efpb,K_HL,303,8.656528791565288,0.6,0.0,7.376237623762377,9.544642857142858,79.0,0.16666666666666666
efpb__027,efpb,K_HL,303,8.279805352798055,0.6,0.0,7.00990099009901,9.160714285714286,79.0,0.16666666666666666
efpb__028,efpb,K_HL,303,8.656528791565288,0.6,0.0,7.376237623762377,9.544642857142858,79.0,0.16666666666666666
efpb__029,efpb,K_HL,303,8.656528791565288,0.6,0.0,7.376237623762377,9.544642857142858,79.0,0.16666666666666666
efpb__000,efpb,K_HL,304,8.097372488408036,0.32,0.0,6.914893617021277,9.207792207792208,76.0,0.15333333333333332
efpb__001,efpb,K_HL,304,8.097372488408036,0.32,0.0,6.914893617021277,9.207792207792208,76.0,0.15333333333333332
efpb__002,efpb,K_HL,304,8.097372488408036,0.32,0.0,6.914893617021277,9.207792207792208,76.0,0.15333333333333332
efpb__003,efpb,K_HL,304,8.404945904173106,0.39,0.0,7.840425531914893,8.935064935064934,77.0,0.1622222222222222
efpb__004,efpb,K_HL,304,8.097372488408036,0.32,0.0,6.914893617021277,9.207792207792208,76.0,0.15333333333333332
efpb__005,efpb,K_HL,304,8.097372488408036,0.32,0.0,6.914893617021277,9.207792207792208,76.0,0.15333333333333332
efpb__006,efpb,K_HL,304,8.91705306543019,0.31,0.0,8.372340425531915,9.428571428571429,77.0,0.15777777777777777
efpb__007,efpb,K_HL,304,8.097372488408036,0.32,0.0,6.914893617021277,9.207792207792208,76.0,0.15333333333333332
efpb__008,efpb,K_HL,304,8.91705306543019,0.31,0.0,8.372340425531915,9.428571428571429,77.0,0.15777777777777777
efpb__009,efpb,K_HL,304,8.91705306543019,0.31,0.0,8.372340425531915,9.428571428571429,77.0,0.15777777777777777
efpb__010,efpb,K_HL,304,8.097372488408036,0.32,0.0,6.914893617021277,9.207792207792208,76.0,0.15333333333333332
efpb__011,efpb,K_HL,304,8.91705306543019,0.31,0.0,8.372340425531915,9.428571428571429,77.0,0.15777777777777777
efpb__012,efpb,K_HL,304,8.097372488408036,0.32,0.0,6.914893617021277,9.207792207792208,76.0,0.15333333333333332
efpb__013,efpb,K_HL,304,8.097372488408036,0.32,0.0,6.914893617021277,9.207792207792208,76.0,0.15333333333333332
efpb__014,efpb,K_HL,304,8.91705306543019,0.31,0.0,8.372340425531915,9.428571428571429,77.0,0.15777777777777777
efpb__015,efpb,K_HL,304,8.097372488408036,0.32,0.0,6.914893617021277,9.207792207792208,76.0,0.15333333333333332
efpb__016,efpb,K_HL,304,8.097372488408036,0.32,0.0,6.914893617021277,9.207792207792208,76.0,0.15333333333333332
efpb__017,efpb,K_HL,304,8.91705306543019,0.31,0.0,8.372340425531915,9.428571428571429,77.0,0.15777777777777777
efpb__018,efpb,K_HL,304,8.91705306543019,0.31,0.0,8.372340425531915,9.428571428571429,77.0,0.15777777777777777
efpb__019,efpb,K_HL,304,8.097372488408036,0.32,0.0,6.914893617021277,9.207792207792208,76.0,0.15333333333333332
efpb__020,efpb,K_HL,304,8.097372488408036,0.32,0.0,6.914893617021277,9.207792207792208,76.0,0.15333333333333332
efpb__021,efpb,K_HL,304,8.097372488408036,0.32,0.0,6.914893617021277,9.207792207792208,76.0,0.15333333333333332
efpb__022,efpb,K_HL,304,8.097372488408036,0.32,0.0,6.914893617021277,9.207792207792208,76.0,0.15333333333333332
efpb__023,efpb,K_HL,304,8.91705306543019,0.31,0.0,8.372340425531915,9.428571428571429,77.0,0.15777777777777777
efpb__024,efpb,K_HL,304,8.91705306543019,0.31,0.0,8.372340425531915,9.428571428571429,77.0,0.15777777777777777
efpb__025,efpb,K_HL,304,8.404945904173106,0.39,0.0,7.840425531914893,8.935064935064934,77.0,0.1622222222222222
efpb__026,efpb,K_HL,304,8.097372488408036,0.32,0.0,6.914893617021277,9.207792207792208,76.0,0.15333333333333332
efpb__027,efpb,K_HL,304,8.097372488408036,0.32,0.0,6.914893617021277,9.207792207792208,76.0,0.15333333333333332
efpb__028,efpb,K_HL,304,8.097372488408036,0.32,0.0,6.914893617021277,9.207792207792208,76.0,0.15333333333333332
efpb__029,efpb,K_HL,304,8.097372488408036,0.32,0.0,6.914893617021277,9.207792207792208,76.0,0.15333333333333332
efpb__000,efpb,K_HL,305,7.8752362948960295,0.45,0.0,6.485714285714286,9.24390243902439,78.0,0.15666666666666668
efpb__001,efpb,K_HL,305,7.84640831758034,0.46,0.0,6.390476190476191,9.28048780487805,78.0,0.15666666666666668
efpb__002,efpb,K_HL,305,7.84640831758034,0.46,0.0,6.390476190476191,9.28048780487805,78.0,0.15666666666666668
efpb__003,efpb,K_HL,305,7.422495274102078,0.46,0.0,6.6380952380952385,8.195121951219512,78.0,0.1622222222222222
efpb__004,efpb,K_HL,305,7.8752362948960295,0.45,0.0,6.485714285714286,9.24390243902439,78.0,0.15666666666666668
efpb__005,efpb,K_HL,305,7.8752362948960295,0.45,0.0,6.485714285714286,9.24390243902439,78.0,0.15666666666666668
efpb__006,efpb,K_HL,305,7.826086956521738,0.29,0.0,7.476190476190476,8.170731707317072,79.0,0.15888888888888889
efpb__007,efpb,K_HL,305,7.8752362948960295,0.45,0.0,6.485714285714286,9.24390243902439,78.0,0.15666666666666668
efpb__008,efpb,K_HL,305,7.826086956521738,0.29,0.0,7.476190476190476,8.170731707317072,79.0,0.15888888888888889
efpb__009,efpb,K_HL,305,7.826086956521738,0.29,0.0,7.476190476190476,8.170731707317072,79.0,0.15888888888888889
efpb__010,efpb,K_HL,305,7.84640831758034,0.46,0.0,6.390476190476191,9.28048780487805,78.0,0.15666666666666668
efpb__011,efpb,K_HL,305,7.826086956521738,0.29,0.0,7.476190476190476,8.170731707317072,79.0,0.15888888888888889
efpb__012,efpb,K_HL,305,7.84640831758034,0.46,0.0,6.390476190476191,9.28048780487805,78.0,0.15666666666666668
efpb__013,efpb,K_HL,305,7.8752362948960295,0.45,0.0,6.485714285714286,9.24390243902439,78.0,0.15666666666666668
efpb__014,efpb,K_HL,305,7.826086956521738,0.29,0.0,7.476190476190476,8.170731707317072,79.0,0.15888888888888889
efpb__015,efpb,K_HL,305,7.84640831758034,0.46,0.0,6.390476190476191,9.28048780487805,78.0,0.15666666666666668
efpb__016,efpb,K_HL,305,7.8752362948960295,0.45,0.0,6.485714285714286,9.24390243902439,78.0,0.15666666666666668
efpb__017,efpb,K_HL,305,7.826086956521738,0.29,0.0,7.476190476190476,8.170731707317072,79.0,0.15888888888888889
efpb__018,efpb,K_HL,305,7.826086956521738,0.29,0.0,7.476190476190476,8.170731707317072,79.0,0.15888888888888889
efpb__019,efpb,K_HL,305,7.84640831758034,0.46,0.0,6.390476190476191,9.28048780487805,78.0,0.15666666666666668
efpb__020,efpb,K_HL,305,7.84640831758034,0.46,0.0,6.390476190476191,9.28048780487805,78.0,0.15666666666666668
efpb__021,efpb,K_HL,305,7.84640831758034,0.46,0.0,6.390476190476191,9.28048780487805,78.0,0.15666666666666668
efpb__022,efpb,K_HL,305,7.84640831758034,0.46,0.0,6.390476190476191,9.28048780487805,78.0,0.15666666666666668
efpb__023,efpb,K_HL,305,7.826086956521738,0.29,0.0,7.476190476190476,8.170731707317072,79.0,0.15888888888888889
efpb__024,efpb,K_HL,305,7.826086956521738,0.29,0.0,7.476190476190476,8.170731707317072,79.0,0.15888888888888889
efpb__025,efpb,K_HL,305,7.422495274102078,0.46,0.0,6.6380952380952385,8.195121951219512,78.0,0.1622222222222222
efpb__026,efpb,K_HL,305,7.8752362948960295,0.45,0.0,6.485714285714286,9.24390243902439,78.0,0.15666666666666668
efpb__027,efpb,K_HL,305,7.8752362948960295,0.45,0.0,6.485714285714286,9.24390243902439,78.0,0.15666666666666668
efpb__028,efpb,K_HL,305,7.84640831758034,0.46,0.0,6.390476190476191,9.28048780487805,78.0,0.15666666666666668
efpb__029,efpb,K_HL,305,7.8752362948960295,0.45,0.0,6.485714285714286,9.24390243902439,78.0,0.15666666666666668
equal_bargaining__000,equal_bargaining,K_HL,301,8.843597696056714,0.44,0.0,8.572727272727272,9.101123595505618,76.0,0.1622222222222222
equal_bargaining__001,equal_bargaining,K_HL,301,8.843597696056714,0.44,0.0,8.572727272727272,9.101123595505618,76.0,0.1622222222222222
equal_bargaining__002,equal_bargaining,K_HL,301,8.843597696056714,0.44,0.0,8.572727272727272,9.101123595505618,76.0,0.1622222222222222
equal_bargaining__003,equal_bargaining,K_HL,301,8.843597696056714,0.44,0.0,8.572727272727272,9.101123595505618,76.0,0.1622222222222222
equal_bargaining__004,equal_bargaining,K_HL,301,8.843597696056714,0.44,0.0,8.572727272727272,9.101123595505618,76.0,0.1622222222222222
equal_bargaining__005,equal_bargaining,K_HL,301,8.843597696056714,0.44,0.0,8.572727272727272,9.101123595505618,76.0,0.1622222222222222
equal_bargaining__006,equal_bargaining,K_HL,301,8.843597696056714,0.44,0.0,8.572727272727272,9.101123595505618,76.0,0.1622222222222222
equal_bargaining__007,equal_bargaining,K_HL,301,8.843597696056714,0.44,0.0,8.572727272727272,9.101123595505618,76.0,0.1622222222222222
equal_bargaining__008,equal_bargaining,K_HL,301,8.843597696056714,0.44,0.0,8.572727272727272,9.101123595505618,76.0,0.1622222222222222
equal_bargaining__000,equal_bargaining,K_HL,302,9.564240790655884,0.57,0.0,8.174757281553399,10.76086956521739,80.0,0.1711111111111111
equal_bargaining__001,equal_bargaining,K_HL,302,9.564240790655884,0.57,0.0,8.174757281553399,10.76086956521739,80.0,0.1711111111111111
equal_bargaining__002,equal_bargaining,K_HL,302,9.564240790655884,0.57,0.0,8.174757281553399,10.76086956521739,80.0,0.1711111111111111
equal_bargaining__003,equal_bargaining,K_HL,302,9.564240790655884,0.57,0.0,8.174757281553399,10.76086956521739,80.0,0.1711111111111111
equal_bargaining__004,equal_bargaining,K_HL,302,9.564240790655884,0.57,0.0,8.174757281553399,10.76086956521739,80.0,0.1711111111111111
equal_bargaining__005,equal_bargaining,K_HL,302,9.564240790655884,0.57,0.0,8.174757281553399,10.76086956521739,80.0,0.1711111111111111
equal_bargaining__006,equal_bargaining,K_HL,302,9.564240790655884,0.57,0.0,8.174757281553399,10.76086956521739,80.0,0.1711111111111111
equal_bargaining__007,equal_bargaining,K_HL,302,9.564240790655884,0.57,0.0,8.174757281553399,10.76086956521739,80.0,0.1711111111111111
equal_bargaining__008,equal_bargaining,K_HL,302,9.564240790655884,0.57,0.0,8.174757281553399,10.76086956521739,80.0,0.1711111111111111
equal_bargaining__000,equal_bargaining,K_HL,303,8.616788321167883,0.6,0.0,7.742574257425742,9.223214285714286,80.0,0.1711111111111111
equal_bargaining__001,equal_bargaining,K_HL,303,8.616788321167883,0.6,0.0,7.742574257425742,9.223214285714286,80.0,0.1711111111111111
equal_bargaining__002,equal_bargaining,K_HL,303,8.616788321167883,0.6,0.0,7.742574257425742,9.223214285714286,80.0,0.1711111111111111
equal_bargaining__003,equal_bargaining,K_HL,303,8.616788321167883,0.6,0.0,7.742574257425742,9.223214285714286,80.0,0.1711111111111111
equal_bargaining__004,equal_bargaining,K_HL,303,8.616788321167883,0.6,0.0,7.742574257425742,9.223214285714286,80.0,0.1711111111111111
equal_bargaining__005,equal_bargaining,K_HL,303,8.616788321167883,0.6,0.0,7.742574257425742,9.223214285714286,80.0,0.1711111111111111
equal_bargaining__006,equal_bargaining,K_HL,303,8.616788321167883,0.6,0.0,7.742574257425742,9.223214285714286,80.0,0.1711111111111111
equal_bargaining__007,equal_bargaining,K_HL,303,8.616788321167883,0.6,0.0,7.742574257425742,9.223214285714286,80.0,0.1711111111111111
equal_bargaining__008,equal_bargaining,K_HL,303,8.616788321167883,0.6,0.0,7.742574257425742,9.223214285714286,80.0,0.1711111111111111
equal_bargaining__000,equal_bargaining,K_HL,304,8.404945904173106,0.39,0.0,7.840425531914893,8.935064935064934,77.0,0.1622222222222222
equal_bargaining__001,equal_bargaining,K_HL,304,8.404945904173106,0.39,0.0,7.840425531914893,8.935064935064934,77.0,0.1622222222222222
equal_bargaining__002,equal_bargaining,K_HL,304,8.404945904173106,0.39,0.0,7.840425531914893,8.935064935064934,77.0,0.1622222222222222
equal_bargaining__003,equal_bargaining,K_HL,304,8.404945904173106,0.39,0.0,7.840425531914893,8.935064935064934,77.0,0.1622222222222222
equal_bargaining__004,equal_bargaining,K_HL,304,8.404945904173106,0.39,0.0,7.840425531914893,8.935064935064934,77.0,0.1622222222222222
equal_bargaining__005,equal_bargaining,K_HL,304,8.404945904173106,0.39,0.0,7.840425531914893,8.935064935064934,77.0,0.1622222222222222
equal_bargaining__006,equal_bargaining,K_HL,304,8.404945904173106,0.39,0.0,7.840425531914893,8.935064935064934,77.0,0.1622222222222222
equal_bargaining__007,equal_bargaining,K_HL,304,8.404945904173106,0.39,0.0,7.840425531914893,8.935064935064934,77.0,0.1622222222222222
equal_bargaining__008,equal_bargaining,K_HL,304,8.404945904173106,0.39,0.0,7.840425531914893,8.935064935064934,77.0,0.1622222222222222
equal_bargaining__000,equal_bargaining,K_HL,305,7.422495274102078,0.46,0.0,6.6380952380952385,8.195121951219512,78.0,0.1622222222222222
equal_bargaining__001,equal_bargaining,K_HL,305,7.422495274102078,0.46,0.0,6.6380952380952385,8.195121951219512,78.0,0.1622222222222222
equal_bargaining__002,equal_bargaining,K_HL,305,7.422495274102078,0.46,0.0,6.6380952380952385,8.195121951219512,78.0,0.1622222222222222
equal_bargaining__003,equal_bargaining,K_HL,305,7.422495274102078,0.46,0.0,6.6380952380952385,8.195121951219512,78.0,0.1622222222222222
equal_bargaining__004,equal_bargaining,K_HL,305,7.422495274102078,0.46,0.0,6.6380952380952385,8.195121951219512,78.0,0.1622222222222222
equal_bargaining__005,equal_bargaining,K_HL,305,7.422495274102078,0.46,0.0,6.6380952380952385,8.195121951219512,78.0,0.1622222222222222
equal_bargaining__006,equal_bargaining,K_HL,305,7.422495274102078,0.46,0.0,6.6380952380952385,8.195121951219512,78.0,0.1622222222222222
equal_bargaining__007,equal_bargaining,K_HL,305,7.422495274102078,0.46,0.0,6.6380952380952385,8.195121951219512,78.0,0.1622222222222222
equal_bargaining__008,equal_bargaining,K_HL,305,7.422495274102078,0.46,0.0,6.6380952380952385,8.195121951219512,78.0,0.1622222222222222
fixed_time__000,fixed_time,K_HL,301,15.448382809038547,0.35,0.0,17.40909090909091,13.584269662921349,68.0,0.15555555555555556
fixed_time__001,fixed_time,K_HL,301,16.889233495790872,0.4,0.0,21.5,12.50561797752809,61.0,0.14
fixed_time__002,fixed_time,K_HL,301,20.357111209570228,0.56,0.0,27.20909090909091,13.842696629213483,50.0,0.11666666666666667
fixed_time__003,fixed_time,K_HL,301,22.675232609658842,0.61,0.0,26.71818181818182,18.831460674157302,40.0,0.09333333333333334
fixed_time__004,fixed_time,K_HL,301,27.07221976074435,0.73,0.0,35.17272727272727,19.370786516853933,34.0,0.07777777777777778
fixed_time__005,fixed_time,K_HL,301,33.340274700930436,0.95,0.0,38.70909090909091,28.235955056179776,25.0,0.057777777777777775
fixed_time__006,fixed_time,K_HL,301,12.159060700044307,0.29,0.0,12.763636363636364,11.584269662921349,82.0,0.18666666666666668
fixed_time__007,fixed_time,K_HL,301,12.863535666814357,0.32,0.0,11.60909090909091,14.0561797752809,76.0,0.17444444444444446
fixed_time__008,fixed_time,K_HL,301,13.772707133362871,0.36,0.0,10.945454545454545,16.46067415730337,67.0,0.15555555555555556
fixed_time__009,fixed_time,K_HL,301,14.148427115640231,0.4,0.0,12.709090909090909,15.51685393258427,60.0,0.14
fixed_time__010,fixed_time,K_HL,301,15.083739477182101,0.48,0.0,11.472727272727273,18.51685393258427,50.0,0.11666666666666667
fixed_time__011,fixed_time,K_HL,301,20.12848914488259,0.61,0.0,15.063636363636364,24.9438202247191,40.0,0.09333333333333334
fixed_time__012,fixed_time,K_HL,301,22.26805494018609,0.72,0.0,14.218181818181819,29.921348314606742,33.0,0.07777777777777778
fixed_time__013,fixed_time,K_HL,301,28.99734160389898,0.97,0.0,15.190909090909091,42.12359550561798,24.0,0.057777777777777775
fixed_time__000,fixed_time,K_HL,302,13.847708894878705,0.35,0.0,15.980582524271844,12.01086956521739,68.0,0.15555555555555556
fixed_time__001,fixed_time,K_HL,302,16.154986522911052,0.4,0.0,18.92233009708738,13.771739130434783,61.0,0.14
fixed_time__002,fixed_time,K_HL,302,19.55166217430368,0.5,0.0,25.29126213592233,14.608695652173912,50.0,0.11666666666666667
fixed_time__003,fixed_time,K_HL,302,22.125786163522008,0.61,0.0,28.58252427184466,16.565217391304348,40.0,0.09333333333333334
fixed_time__004,fixed_time,K_HL,302,26.606469002695416,0.73,0.0,36.650485436893206,17.956521739130434,34.0,0.07777777777777778
fixed_time__005,fixed_time,K_HL,302,35.4618149146451,0.95,0.0,45.38834951456311,26.91304347826087,25.0,0.057777777777777775
fixed_time__006,fixed_time,K_HL,302,12.544025157232705,0.29,0.0,12.70873786407767,12.402173913043478,82.0,0.18666666666666668
fixed_time__007,fixed_time,K_HL,302,11.798292902066487,0.32,0.0,9.330097087378642,13.923913043478262,76.0,0.17444444444444446
fixed_time__008,fixed_time,K_HL,302,14.07906558849955,0.36,0.0,12.504854368932039,15.434782608695652,67.0,0.15555555555555556
fixed_time__009,fixed_time,K_HL,302,12.899371069182388,0.4,0.0,9.980582524271844,15.41304347826087,60.0,0.14
fixed_time__010,fixed_time,K_HL,302,18.123539982030547,0.48,0.0,14.29126213592233,21.42391304347826,50.0,0.11666666666666667
fixed_time__011,fixed_time,K_HL,302,18.177448337825695,0.61,0.0,9.990291262135923,25.22826086956522,40.0,0.09333333333333334
fixed_time__012,fixed_time,K_HL,302,18.765498652291107,0.71,0.0,11.097087378640778,25.369565217391305,33.0,0.07777777777777778
fixed_time__013,fixed_time,K_HL,302,27.7911051212938,0.97,0.0,15.242718446601941,38.59782608695652,24.0,0.057777777777777775
fixed_time__000,fixed_time,K_HL,303,15.064071370640715,0.37,0.0,16.88118811881188,13.803571428571429,68.0,0.15555555555555556
fixed_time__001,fixed_time,K_HL,303,15.988645579886457,0.51,0.0,18.623762376237625,14.160714285714286,61.0,0.14
fixed_time__002,fixed_time,K_HL,303,18.287915652879157,0.52,0.0,23.336633663366335,14.785714285714286,50.0,0.11666666666666667
fixed_time__003,fixed_time,K_HL,303,23.113949716139498,0.76,0.0,29.495049504950494,18.6875,40.0,0.09333333333333334
fixed_time__004,fixed_time,K_HL,303,25.6772100567721,0.73,0.0,32.83168316831683,20.714285714285715,34.0,0.07777777777777778
fixed_time__005,fixed_time,K_HL,303,32.86577453365775,0.95,0.0,35.722772277227726,30.883928571428573,25.0,0.057777777777777775
fixed_time__006,fixed_time,K_HL,303,11.61800486618005,0.29,0.0,12.277227722772277,11.160714285714286,82.0,0.18666666666666668
fixed_time__007,fixed_time,K_HL,303,12.4014598540146,0.32,0.0,10.405940594059405,13.785714285714286,76.0,0.17444444444444446
fixed_time__008,fixed_time,K_HL,303,13.597323600973239,0.36,0.0,10.712871287128714,15.598214285714286,67.0,0.15555555555555556
fixed_time__009,fixed_time,K_HL,303,14.782238442822385,0.4,0.0,11.237623762376238,17.241071428571427,60.0,0.14
fixed_time__010,fixed_time,K_HL,303,16.20600162206002,0.48,0.0,9.475247524752476,20.875,50.0,0.11666666666666667
fixed_time__011,fixed_time,K_HL,303,21.62895377128954,0.61,0.0,13.435643564356436,27.3125,40.0,0.09333333333333334
fixed_time__012,fixed_time,K_HL,303,22.616382806163827,0.72,0.0,12.821782178217822,29.410714285714285,33.0,0.07777777777777778
fixed_time__013,fixed_time,K_HL,303,30.637875101378754,0.97,0.0,13.009900990099009,42.86607142857143,24.0,0.057777777777777775
fixed_time__000,fixed_time,K_HL,304,13.298815043791858,0.35,0.0,14.308510638297872,12.35064935064935,68.0,0.15555555555555556
fixed_time__001,fixed_time,K_HL,304,15.758371973209686,0.4,0.0,17.893617021276597,13.753246753246753,61.0,0.14
fixed_time__002,fixed_time,K_HL,304,19.02421432251417,0.5,0.0,26.117021276595743,12.363636363636363,50.0,0.11666666666666667
fixed_time__003,fixed_time,K_HL,304,20.71303451828954,0.59,0.0,25.23404255319149,16.467532467532468,40.0,0.09333333333333334
fixed_time__004,fixed_time,K_HL,304,25.48995363214837,0.72,0.0,32.691489361702125,18.727272727272727,34.0,0.07777777777777778
fixed_time__005,fixed_time,K_HL,304,32.96908809891808,0.96,0.0,41.09574468085106,25.337662337662337,25.0,0.057777777777777775
fixed_time__006,fixed_time,K_HL,304,13.466254507985575,0.29,0.0,13.202127659574469,13.714285714285714,82.0,0.18666666666666668
fixed_time__007,fixed_time,K_HL,304,12.208655332302937,0.32,0.0,11.117021276595745,13.233766233766234,76.0,0.17444444444444446
fixed_time__008,fixed_time,K_HL,304,11.94538897475528,0.36,0.0,9.702127659574469,14.051948051948052,67.0,0.15555555555555556
fixed_time__009,fixed_time,K_HL,304,13.396187532199894,0.39,0.0,10.595744680851064,16.025974025974026,60.0,0.14
fixed_time__010,fixed_time,K_HL,304,14.563111798042243,0.48,0.0,12.24468085106383,16.74025974025974,50.0,0.11666666666666667
fixed_time__011,fixed_time,K_HL,304,17.621844410097886,0.6,0.0,9.72340425531915,25.038961038961038,40.0,0.09333333333333334
fixed_time__012,fixed_time,K_HL,304,19.649665121071614,0.73,0.0,11.117021276595745,27.662337662337663,33.0,0.07777777777777778
fixed_time__013,fixed_time,K_HL,304,26.666151468315295,0.97,0.0,16.29787234042553,36.4025974025974,24.0,0.057777777777777775
fixed_time__000,fixed_time,K_HL,305,13.606332703213608,0.35,0.0,14.704761904761904,12.524390243902438,68.0,0.15555555555555556
fixed_time__001,fixed_time,K_HL,305,16.4281663516068,0.56,0.0,19.80952380952381,13.097560975609756,61.0,0.14
fixed_time__002,fixed_time,K_HL,305,19.801984877126653,0.67,0.0,26.447619047619046,13.25609756097561,50.0,0.11666666666666667
fixed_time__003,fixed_time,K_HL,305,22.083175803402646,0.74,0.0,28.82857142857143,15.439024390243903,40.0,0.09333333333333334
fixed_time__004,fixed_time,K_HL,305,28.661153119092624,0.76,0.0,37.46666666666667,19.98780487804878,34.0,0.07777777777777778
fixed_time__005,fixed_time,K_HL,305,36.101606805293,0.96,0.0,45.67619047619048,26.670731707317074,25.0,0.057777777777777775
fixed_time__006,fixed_time,K_HL,305,12.553875236294893,0.29,0.0,12.076190476190476,13.024390243902438,82.0,0.18666666666666668
fixed_time__007,fixed_time,K_HL,305,12.56947069943289,0.32,0.0,10.60952380952381,14.5,76.0,0.17444444444444446
fixed_time__008,fixed_time,K_HL,305,12.210302457466918,0.35,0.0,10.133333333333333,14.25609756097561,67.0,0.15555555555555556
fixed_time__009,fixed_time,K_HL,305,14.02977315689981,0.4,0.0,11.447619047619048,16.573170731707318,60.0,0.14
fixed_time__010,fixed_time,K_HL,305,15.215973534971644,0.47,0.0,11.60952380952381,18.76829268292683,50.0,0.11666666666666667
fixed_time__011,fixed_time,K_HL,305,19.06852551984877,0.61,0.0,12.266666666666667,25.76829268292683,40.0,0.09333333333333334
fixed_time__012,fixed_time,K_HL,305,22.862003780718336,0.72,0.0,13.857142857142858,31.73170731707317,33.0,0.07777777777777778
fixed_time__013,fixed_time,K_HL,305,27.85018903591682,0.95,0.0,16.17142857142857,39.353658536585364,24.0,0.057777777777777775
efficiency__000,efficiency,K_LH,301,10.000465441005355,0.96,0.0,22.357142857142858,9.13915857605178,77.0,0.23222222222222222
efficiency__001,efficiency,K_LH,301,10.000465441005355,0.96,0.0,22.357142857142858,9.13915857605178,77.0,0.23222222222222222
efficiency__002,efficiency,K_LH,301,10.000465441005355,0.96,0.0,22.357142857142858,9.13915857605178,77.0,0.23222222222222222
efficiency__003,efficiency,K_LH,301,9.700023272050268,0.6,0.0,21.785714285714285,8.857605177993527,76.0,0.23333333333333334
efficiency__004,efficiency,K_LH,301,9.700023272050268,0.6,0.0,21.785714285714285,8.857605177993527,76.0,0.23333333333333334
efficiency__005,efficiency,K_LH,301,9.700023272050268,0.6,0.0,21.785714285714285,8.857605177993527,76.0,0.23333333333333334
efficiency__006,efficiency,K_LH,301,9.700023272050268,0.6,0.0,21.785714285714285,8.857605177993527,76.0,0.23333333333333334
efficiency__007,efficiency,K_LH,301,9.700023272050268,0.6,0.0,21.785714285714285,8.857605177993527,76.0,0.23333333333333334
efficiency__008,efficiency,K_LH,301,9.700023272050268,0.6,0.0,21.785714285714285,8.857605177993527,76.0,0.23333333333333334
efficiency__009,efficiency,K_LH,301,10.000465441005355,0.96,0.0,22.357142857142858,9.13915857605178,77.0,0.23222222222222222
efficiency__010,efficiency,K_LH,301,10.000465441005355,0.96,0.0,22.357142857142858,9.13915857605178,77.0,0.23222222222222222
efficiency__011,efficiency,K_LH,301,10.000465441005355,0.96,0.0,22.357142857142858,9.13915857605178,77.0,0.23222222222222222
efficiency__012,efficiency,K_LH,301,9.700023272050268,0.6,0.0,21.785714285714285,8.857605177993527,76.0,0.23333333333333334
efficiency__013,efficiency,K_LH,301,9.700023272050268,0.6,0.0,21.785714285714285,8.857605177993527,76.0,0.23333333333333334
efficiency__014,efficiency,K_LH,301,9.700023272050268,0.6,0.0,21.785714285714285,8.857605177993527,76.0,0.23333333333333334
efficiency__015,efficiency,K_LH,301,9.700023272050268,0.6,0.0,21.785714285714285,8.857605177993527,76.0,0.23333333333333334
efficiency__016,efficiency,K_LH,301,9.700023272050268,0.6,0.0,21.785714285714285,8.857605177993527,76.0,0.23333333333333334
efficiency__017,efficiency,K_LH,301,9.700023272050268,0.6,0.0,21.785714285714285,8.857605177993527,76.0,0.23333333333333334
efficiency__018,efficiency,K_LH,301,10.000465441005355,0.96,0.0,22.357142857142858,9.13915857605178,77.0,0.23222222222222222
efficiency__019,efficiency,K_LH,301,10.000465441005355,0.96,0.0,22.357142857142858,9.13915857605178,77.0,0.23222222222222222
efficiency__020,efficiency,K_LH,301,10.000465441005355,0.96,0.0,22.357142857142858,9.13915857605178,77.0,0.23222222222222222
efficiency__021,efficiency,K_LH,301,9.700023272050268,0.6,0.0,21.785714285714285,8.857605177993527,76.0,0.23333333333333334
efficiency__022,efficiency,K_LH,301,9.700023272050268,0.6,0.0,21.785714285714285,8.857605177993527,76.0,0.23333333333333334
efficiency__023,efficiency,K_LH,301,9.700023272050268,0.6,0.0,21.785714285714285,8.857605177993527,76.0,0.23333333333333334
efficiency__024,efficiency,K_LH,301,9.700023272050268,0.6,0.0,21.785714285714285,8.857605177993527,76.0,0.23333333333333334
efficiency__025,efficiency,K_LH,301,9.700023272050268,0.6,0.0,21.785714285714285,8.857605177993527,76.0,0.23333333333333334
efficiency__026,efficiency,K_LH,301,9.700023272050268,0.6,0.0,21.785714285714285,8.857605177993527,76.0,0.23333333333333334
efficiency__000,efficiency,K_LH,302,10.97787610619469,0.96,0.0,24.344827586206897,10.00974025974026,78.0,0.2288888888888889
efficiency__001,efficiency,K_LH,302,10.97787610619469,0.96,0.0,24.344827586206897,10.00974025974026,78.0,0.2288888888888889
efficiency__002,efficiency,K_LH,302,10.97787610619469,0.96,0.0,24.344827586206897,10.00974025974026,78.0,0.2288888888888889
efficiency__003,efficiency,K_LH,302,10.829995342338144,0.91,0.0,22.82758620689655,9.96103896103896,78.0,0.2288888888888889
efficiency__004,efficiency,K_LH,302,10.829995342338144,0.91,0.0,22.82758620689655,9.96103896103896,78.0,0.2288888888888889
efficiency__005,efficiency,K_LH,302,10.829995342338144,0.91,0.0,22.82758620689655,9.96103896103896,78.0,0.2288888888888889
efficiency__006,efficiency,K_LH,302,10.829995342338144,0.91,0.0,22.82758620689655,9.96103896103896,78.0,0.2288888888888889
efficiency__007,efficiency,K_LH,302,10.829995342338144,0.91,0.0,22.82758620689655,9.96103896103896,78.0,0.2288888888888889
efficiency__008,efficiency,K_LH,302,10.829995342338144,0.91,0.0,22.82758620689655,9.96103896103896,78.0,0.2288888888888889
efficiency__009,efficiency,K_LH,302,10.97787610619469,0.96,0.0,24.344827586206897,10.00974025974026,78.0,0.2288888888888889
efficiency__010,efficiency,K_LH,302,10.97787610619469,0.96,0.0,24.344827586206897,10.00974025974026,78.0,0.2288888888888889
efficiency__011,efficiency,K_LH,302,10.97787610619469,0.96,0.0,24.344827586206897,10.00974025974026,78.0,0.2288888888888889
efficiency__012,efficiency,K_LH,302,10.829995342338144,0.91,0.0,22.82758620689655,9.96103896103896,78.0,0.2288888888888889
efficiency__013,efficiency,K_LH,302,10.829995342338144,0.91,0.0,22.82758620689655,9.96103896103896,78.0,0.2288888888888889
efficiency__014,efficiency,K_LH,302,10.829995342338144,0.91,0.0,22.82758620689655,9.96103896103896,78.0,0.2288888888888889
efficiency__015,efficiency,K_LH,302,10.829995342338144,0.91,0.0,22.82758620689655,9.96103896103896,78.0,0.2288888888888889
efficiency__016,efficiency,K_LH,302,10.829995342338144,0.91,0.0,22.82758620689655,9.96103896103896,78.0,0.2288888888888889
efficiency__017,efficiency,K_LH,302,10.829995342338144,0.91,0.0,22.82758620689655,9.96103896103896,78.0,0.2288888888888889
efficiency__018,efficiency,K_LH,302,10.97787610619469,0.96,0.0,24.344827586206897,10.00974025974026,78.0,0.2288888888888889
efficiency__019,efficiency,K_LH,302,10.97787610619469,0.96,0.0,24.344827586206897,10.00974025974026,78.0,0.2288888888888889
efficiency__020,efficiency,K_LH,302,10.97787610619469,0.96,0.0,24.344827586206897,10.00974025974026,78.0,0.2288888888888889
efficiency__021,efficiency,K_LH,302,10.829995342338144,0.91,0.0,22.82758620689655,9.96103896103896,78.0,0.2288888888888889
efficiency__022,efficiency,K_LH,302,10.829995342338144,0.91,0.0,22.82758620689655,9.96103896103896,78.0,0.2288888888888889
efficiency__023,efficiency,K_LH,302,10.829995342338144,0.91,0.0,22.82758620689655,9.96103896103896,78.0,0.2288888888888889
efficiency__024,efficiency,K_LH,302,10.829995342338144,0.91,0.0,22.82758620689655,9.96103896103896,78.0,0.2288888888888889
efficiency__025,efficiency,K_LH,302,10.829995342338144,0.91,0.0,22.82758620689655,9.96103896103896,78.0,0.2288888888888889
efficiency__026,efficiency,K_LH,302,10.829995342338144,0.91,0.0,22.82758620689655,9.96103896103896,78.0,0.2288888888888889
efficiency__000,efficiency,K_LH,303,11.239366963402572,0.92,0.0,33.05882352941177,10.281879194630873,76.0,0.2477777777777778
efficiency__001,efficiency,K_LH,303,11.239366963402572,0.92,0.0,33.05882352941177,10.281879194630873,76.0,0.2477777777777778
efficiency__002,efficiency,K_LH,303,11.239366963402572,0.92,0.0,33.05882352941177,10.281879194630873,76.0,0.2477777777777778
efficiency__003,efficiency,K_LH,303,11.405291790306627,0.95,0.0,38.0,10.238255033557047,76.0,0.24222222222222223
efficiency__004,efficiency,K_LH,303,11.405291790306627,0.95,0.0,38.0,10.238255033557047,76.0,0.24222222222222223
efficiency__005,efficiency,K_LH,303,11.405291790306627,0.95,0.0,38.0,10.238255033557047,76.0,0.24222222222222223
efficiency__006,efficiency,K_LH,303,11.405291790306627,0.95,0.0,38.0,10.238255033557047,76.0,0.24222222222222223
efficiency__007,efficiency,K_LH,303,11.405291790306627,0.95,0.0,38.0,10.238255033557047,76.0,0.24222222222222223
efficiency__008,efficiency,K_LH,303,11.405291790306627,0.95,0.0,38.0,10.238255033557047,76.0,0.24222222222222223
efficiency__009,efficiency,K_LH,303,11.239366963402572,0.92,0.0,33.05882352941177,10.281879194630873,76.0,0.2477777777777778
efficiency__010,efficiency,K_LH,303,11.239366963402572,0.92,0.0,33.05882352941177,10.281879194630873,76.0,0.2477777777777778
efficiency__011,efficiency,K_LH,303,11.239366963402572,0.92,0.0,33.05882352941177,10.281879194630873,76.0,0.2477777777777778
efficiency__012,efficiency,K_LH,303,11.405291790306627,0.95,0.0,38.0,10.238255033557047,76.0,0.24222222222222223
efficiency__013,efficiency,K_LH,303,11.405291790306627,0.95,0.0,38.0,10.238255033557047,76.0,0.24222222222222223
efficiency__014,efficiency,K_LH,303,11.405291790306627,0.95,0.0,38.0,10.238255033557047,76.0,0.24222222222222223
efficiency__015,efficiency,K_LH,303,11.405291790306627,0.95,0.0,38.0,10.238255033557047,76.0,0.24222222222222223
efficiency__016,efficiency,K_LH,303,11.405291790306627,0.95,0.0,38.0,10.238255033557047,76.0,0.24222222222222223
efficiency__017,efficiency,K_LH,303,11.405291790306627,0.95,0.0,38.0,10.238255033557047,76.0,0.24222222222222223
efficiency__018,efficiency,K_LH,303,11.239366963402572,0.92,0.0,33.05882352941177,10.281879194630873,76.0,0.2477777777777778
efficiency__019,efficiency,K_LH,303,11.239366963402572,0.92,0.0,33.05882352941177,10.281879194630873,76.0,0.2477777777777778
efficiency__020,efficiency,K_LH,303,11.239366963402572,0.92,0.0,33.05882352941177,10.281879194630873,76.0,0.2477777777777778
efficiency__021,efficiency,K_LH,303,11.405291790306627,0.95,0.0,38.0,10.238255033557047,76.0,0.24222222222222223
efficiency__022,efficiency,K_LH,303,11.405291790306627,0.95,0.0,38.0,10.238255033557047,76.0,0.24222222222222223
efficiency__023,efficiency,K_LH,303,11.405291790306627,0.95,0.0,38.0,10.238255033557047,76.0,0.24222222222222223
efficiency__024,efficiency,K_LH,303,11.405291790306627,0.95,0.0,38.0,10.238255033557047,76.0,0.24222222222222223
efficiency__025,efficiency,K_LH,303,11.405291790306627,0.95,0.0,38.0,10.238255033557047,76.0,0.24222222222222223
efficiency__026,efficiency,K_LH,303,11.405291790306627,0.95,0.0,38.0,10.238255033557047,76.0,0.24222222222222223
efficiency__000,efficiency,K_LH,304,10.179597376159238,0.8,0.0,19.233333333333334,9.520504731861198,77.0,0.23555555555555555
efficiency__001,efficiency,K_LH,304,10.179597376159238,0.8,0.0,19.233333333333334,9.520504731861198,77.0,0.23555555555555555
efficiency__002,efficiency,K_LH,304,10.179597376159238,0.8,0.0,19.233333333333334,9.520504731861198,77.0,0.23555555555555555
efficiency__003,efficiency,K_LH,304,10.791902284551007,0.8,0.0,28.3,9.517350157728707,77.0,0.24555555555555555
efficiency__004,efficiency,K_LH,304,10.791902284551007,0.8,0.0,28.3,9.517350157728707,77.0,0.24555555555555555
efficiency__005,efficiency,K_LH,304,10.791902284551007,0.8,0.0,28.3,9.517350157728707,77.0,0.24555555555555555
efficiency__006,efficiency,K_LH,304,10.791902284551007,0.8,0.0,28.3,9.517350157728707,77.0,0.24555555555555555
efficiency__007,efficiency,K_LH,304,10.791902284551007,0.8,0.0,28.3,9.517350157728707,77.0,0.24555555555555555
efficiency__008,efficiency,K_LH,304,10.791902284551007,0.8,0.0,28.3,9.517350157728707,77.0,0.24555555555555555
efficiency__009,efficiency,K_LH,304,10.179597376159238,0.8,0.0,19.233333333333334,9.520504731861198,77.0,0.23555555555555555
efficiency__010,efficiency,K_LH,304,10.179597376159238,0.8,0.0,19.233333333333334,9.520504731861198,77.0,0.23555555555555555
efficiency__011,efficiency,K_LH,304,10.179597376159238,0.8,0.0,19.233333333333334,9.520504731861198,77.0,0.23555555555555555
efficiency__012,efficiency,K_LH,304,10.791902284551007,0.8,0.0,28.3,9.517350157728707,77.0,0.24555555555555555
efficiency__013,efficiency,K_LH,304,10.791902284551007,0.8,0.0,28.3,9.517350157728707,77.0,0.24555555555555555
efficiency__014,efficiency,K_LH,304,10.791902284551007,0.8,0.0,28.3,9.517350157728707,77.0,0.24555555555555555
efficiency__015,efficiency,K_LH,304,10.791902284551007,0.8,0.0,28.3,9.517350157728707,77.0,0.24555555555555555
efficiency__016,efficiency,K_LH,304,10.791902284551007,0.8,0.0,28.3,9.517350157728707,77.0,0.24555555555555555
efficiency__017,efficiency,K_LH,304,10.791902284551007,0.8,0.0,28.3,9.517350157728707,77.0,0.24555555555555555
efficiency__018,efficiency,K_LH,304,10.179597376159238,0.8,0.0,19.233333333333334,9.520504731861198,77.0,0.23555555555555555
efficiency__019,efficiency,K_LH,304,10.179597376159238,0.8,0.0,19.233333333333334,9.520504731861198,77.0,0.23555555555555555
efficiency__020,efficiency,K_LH,304,10.179597376159238,0.8,0.0,19.233333333333334,9.520504731861198,77.0,0.23555555555555555
efficiency__021,efficiency,K_LH,304,10.791902284551007,0.8,0.0,28.3,9.517350157728707,77.0,0.24555555555555555
efficiency__022,efficiency,K_LH,304,10.791902284551007,0.8,0.0,28.3,9.517350157728707,77.0,0.24555555555555555
efficiency__023,efficiency,K_LH,304,10.791902284551007,0.8,0.0,28.3,9.517350157728707,77.0,0.24555555555555555
efficiency__024,efficiency,K_LH,304,10.791902284551007,0.8,0.0,28.3,9.517350157728707,77.0,0.24555555555555555
efficiency__025,efficiency,K_LH,304,10.791902284551007,0.8,0.0,28.3,9.517350157728707,77.0,0.24555555555555555
efficiency__026,efficiency,K_LH,304,10.791902284551007,0.8,0.0,28.3,9.517350157728707,77.0,0.24555555555555555
efficiency__000,efficiency,K_LH,305,9.93987049028677,1.22,1.0,20.96875,9.058441558441558,77.0,0.24
efficiency__001,efficiency,K_LH,305,9.93987049028677,1.22,1.0,20.96875,9.058441558441558,77.0,0.24
efficiency__002,efficiency,K_LH,305,9.93987049028677,1.22,1.0,20.96875,9.058441558441558,77.0,0.24
efficiency__003,efficiency,K_LH,305,10.692876965772433,1.04,1.0,25.78125,9.487012987012987,77.0,0.23444444444444446
efficiency__004,efficiency,K_LH,305,10.692876965772433,1.04,1.0,25.78125,9.487012987012987,77.0,0.23444444444444446
efficiency__005,efficiency,K_LH,305,10.692876965772433,1.04,1.0,25.78125,9.487012987012987,77.0,0.23444444444444446
efficiency__006,efficiency,K_LH,305,10.692876965772433,1.04,1.0,25.78125,9.487012987012987,77.0,0.23444444444444446
efficiency__007,efficiency,K_LH,305,10.692876965772433,1.04,1.0,25.78125,9.487012987012987,77.0,0.23444444444444446
efficiency__008,efficiency,K_LH,305,10.692876965772433,1.04,1.0,25.78125,9.487012987012987,77.0,0.23444444444444446
efficiency__009,efficiency,K_LH,305,9.93987049028677,1.22,1.0,20.96875,9.058441558441558,77.0,0.24
efficiency__010,efficiency,K_LH,305,9.93987049028677,1.22,1.0,20.96875,9.058441558441558,77.0,0.24
efficiency__011,efficiency,K_LH,305,9.93987049028677,1.22,1.0,20.96875,9.058441558441558,77.0,0.24
efficiency__012,efficiency,K_LH,305,10.692876965772433,1.04,1.0,25.78125,9.487012987012987,77.0,0.23444444444444446
efficiency__013,efficiency,K_LH,305,10.692876965772433,1.04,1.0,25.78125,9.487012987012987,77.0,0.23444444444444446
efficiency__014,efficiency,K_LH,305,10.692876965772433,1.04,1.0,25.78125,9.487012987012987,77.0,0.23444444444444446
efficiency__015,efficiency,K_LH,305,10.692876965772433,1.04,1.0,25.78125,9.487012987012987,77.0,0.23444444444444446
efficiency__016,efficiency,K_LH,305,10.692876965772433,1.04,1.0,25.78125,9.487012987012987,77.0,0.23444444444444446
efficiency__017,efficiency,K_LH,305,10.692876965772433,1.04,1.0,25.78125,9.487012987012987,77.0,0.23444444444444446
efficiency__018,efficiency,K_LH,305,9.93987049028677,1.22,1.0,20.96875,9.058441558441558,77.0,0.24
efficiency__019,efficiency,K_LH,305,9.93987049028677,1.22,1.0,20.96875,9.058441558441558,77.0,0.24
efficiency__020,efficiency,K_LH,305,9.93987049028677,1.22,1.0,20.96875,9.058441558441558,77.0,0.24
efficiency__021,efficiency,K_LH,305,10.692876965772433,1.04,1.0,25.78125,9.487012987012987,77.0,0.23444444444444446
efficiency__022,efficiency,K_LH,305,10.692876965772433,1.04,1.0,25.78125,9.487012987012987,77.0,0.23444444444444446
efficiency__023,efficiency,K_LH,305,10.692876965772433,1.04,1.0,25.78125,9.487012987012987,77.0,0.23444444444444446
efficiency__024,efficiency,K_LH,305,10.692876965772433,1.04,1.0,25.78125,9.487012987012987,77.0,0.23444444444444446
efficiency__025,efficiency,K_LH,305,10.692876965772433,1.04,1.0,25.78125,9.487012987012987,77.0,0.23444444444444446
efficiency__026,efficiency,K_LH,305,10.692876965772433,1.04,1.0,25.78125,9.487012987012987,77.0,0.23444444444444446
efpb__000,efpb,K_LH,301,9.327437747265535,0.52,0.0,21.035714285714285,8.511326860841423,77.0,0.23555555555555555
efpb__001,efpb,K_LH,301,10.131021643006749,0.83,0.0,19.857142857142858,9.453074433656958,76.0,0.23555555555555555
efpb__002,efpb,K_LH,301,9.153828252269026,0.52,0.0,20.785714285714285,8.343042071197411,76.0,0.23666666666666666
efpb__003,efpb,K_LH,301,9.153828252269026,0.52,0.0,20.785714285714285,8.343042071197411,76.0,0.23666666666666666
efpb__004,efpb,K_LH,301,10.306725622527345,0.55,0.0,20.464285714285715,9.598705501618124,77.0,0.23444444444444446
efpb__005,efpb,K_LH,301,9.327437747265535,0.52,0.0,21.035714285714285,8.511326860841423,77.0,0.23555555555555555
efpb__006,efpb,K_LH,301,10.468233651384688,0.47,0.0,14.678571428571429,10.174757281553399,78.0,0.2288888888888889
efpb__007,efpb,K_LH,301,10.306725622527345,0.55,0.0,20.464285714285715,9.598705501618124,77.0,0.23444444444444446
efpb__008,efpb,K_LH,301,10.573656039097045,0.47,0.0,15.785714285714286,10.210355987055015,78.0,0.2288888888888889
efpb__009,efpb,K_LH,301,10.468233651384688,0.47,0.0,14.678571428571429,10.174757281553399,78.0,0.2288888888888889
efpb__010,efpb,K_LH,301,9.153828252269026,0.52,0.0,20.785714285714285,8.343042071197411,76.0,0.23666666666666666
efpb__011,efpb,K_LH,301,10.468233651384688,0.47,0.0,14.678571428571429,10.174757281553399,78.0,0.2288888888888889
efpb__012,efpb,K_LH,301,9.153828252269026,0.52,0.0,20.785714285714285,8.343042071197411,76.0,0.23666666666666666
efpb__013,efpb,K_LH,301,9.327437747265535,0.52,0.0,21.035714285714285,8.511326860841423,77.0,0.23555555555555555
efpb__014,efpb,K_LH,301,10.468233651384688,0.47,0.0,14.678571428571429,10.174757281553399,78.0,0.2288888888888889
efpb__015,efpb,K_LH,301,9.153828252269026,0.52,0.0,20.785714285714285,8.343042071197411,76.0,0.23666666666666666
efpb__016,efpb,K_LH,301,9.327437747265535,0.52,0.0,21.035714285714285,8.511326860841423,77.0,0.23555555555555555
efpb__017,efpb,K_LH,301,10.468233651384688,0.47,0.0,14.678571428571429,10.174757281553399,78.0,0.2288888888888889
efpb__018,efpb,K_LH,301,10.468233651384688,0.47,0.0,14.678571428571429,10.174757281553399,78.0,0.2288888888888889
efpb__019,efpb,K_LH,301,10.131021643006749,0.83,0.0,19.857142857142858,9.453074433656958,76.0,0.23555555555555555
efpb__020,efpb,K_LH,301,10.131021643006749,0.83,0.0,19.857142857142858,9.453074433656958,76.0,0.23555555555555555
efpb__021,efpb,K_LH,301,9.153828252269026,0.52,0.0,20.785714285714285,8.343042071197411,76.0,0.23666666666666666
efpb__022,efpb,K_LH,301,9.153828252269026,0.52,0.0,20.785714285714285,8.343042071197411,76.0,0.23666666666666666
efpb__023,efpb,K_LH,301,10.573656039097045,0.47,0.0,15.785714285714286,10.210355987055015,78.0,0.2288888888888889
efpb__024,efpb,K_LH,301,10.468233651384688,0.47,0.0,14.678571428571429,10.174757281553399,78.0,0.2288888888888889
efpb__025,efpb,K_LH,301,9.153828252269026,0.52,0.0,20.785714285714285,8.343042071197411,76.0,0.23666666666666666
efpb__026,efpb,K_LH,301,9.327437747265535,0.52,0.0,21.035714285714285,8.511326860841423,77.0,0.23555555555555555
efpb__027,efpb,K_LH,301,9.327437747265535,0.52,0.0,21.035714285714285,8.511326860841423,77.0,0.23555555555555555
efpb__028,efpb,K_LH,301,9.153828252269026,0.52,0.0,20.785714285714285,8.343042071197411,76.0,0.23666666666666666
efpb__029,efpb,K_LH,301,9.327437747265535,0.52,0.0,21.035714285714285,8.511326860841423,77.0,0.23555555555555555
efpb__000,efpb,K_LH,302,10.30833721471821,0.57,0.0,24.517241379310345,9.279220779220779,78.0,0.2288888888888889
efpb__001,efpb,K_LH,302,10.675360968793665,0.75,0.0,24.03448275862069,9.707792207792208,78.0,0.2288888888888889
efpb__002,efpb,K_LH,302,10.957615277130879,0.83,0.0,25.344827586206897,9.915584415584416,77.0,0.23555555555555555
efpb__003,efpb,K_LH,302,10.957615277130879,0.83,0.0,25.344827586206897,9.915584415584416,77.0,0.23555555555555555
efpb__004,efpb,K_LH,302,10.419189566837447,0.52,0.0,23.379310344827587,9.480519480519481,78.0,0.2288888888888889
efpb__005,efpb,K_LH,302,10.30833721471821,0.57,0.0,24.517241379310345,9.279220779220779,78.0,0.2288888888888889
efpb__006,efpb,K_LH,302,11.52771308802981,0.39,0.0,13.344827586206897,11.396103896103897,79.0,0.22111111111111112
efpb__007,efpb,K_LH,302,10.419189566837447,0.52,0.0,23.379310344827587,9.480519480519481,78.0,0.2288888888888889
efpb__008,efpb,K_LH,302,11.52771308802981,0.39,0.0,13.344827586206897,11.396103896103897,79.0,0.22111111111111112
efpb__009,efpb,K_LH,302,11.52771308802981,0.39,0.0,13.344827586206897,11.396103896103897,79.0,0.22111111111111112
efpb__010,efpb,K_LH,302,10.544713553795992,0.75,0.0,26.448275862068964,9.392857142857142,78.0,0.2288888888888889
efpb__011,efpb,K_LH,302,11.52771308802981,0.39,0.0,13.344827586206897,11.396103896103897,79.0,0.22111111111111112
efpb__012,efpb,K_LH,302,10.544713553795992,0.75,0.0,26.448275862068964,9.392857142857142,78.0,0.2288888888888889
efpb__013,efpb,K_LH,302,10.30833721471821,0.57,0.0,24.517241379310345,9.279220779220779,78.0,0.2288888888888889
efpb__014,efpb,K_LH,302,11.52771308802981,0.39,0.0,13.344827586206897,11.396103896103897,79.0,0.22111111111111112
efpb__015,efpb,K_LH,302,10.544713553795992,0.75,0.0,26.448275862068964,9.392857142857142,78.0,0.2288888888888889
efpb__016,efpb,K_LH,302,10.30833721471821,0.57,0.0,24.517241379310345,9.279220779220779,78.0,0.2288888888888889
efpb__017,efpb,K_LH,302,11.52771308802981,0.39,0.0,13.344827586206897,11.396103896103897,79.0,0.22111111111111112
efpb__018,efpb,K_LH,302,11.52771308802981,0.39,0.0,13.344827586206897,11.396103896103897,79.0,0.22111111111111112
efpb__019,efpb,K_LH,302,10.675360968793665,0.75,0.0,24.03448275862069,9.707792207792208,78.0,0.2288888888888889
efpb__020,efpb,K_LH,302,11.303446669771773,0.83,0.0,25.75862068965517,10.256493506493506,77.0,0.23555555555555555
efpb__021,efpb,K_LH,302,10.957615277130879,0.83,0.0,25.344827586206897,9.915584415584416,77.0,0.23555555555555555
efpb__022,efpb,K_LH,302,10.544713553795992,0.75,0.0,26.448275862068964,9.392857142857142,78.0,0.2288888888888889
efpb__023,efpb,K_LH,302,11.52771308802981,0.39,0.0,13.344827586206897,11.396103896103897,79.0,0.22111111111111112
efpb__024,efpb,K_LH,302,11.52771308802981,0.39,0.0,13.344827586206897,11.396103896103897,79.0,0.22111111111111112
efpb__025,efpb,K_LH,302,10.957615277130879,0.83,0.0,25.344827586206897,9.915584415584416,77.0,0.23555555555555555
efpb__026,efpb,K_LH,302,10.30833721471821,0.57,0.0,24.517241379310345,9.279220779220779,78.0,0.2288888888888889
efpb__027,efpb,K_LH,302,10.30833721471821,0.57,0.0,24.517241379310345,9.279220779220779,78.0,0.2288888888888889
efpb__028,efpb,K_LH,302,10.957615277130879,0.83,0.0,25.344827586206897,9.915584415584416,77.0,0.23555555555555555
efpb__029,efpb,K_LH,302,10.30833721471821,0.57,0.0,24.517241379310345,9.279220779220779,78.0,0.2288888888888889
efpb__000,efpb,K_LH,303,10.840999010880317,0.52,0.0,27.176470588235293,10.124161073825503,76.0,0.2411111111111111
efpb__001,efpb,K_LH,303,10.641444114737881,0.81,0.0,36.88235294117647,9.48993288590604,75.0,0.24222222222222223
efpb__002,efpb,K_LH,303,10.7106824925816,0.81,0.0,38.529411764705884,9.48993288590604,75.0,0.24222222222222223
efpb__003,efpb,K_LH,303,10.7106824925816,0.81,0.0,38.529411764705884,9.48993288590604,75.0,0.24222222222222223
efpb__004,efpb,K_LH,303,10.840999010880317,0.52,0.0,27.176470588235293,10.124161073825503,76.0,0.2411111111111111
efpb__005,efpb,K_LH,303,10.840999010880317,0.52,0.0,27.176470588235293,10.124161073825503,76.0,0.2411111111111111
efpb__006,efpb,K_LH,303,10.15108803165183,0.36,0.0,16.88235294117647,9.855704697986576,77.0,0.23222222222222222
efpb__007,efpb,K_LH,303,10.840999010880317,0.52,0.0,27.176470588235293,10.124161073825503,76.0,0.2411111111111111
efpb__008,efpb,K_LH,303,10.15108803165183,0.36,0.0,16.88235294117647,9.855704697986576,77.0,0.23222222222222222
efpb__009,efpb,K_LH,303,10.15108803165183,0.36,0.0,16.88235294117647,9.855704697986576,77.0,0.23222222222222222
efpb__010,efpb,K_LH,303,10.7106824925816,0.81,0.0,38.529411764705884,9.48993288590604,75.0,0.24222222222222223
efpb__011,efpb,K_LH,303,10.15108803165183,0.36,0.0,16.88235294117647,9.855704697986576,77.0,0.23222222222222222
efpb__012,efpb,K_LH,303,10.7106824925816,0.81,0.0,38.529411764705884,9.48993288590604,75.0,0.24222222222222223
efpb__013,efpb,K_LH,303,10.840999010880317,0.52,0.0,27.176470588235293,10.124161073825503,76.0,0.2411111111111111
efpb__014,efpb,K_LH,303,10.15108803165183,0.36,0.0,16.88235294117647,9.855704697986576,77.0,0.23222222222222222
efpb__015,efpb,K_LH,303,10.7106824925816,0.81,0.0,38.529411764705884,9.48993288590604,75.0,0.24222222222222223
efpb__016,efpb,K_LH,303,10.840999010880317,0.52,0.0,27.176470588235293,10.124161073825503,76.0,0.2411111111111111
efpb__017,efpb,K_LH,303,10.15108803165183,0.36,0.0,16.88235294117647,9.855704697986576,77.0,0.23222222222222222
efpb__018,efpb,K_LH,303,10.15108803165183,0.36,0.0,16.88235294117647,9.855704697986576,77.0,0.23222222222222222
efpb__019,efpb,K_LH,303,10.641444114737881,0.81,0.0,36.88235294117647,9.48993288590604,75.0,0.24222222222222223
efpb__020,efpb,K_LH,303,10.641444114737881,0.81,0.0,36.88235294117647,9.48993288590604,75.0,0.24222222222222223
efpb__021,efpb,K_LH,303,10.7106824925816,0.81,0.0,38.529411764705884,9.48993288590604,75.0,0.24222222222222223
efpb__022,efpb,K_LH,303,10.7106824925816,0.81,0.0,38.529411764705884,9.48993288590604,75.0,0.24222222222222223
efpb__023,efpb,K_LH,303,10.15108803165183,0.36,0.0,16.88235294117647,9.855704697986576,77.0,0.23222222222222222
efpb__024,efpb,K_LH,303,10.15108803165183,0.36,0.0,16.88235294117647,9.855704697986576,77.0,0.23222222222222222
efpb__025,efpb,K_LH,303,10.7106824925816,0.81,0.0,38.529411764705884,9.48993288590604,75.0,0.24222222222222223
efpb__026,efpb,K_LH,303,10.840999010880317,0.52,0.0,27.176470588235293,10.124161073825503,76.0,0.2411111111111111
efpb__027,efpb,K_LH,303,10.840999010880317,0.52,0.0,27.176470588235293,10.124161073825503,76.0,0.2411111111111111
efpb__028,efpb,K_LH,303,10.7106824925816,0.81,0.0,38.529411764705884,9.48993288590604,75.0,0.24222222222222223
efpb__029,efpb,K_LH,303,10.840999010880317,0.52,0.0,27.176470588235293,10.124161073825503,76.0,0.2411111111111111
efpb__000,efpb,K_LH,304,9.466410314408504,0.52,0.0,20.9,8.634069400630915,76.0,0.2311111111111111
efpb__001,efpb,K_LH,304,10.374349694639223,0.83,0.0,23.1,9.447949526813881,77.0,0.23555555555555555
efpb__002,efpb,K_LH,304,10.322777652114905,0.83,0.0,24.333333333333332,9.302839116719243,76.0,0.23666666666666666
efpb__003,efpb,K_LH,304,10.322777652114905,0.83,0.0,24.333333333333332,9.302839116719243,76.0,0.23666666666666666
efpb__004,efpb,K_LH,304,9.641031440850487,0.52,0.0,18.966666666666665,8.962145110410095,76.0,0.2311111111111111
efpb__005,efpb,K_LH,304,9.466410314408504,0.52,0.0,20.9,8.634069400630915,76.0,0.2311111111111111
efpb__006,efpb,K_LH,304,10.604388147477946,0.42,0.0,12.233333333333333,10.485804416403786,78.0,0.2222222222222222
efpb__007,efpb,K_LH,304,9.641031440850487,0.52,0.0,18.966666666666665,8.962145110410095,76.0,0.2311111111111111
efpb__008,efpb,K_LH,304,10.856593530875367,0.85,0.0,19.2,10.249211356466876,77.0,0.23444444444444446
efpb__009,efpb,K_LH,304,10.856593530875367,0.85,0.0,19.2,10.249211356466876,77.0,0.23444444444444446
efpb__010,efpb,K_LH,304,10.322777652114905,0.83,0.0,24.333333333333332,9.302839116719243,76.0,0.23666666666666666
efpb__011,efpb,K_LH,304,10.856593530875367,0.85,0.0,19.2,10.249211356466876,77.0,0.23444444444444446
efpb__012,efpb,K_LH,304,10.322777652114905,0.83,0.0,24.333333333333332,9.302839116719243,76.0,0.23666666666666666
efpb__013,efpb,K_LH,304,9.466410314408504,0.52,0.0,20.9,8.634069400630915,76.0,0.2311111111111111
efpb__014,efpb,K_LH,304,11.028274146120784,0.42,0.0,11.633333333333333,10.984227129337539,79.0,0.22111111111111112
efpb__015,efpb,K_LH,304,10.322777652114905,0.83,0.0,24.333333333333332,9.302839116719243,76.0,0.23666666666666666
efpb__016,efpb,K_LH,304,9.466410314408504,0.52,0.0,20.9,8.634069400630915,76.0,0.2311111111111111
efpb__017,efpb,K_LH,304,10.856593530875367,0.85,0.0,19.2,10.249211356466876,77.0,0.23444444444444446
efpb__018,efpb,K_LH,304,10.856593530875367,0.85,0.0,19.2,10.249211356466876,77.0,0.23444444444444446
efpb__019,efpb,K_LH,304,10.374349694639223,0.83,0.0,23.1,9.447949526813881,77.0,0.23555555555555555
efpb__020,efpb,K_LH,304,10.374349694639223,0.83,0.0,23.1,9.447949526813881,77.0,0.23555555555555555
efpb__021,efpb,K_LH,304,10.322777652114905,0.83,0.0,24.333333333333332,9.302839116719243,76.0,0.23666666666666666
efpb__022,efpb,K_LH,304,10.322777652114905,0.83,0.0,24.333333333333332,9.302839116719243,76.0,0.23666666666666666
efpb__023,efpb,K_LH,304,10.604388147477946,0.42,0.0,12.233333333333333,10.485804416403786,78.0,0.2222222222222222
efpb__024,efpb,K_LH,304,10.604388147477946,0.42,0.0,12.233333333333333,10.485804416403786,78.0,0.2222222222222222
efpb__025,efpb,K_LH,304,10.322777652114905,0.83,0.0,24.333333333333332,9.302839116719243,76.0,0.23666666666666666
efpb__026,efpb,K_LH,304,9.466410314408504,0.52,0.0,20.9,8.634069400630915,76.0,0.2311111111111111
efpb__027,efpb,K_LH,304,9.466410314408504,0.52,0.0,20.9,8.634069400630915,76.0,0.2311111111111111
efpb__028,efpb,K_LH,304,10.322777652114905,0.83,0.0,24.333333333333332,9.302839116719243,76.0,0.23666666666666666
efpb__029,efpb,K_LH,304,9.466410314408504,0.52,0.0,20.9,8.634069400630915,76.0,0.2311111111111111
efpb__000,efpb,K_LH,305,10.376503237742828,0.57,0.0,21.34375,9.5,78.0,0.22777777777777777
efpb__001,efpb,K_LH,305,10.612164662349677,0.73,0.0,23.1875,9.607142857142858,77.0,0.23
efpb__002,efpb,K_LH,305,10.301110083256242,0.84,0.0,24.46875,9.168831168831169,77.0,0.23555555555555555
efpb__003,efpb,K_LH,305,10.301110083256242,0.84,0.0,24.46875,9.168831168831169,77.0,0.23555555555555555
efpb__004,efpb,K_LH,305,10.78168362627197,0.49,0.0,19.75,10.064935064935066,78.0,0.22333333333333333
efpb__005,efpb,K_LH,305,10.77382053654024,0.57,0.0,20.78125,9.974025974025974,78.0,0.2288888888888889
efpb__006,efpb,K_LH,305,10.882284921369104,0.43,0.0,16.4375,10.438311688311689,78.0,0.22333333333333333
efpb__007,efpb,K_LH,305,10.78168362627197,0.49,0.0,19.75,10.064935064935066,78.0,0.22333333333333333
efpb__008,efpb,K_LH,305,10.882284921369104,0.43,0.0,16.4375,10.438311688311689,78.0,0.22333333333333333
efpb__009,efpb,K_LH,305,10.882284921369104,0.43,0.0,16.4375,10.438311688311689,78.0,0.22333333333333333
efpb__010,efpb,K_LH,305,10.106845513413507,0.84,0.0,25.09375,8.909090909090908,77.0,0.23555555555555555
efpb__011,efpb,K_LH,305,10.882284921369104,0.43,0.0,16.4375,10.438311688311689,78.0,0.22333333333333333
efpb__012,efpb,K_LH,305,10.106845513413507,0.84,0.0,25.09375,8.909090909090908,77.0,0.23555555555555555
efpb__013,efpb,K_LH,305,10.77382053654024,0.57,0.0,20.78125,9.974025974025974,78.0,0.2288888888888889
efpb__014,efpb,K_LH,305,10.811517113783534,0.43,0.0,15.5625,10.431818181818182,78.0,0.22333333333333333
efpb__015,efpb,K_LH,305,10.106845513413507,0.84,0.0,25.09375,8.909090909090908,77.0,0.23555555555555555
efpb__016,efpb,K_LH,305,10.77382053654024,0.57,0.0,20.78125,9.974025974025974,78.0,0.2288888888888889
efpb__017,efpb,K_LH,305,10.882284921369104,0.43,0.0,16.4375,10.438311688311689,78.0,0.22333333333333333
efpb__018,efpb,K_LH,305,10.882284921369104,0.43,0.0,16.4375,10.438311688311689,78.0,0.22333333333333333
efpb__019,efpb,K_LH,305,10.612164662349677,0.73,0.0,23.1875,9.607142857142858,77.0,0.23
efpb__020,efpb,K_LH,305,10.152173913043478,0.79,0.0,23.59375,9.077922077922079,77.0,0.23555555555555555
efpb__021,efpb,K_LH,305,10.301110083256242,0.84,0.0,24.46875,9.168831168831169,77.0,0.23555555555555555
efpb__022,efpb,K_LH,305,10.106845513413507,0.84,0.0,25.09375,8.909090909090908,77.0,0.23555555555555555
efpb__023,efpb,K_LH,305,10.882284921369104,0.43,0.0,16.4375,10.438311688311689,78.0,0.22333333333333333
efpb__024,efpb,K_LH,305,10.882284921369104,0.43,0.0,16.4375,10.438311688311689,78.0,0.22333333333333333
efpb__025,efpb,K_LH,305,10.301110083256242,0.84,0.0,24.46875,9.168831168831169,77.0,0.23555555555555555
efpb__026,efpb,K_LH,305,10.376503237742828,0.57,0.0,21.34375,9.5,78.0,0.22777777777777777
efpb__027,efpb,K_LH,305,10.77382053654024,0.57,0.0,20.78125,9.974025974025974,78.0,0.2288888888888889
efpb__028,efpb,K_LH,305,10.301110083256242,0.84,0.0,24.46875,9.168831168831169,77.0,0.23555555555555555
efpb__029,efpb,K_LH,305,10.77382053654024,0.57,0.0,20.78125,9.974025974025974,78.0,0.2288888888888889
equal_bargaining__000,equal_bargaining,K_LH,301,9.906679078426809,0.67,0.0,11.214285714285714,9.815533980582524,78.0,0.22666666666666666
equal_bargaining__001,equal_bargaining,K_LH,301,9.906679078426809,0.67,0.0,11.214285714285714,9.815533980582524,78.0,0.22666666666666666
equal_bargaining__002,equal_bargaining,K_LH,301,9.906679078426809,0.67,0.0,11.214285714285714,9.815533980582524,78.0,0.22666666666666666
equal_bargaining__003,equal_bargaining,K_LH,301,9.906679078426809,0.67,0.0,11.214285714285714,9.815533980582524,78.0,0.22666666666666666
equal_bargaining__004,equal_bargaining,K_LH,301,9.906679078426809,0.67,0.0,11.214285714285714,9.815533980582524,78.0,0.22666666666666666
equal_bargaining__005,equal_bargaining,K_LH,301,9.906679078426809,0.67,0.0,11.214285714285714,9.815533980582524,78.0,0.22666666666666666
equal_bargaining__006,equal_bargaining,K_LH,301,9.906679078426809,0.67,0.0,11.214285714285714,9.815533980582524,78.0,0.22666666666666666
equal_bargaining__007,equal_bargaining,K_LH,301,9.906679078426809,0.67,0.0,11.214285714285714,9.815533980582524,78.0,0.22666666666666666
equal_bargaining__008,equal_bargaining,K_LH,301,9.906679078426809,0.67,0.0,11.214285714285714,9.815533980582524,78.0,0.22666666666666666
equal_bargaining__000,equal_bargaining,K_LH,302,10.544713553795992,0.4,0.0,11.655172413793103,10.464285714285714,79.0,0.21666666666666667
equal_bargaining__001,equal_bargaining,K_LH,302,10.544713553795992,0.4,0.0,11.655172413793103,10.464285714285714,79.0,0.21666666666666667
equal_bargaining__002,equal_bargaining,K_LH,302,10.544713553795992,0.4,0.0,11.655172413793103,10.464285714285714,79.0,0.21666666666666667
equal_bargaining__003,equal_bargaining,K_LH,302,10.544713553795992,0.4,0.0,11.655172413793103,10.464285714285714,79.0,0.21666666666666667
equal_bargaining__004,equal_bargaining,K_LH,302,10.544713553795992,0.4,0.0,11.655172413793103,10.464285714285714,79.0,0.21666666666666667
equal_bargaining__005,equal_bargaining,K_LH,302,10.544713553795992,0.4,0.0,11.655172413793103,10.464285714285714,79.0,0.21666666666666667
equal_bargaining__006,equal_bargaining,K_LH,302,10.544713553795992,0.4,0.0,11.655172413793103,10.464285714285714,79.0,0.21666666666666667
equal_bargaining__007,equal_bargaining,K_LH,302,10.544713553795992,0.4,0.0,11.655172413793103,10.464285714285714,79.0,0.21666666666666667
equal_bargaining__008,equal_bargaining,K_LH,302,10.544713553795992,0.4,0.0,11.655172413793103,10.464285714285714,79.0,0.21666666666666667
equal_bargaining__000,equal_bargaining,K_LH,303,11.152818991097922,0.36,0.0,12.647058823529411,11.087248322147651,79.0,0.22555555555555556
equal_bargaining__001,equal_bargaining,K_LH,303,11.152818991097922,0.36,0.0,12.647058823529411,11.087248322147651,79.0,0.22555555555555556
equal_bargaining__002,equal_bargaining,K_LH,303,11.152818991097922,0.36,0.0,12.647058823529411,11.087248322147651,79.0,0.22555555555555556
equal_bargaining__003,equal_bargaining,K_LH,303,11.152818991097922,0.36,0.0,12.647058823529411,11.087248322147651,79.0,0.22555555555555556
equal_bargaining__004,equal_bargaining,K_LH,303,11.152818991097922,0.36,0.0,12.647058823529411,11.087248322147651,79.0,0.22555555555555556
equal_bargaining__005,equal_bargaining,K_LH,303,11.152818991097922,0.36,0.0,12.647058823529411,11.087248322147651,79.0,0.22555555555555556
equal_bargaining__006,equal_bargaining,K_LH,303,11.152818991097922,0.36,0.0,12.647058823529411,11.087248322147651,79.0,0.22555555555555556
equal_bargaining__007,equal_bargaining,K_LH,303,11.152818991097922,0.36,0.0,12.647058823529411,11.087248322147651,79.0,0.22555555555555556
equal_bargaining__008,equal_bargaining,K_LH,303,11.152818991097922,0.36,0.0,12.647058823529411,11.087248322147651,79.0,0.22555555555555556
equal_bargaining__000,equal_bargaining,K_LH,304,11.299027369373444,0.42,0.0,12.633333333333333,11.201892744479496,78.0,0.2222222222222222
equal_bargaining__001,equal_bargaining,K_LH,304,11.299027369373444,0.42,0.0,12.633333333333333,11.201892744479496,78.0,0.2222222222222222
equal_bargaining__002,equal_bargaining,K_LH,304,11.299027369373444,0.42,0.0,12.633333333333333,11.201892744479496,78.0,0.2222222222222222
equal_bargaining__003,equal_bargaining,K_LH,304,11.299027369373444,0.42,0.0,12.633333333333333,11.201892744479496,78.0,0.2222222222222222
equal_bargaining__004,equal_bargaining,K_LH,304,11.299027369373444,0.42,0.0,12.633333333333333,11.201892744479496,78.0,0.2222222222222222
equal_bargaining__005,equal_bargaining,K_LH,304,11.299027369373444,0.42,0.0,12.633333333333333,11.201892744479496,78.0,0.2222222222222222
equal_bargaining__006,equal_bargaining,K_LH,304,11.299027369373444,0.42,0.0,12.633333333333333,11.201892744479496,78.0,0.2222222222222222
equal_bargaining__007,equal_bargaining,K_LH,304,11.299027369373444,0.42,0.0,12.633333333333333,11.201892744479496,78.0,0.2222222222222222
equal_bargaining__008,equal_bargaining,K_LH,304,11.299027369373444,0.42,0.0,12.633333333333333,11.201892744479496,78.0,0.2222222222222222
equal_bargaining__000,equal_bargaining,K_LH,305,11.11285846438483,0.52,0.0,13.09375,10.954545454545455,78.0,0.21222222222222223
equal_bargaining__001,equal_bargaining,K_LH,305,11.11285846438483,0.52,0.0,13.09375,10.954545454545455,78.0,0.21222222222222223
equal_bargaining__002,equal_bargaining,K_LH,305,11.11285846438483,0.52,0.0,13.09375,10.954545454545455,78.0,0.21222222222222223
equal_bargaining__003,equal_bargaining,K_LH,305,11.11285846438483,0.52,0.0,13.09375,10.954545454545455,78.0,0.21222222222222223
equal_bargaining__004,equal_bargaining,K_LH,305,11.11285846438483,0.52,0.0,13.09375,10.954545454545455,78.0,0.21222222222222223
equal_bargaining__005,equal_bargaining,K_LH,305,11.11285846438483,0.52,0.0,13.09375,10.954545454545455,78.0,0.21222222222222223
equal_bargaining__006,equal_bargaining,K_LH,305,11.11285846438483,0.52,0.0,13.09375,10.954545454545455,78.0,0.21222222222222223
equal_bargaining__007,equal_bargaining,K_LH,305,11.11285846438483,0.52,0.0,13.09375,10.954545454545455,78.0,0.21222222222222223
equal_bargaining__008,equal_bargaining,K_LH,305,11.11285846438483,0.52,0.0,13.09375,10.954545454545455,78.0,0.21222222222222223
fixed_time__000,fixed_time,K_LH,301,13.010937863625786,0.34,0.0,10.892857142857142,13.158576051779935,68.0,0.15555555555555556
fixed_time__001,fixed_time,K_LH,301,14.696067023504773,0.38,0.0,18.785714285714285,14.411003236245955,61.0,0.14
fixed_time__002,fixed_time,K_LH,301,15.701419595066326,0.46,0.0,24.928571428571427,15.058252427184467,50.0,0.11666666666666667
fixed_time__003,fixed_time,K_LH,301,19.416336979287877,0.61,0.0,32.67857142857143,18.491909385113267,40.0,0.09333333333333334
fixed_time__004,fixed_time,K_LH,301,20.251105422387717,0.7,0.0,25.107142857142858,19.9126213592233,34.0,0.07777777777777778
fixed_time__005,fixed_time,K_LH,301,24.617407493600187,0.91,0.0,24.607142857142858,24.618122977346278,25.0,0.057777777777777775
fixed_time__006,fixed_time,K_LH,301,13.25948336048406,0.29,0.0,13.035714285714286,13.275080906148867,82.0,0.18666666666666668
fixed_time__007,fixed_time,K_LH,301,13.752385385152433,0.33,0.0,12.428571428571429,13.844660194174757,76.0,0.17444444444444446
fixed_time__008,fixed_time,K_LH,301,13.131952525017455,0.34,0.0,10.892857142857142,13.288025889967637,68.0,0.15555555555555556
fixed_time__009,fixed_time,K_LH,301,15.02769373981848,0.38,0.0,18.535714285714285,14.783171521035598,61.0,0.14
fixed_time__010,fixed_time,K_LH,301,16.44868512915988,0.46,0.0,24.928571428571427,15.857605177993527,50.0,0.11666666666666667
fixed_time__011,fixed_time,K_LH,301,19.25901791947871,0.61,0.0,32.67857142857143,18.323624595469255,40.0,0.09333333333333334
fixed_time__012,fixed_time,K_LH,301,20.165464277402844,0.74,0.0,30.571428571428573,19.44012944983819,34.0,0.07777777777777778
fixed_time__013,fixed_time,K_LH,301,24.643472189899928,0.98,0.0,29.464285714285715,24.307443365695793,25.0,0.057777777777777775
fixed_time__000,fixed_time,K_LH,302,14.059152305542618,0.34,0.0,10.931034482758621,14.285714285714286,68.0,0.15555555555555556
fixed_time__001,fixed_time,K_LH,302,14.030274802049371,0.39,0.0,14.0,14.032467532467532,61.0,0.14
fixed_time__002,fixed_time,K_LH,302,16.211457848160222,0.48,0.0,23.79310344827586,15.662337662337663,50.0,0.11666666666666667
fixed_time__003,fixed_time,K_LH,302,19.74918490917559,0.56,0.0,23.413793103448278,19.483766233766232,40.0,0.09333333333333334
fixed_time__004,fixed_time,K_LH,302,23.481369352585006,0.73,0.0,25.689655172413794,23.321428571428573,34.0,0.07777777777777778
fixed_time__005,fixed_time,K_LH,302,27.66814159292035,0.94,0.0,41.689655172413794,26.6525974025974,25.0,0.057777777777777775
fixed_time__006,fixed_time,K_LH,302,12.634373544480669,0.29,0.0,10.724137931034482,12.772727272727273,82.0,0.18666666666666668
fixed_time__007,fixed_time,K_LH,302,12.881462505822075,0.31,0.0,14.068965517241379,12.795454545454545,76.0,0.17444444444444446
fixed_time__008,fixed_time,K_LH,302,14.243828598043784,0.34,0.0,10.931034482758621,14.483766233766234,68.0,0.15555555555555556
fixed_time__009,fixed_time,K_LH,302,14.375407545412202,0.39,0.0,14.0,14.402597402597403,61.0,0.14
fixed_time__010,fixed_time,K_LH,302,16.753376804843967,0.48,0.0,23.79310344827586,16.243506493506494,50.0,0.11666666666666667
fixed_time__011,fixed_time,K_LH,302,19.752212389380535,0.56,0.0,23.413793103448278,19.48701298701299,40.0,0.09333333333333334
fixed_time__012,fixed_time,K_LH,302,22.83046110852352,0.73,0.0,25.689655172413794,22.623376623376622,34.0,0.07777777777777778
fixed_time__013,fixed_time,K_LH,302,27.003260363297624,1.0,0.0,48.6551724137931,25.435064935064936,25.0,0.057777777777777775
fixed_time__000,fixed_time,K_LH,303,14.148862512363996,0.35,0.0,15.705882352941176,14.080536912751677,68.0,0.15555555555555556
fixed_time__001,fixed_time,K_LH,303,14.019287833827894,0.37,0.0,13.235294117647058,14.053691275167786,61.0,0.14
fixed_time__002,fixed_time,K_LH,303,16.020771513353115,0.44,0.0,21.235294117647058,15.791946308724832,50.0,0.11666666666666667
fixed_time__003,fixed_time,K_LH,303,19.125370919881306,0.61,0.0,26.647058823529413,18.79530201342282,40.0,0.09333333333333334
fixed_time__004,fixed_time,K_LH,303,21.4782393669634,0.72,0.0,29.470588235294116,21.12751677852349,34.0,0.07777777777777778
fixed_time__005,fixed_time,K_LH,303,31.107319485657765,0.95,0.0,40.588235294117645,30.691275167785236,25.0,0.057777777777777775
fixed_time__006,fixed_time,K_LH,303,12.784619188921859,0.35,0.0,9.176470588235293,12.942953020134228,82.0,0.18666666666666668
fixed_time__007,fixed_time,K_LH,303,14.30811078140455,0.32,0.0,11.235294117647058,14.442953020134228,76.0,0.17444444444444446
fixed_time__008,fixed_time,K_LH,303,14.15207715133531,0.35,0.0,15.705882352941176,14.083892617449665,68.0,0.15555555555555556
fixed_time__009,fixed_time,K_LH,303,14.376112759643915,0.37,0.0,13.235294117647058,14.426174496644295,61.0,0.14
fixed_time__010,fixed_time,K_LH,303,16.380811078140454,0.44,0.0,21.235294117647058,16.16778523489933,50.0,0.11666666666666667
fixed_time__011,fixed_time,K_LH,303,19.15108803165183,0.61,0.0,26.647058823529413,18.822147651006713,40.0,0.09333333333333334
fixed_time__012,fixed_time,K_LH,303,21.148615232443124,0.74,0.0,33.94117647058823,20.58724832214765,34.0,0.07777777777777778
fixed_time__013,fixed_time,K_LH,303,29.483679525222545,0.97,0.0,46.470588235294116,28.738255033557046,25.0,0.057777777777777775
fixed_time__000,fixed_time,K_LH,304,14.289979642614792,0.33,0.0,13.766666666666667,14.32807570977918,68.0,0.15555555555555556
fixed_time__001,fixed_time,K_LH,304,14.960416195430899,0.39,0.0,18.1,14.731861198738171,61.0,0.14
fixed_time__002,fixed_time,K_LH,304,16.760009047726758,0.5,0.0,25.9,16.094637223974765,50.0,0.11666666666666667
fixed_time__003,fixed_time,K_LH,304,19.218728794390408,0.55,0.0,23.566666666666666,18.902208201892744,40.0,0.09333333333333334
fixed_time__004,fixed_time,K_LH,304,23.364397195204702,0.73,0.0,30.233333333333334,22.86435331230284,34.0,0.07777777777777778
fixed_time__005,fixed_time,K_LH,304,26.97195204704818,0.9,0.0,31.266666666666666,26.65930599369085,25.0,0.057777777777777775
fixed_time__006,fixed_time,K_LH,304,12.939154037548064,0.29,0.0,10.5,13.116719242902208,82.0,0.18666666666666668
fixed_time__007,fixed_time,K_LH,304,13.470481791449897,0.32,0.0,13.866666666666667,13.441640378548897,76.0,0.17444444444444446
fixed_time__008,fixed_time,K_LH,304,14.572268717484732,0.34,0.0,13.766666666666667,14.630914826498422,68.0,0.15555555555555556
fixed_time__009,fixed_time,K_LH,304,15.269169871069893,0.39,0.0,18.1,15.063091482649842,61.0,0.14
fixed_time__010,fixed_time,K_LH,304,17.44718389504637,0.48,0.0,24.066666666666666,16.965299684542586,50.0,0.11666666666666667
fixed_time__011,fixed_time,K_LH,304,19.204026238407604,0.55,0.0,23.566666666666666,18.886435331230285,40.0,0.09333333333333334
fixed_time__012,fixed_time,K_LH,304,23.126215788283194,0.73,0.0,30.233333333333334,22.608832807570977,34.0,0.07777777777777778
fixed_time__013,fixed_time,K_LH,304,26.873784211716806,1.0,0.0,41.43333333333333,25.813880126182966,25.0,0.057777777777777775
fixed_time__000,fixed_time,K_LH,305,13.851757631822384,0.35,0.0,14.71875,13.782467532467532,68.0,0.15555555555555556
fixed_time__001,fixed_time,K_LH,305,14.672062904717855,0.38,0.0,17.71875,14.428571428571429,61.0,0.14
fixed_time__002,fixed_time,K_LH,305,16.17668825161887,0.47,0.0,20.5,15.831168831168831,50.0,0.11666666666666667
fixed_time__003,fixed_time,K_LH,305,19.602220166512488,0.59,0.0,20.3125,19.545454545454547,40.0,0.09333333333333334
fixed_time__004,fixed_time,K_LH,305,22.426688251618867,0.67,0.0,25.53125,22.178571428571427,34.0,0.07777777777777778
fixed_time__005,fixed_time,K_LH,305,28.258094357076782,0.95,0.0,30.59375,28.071428571428573,25.0,0.057777777777777775
fixed_time__006,fixed_time,K_LH,305,11.95536540240518,0.29,0.0,6.15625,12.418831168831169,82.0,0.18666666666666668
fixed_time__007,fixed_time,K_LH,305,14.057123034227567,0.31,0.0,12.78125,14.159090909090908,76.0,0.17444444444444446
fixed_time__008,fixed_time,K_LH,305,13.996068455134136,0.35,0.0,14.71875,13.938311688311689,68.0,0.15555555555555556
fixed_time__009,fixed_time,K_LH,305,15.056891766882515,0.38,0.0,17.71875,14.844155844155845,61.0,0.14
fixed_time__010,fixed_time,K_LH,305,16.841119333950047,0.47,0.0,20.5,16.5487012987013,50.0,0.11666666666666667
fixed_time__011,fixed_time,K_LH,305,19.944958371877892,0.59,0.0,20.3125,19.915584415584416,40.0,0.09333333333333334
fixed_time__012,fixed_time,K_LH,305,22.355920444033302,0.74,0.0,28.3125,21.87987012987013,34.0,0.07777777777777778
fixed_time__013,fixed_time,K_LH,305,27.191951896392226,0.98,0.0,36.90625,26.415584415584416,25.0,0.057777777777777775
efficiency__000,efficiency,K_MM,301,10.824343813094895,0.43,0.0,11.548387096774194,10.666666666666666,80.0,0.2011111111111111
efficiency__001,efficiency,K_MM,301,10.824343813094895,0.43,0.0,11.548387096774194,10.666666666666666,80.0,0.2011111111111111
efficiency__002,efficiency,K_MM,301,10.824343813094895,0.43,0.0,11.548387096774194,10.666666666666666,80.0,0.2011111111111111
efficiency__003,efficiency,K_MM,301,9.560426882030576,0.58,0.0,11.483870967741936,9.141552511415526,79.0,0.20222222222222222
efficiency__004,efficiency,K_MM,301,9.560426882030576,0.58,0.0,11.483870967741936,9.141552511415526,79.0,0.20222222222222222
efficiency__005,efficiency,K_MM,301,9.560426882030576,0.58,0.0,11.483870967741936,9.141552511415526,79.0,0.20222222222222222
efficiency__006,efficiency,K_MM,301,9.560426882030576,0.58,0.0,11.483870967741936,9.141552511415526,79.0,0.20222222222222222
efficiency__007,efficiency,K_MM,301,9.560426882030576,0.58,0.0,11.483870967741936,9.141552511415526,79.0,0.20222222222222222
efficiency__008,efficiency,K_MM,301,9.560426882030576,0.58,0.0,11.483870967741936,9.141552511415526,79.0,0.20222222222222222
efficiency__009,efficiency,K_MM,301,10.824343813094895,0.43,0.0,11.548387096774194,10.666666666666666,80.0,0.2011111111111111
efficiency__010,efficiency,K_MM,301,10.824343813094895,0.43,0.0,11.548387096774194,10.666666666666666,80.0,0.2011111111111111
efficiency__011,efficiency,K_MM,301,10.824343813094895,0.43,0.0,11.548387096774194,10.666666666666666,80.0,0.2011111111111111
efficiency__012,efficiency,K_MM,301,9.560426882030576,0.58,0.0,11.483870967741936,9.141552511415526,79.0,0.20222222222222222
efficiency__013,efficiency,K_MM,301,9.560426882030576,0.58,0.0,11.483870967741936,9.141552511415526,79.0,0.20222222222222222
efficiency__014,efficiency,K_MM,301,9.560426882030576,0.58,0.0,11.483870967741936,9.141552511415526,79.0,0.20222222222222222
efficiency__015,efficiency,K_MM,301,9.560426882030576,0.58,0.0,11.483870967741936,9.141552511415526,79.0,0.20222222222222222
efficiency__016,efficiency,K_MM,301,9.560426882030576,0.58,0.0,11.483870967741936,9.141552511415526,79.0,0.20222222222222222
efficiency__017,efficiency,K_MM,301,9.560426882030576,0.58,0.0,11.483870967741936,9.141552511415526,79.0,0.20222222222222222
efficiency__018,efficiency,K_MM,301,10.824343813094895,0.43,0.0,11.548387096774194,10.666666666666666,80.0,0.2011111111111111
efficiency__019,efficiency,K_MM,301,10.824343813094895,0.43,0.0,11.548387096774194,10.666666666666666,80.0,0.2011111111111111
efficiency__020,efficiency,K_MM,301,10.824343813094895,0.43,0.0,11.548387096774194,10.666666666666666,80.0,0.2011111111111111
efficiency__021,efficiency,K_MM,301,9.560426882030576,0.58,0.0,11.483870967741936,9.141552511415526,79.0,0.20222222222222222
efficiency__022,efficiency,K_MM,301,9.560426882030576,0.58,0.0,11.483870967741936,9.141552511415526,79.0,0.20222222222222222
efficiency__023,efficiency,K_MM,301,9.560426882030576,0.58,0.0,11.483870967741936,9.141552511415526,79.0,0.20222222222222222
efficiency__024,efficiency,K_MM,301,9.560426882030576,0.58,0.0,11.483870967741936,9.141552511415526,79.0,0.20222222222222222
efficiency__025,efficiency,K_MM,301,9.560426882030576,0.58,0.0,11.483870967741936,9.141552511415526,79.0,0.20222222222222222
efficiency__026,efficiency,K_MM,301,9.560426882030576,0.58,0.0,11.483870967741936,9.141552511415526,79.0,0.20222222222222222
efficiency__000,efficiency,K_MM,302,12.078231292517005,0.54,0.0,12.954545454545455,11.853535353535353,81.0,0.19666666666666666
efficiency__001,efficiency,K_MM,302,12.078231292517005,0.54,0.0,12.954545454545455,11.853535353535353,81.0,0.19666666666666666
efficiency__002,efficiency,K_MM,302,12.078231292517005,0.54,0.0,12.954545454545455,11.853535353535353,81.0,0.19666666666666666
efficiency__003,efficiency,K_MM,302,11.44465058750773,0.53,0.0,13.06060606060606,11.030303030303031,80.0,0.20444444444444446
efficiency__004,efficiency,K_MM,302,11.44465058750773,0.53,0.0,13.06060606060606,11.030303030303031,80.0,0.20444444444444446
efficiency__005,efficiency,K_MM,302,11.44465058750773,0.53,0.0,13.06060606060606,11.030303030303031,80.0,0.20444444444444446
efficiency__006,efficiency,K_MM,302,11.44465058750773,0.53,0.0,13.06060606060606,11.030303030303031,80.0,0.20444444444444446
efficiency__007,efficiency,K_MM,302,11.44465058750773,0.53,0.0,13.06060606060606,11.030303030303031,80.0,0.20444444444444446
efficiency__008,efficiency,K_MM,302,11.44465058750773,0.53,0.0,13.06060606060606,11.030303030303031,80.0,0.20444444444444446
efficiency__009,efficiency,K_MM,302,12.078231292517005,0.54,0.0,12.954545454545455,11.853535353535353,81.0,0.19666666666666666
efficiency__010,efficiency,K_MM,302,12.078231292517005,0.54,0.0,12.954545454545455,11.853535353535353,81.0,0.19666666666666666
efficiency__011,efficiency,K_MM,302,12.078231292517005,0.54,0.0,12.954545454545455,11.853535353535353,81.0,0.19666666666666666
efficiency__012,efficiency,K_MM,302,11.44465058750773,0.53,0.0,13.06060606060606,11.030303030303031,80.0,0.20444444444444446
efficiency__013,efficiency,K_MM,302,11.44465058750773,0.53,0.0,13.06060606060606,11.030303030303031,80.0,0.20444444444444446
efficiency__014,efficiency,K_MM,302,11.44465058750773,0.53,0.0,13.06060606060606,11.030303030303031,80.0,0.20444444444444446
efficiency__015,efficiency,K_MM,302,11.44465058750773,0.53,0.0,13.06060606060606,11.030303030303031,80.0,0.20444444444444446
efficiency__016,efficiency,K_MM,302,11.44465058750773,0.53,0.0,13.06060606060606,11.030303030303031,80.0,0.20444444444444446
efficiency__017,efficiency,K_MM,302,11.44465058750773,0.53,0.0,13.06060606060606,11.030303030303031,80.0,0.20444444444444446
efficiency__018,efficiency,K_MM,302,12.078231292517005,0.54,0.0,12.954545454545455,11.853535353535353,81.0,0.19666666666666666
efficiency__019,efficiency,K_MM,302,12.078231292517005,0.54,0.0,12.954545454545455,11.853535353535353,81.0,0.19666666666666666
efficiency__020,efficiency,K_MM,302,12.078231292517005,0.54,0.0,12.954545454545455,11.853535353535353,81.0,0.19666666666666666
efficiency__021,efficiency,K_MM,302,11.44465058750773,0.53,0.0,13.06060606060606,11.030303030303031,80.0,0.20444444444444446
efficiency__022,efficiency,K_MM,302,11.44465058750773,0.53,0.0,13.06060606060606,11.030303030303031,80.0,0.20444444444444446
efficiency__023,efficiency,K_MM,302,11.44465058750773,0.53,0.0,13.06060606060606,11.030303030303031,80.0,0.20444444444444446
efficiency__024,efficiency,K_MM,302,11.44465058750773,0.53,0.0,13.06060606060606,11.030303030303031,80.0,0.20444444444444446
efficiency__025,efficiency,K_MM,302,11.44465058750773,0.53,0.0,13.06060606060606,11.030303030303031,80.0,0.20444444444444446
efficiency__026,efficiency,K_MM,302,11.44465058750773,0.53,0.0,13.06060606060606,11.030303030303031,80.0,0.20444444444444446
efficiency__000,efficiency,K_MM,303,11.948410485220302,0.55,0.0,14.057142857142857,11.436936936936936,81.0,0.1988888888888889
efficiency__001,efficiency,K_MM,303,11.948410485220302,0.55,0.0,14.057142857142857,11.436936936936936,81.0,0.1988888888888889
efficiency__002,efficiency,K_MM,303,11.948410485220302,0.55,0.0,14.057142857142857,11.436936936936936,81.0,0.1988888888888889
efficiency__003,efficiency,K_MM,303,11.948410485220302,0.55,0.0,14.057142857142857,11.436936936936936,81.0,0.1988888888888889
efficiency__004,efficiency,K_MM,303,11.948410485220302,0.55,0.0,14.057142857142857,11.436936936936936,81.0,0.1988888888888889
efficiency__005,efficiency,K_MM,303,11.948410485220302,0.55,0.0,14.057142857142857,11.436936936936936,81.0,0.1988888888888889
efficiency__006,efficiency,K_MM,303,11.948410485220302,0.55,0.0,14.057142857142857,11.436936936936936,81.0,0.1988888888888889
efficiency__007,efficiency,K_MM,303,11.948410485220302,0.55,0.0,14.057142857142857,11.436936936936936,81.0,0.1988888888888889
efficiency__008,efficiency,K_MM,303,11.948410485220302,0.55,0.0,14.057142857142857,11.436936936936936,81.0,0.1988888888888889
efficiency__009,efficiency,K_MM,303,11.948410485220302,0.55,0.0,14.057142857142857,11.436936936936936,81.0,0.1988888888888889
efficiency__010,efficiency,K_MM,303,11.948410485220302,0.55,0.0,14.057142857142857,11.436936936936936,81.0,0.1988888888888889
efficiency__011,efficiency,K_MM,303,11.948410485220302,0.55,0.0,14.057142857142857,11.436936936936936,81.0,0.1988888888888889
efficiency__012,efficiency,K_MM,303,11.948410485220302,0.55,0.0,14.057142857142857,11.436936936936936,81.0,0.1988888888888889
efficiency__013,efficiency,K_MM,303,11.948410485220302,0.55,0.0,14.057142857142857,11.436936936936936,81.0,0.1988888888888889
efficiency__014,efficiency,K_MM,303,11.948410485220302,0.55,0.0,14.057142857142857,11.436936936936936,81.0,0.1988888888888889
efficiency__015,efficiency,K_MM,303,11.948410485220302,0.55,0.0,14.057142857142857,11.436936936936936,81.0,0.1988888888888889
efficiency__016,efficiency,K_MM,303,11.948410485220302,0.55,0.0,14.057142857142857,11.436936936936936,81.0,0.1988888888888889
efficiency__017,efficiency,K_MM,303,11.948410485220302,0.55,0.0,14.057142857142857,11.436936936936936,81.0,0.1988888888888889
efficiency__018,efficiency,K_MM,303,11.948410485220302,0.55,0.0,14.057142857142857,11.436936936936936,81.0,0.1988888888888889
efficiency__019,efficiency,K_MM,303,11.948410485220302,0.55,0.0,14.057142857142857,11.436936936936936,81.0,0.1988888888888889
efficiency__020,efficiency,K_MM,303,11.948410485220302,0.55,0.0,14.057142857142857,11.436936936936936,81.0,0.1988888888888889
efficiency__021,efficiency,K_MM,303,11.948410485220302,0.55,0.0,14.057142857142857,11.436936936936936,81.0,0.1988888888888889
efficiency__022,efficiency,K_MM,303,11.948410485220302,0.55,0.0,14.057142857142857,11.436936936936936,81.0,0.1988888888888889
efficiency__023,efficiency,K_MM,303,11.948410485220302,0.55,0.0,14.057142857142857,11.436936936936936,81.0,0.1988888888888889
efficiency__024,efficiency,K_MM,303,11.948410485220302,0.55,0.0,14.057142857142857,11.436936936936936,81.0,0.1988888888888889
efficiency__025,efficiency,K_MM,303,11.948410485220302,0.55,0.0,14.057142857142857,11.436936936936936,81.0,0.1988888888888889
efficiency__026,efficiency,K_MM,303,11.948410485220302,0.55,0.0,14.057142857142857,11.436936936936936,81.0,0.1988888888888889
efficiency__000,efficiency,K_MM,304,9.618813503769255,0.51,0.0,10.040816326530612,9.538071065989847,81.0,0.1988888888888889
efficiency__001,efficiency,K_MM,304,9.618813503769255,0.51,0.0,10.040816326530612,9.538071065989847,81.0,0.1988888888888889
efficiency__002,efficiency,K_MM,304,9.618813503769255,0.51,0.0,10.040816326530612,9.538071065989847,81.0,0.1988888888888889
efficiency__003,efficiency,K_MM,304,10.551622418879056,0.51,0.0,11.816326530612244,10.309644670050762,80.0,0.20777777777777778
efficiency__004,efficiency,K_MM,304,10.551622418879056,0.51,0.0,11.816326530612244,10.309644670050762,80.0,0.20777777777777778
efficiency__005,efficiency,K_MM,304,10.551622418879056,0.51,0.0,11.816326530612244,10.309644670050762,80.0,0.20777777777777778
efficiency__006,efficiency,K_MM,304,10.551622418879056,0.51,0.0,11.816326530612244,10.309644670050762,80.0,0.20777777777777778
efficiency__007,efficiency,K_MM,304,10.551622418879056,0.51,0.0,11.816326530612244,10.309644670050762,80.0,0.20777777777777778
efficiency__008,efficiency,K_MM,304,10.551622418879056,0.51,0.0,11.816326530612244,10.309644670050762,80.0,0.20777777777777778
efficiency__009,efficiency,K_MM,304,9.618813503769255,0.51,0.0,10.040816326530612,9.538071065989847,81.0,0.1988888888888889
efficiency__010,efficiency,K_MM,304,9.618813503769255,0.51,0.0,10.040816326530612,9.538071065989847,81.0,0.1988888888888889
efficiency__011,efficiency,K_MM,304,9.618813503769255,0.51,0.0,10.040816326530612,9.538071065989847,81.0,0.1988888888888889
efficiency__012,efficiency,K_MM,304,10.551622418879056,0.51,0.0,11.816326530612244,10.309644670050762,80.0,0.20777777777777778
efficiency__013,efficiency,K_MM,304,10.551622418879056,0.51,0.0,11.816326530612244,10.309644670050762,80.0,0.20777777777777778
efficiency__014,efficiency,K_MM,304,10.551622418879056,0.51,0.0,11.816326530612244,10.309644670050762,80.0,0.20777777777777778
efficiency__015,efficiency,K_MM,304,10.551622418879056,0.51,0.0,11.816326530612244,10.309644670050762,80.0,0.20777777777777778
efficiency__016,efficiency,K_MM,304,10.551622418879056,0.51,0.0,11.816326530612244,10.309644670050762,80.0,0.20777777777777778
efficiency__017,efficiency,K_MM,304,10.551622418879056,0.51,0.0,11.816326530612244,10.309644670050762,80.0,0.20777777777777778
efficiency__018,efficiency,K_MM,304,9.618813503769255,0.51,0.0,10.040816326530612,9.538071065989847,81.0,0.1988888888888889
efficiency__019,efficiency,K_MM,304,9.618813503769255,0.51,0.0,10.040816326530612,9.538071065989847,81.0,0.1988888888888889
efficiency__020,efficiency,K_MM,304,9.618813503769255,0.51,0.0,10.040816326530612,9.538071065989847,81.0,0.1988888888888889
efficiency__021,efficiency,K_MM,304,10.551622418879056,0.51,0.0,11.816326530612244,10.309644670050762,80.0,0.20777777777777778
efficiency__022,efficiency,K_MM,304,10.551622418879056,0.51,0.0,11.816326530612244,10.309644670050762,80.0,0.20777777777777778
efficiency__023,efficiency,K_MM,304,10.551622418879056,0.51,0.0,11.816326530612244,10.309644670050762,80.0,0.20777777777777778
efficiency__024,efficiency,K_MM,304,10.551622418879056,0.51,0.0,11.816326530612244,10.309644670050762,80.0,0.20777777777777778
efficiency__025,efficiency,K_MM,304,10.551622418879056,0.51,0.0,11.816326530612244,10.309644670050762,80.0,0.20777777777777778
efficiency__026,efficiency,K_MM,304,10.551622418879056,0.51,0.0,11.816326530612244,10.309644670050762,80.0,0.20777777777777778
efficiency__000,efficiency,K_MM,305,10.062821833161689,0.52,0.0,8.36231884057971,10.590643274853802,82.0,0.19
efficiency__001,efficiency,K_MM,305,10.062821833161689,0.52,0.0,8.36231884057971,10.590643274853802,82.0,0.19
efficiency__002,efficiency,K_MM,305,10.062821833161689,0.52,0.0,8.36231884057971,10.590643274853802,82.0,0.19
efficiency__003,efficiency,K_MM,305,11.50257466529351,0.51,0.0,11.27536231884058,11.573099415204679,81.0,0.18555555555555556
efficiency__004,efficiency,K_MM,305,11.50257466529351,0.51,0.0,11.27536231884058,11.573099415204679,81.0,0.18555555555555556
efficiency__005,efficiency,K_MM,305,11.50257466529351,0.51,0.0,11.27536231884058,11.573099415204679,81.0,0.18555555555555556
efficiency__006,efficiency,K_MM,305,11.50257466529351,0.51,0.0,11.27536231884058,11.573099415204679,81.0,0.18555555555555556
efficiency__007,efficiency,K_MM,305,11.50257466529351,0.51,0.0,11.27536231884058,11.573099415204679,81.0,0.18555555555555556
efficiency__008,efficiency,K_MM,305,11.50257466529351,0.51,0.0,11.27536231884058,11.573099415204679,81.0,0.18555555555555556
efficiency__009,efficiency,K_MM,305,10.062821833161689,0.52,0.0,8.36231884057971,10.590643274853802,82.0,0.19
efficiency__010,efficiency,K_MM,305,10.062821833161689,0.52,0.0,8.36231884057971,10.590643274853802,82.0,0.19
efficiency__011,efficiency,K_MM,305,10.062821833161689,0.52,0.0,8.36231884057971,10.590643274853802,82.0,0.19
efficiency__012,efficiency,K_MM,305,11.50257466529351,0.51,0.0,11.27536231884058,11.573099415204679,81.0,0.18555555555555556
efficiency__013,efficiency,K_MM,305,11.50257466529351,0.51,0.0,11.27536231884058,11.573099415204679,81.0,0.18555555555555556
efficiency__014,efficiency,K_MM,305,11.50257466529351,0.51,0.0,11.27536231884058,11.573099415204679,81.0,0.18555555555555556
efficiency__015,efficiency,K_MM,305,11.50257466529351,0.51,0.0,11.27536231884058,11.573099415204679,81.0,0.18555555555555556
efficiency__016,efficiency,K_MM,305,11.50257466529351,0.51,0.0,11.27536231884058,11.573099415204679,81.0,0.18555555555555556
efficiency__017,efficiency,K_MM,305,11.50257466529351,0.51,0.0,11.27536231884058,11.573099415204679,81.0,0.18555555555555556
efficiency__018,efficiency,K_MM,305,10.062821833161689,0.52,0.0,8.36231884057971,10.590643274853802,82.0,0.19
efficiency__019,efficiency,K_MM,305,10.062821833161689,0.52,0.0,8.36231884057971,10.590643274853802,82.0,0.19
efficiency__020,efficiency,K_MM,305,10.062821833161689,0.52,0.0,8.36231884057971,10.590643274853802,82.0,0.19
efficiency__021,efficiency,K_MM,305,11.50257466529351,0.51,0.0,11.27536231884058,11.573099415204679,81.0,0.18555555555555556
efficiency__022,efficiency,K_MM,305,11.50257466529351,0.51,0.0,11.27536231884058,11.573099415204679,81.0,0.18555555555555556
efficiency__023,efficiency,K_MM,305,11.50257466529351,0.51,0.0,11.27536231884058,11.573099415204679,81.0,0.18555555555555556
efficiency__024,efficiency,K_MM,305,11.50257466529351,0.51,0.0,11.27536231884058,11.573099415204679,81.0,0.18555555555555556
efficiency__025,efficiency,K_MM,305,11.50257466529351,0.51,0.0,11.27536231884058,11.573099415204679,81.0,0.18555555555555556
efficiency__026,efficiency,K_MM,305,11.50257466529351,0.51,0.0,11.27536231884058,11.573099415204679,81.0,0.18555555555555556
efpb__000,efpb,K_MM,301,9.896740698009806,0.54,0.0,13.741935483870968,9.059360730593607,79.0,0.2011111111111111
efpb__001,efpb,K_MM,301,10.203345832131525,0.42,0.0,12.919354838709678,9.61187214611872,79.0,0.20555555555555555
efpb__002,efpb,K_MM,301,10.645514854340929,0.6,0.0,16.20967741935484,9.4337899543379,77.0,0.21
efpb__003,efpb,K_MM,301,10.369195269685607,0.6,0.0,15.419354838709678,9.269406392694064,78.0,0.20333333333333334
efpb__004,efpb,K_MM,301,10.203345832131525,0.42,0.0,12.919354838709678,9.61187214611872,79.0,0.20555555555555555
efpb__005,efpb,K_MM,301,9.75165849437554,0.51,0.0,11.064516129032258,9.465753424657533,78.0,0.19777777777777777
efpb__006,efpb,K_MM,301,11.224978367464667,0.33,0.0,12.048387096774194,11.045662100456621,80.0,0.2011111111111111
efpb__007,efpb,K_MM,301,10.203345832131525,0.42,0.0,12.919354838709678,9.61187214611872,79.0,0.20555555555555555
efpb__008,efpb,K_MM,301,10.534756273435248,0.44,0.0,12.82258064516129,10.036529680365296,80.0,0.20444444444444446
efpb__009,efpb,K_MM,301,10.534756273435248,0.44,0.0,12.82258064516129,10.036529680365296,80.0,0.20444444444444446
efpb__010,efpb,K_MM,301,10.773867897317567,0.6,0.0,15.983870967741936,9.639269406392694,77.0,0.21
efpb__011,efpb,K_MM,301,10.534756273435248,0.44,0.0,12.82258064516129,10.036529680365296,80.0,0.20444444444444446
efpb__012,efpb,K_MM,301,10.773867897317567,0.6,0.0,15.983870967741936,9.639269406392694,77.0,0.21
efpb__013,efpb,K_MM,301,9.75165849437554,0.51,0.0,11.064516129032258,9.465753424657533,78.0,0.19777777777777777
efpb__014,efpb,K_MM,301,11.224978367464667,0.33,0.0,12.048387096774194,11.045662100456621,80.0,0.2011111111111111
efpb__015,efpb,K_MM,301,10.645514854340929,0.6,0.0,16.20967741935484,9.4337899543379,77.0,0.21
efpb__016,efpb,K_MM,301,9.997404095760023,0.51,0.0,12.564516129032258,9.438356164383562,79.0,0.2
efpb__017,efpb,K_MM,301,10.534756273435248,0.44,0.0,12.82258064516129,10.036529680365296,80.0,0.20444444444444446
efpb__018,efpb,K_MM,301,10.534756273435248,0.44,0.0,12.82258064516129,10.036529680365296,80.0,0.20444444444444446
efpb__019,efpb,K_MM,301,10.203345832131525,0.42,0.0,12.919354838709678,9.61187214611872,79.0,0.20555555555555555
efpb__020,efpb,K_MM,301,10.149120276896452,0.42,0.0,12.32258064516129,9.67579908675799,79.0,0.20555555555555555
efpb__021,efpb,K_MM,301,10.645514854340929,0.6,0.0,16.20967741935484,9.4337899543379,77.0,0.21
efpb__022,efpb,K_MM,301,10.645514854340929,0.6,0.0,16.20967741935484,9.4337899543379,77.0,0.21
efpb__023,efpb,K_MM,301,11.224978367464667,0.33,0.0,12.048387096774194,11.045662100456621,80.0,0.2011111111111111
efpb__024,efpb,K_MM,301,11.224978367464667,0.33,0.0,12.048387096774194,11.045662100456621,80.0,0.2011111111111111
efpb__025,efpb,K_MM,301,10.497548312662245,0.6,0.0,15.193548387096774,9.474885844748858,78.0,0.20333333333333334
efpb__026,efpb,K_MM,301,9.896740698009806,0.54,0.0,13.741935483870968,9.059360730593607,79.0,0.2011111111111111
efpb__027,efpb,K_MM,301,9.869051052783387,0.51,0.0,12.790322580645162,9.232876712328768,79.0,0.2
efpb__028,efpb,K_MM,301,10.645514854340929,0.6,0.0,16.20967741935484,9.4337899543379,77.0,0.21
efpb__029,efpb,K_MM,301,9.869051052783387,0.51,0.0,12.790322580645162,9.232876712328768,79.0,0.2
efpb__000,efpb,K_MM,302,9.89764996907854,0.5,0.0,11.409090909090908,9.51010101010101,79.0,0.20555555555555555
efpb__001,efpb,K_MM,302,9.06895485466914,0.5,0.0,10.5,8.702020202020202,80.0,0.1988888888888889
efpb__002,efpb,K_MM,302,10.949907235621522,0.48,0.0,13.984848484848484,10.171717171717171,81.0,0.18777777777777777
efpb__003,efpb,K_MM,302,10.143784786641929,0.67,0.0,11.393939393939394,9.823232323232324,80.0,0.2
efpb__004,efpb,K_MM,302,9.06895485466914,0.5,0.0,10.5,8.702020202020202,80.0,0.1988888888888889
efpb__005,efpb,K_MM,302,11.263141620284475,0.53,0.0,13.333333333333334,10.732323232323232,81.0,0.19333333333333333
efpb__006,efpb,K_MM,302,10.8008658008658,0.43,0.0,10.378787878787879,10.909090909090908,81.0,0.20333333333333334
efpb__007,efpb,K_MM,302,9.06895485466914,0.5,0.0,10.5,8.702020202020202,80.0,0.1988888888888889
efpb__008,efpb,K_MM,302,10.8008658008658,0.43,0.0,10.378787878787879,10.909090909090908,81.0,0.20333333333333334
efpb__009,efpb,K_MM,302,10.8008658008658,0.43,0.0,10.378787878787879,10.909090909090908,81.0,0.20333333333333334
efpb__010,efpb,K_MM,302,11.286641929499071,0.58,0.0,14.393939393939394,10.48989898989899,79.0,0.2111111111111111
efpb__011,efpb,K_MM,302,10.8008658008658,0.43,0.0,10.378787878787879,10.909090909090908,81.0,0.20333333333333334
efpb__012,efpb,K_MM,302,11.286641929499071,0.58,0.0,14.393939393939394,10.48989898989899,79.0,0.2111111111111111
efpb__013,efpb,K_MM,302,11.263141620284475,0.53,0.0,13.333333333333334,10.732323232323232,81.0,0.19333333333333333
efpb__014,efpb,K_MM,302,10.8008658008658,0.43,0.0,10.378787878787879,10.909090909090908,81.0,0.20333333333333334
efpb__015,efpb,K_MM,302,11.286641929499071,0.58,0.0,14.393939393939394,10.48989898989899,79.0,0.2111111111111111
efpb__016,efpb,K_MM,302,9.89764996907854,0.5,0.0,11.409090909090908,9.51010101010101,79.0,0.20555555555555555
efpb__017,efpb,K_MM,302,10.8008658008658,0.43,0.0,10.378787878787879,10.909090909090908,81.0,0.20333333333333334
efpb__018,efpb,K_MM,302,10.8008658008658,0.43,0.0,10.378787878787879,10.909090909090908,81.0,0.20333333333333334
efpb__019,efpb,K_MM,302,9.06895485466914,0.5,0.0,10.5,8.702020202020202,80.0,0.1988888888888889
efpb__020,efpb,K_MM,302,11.143475572047,0.43,0.0,12.333333333333334,10.83838383838384,81.0,0.1922222222222222
efpb__021,efpb,K_MM,302,9.999381570810142,0.58,0.0,12.242424242424242,9.424242424242424,79.0,0.20555555555555555
efpb__022,efpb,K_MM,302,11.286641929499071,0.58,0.0,14.393939393939394,10.48989898989899,79.0,0.2111111111111111
efpb__023,efpb,K_MM,302,10.8008658008658,0.43,0.0,10.378787878787879,10.909090909090908,81.0,0.20333333333333334
efpb__024,efpb,K_MM,302,10.8008658008658,0.43,0.0,10.378787878787879,10.909090909090908,81.0,0.20333333333333334
efpb__025,efpb,K_MM,302,9.859925788497215,0.58,0.0,10.121212121212121,9.792929292929292,80.0,0.2
efpb__026,efpb,K_MM,302,11.18491032776747,0.5,0.0,13.56060606060606,10.575757575757576,79.0,0.2111111111111111
efpb__027,efpb,K_MM,302,11.371675943104513,0.53,0.0,14.318181818181818,10.616161616161616,81.0,0.19333333333333333
efpb__028,efpb,K_MM,302,9.999381570810142,0.58,0.0,12.242424242424242,9.424242424242424,79.0,0.20555555555555555
efpb__029,efpb,K_MM,302,9.89764996907854,0.5,0.0,11.409090909090908,9.51010101010101,79.0,0.20555555555555555
efpb__000,efpb,K_MM,303,12.779141104294478,0.54,0.0,18.62857142857143,11.36036036036036,80.0,0.20555555555555555
efpb__001,efpb,K_MM,303,12.773284997211377,0.54,0.0,19.84285714285714,11.058558558558559,79.0,0.21222222222222223
efpb__002,efpb,K_MM,303,11.641104294478527,0.69,0.0,17.571428571428573,10.202702702702704,79.0,0.20666666666666667
efpb__003,efpb,K_MM,303,11.527049637479086,0.69,0.0,17.6,10.054054054054054,79.0,0.20666666666666667
efpb__004,efpb,K_MM,303,12.556609035136642,0.54,0.0,17.785714285714285,11.288288288288289,80.0,0.20555555555555555
efpb__005,efpb,K_MM,303,12.678471834913552,0.54,0.0,19.357142857142858,11.058558558558559,79.0,0.21222222222222223
efpb__006,efpb,K_MM,303,12.19436698271054,0.4,0.0,13.2,11.95045045045045,79.0,0.2
efpb__007,efpb,K_MM,303,12.662576687116564,0.54,0.0,18.885714285714286,11.153153153153154,79.0,0.21222222222222223
efpb__008,efpb,K_MM,303,11.823759063022866,0.43,0.0,12.842857142857143,11.576576576576576,79.0,0.19444444444444445
efpb__009,efpb,K_MM,303,11.823759063022866,0.43,0.0,12.842857142857143,11.576576576576576,79.0,0.19444444444444445
efpb__010,efpb,K_MM,303,12.865309537088677,0.54,0.0,20.12857142857143,11.103603603603604,79.0,0.21222222222222223
efpb__011,efpb,K_MM,303,11.823759063022866,0.43,0.0,12.842857142857143,11.576576576576576,79.0,0.19444444444444445
efpb__012,efpb,K_MM,303,12.865309537088677,0.54,0.0,20.12857142857143,11.103603603603604,79.0,0.21222222222222223
efpb__013,efpb,K_MM,303,12.678471834913552,0.54,0.0,19.357142857142858,11.058558558558559,79.0,0.21222222222222223
efpb__014,efpb,K_MM,303,12.19436698271054,0.4,0.0,13.2,11.95045045045045,79.0,0.2
efpb__015,efpb,K_MM,303,11.929168990518683,0.69,0.0,19.957142857142856,9.981981981981981,78.0,0.21333333333333335
efpb__016,efpb,K_MM,303,12.678471834913552,0.54,0.0,19.357142857142858,11.058558558558559,79.0,0.21222222222222223
efpb__017,efpb,K_MM,303,11.823759063022866,0.43,0.0,12.842857142857143,11.576576576576576,79.0,0.19444444444444445
efpb__018,efpb,K_MM,303,11.823759063022866,0.43,0.0,12.842857142857143,11.576576576576576,79.0,0.19444444444444445
efpb__019,efpb,K_MM,303,12.662576687116564,0.54,0.0,18.885714285714286,11.153153153153154,79.0,0.21222222222222223
efpb__020,efpb,K_MM,303,12.536530953708867,0.67,0.0,17.571428571428573,11.315315315315315,79.0,0.20666666666666667
efpb__021,efpb,K_MM,303,11.929168990518683,0.69,0.0,19.957142857142856,9.981981981981981,78.0,0.21333333333333335
efpb__022,efpb,K_MM,303,11.929168990518683,0.69,0.0,19.957142857142856,9.981981981981981,78.0,0.21333333333333335
efpb__023,efpb,K_MM,303,12.19436698271054,0.4,0.0,13.2,11.95045045045045,79.0,0.2
efpb__024,efpb,K_MM,303,12.19436698271054,0.4,0.0,13.2,11.95045045045045,79.0,0.2
efpb__025,efpb,K_MM,303,12.516731734523145,0.67,0.0,17.97142857142857,11.193693693693694,79.0,0.20666666666666667
efpb__026,efpb,K_MM,303,12.865309537088677,0.54,0.0,20.12857142857143,11.103603603603604,79.0,0.21222222222222223
efpb__027,efpb,K_MM,303,12.678471834913552,0.54,0.0,19.357142857142858,11.058558558558559,79.0,0.21222222222222223
efpb__028,efpb,K_MM,303,11.929168990518683,0.69,0.0,19.957142857142856,9.981981981981981,78.0,0.21333333333333335
efpb__029,efpb,K_MM,303,12.678471834913552,0.54,0.0,19.357142857142858,11.058558558558559,79.0,0.21222222222222223
efpb__000,efpb,K_MM,304,11.185185185185183,0.47,0.0,14.938775510204081,10.467005076142131,78.0,0.20777777777777778
efpb__001,efpb,K_MM,304,11.251065224516552,0.38,0.0,14.36734693877551,10.654822335025381,78.0,0.20777777777777778
efpb__002,efpb,K_MM,304,11.185185185185183,0.47,0.0,14.938775510204081,10.467005076142131,78.0,0.20777777777777778
efpb__003,efpb,K_MM,304,10.798098983939692,0.54,0.0,12.448979591836734,10.48223350253807,80.0,0.21222222222222223
efpb__004,efpb,K_MM,304,11.251065224516552,0.38,0.0,14.36734693877551,10.654822335025381,78.0,0.20777777777777778
efpb__005,efpb,K_MM,304,11.185185185185183,0.47,0.0,14.938775510204081,10.467005076142131,78.0,0.20777777777777778
efpb__006,efpb,K_MM,304,10.195345788266142,0.36,0.0,9.83673469387755,10.263959390862944,80.0,0.20777777777777778
efpb__007,efpb,K_MM,304,11.251065224516552,0.38,0.0,14.36734693877551,10.654822335025381,78.0,0.20777777777777778
efpb__008,efpb,K_MM,304,10.195345788266142,0.36,0.0,9.83673469387755,10.263959390862944,80.0,0.20777777777777778
efpb__009,efpb,K_MM,304,10.195345788266142,0.36,0.0,9.83673469387755,10.263959390862944,80.0,0.20777777777777778
efpb__010,efpb,K_MM,304,11.185185185185183,0.47,0.0,14.938775510204081,10.467005076142131,78.0,0.20777777777777778
efpb__011,efpb,K_MM,304,10.195345788266142,0.36,0.0,9.83673469387755,10.263959390862944,80.0,0.20777777777777778
efpb__012,efpb,K_MM,304,11.185185185185183,0.47,0.0,14.938775510204081,10.467005076142131,78.0,0.20777777777777778
efpb__013,efpb,K_MM,304,11.185185185185183,0.47,0.0,14.938775510204081,10.467005076142131,78.0,0.20777777777777778
efpb__014,efpb,K_MM,304,10.195345788266142,0.36,0.0,9.83673469387755,10.263959390862944,80.0,0.20777777777777778
efpb__015,efpb,K_MM,304,11.185185185185183,0.47,0.0,14.938775510204081,10.467005076142131,78.0,0.20777777777777778
efpb__016,efpb,K_MM,304,11.185185185185183,0.47,0.0,14.938775510204081,10.467005076142131,78.0,0.20777777777777778
efpb__017,efpb,K_MM,304,10.195345788266142,0.36,0.0,9.83673469387755,10.263959390862944,80.0,0.20777777777777778
efpb__018,efpb,K_MM,304,10.195345788266142,0.36,0.0,9.83673469387755,10.263959390862944,80.0,0.20777777777777778
efpb__019,efpb,K_MM,304,11.251065224516552,0.38,0.0,14.36734693877551,10.654822335025381,78.0,0.20777777777777778
efpb__020,efpb,K_MM,304,11.251065224516552,0.38,0.0,14.36734693877551,10.654822335025381,78.0,0.20777777777777778
efpb__021,efpb,K_MM,304,11.185185185185183,0.47,0.0,14.938775510204081,10.467005076142131,78.0,0.20777777777777778
efpb__022,efpb,K_MM,304,11.185185185185183,0.47,0.0,14.938775510204081,10.467005076142131,78.0,0.20777777777777778
efpb__023,efpb,K_MM,304,10.195345788266142,0.36,0.0,9.83673469387755,10.263959390862944,80.0,0.20777777777777778
efpb__024,efpb,K_MM,304,10.195345788266142,0.36,0.0,9.83673469387755,10.263959390862944,80.0,0.20777777777777778
efpb__025,efpb,K_MM,304,10.798098983939692,0.54,0.0,12.448979591836734,10.48223350253807,80.0,0.21222222222222223
efpb__026,efpb,K_MM,304,11.185185185185183,0.47,0.0,14.938775510204081,10.467005076142131,78.0,0.20777777777777778
efpb__027,efpb,K_MM,304,11.185185185185183,0.47,0.0,14.938775510204081,10.467005076142131,78.0,0.20777777777777778
efpb__028,efpb,K_MM,304,11.185185185185183,0.47,0.0,14.938775510204081,10.467005076142131,78.0,0.20777777777777778
efpb__029,efpb,K_MM,304,11.185185185185183,0.47,0.0,14.938775510204081,10.467005076142131,78.0,0.20777777777777778
efpb__000,efpb,K_MM,305,10.002059732234809,0.52,0.0,10.159420289855072,9.953216374269006,80.0,0.1922222222222222
efpb__001,efpb,K_MM,305,9.694816340542397,0.61,0.0,9.710144927536232,9.690058479532164,80.0,0.19777777777777777
efpb__002,efpb,K_MM,305,9.83865430827326,0.55,0.0,10.26086956521739,9.707602339181287,80.0,0.1922222222222222
efpb__003,efpb,K_MM,305,9.595949193271542,0.55,0.0,9.405797101449275,9.654970760233919,80.0,0.18666666666666668
efpb__004,efpb,K_MM,305,9.68039821489873,0.47,0.0,8.971014492753623,9.900584795321638,80.0,0.19777777777777777
efpb__005,efpb,K_MM,305,10.255750085822177,0.52,0.0,10.420289855072463,10.2046783625731,80.0,0.1922222222222222
efpb__006,efpb,K_MM,305,10.118091314795743,0.38,0.0,8.840579710144928,10.514619883040936,81.0,0.18555555555555556
efpb__007,efpb,K_MM,305,9.68039821489873,0.47,0.0,8.971014492753623,9.900584795321638,80.0,0.19777777777777777
efpb__008,efpb,K_MM,305,10.85684860968074,0.43,0.0,10.18840579710145,11.064327485380117,82.0,0.19444444444444445
efpb__009,efpb,K_MM,305,10.85684860968074,0.43,0.0,10.18840579710145,11.064327485380117,82.0,0.19444444444444445
efpb__010,efpb,K_MM,305,10.197047717130106,0.55,0.0,12.18840579710145,9.578947368421053,80.0,0.1922222222222222
efpb__011,efpb,K_MM,305,10.85684860968074,0.43,0.0,10.18840579710145,11.064327485380117,82.0,0.19444444444444445
efpb__012,efpb,K_MM,305,9.738757294884998,0.55,0.0,10.347826086956522,9.549707602339181,80.0,0.1922222222222222
efpb__013,efpb,K_MM,305,10.255750085822177,0.52,0.0,10.420289855072463,10.2046783625731,80.0,0.1922222222222222
efpb__014,efpb,K_MM,305,10.118091314795743,0.38,0.0,8.840579710144928,10.514619883040936,81.0,0.18555555555555556
efpb__015,efpb,K_MM,305,10.197047717130106,0.55,0.0,12.18840579710145,9.578947368421053,80.0,0.1922222222222222
efpb__016,efpb,K_MM,305,10.255750085822177,0.52,0.0,10.420289855072463,10.2046783625731,80.0,0.1922222222222222
efpb__017,efpb,K_MM,305,10.85684860968074,0.43,0.0,10.18840579710145,11.064327485380117,82.0,0.19444444444444445
efpb__018,efpb,K_MM,305,10.85684860968074,0.43,0.0,10.18840579710145,11.064327485380117,82.0,0.19444444444444445
efpb__019,efpb,K_MM,305,9.694816340542397,0.61,0.0,9.710144927536232,9.690058479532164,80.0,0.19777777777777777
efpb__020,efpb,K_MM,305,9.694816340542397,0.61,0.0,9.710144927536232,9.690058479532164,80.0,0.19777777777777777
efpb__021,efpb,K_MM,305,9.83865430827326,0.55,0.0,10.26086956521739,9.707602339181287,80.0,0.1922222222222222
efpb__022,efpb,K_MM,305,9.738757294884998,0.55,0.0,10.347826086956522,9.549707602339181,80.0,0.1922222222222222
efpb__023,efpb,K_MM,305,10.118091314795743,0.38,0.0,8.840579710144928,10.514619883040936,81.0,0.18555555555555556
efpb__024,efpb,K_MM,305,10.118091314795743,0.38,0.0,8.840579710144928,10.514619883040936,81.0,0.18555555555555556
efpb__025,efpb,K_MM,305,9.595949193271542,0.55,0.0,9.405797101449275,9.654970760233919,80.0,0.18666666666666668
efpb__026,efpb,K_MM,305,10.002059732234809,0.52,0.0,10.159420289855072,9.953216374269006,80.0,0.1922222222222222
efpb__027,efpb,K_MM,305,10.255750085822177,0.52,0.0,10.420289855072463,10.2046783625731,80.0,0.1922222222222222
efpb__028,efpb,K_MM,305,9.83865430827326,0.55,0.0,10.26086956521739,9.707602339181287,80.0,0.1922222222222222
efpb__029,efpb,K_MM,305,10.255750085822177,0.52,0.0,10.420289855072463,10.2046783625731,80.0,0.1922222222222222
equal_bargaining__000,equal_bargaining,K_MM,301,12.316123449668302,0.36,0.0,12.46774193548387,12.28310502283105,80.0,0.19555555555555557
equal_bargaining__001,equal_bargaining,K_MM,301,12.316123449668302,0.36,0.0,12.46774193548387,12.28310502283105,80.0,0.19555555555555557
equal_bargaining__002,equal_bargaining,K_MM,301,12.316123449668302,0.36,0.0,12.46774193548387,12.28310502283105,80.0,0.19555555555555557
equal_bargaining__003,equal_bargaining,K_MM,301,12.316123449668302,0.36,0.0,12.46774193548387,12.28310502283105,80.0,0.19555555555555557
equal_bargaining__004,equal_bargaining,K_MM,301,12.316123449668302,0.36,0.0,12.46774193548387,12.28310502283105,80.0,0.19555555555555557
equal_bargaining__005,equal_bargaining,K_MM,301,12.316123449668302,0.36,0.0,12.46774193548387,12.28310502283105,80.0,0.19555555555555557
equal_bargaining__006,equal_bargaining,K_MM,301,12.316123449668302,0.36,0.0,12.46774193548387,12.28310502283105,80.0,0.19555555555555557
equal_bargaining__007,equal_bargaining,K_MM,301,12.316123449668302,0.36,0.0,12.46774193548387,12.28310502283105,80.0,0.19555555555555557
equal_bargaining__008,equal_bargaining,K_MM,301,12.316123449668302,0.36,0.0,12.46774193548387,12.28310502283105,80.0,0.19555555555555557
equal_bargaining__000,equal_bargaining,K_MM,302,10.335497835497835,0.58,0.0,6.03030303030303,11.43939393939394,82.0,0.17444444444444446
equal_bargaining__001,equal_bargaining,K_MM,302,10.335497835497835,0.58,0.0,6.03030303030303,11.43939393939394,82.0,0.17444444444444446
equal_bargaining__002,equal_bargaining,K_MM,302,10.335497835497835,0.58,0.0,6.03030303030303,11.43939393939394,82.0,0.17444444444444446
equal_bargaining__003,equal_bargaining,K_MM,302,10.335497835497835,0.58,0.0,6.03030303030303,11.43939393939394,82.0,0.17444444444444446
equal_bargaining__004,equal_bargaining,K_MM,302,10.335497835497835,0.58,0.0,6.03030303030303,11.43939393939394,82.0,0.17444444444444446
equal_bargaining__005,equal_bargaining,K_MM,302,10.335497835497835,0.58,0.0,6.03030303030303,11.43939393939394,82.0,0.17444444444444446
equal_bargaining__006,equal_bargaining,K_MM,302,10.335497835497835,0.58,0.0,6.03030303030303,11.43939393939394,82.0,0.17444444444444446
equal_bargaining__007,equal_bargaining,K_MM,302,10.335497835497835,0.58,0.0,6.03030303030303,11.43939393939394,82.0,0.17444444444444446
equal_bargaining__008,equal_bargaining,K_MM,302,10.335497835497835,0.58,0.0,6.03030303030303,11.43939393939394,82.0,0.17444444444444446
equal_bargaining__000,equal_bargaining,K_MM,303,11.254880089235916,0.52,0.0,10.485714285714286,11.441441441441441,81.0,0.18777777777777777
equal_bargaining__001,equal_bargaining,K_MM,303,11.254880089235916,0.52,0.0,10.485714285714286,11.441441441441441,81.0,0.18777777777777777
equal_bargaining__002,equal_bargaining,K_MM,303,11.254880089235916,0.52,0.0,10.485714285714286,11.441441441441441,81.0,0.18777777777777777
equal_bargaining__003,equal_bargaining,K_MM,303,11.254880089235916,0.52,0.0,10.485714285714286,11.441441441441441,81.0,0.18777777777777777
equal_bargaining__004,equal_bargaining,K_MM,303,11.254880089235916,0.52,0.0,10.485714285714286,11.441441441441441,81.0,0.18777777777777777
equal_bargaining__005,equal_bargaining,K_MM,303,11.254880089235916,0.52,0.0,10.485714285714286,11.441441441441441,81.0,0.18777777777777777
equal_bargaining__006,equal_bargaining,K_MM,303,11.254880089235916,0.52,0.0,10.485714285714286,11.441441441441441,81.0,0.18777777777777777
equal_bargaining__007,equal_bargaining,K_MM,303,11.254880089235916,0.52,0.0,10.485714285714286,11.441441441441441,81.0,0.18777777777777777
equal_bargaining__008,equal_bargaining,K_MM,303,11.254880089235916,0.52,0.0,10.485714285714286,11.441441441441441,81.0,0.18777777777777777
equal_bargaining__000,equal_bargaining,K_MM,304,9.628974106850213,0.4,0.0,9.122448979591837,9.725888324873097,80.0,0.1988888888888889
equal_bargaining__001,equal_bargaining,K_MM,304,9.628974106850213,0.4,0.0,9.122448979591837,9.725888324873097,80.0,0.1988888888888889
equal_bargaining__002,equal_bargaining,K_MM,304,9.628974106850213,0.4,0.0,9.122448979591837,9.725888324873097,80.0,0.1988888888888889
equal_bargaining__003,equal_bargaining,K_MM,304,9.628974106850213,0.4,0.0,9.122448979591837,9.725888324873097,80.0,0.1988888888888889
equal_bargaining__004,equal_bargaining,K_MM,304,9.628974106850213,0.4,0.0,9.122448979591837,9.725888324873097,80.0,0.1988888888888889
equal_bargaining__005,equal_bargaining,K_MM,304,9.628974106850213,0.4,0.0,9.122448979591837,9.725888324873097,80.0,0.1988888888888889
equal_bargaining__006,equal_bargaining,K_MM,304,9.628974106850213,0.4,0.0,9.122448979591837,9.725888324873097,80.0,0.1988888888888889
equal_bargaining__007,equal_bargaining,K_MM,304,9.628974106850213,0.4,0.0,9.122448979591837,9.725888324873097,80.0,0.1988888888888889
equal_bargaining__008,equal_bargaining,K_MM,304,9.628974106850213,0.4,0.0,9.122448979591837,9.725888324873097,80.0,0.1988888888888889
equal_bargaining__000,equal_bargaining,K_MM,305,9.964641263302436,0.49,0.0,6.2898550724637685,11.105263157894736,82.0,0.1688888888888889
equal_bargaining__001,equal_bargaining,K_MM,305,9.964641263302436,0.49,0.0,6.2898550724637685,11.105263157894736,82.0,0.1688888888888889
equal_bargaining__002,equal_bargaining,K_MM,305,9.964641263302436,0.49,0.0,6.2898550724637685,11.105263157894736,82.0,0.1688888888888889
equal_bargaining__003,equal_bargaining,K_MM,305,9.964641263302436,0.49,0.0,6.2898550724637685,11.105263157894736,82.0,0.1688888888888889
equal_bargaining__004,equal_bargaining,K_MM,305,9.964641263302436,0.49,0.0,6.2898550724637685,11.105263157894736,82.0,0.1688888888888889
equal_bargaining__005,equal_bargaining,K_MM,305,9.964641263302436,0.49,0.0,6.2898550724637685,11.105263157894736,82.0,0.1688888888888889
equal_bargaining__006,equal_bargaining,K_MM,305,9.964641263302436,0.49,0.0,6.2898550724637685,11.105263157894736,82.0,0.1688888888888889
equal_bargaining__007,equal_bargaining,K_MM,305,9.964641263302436,0.49,0.0,6.2898550724637685,11.105263157894736,82.0,0.1688888888888889
equal_bargaining__008,equal_bargaining,K_MM,305,9.964641263302436,0.49,0.0,6.2898550724637685,11.105263157894736,82.0,0.1688888888888889
fixed_time__000,fixed_time,K_MM,301,13.434381309489472,0.35,0.0,15.387096774193548,13.009132420091325,68.0,0.15555555555555556
fixed_time__001,fixed_time,K_MM,301,16.30227862705509,0.4,0.0,16.725806451612904,16.210045662100455,61.0,0.14
fixed_time__002,fixed_time,K_MM,301,17.231900778771276,0.5,0.0,18.758064516129032,16.899543378995435,50.0,0.11666666666666667
fixed_time__003,fixed_time,K_MM,301,20.04124603403519,0.59,0.0,27.129032258064516,18.49771689497717,40.0,0.09333333333333334
fixed_time__004,fixed_time,K_MM,301,24.63657340640323,0.72,0.0,31.14516129032258,23.21917808219178,34.0,0.07777777777777778
fixed_time__005,fixed_time,K_MM,301,28.900778771271998,0.95,0.0,36.58064516129032,27.228310502283104,25.0,0.057777777777777775
fixed_time__006,fixed_time,K_MM,301,11.317565618690512,0.29,0.0,8.64516129032258,11.899543378995434,82.0,0.18666666666666668
fixed_time__007,fixed_time,K_MM,301,11.744736083068938,0.32,0.0,7.112903225806452,12.753424657534246,76.0,0.17444444444444446
fixed_time__008,fixed_time,K_MM,301,13.90020190366311,0.35,0.0,11.387096774193548,14.447488584474886,68.0,0.15555555555555556
fixed_time__009,fixed_time,K_MM,301,16.883761176809923,0.38,0.0,12.596774193548388,17.817351598173516,61.0,0.14
fixed_time__010,fixed_time,K_MM,301,18.699451975771563,0.45,0.0,12.580645161290322,20.031963470319635,50.0,0.11666666666666667
fixed_time__011,fixed_time,K_MM,301,21.76492644937987,0.55,0.0,20.161290322580644,22.114155251141554,40.0,0.09333333333333334
fixed_time__012,fixed_time,K_MM,301,24.80011537352178,0.65,0.0,19.29032258064516,26.0,33.0,0.07777777777777778
fixed_time__013,fixed_time,K_MM,301,32.954139025093745,0.84,0.0,28.822580645161292,33.853881278538815,25.0,0.057777777777777775
fixed_time__000,fixed_time,K_MM,302,13.636672850958565,0.34,0.0,16.257575757575758,12.964646464646465,68.0,0.15555555555555556
fixed_time__001,fixed_time,K_MM,302,13.454545454545455,0.4,0.0,15.030303030303031,13.05050505050505,61.0,0.14
fixed_time__002,fixed_time,K_MM,302,16.85034013605442,0.5,0.0,23.71212121212121,15.090909090909092,50.0,0.11666666666666667
fixed_time__003,fixed_time,K_MM,302,19.56864564007421,0.61,0.0,24.87878787878788,18.207070707070706,40.0,0.09333333333333334
fixed_time__004,fixed_time,K_MM,302,24.76839826839827,0.73,0.0,30.227272727272727,23.36868686868687,34.0,0.07777777777777778
fixed_time__005,fixed_time,K_MM,302,28.428571428571423,0.94,0.0,43.65151515151515,24.525252525252526,25.0,0.057777777777777775
fixed_time__006,fixed_time,K_MM,302,11.95578231292517,0.29,0.0,11.409090909090908,12.095959595959595,82.0,0.18666666666666668
fixed_time__007,fixed_time,K_MM,302,12.653679653679655,0.32,0.0,9.727272727272727,13.404040404040405,76.0,0.17444444444444446
fixed_time__008,fixed_time,K_MM,302,13.605132962275817,0.35,0.0,13.030303030303031,13.752525252525253,68.0,0.15555555555555556
fixed_time__009,fixed_time,K_MM,302,13.64656771799629,0.38,0.0,11.106060606060606,14.297979797979798,61.0,0.14
fixed_time__010,fixed_time,K_MM,302,17.938157081014225,0.45,0.0,14.545454545454545,18.80808080808081,50.0,0.11666666666666667
fixed_time__011,fixed_time,K_MM,302,21.4721706864564,0.55,0.0,18.803030303030305,22.156565656565657,40.0,0.09333333333333334
fixed_time__012,fixed_time,K_MM,302,24.43382807668522,0.65,0.0,20.0,25.57070707070707,33.0,0.07777777777777778
fixed_time__013,fixed_time,K_MM,302,30.78076685219542,0.85,0.0,33.13636363636363,30.17676767676768,25.0,0.057777777777777775
fixed_time__000,fixed_time,K_MM,303,12.720580033463468,0.33,0.0,13.314285714285715,12.576576576576576,68.0,0.15555555555555556
fixed_time__001,fixed_time,K_MM,303,15.253764640267708,0.4,0.0,19.642857142857142,14.18918918918919,61.0,0.14
fixed_time__002,fixed_time,K_MM,303,17.12214166201896,0.48,0.0,20.114285714285714,16.396396396396398,50.0,0.11666666666666667
fixed_time__003,fixed_time,K_MM,303,19.08951477969883,0.58,0.0,23.6,17.995495495495497,40.0,0.09333333333333334
fixed_time__004,fixed_time,K_MM,303,24.3845510317903,0.73,0.0,35.75714285714286,21.626126126126128,34.0,0.07777777777777778
fixed_time__005,fixed_time,K_MM,303,27.42219743446737,0.95,0.0,31.057142857142857,26.54054054054054,25.0,0.057777777777777775
fixed_time__006,fixed_time,K_MM,303,11.787228109313997,0.29,0.0,9.628571428571428,12.31081081081081,82.0,0.18666666666666668
fixed_time__007,fixed_time,K_MM,303,13.834355828220858,0.32,0.0,10.514285714285714,14.63963963963964,76.0,0.17444444444444446
fixed_time__008,fixed_time,K_MM,303,13.299776910206358,0.35,0.0,11.285714285714286,13.788288288288289,68.0,0.15555555555555556
fixed_time__009,fixed_time,K_MM,303,15.397099832682652,0.38,0.0,14.842857142857143,15.531531531531531,61.0,0.14
fixed_time__010,fixed_time,K_MM,303,17.653653095370885,0.45,0.0,13.32857142857143,18.7027027027027,50.0,0.11666666666666667
fixed_time__011,fixed_time,K_MM,303,20.60708310094813,0.55,0.0,17.557142857142857,21.346846846846848,40.0,0.09333333333333334
fixed_time__012,fixed_time,K_MM,303,25.649470161740098,0.65,0.0,21.4,26.68018018018018,33.0,0.07777777777777778
fixed_time__013,fixed_time,K_MM,303,31.044617958728388,0.85,0.0,24.17142857142857,32.711711711711715,25.0,0.057777777777777775
fixed_time__000,fixed_time,K_MM,304,13.867912159947558,0.34,0.0,15.591836734693878,13.538071065989847,68.0,0.15555555555555556
fixed_time__001,fixed_time,K_MM,304,15.398230088495573,0.4,0.0,17.346938775510203,15.025380710659899,61.0,0.14
fixed_time__002,fixed_time,K_MM,304,18.307767944936085,0.49,0.0,21.163265306122447,17.761421319796955,50.0,0.11666666666666667
fixed_time__003,fixed_time,K_MM,304,19.826941986234022,0.61,0.0,26.775510204081634,18.497461928934012,40.0,0.09333333333333334
fixed_time__004,fixed_time,K_MM,304,22.418879056047196,0.71,0.0,23.918367346938776,22.131979695431472,34.0,0.07777777777777778
fixed_time__005,fixed_time,K_MM,304,32.10488364470665,0.91,0.0,36.63265306122449,31.238578680203045,25.0,0.057777777777777775
fixed_time__006,fixed_time,K_MM,304,11.65027859718125,0.29,0.0,10.061224489795919,11.954314720812183,82.0,0.18666666666666668
fixed_time__007,fixed_time,K_MM,304,13.942641756801047,0.32,0.0,9.0,14.888324873096447,76.0,0.17444444444444446
fixed_time__008,fixed_time,K_MM,304,14.29564077351688,0.35,0.0,12.816326530612244,14.578680203045685,68.0,0.15555555555555556
fixed_time__009,fixed_time,K_MM,304,15.307440183546381,0.38,0.0,9.857142857142858,16.3502538071066,61.0,0.14
fixed_time__010,fixed_time,K_MM,304,19.922320550639135,0.45,0.0,14.183673469387756,21.02030456852792,50.0,0.11666666666666667
fixed_time__011,fixed_time,K_MM,304,20.522451655195017,0.55,0.0,14.551020408163266,21.66497461928934,40.0,0.09333333333333334
fixed_time__012,fixed_time,K_MM,304,25.013438216978038,0.65,0.0,16.408163265306122,26.65989847715736,33.0,0.07777777777777778
fixed_time__013,fixed_time,K_MM,304,33.830547361520814,0.85,0.0,23.102040816326532,35.88324873096447,25.0,0.057777777777777775
fixed_time__000,fixed_time,K_MM,305,13.939237899073122,0.35,0.0,17.492753623188406,12.836257309941521,68.0,0.15555555555555556
fixed_time__001,fixed_time,K_MM,305,14.027806385169928,0.4,0.0,15.681159420289855,13.514619883040936,61.0,0.14
fixed_time__002,fixed_time,K_MM,305,17.703398558187434,0.5,0.0,25.0,15.43859649122807,50.0,0.11666666666666667
fixed_time__003,fixed_time,K_MM,305,19.250944043940954,0.61,0.0,25.768115942028984,17.228070175438596,40.0,0.09333333333333334
fixed_time__004,fixed_time,K_MM,305,19.771026433230347,0.73,0.0,27.869565217391305,17.257309941520468,34.0,0.07777777777777778
fixed_time__005,fixed_time,K_MM,305,31.384826639203567,0.96,0.0,40.405797101449274,28.584795321637426,25.0,0.057777777777777775
fixed_time__006,fixed_time,K_MM,305,12.154823206316513,0.29,0.0,11.579710144927537,12.333333333333334,82.0,0.18666666666666668
fixed_time__007,fixed_time,K_MM,305,13.783728115345005,0.32,0.0,10.26086956521739,14.87719298245614,76.0,0.17444444444444446
fixed_time__008,fixed_time,K_MM,305,14.065568142808099,0.35,0.0,13.956521739130435,14.099415204678362,68.0,0.15555555555555556
fixed_time__009,fixed_time,K_MM,305,14.815310676278749,0.38,0.0,13.202898550724637,15.31578947368421,61.0,0.14
fixed_time__010,fixed_time,K_MM,305,18.268795056642634,0.45,0.0,16.47826086956522,18.82456140350877,50.0,0.11666666666666667
fixed_time__011,fixed_time,K_MM,305,20.45520082389289,0.55,0.0,18.492753623188406,21.064327485380115,40.0,0.09333333333333334
fixed_time__012,fixed_time,K_MM,305,21.809131479574322,0.65,0.0,20.28985507246377,22.280701754385966,33.0,0.07777777777777778
fixed_time__013,fixed_time,K_MM,305,33.870580157912805,0.85,0.0,27.782608695652176,35.760233918128655,25.0,0.057777777777777775
efficiency__000,efficiency,K_OO,301,64.15197383433483,3.37,207.0,30.837370242214533,73.53865652724969,83.0,0.16777777777777778
efficiency__001,efficiency,K_OO,301,61.97839811363809,2.99,132.0,54.42560553633218,64.10646387832699,83.0,0.1711111111111111
efficiency__002,efficiency,K_OO,301,60.61177454932683,2.52,126.0,69.88581314878893,57.99873257287706,82.0,0.17444444444444446
efficiency__003,efficiency,K_OO,301,58.99528409523085,3.03,168.0,32.951557093425606,66.33333333333333,80.0,0.15888888888888889
efficiency__004,efficiency,K_OO,301,58.19015745036891,2.58,117.0,55.04152249134948,59.07731305449936,81.0,0.16333333333333333
efficiency__005,efficiency,K_OO,301,59.26789381607971,2.12,129.0,68.97231833910034,56.53358681875792,80.0,0.16555555555555557
efficiency__006,efficiency,K_OO,301,58.99528409523085,3.03,168.0,32.951557093425606,66.33333333333333,80.0,0.15888888888888889
efficiency__007,efficiency,K_OO,301,58.19015745036891,2.58,117.0,55.04152249134948,59.07731305449936,81.0,0.16333333333333333
efficiency__008,efficiency,K_OO,301,59.26789381607971,2.12,129.0,68.97231833910034,56.53358681875792,80.0,0.16555555555555557
efficiency__009,efficiency,K_OO,301,64.15197383433483,3.37,207.0,30.837370242214533,73.53865652724969,83.0,0.16777777777777778
efficiency__010,efficiency,K_OO,301,61.97839811363809,2.99,132.0,54.42560553633218,64.10646387832699,83.0,0.1711111111111111
efficiency__011,efficiency,K_OO,301,60.61177454932683,2.52,126.0,69.88581314878893,57.99873257287706,82.0,0.17444444444444446
efficiency__012,efficiency,K_OO,301,58.99528409523085,3.03,168.0,32.951557093425606,66.33333333333333,80.0,0.15888888888888889
efficiency__013,efficiency,K_OO,301,58.19015745036891,2.58,117.0,55.04152249134948,59.07731305449936,81.0,0.16333333333333333
efficiency__014,efficiency,K_OO,301,59.26789381607971,2.12,129.0,68.97231833910034,56.53358681875792,80.0,0.16555555555555557
efficiency__015,efficiency,K_OO,301,58.99528409523085,3.03,168.0,32.951557093425606,66.33333333333333,80.0,0.15888888888888889
efficiency__016,efficiency,K_OO,301,58.19015745036891,2.58,117.0,55.04152249134948,59.07731305449936,81.0,0.16333333333333333
efficiency__017,efficiency,K_OO,301,59.26789381607971,2.12,129.0,68.97231833910034,56.53358681875792,80.0,0.16555555555555557
efficiency__018,efficiency,K_OO,301,64.15197383433483,3.37,207.0,30.837370242214533,73.53865652724969,83.0,0.16777777777777778
efficiency__019,efficiency,K_OO,301,61.97839811363809,2.99,132.0,54.42560553633218,64.10646387832699,83.0,0.1711111111111111
efficiency__020,efficiency,K_OO,301,60.61177454932683,2.52,126.0,69.88581314878893,57.99873257287706,82.0,0.17444444444444446
efficiency__021,efficiency,K_OO,301,58.99528409523085,3.03,168.0,32.951557093425606,66.33333333333333,80.0,0.15888888888888889
efficiency__022,efficiency,K_OO,301,58.19015745036891,2.58,117.0,55.04152249134948,59.07731305449936,81.0,0.16333333333333333
efficiency__023,efficiency,K_OO,301,59.26789381607971,2.12,129.0,68.97231833910034,56.53358681875792,80.0,0.16555555555555557
efficiency__024,efficiency,K_OO,301,58.99528409523085,3.03,168.0,32.951557093425606,66.33333333333333,80.0,0.15888888888888889
efficiency__025,efficiency,K_OO,301,58.19015745036891,2.58,117.0,55.04152249134948,59.07731305449936,81.0,0.16333333333333333
efficiency__026,efficiency,K_OO,301,59.26789381607971,2.12,129.0,68.97231833910034,56.53358681875792,80.0,0.16555555555555557
efficiency__000,efficiency,K_OO,302,64.36277433662156,3.05,205.0,33.05576208178439,72.47058823529412,82.0,0.17444444444444446
efficiency__001,efficiency,K_OO,302,62.964517855777316,2.51,129.0,56.29368029739777,64.69211514392991,83.0,0.17888888888888888
efficiency__002,efficiency,K_OO,302,62.2863041982106,2.24,125.0,73.59851301115242,59.356695869837296,83.0,0.18444444444444444
efficiency__003,efficiency,K_OO,302,60.45522673396038,2.89,165.0,34.03345724907063,67.29787234042553,79.0,0.16111111111111112
efficiency__004,efficiency,K_OO,302,60.086717136958015,2.25,120.0,57.48327137546468,60.76095118898623,80.0,0.17
efficiency__005,efficiency,K_OO,302,63.04725854553797,2.1,137.0,75.28252788104089,59.87859824780976,82.0,0.18
efficiency__006,efficiency,K_OO,302,60.45522673396038,2.89,165.0,34.03345724907063,67.29787234042553,79.0,0.16111111111111112
efficiency__007,efficiency,K_OO,302,60.086717136958015,2.25,120.0,57.48327137546468,60.76095118898623,80.0,0.17
efficiency__008,efficiency,K_OO,302,63.04725854553797,2.1,137.0,75.28252788104089,59.87859824780976,82.0,0.18
efficiency__009,efficiency,K_OO,302,64.36277433662156,3.05,205.0,33.05576208178439,72.47058823529412,82.0,0.17444444444444446
efficiency__010,efficiency,K_OO,302,62.964517855777316,2.51,129.0,56.29368029739777,64.69211514392991,83.0,0.17888888888888888
efficiency__011,efficiency,K_OO,302,62.2863041982106,2.24,125.0,73.59851301115242,59.356695869837296,83.0,0.18444444444444444
efficiency__012,efficiency,K_OO,302,60.45522673396038,2.89,165.0,34.03345724907063,67.29787234042553,79.0,0.16111111111111112
efficiency__013,efficiency,K_OO,302,60.086717136958015,2.25,120.0,57.48327137546468,60.76095118898623,80.0,0.17
efficiency__014,efficiency,K_OO,302,63.04725854553797,2.1,137.0,75.28252788104089,59.87859824780976,82.0,0.18
efficiency__015,efficiency,K_OO,302,60.45522673396038,2.89,165.0,34.03345724907063,67.29787234042553,79.0,0.16111111111111112
efficiency__016,efficiency,K_OO,302,60.086717136958015,2.25,120.0,57.48327137546468,60.76095118898623,80.0,0.17
efficiency__017,efficiency,K_OO,302,63.04725854553797,2.1,137.0,75.28252788104089,59.87859824780976,82.0,0.18
efficiency__018,efficiency,K_OO,302,64.36277433662156,3.05,205.0,33.05576208178439,72.47058823529412,82.0,0.17444444444444446
efficiency__019,efficiency,K_OO,302,62.964517855777316,2.51,129.0,56.29368029739777,64.69211514392991,83.0,0.17888888888888888
efficiency__020,efficiency,K_OO,302,62.2863041982106,2.24,125.0,73.59851301115242,59.356695869837296,83.0,0.18444444444444444
efficiency__021,efficiency,K_OO,302,60.45522673396038,2.89,165.0,34.03345724907063,67.29787234042553,79.0,0.16111111111111112
efficiency__022,efficiency,K_OO,302,60.086717136958015,2.25,120.0,57.48327137546468,60.76095118898623,80.0,0.17
efficiency__023,efficiency,K_OO,302,63.04725854553797,2.1,137.0,75.28252788104089,59.87859824780976,82.0,0.18
efficiency__024,efficiency,K_OO,302,60.45522673396038,2.89,165.0,34.03345724907063,67.29787234042553,79.0,0.16111111111111112
efficiency__025,efficiency,K_OO,302,60.086717136958015,2.25,120.0,57.48327137546468,60.76095118898623,80.0,0.17
efficiency__026,efficiency,K_OO,302,63.04725854553797,2.1,137.0,75.28252788104089,59.87859824780976,82.0,0.18
efficiency__000,efficiency,K_OO,303,63.28616473121588,2.44,227.0,34.1764705882353,70.98609355246523,82.0,0.17555555555555555
efficiency__001,efficiency,K_OO,303,55.787126047835116,1.5,101.0,59.26470588235294,54.86725663716814,82.0,0.1811111111111111
efficiency__002,efficiency,K_OO,303,52.685534107513654,1.16,38.0,72.20588235294117,47.52212389380531,81.0,0.1811111111111111
efficiency__003,efficiency,K_OO,303,60.49380912097209,1.92,223.0,33.841911764705884,67.54361567635904,79.0,0.15666666666666668
efficiency__004,efficiency,K_OO,303,52.836729985388,1.34,55.0,58.1985294117647,51.418457648546145,79.0,0.16777777777777778
efficiency__005,efficiency,K_OO,303,52.67615165730986,1.18,39.0,72.27573529411765,47.49178255372946,81.0,0.1811111111111111
efficiency__006,efficiency,K_OO,303,60.49380912097209,1.92,223.0,33.841911764705884,67.54361567635904,79.0,0.15666666666666668
efficiency__007,efficiency,K_OO,303,52.836729985388,1.34,55.0,58.1985294117647,51.418457648546145,79.0,0.16777777777777778
efficiency__008,efficiency,K_OO,303,52.67615165730986,1.18,39.0,72.27573529411765,47.49178255372946,81.0,0.1811111111111111
efficiency__009,efficiency,K_OO,303,63.28616473121588,2.44,227.0,34.1764705882353,70.98609355246523,82.0,0.17555555555555555
efficiency__010,efficiency,K_OO,303,55.787126047835116,1.5,101.0,59.26470588235294,54.86725663716814,82.0,0.1811111111111111
efficiency__011,efficiency,K_OO,303,52.685534107513654,1.16,38.0,72.20588235294117,47.52212389380531,81.0,0.1811111111111111
efficiency__012,efficiency,K_OO,303,60.49380912097209,1.92,223.0,33.841911764705884,67.54361567635904,79.0,0.15666666666666668
efficiency__013,efficiency,K_OO,303,52.836729985388,1.34,55.0,58.1985294117647,51.418457648546145,79.0,0.16777777777777778
efficiency__014,efficiency,K_OO,303,52.67615165730986,1.18,39.0,72.27573529411765,47.49178255372946,81.0,0.1811111111111111
efficiency__015,efficiency,K_OO,303,60.49380912097209,1.92,223.0,33.841911764705884,67.54361567635904,79.0,0.15666666666666668
efficiency__016,efficiency,K_OO,303,52.836729985388,1.34,55.0,58.1985294117647,51.418457648546145,79.0,0.16777777777777778
efficiency__017,efficiency,K_OO,303,52.67615165730986,1.18,39.0,72.27573529411765,47.49178255372946,81.0,0.1811111111111111
efficiency__018,efficiency,K_OO,303,63.28616473121588,2.44,227.0,34.1764705882353,70.98609355246523,82.0,0.17555555555555555
efficiency__019,efficiency,K_OO,303,55.787126047835116,1.5,101.0,59.26470588235294,54.86725663716814,82.0,0.1811111111111111
efficiency__020,efficiency,K_OO,303,52.685534107513654,1.16,38.0,72.20588235294117,47.52212389380531,81.0,0.1811111111111111
efficiency__021,efficiency,K_OO,303,60.49380912097209,1.92,223.0,33.841911764705884,67.54361567635904,79.0,0.15666666666666668
efficiency__022,efficiency,K_OO,303,52.836729985388,1.34,55.0,58.1985294117647,51.418457648546145,79.0,0.16777777777777778
efficiency__023,efficiency,K_OO,303,52.67615165730986,1.18,39.0,72.27573529411765,47.49178255372946,81.0,0.1811111111111111
efficiency__024,efficiency,K_OO,303,60.49380912097209,1.92,223.0,33.841911764705884,67.54361567635904,79.0,0.15666666666666668
efficiency__025,efficiency,K_OO,303,52.836729985388,1.34,55.0,58.1985294117647,51.418457648546145,79.0,0.16777777777777778
efficiency__026,efficiency,K_OO,303,52.67615165730986,1.18,39.0,72.27573529411765,47.49178255372946,81.0,0.1811111111111111
efficiency__000,efficiency,K_OO,304,55.26568521658702,2.15,180.0,34.73076923076923,60.41228070175438,82.0,0.17888888888888888
efficiency__001,efficiency,K_OO,304,52.188607985201166,1.53,77.0,59.996153846153845,50.23182957393484,82.0,0.18555555555555556
efficiency__002,efficiency,K_OO,304,50.47209804223832,1.3,51.0,73.13076923076923,44.79323308270677,82.0,0.18666666666666668
efficiency__003,efficiency,K_OO,304,51.62293818406043,1.91,114.0,35.238461538461536,55.72932330827068,78.0,0.16
efficiency__004,efficiency,K_OO,304,48.308308925543386,1.28,35.0,59.33846153846154,45.54385964912281,79.0,0.17222222222222222
efficiency__005,efficiency,K_OO,304,50.58000616617851,1.2,44.0,72.66923076923077,45.04385964912281,82.0,0.18666666666666668
efficiency__006,efficiency,K_OO,304,51.62293818406043,1.91,114.0,35.238461538461536,55.72932330827068,78.0,0.16
efficiency__007,efficiency,K_OO,304,48.308308925543386,1.28,35.0,59.33846153846154,45.54385964912281,79.0,0.17222222222222222
efficiency__008,efficiency,K_OO,304,50.58000616617851,1.2,44.0,72.66923076923077,45.04385964912281,82.0,0.18666666666666668
efficiency__009,efficiency,K_OO,304,55.26568521658702,2.15,180.0,34.73076923076923,60.41228070175438,82.0,0.17888888888888888
efficiency__010,efficiency,K_OO,304,52.188607985201166,1.53,77.0,59.996153846153845,50.23182957393484,82.0,0.18555555555555556
efficiency__011,efficiency,K_OO,304,50.47209804223832,1.3,51.0,73.13076923076923,44.79323308270677,82.0,0.18666666666666668
efficiency__012,efficiency,K_OO,304,51.62293818406043,1.91,114.0,35.238461538461536,55.72932330827068,78.0,0.16
efficiency__013,efficiency,K_OO,304,48.308308925543386,1.28,35.0,59.33846153846154,45.54385964912281,79.0,0.17222222222222222
efficiency__014,efficiency,K_OO,304,50.58000616617851,1.2,44.0,72.66923076923077,45.04385964912281,82.0,0.18666666666666668
efficiency__015,efficiency,K_OO,304,51.62293818406043,1.91,114.0,35.238461538461536,55.72932330827068,78.0,0.16
efficiency__016,efficiency,K_OO,304,48.308308925543386,1.28,35.0,59.33846153846154,45.54385964912281,79.0,0.17222222222222222
efficiency__017,efficiency,K_OO,304,50.58000616617851,1.2,44.0,72.66923076923077,45.04385964912281,82.0,0.18666666666666668
efficiency__018,efficiency,K_OO,304,55.26568521658702,2.15,180.0,34.73076923076923,60.41228070175438,82.0,0.17888888888888888
efficiency__019,efficiency,K_OO,304,52.188607985201166,1.53,77.0,59.996153846153845,50.23182957393484,82.0,0.18555555555555556
efficiency__020,efficiency,K_OO,304,50.47209804223832,1.3,51.0,73.13076923076923,44.79323308270677,82.0,0.18666666666666668
efficiency__021,efficiency,K_OO,304,51.62293818406043,1.91,114.0,35.238461538461536,55.72932330827068,78.0,0.16
efficiency__022,efficiency,K_OO,304,48.308308925543386,1.28,35.0,59.33846153846154,45.54385964912281,79.0,0.17222222222222222
efficiency__023,efficiency,K_OO,304,50.58000616617851,1.2,44.0,72.66923076923077,45.04385964912281,82.0,0.18666666666666668
efficiency__024,efficiency,K_OO,304,51.62293818406043,1.91,114.0,35.238461538461536,55.72932330827068,78.0,0.16
efficiency__025,efficiency,K_OO,304,48.308308925543386,1.28,35.0,59.33846153846154,45.54385964912281,79.0,0.17222222222222222
efficiency__026,efficiency,K_OO,304,50.58000616617851,1.2,44.0,72.66923076923077,45.04385964912281,82.0,0.18666666666666668
efficiency__000,efficiency,K_OO,305,46.36030498716252,1.96,108.0,33.81481481481482,49.69654289372599,83.0,0.17666666666666667
efficiency__001,efficiency,K_OO,305,43.15202676417957,1.56,39.0,49.992592592592594,41.33290653008963,82.0,0.18
efficiency__002,efficiency,K_OO,305,42.74185015171555,1.31,19.0,56.72592592592593,39.023047375160054,82.0,0.1811111111111111
efficiency__003,efficiency,K_OO,305,41.819575196452185,1.85,68.0,34.077777777777776,43.87836107554418,79.0,0.16111111111111112
efficiency__004,efficiency,K_OO,305,42.68902201820586,1.53,33.0,50.03703703703704,40.73495518565941,82.0,0.17555555555555555
efficiency__005,efficiency,K_OO,305,42.11203610052127,1.21,12.0,55.05185185185185,38.67093469910371,82.0,0.1811111111111111
efficiency__006,efficiency,K_OO,305,41.819575196452185,1.85,68.0,34.077777777777776,43.87836107554418,79.0,0.16111111111111112
efficiency__007,efficiency,K_OO,305,42.68902201820586,1.53,33.0,50.03703703703704,40.73495518565941,82.0,0.17555555555555555
efficiency__008,efficiency,K_OO,305,42.11203610052127,1.21,12.0,55.05185185185185,38.67093469910371,82.0,0.1811111111111111
efficiency__009,efficiency,K_OO,305,46.36030498716252,1.96,108.0,33.81481481481482,49.69654289372599,83.0,0.17666666666666667
efficiency__010,efficiency,K_OO,305,43.15202676417957,1.56,39.0,49.992592592592594,41.33290653008963,82.0,0.18
efficiency__011,efficiency,K_OO,305,42.74185015171555,1.31,19.0,56.72592592592593,39.023047375160054,82.0,0.1811111111111111
efficiency__012,efficiency,K_OO,305,41.819575196452185,1.85,68.0,34.077777777777776,43.87836107554418,79.0,0.16111111111111112
efficiency__013,efficiency,K_OO,305,42.68902201820586,1.53,33.0,50.03703703703704,40.73495518565941,82.0,0.17555555555555555
efficiency__014,efficiency,K_OO,305,42.11203610052127,1.21,12.0,55.05185185185185,38.67093469910371,82.0,0.1811111111111111
efficiency__015,efficiency,K_OO,305,41.819575196452185,1.85,68.0,34.077777777777776,43.87836107554418,79.0,0.16111111111111112
efficiency__016,efficiency,K_OO,305,42.68902201820586,1.53,33.0,50.03703703703704,40.73495518565941,82.0,0.17555555555555555
efficiency__017,efficiency,K_OO,305,42.11203610052127,1.21,12.0,55.05185185185185,38.67093469910371,82.0,0.1811111111111111
efficiency__018,efficiency,K_OO,305,46.36030498716252,1.96,108.0,33.81481481481482,49.69654289372599,83.0,0.17666666666666667
efficiency__019,efficiency,K_OO,305,43.15202676417957,1.56,39.0,49.992592592592594,41.33290653008963,82.0,0.18
efficiency__020,efficiency,K_OO,305,42.74185015171555,1.31,19.0,56.72592592592593,39.023047375160054,82.0,0.1811111111111111
efficiency__021,efficiency,K_OO,305,41.819575196452185,1.85,68.0,34.077777777777776,43.87836107554418,79.0,0.16111111111111112
efficiency__022,efficiency,K_OO,305,42.68902201820586,1.53,33.0,50.03703703703704,40.73495518565941,82.0,0.17555555555555555
efficiency__023,efficiency,K_OO,305,42.11203610052127,1.21,12.0,55.05185185185185,38.67093469910371,82.0,0.1811111111111111
efficiency__024,efficiency,K_OO,305,41.819575196452185,1.85,68.0,34.077777777777776,43.87836107554418,79.0,0.16111111111111112
efficiency__025,efficiency,K_OO,305,42.68902201820586,1.53,33.0,50.03703703703704,40.73495518565941,82.0,0.17555555555555555
efficiency__026,efficiency,K_OO,305,42.11203610052127,1.21,12.0,55.05185185185185,38.67093469910371,82.0,0.1811111111111111
efpb__000,efpb,K_OO,301,70.49615881950255,3.82,216.0,216.01730103806227,29.494296577946766,78.0,0.2111111111111111
efpb__001,efpb,K_OO,301,62.10542329048452,2.78,139.0,64.26989619377163,61.49556400506971,72.0,0.15666666666666668
efpb__002,efpb,K_OO,301,62.10542329048452,2.78,139.0,64.26989619377163,61.49556400506971,72.0,0.15666666666666668
efpb__003,efpb,K_OO,301,68.496387008443,2.42,206.0,123.19377162629758,53.08491761723701,67.0,0.18333333333333332
efpb__004,efpb,K_OO,301,70.49615881950255,3.82,216.0,216.01730103806227,29.494296577946766,78.0,0.2111111111111111
efpb__005,efpb,K_OO,301,61.552673613752184,2.59,194.0,43.4878892733564,66.6425855513308,79.0,0.16555555555555557
efpb__006,efpb,K_OO,301,106.08496234882482,8.67,257.0,437.64359861591697,12.665399239543726,74.0,0.2788888888888889
efpb__007,efpb,K_OO,301,61.552673613752184,2.59,194.0,43.4878892733564,66.6425855513308,79.0,0.16555555555555557
efpb__008,efpb,K_OO,301,67.21251996653228,3.92,223.0,13.906574394463668,82.2319391634981,83.0,0.15888888888888889
efpb__009,efpb,K_OO,301,67.21251996653228,3.92,223.0,13.906574394463668,82.2319391634981,83.0,0.15888888888888889
efpb__010,efpb,K_OO,301,66.9486574884004,2.3,176.0,71.10726643598616,65.77693282636248,74.0,0.1711111111111111
efpb__011,efpb,K_OO,301,67.21251996653228,3.92,223.0,13.906574394463668,82.2319391634981,83.0,0.15888888888888889
efpb__012,efpb,K_OO,301,66.9486574884004,2.3,176.0,71.10726643598616,65.77693282636248,74.0,0.1711111111111111
efpb__013,efpb,K_OO,301,70.49615881950255,3.82,216.0,216.01730103806227,29.494296577946766,78.0,0.2111111111111111
efpb__014,efpb,K_OO,301,106.08496234882482,8.67,257.0,437.64359861591697,12.665399239543726,74.0,0.2788888888888889
efpb__015,efpb,K_OO,301,68.496387008443,2.42,206.0,123.19377162629758,53.08491761723701,67.0,0.18333333333333332
efpb__016,efpb,K_OO,301,70.49615881950255,3.82,216.0,216.01730103806227,29.494296577946766,78.0,0.2111111111111111
efpb__017,efpb,K_OO,301,67.21251996653228,3.92,223.0,13.906574394463668,82.2319391634981,83.0,0.15888888888888889
efpb__018,efpb,K_OO,301,67.21251996653228,3.92,223.0,13.906574394463668,82.2319391634981,83.0,0.15888888888888889
efpb__019,efpb,K_OO,301,66.9486574884004,2.3,176.0,71.10726643598616,65.77693282636248,74.0,0.1711111111111111
efpb__020,efpb,K_OO,301,66.9486574884004,2.3,176.0,71.10726643598616,65.77693282636248,74.0,0.1711111111111111
efpb__021,efpb,K_OO,301,66.9486574884004,2.3,176.0,71.10726643598616,65.77693282636248,74.0,0.1711111111111111
efpb__022,efpb,K_OO,301,68.496387008443,2.42,206.0,123.19377162629758,53.08491761723701,67.0,0.18333333333333332
efpb__023,efpb,K_OO,301,106.08496234882482,8.67,257.0,437.64359861591697,12.665399239543726,74.0,0.2788888888888889
efpb__024,efpb,K_OO,301,68.33269947516544,3.54,207.0,13.204152249134948,83.86565272496831,84.0,0.16
efpb__025,efpb,K_OO,301,62.10542329048452,2.78,139.0,64.26989619377163,61.49556400506971,72.0,0.15666666666666668
efpb__026,efpb,K_OO,301,70.49615881950255,3.82,216.0,216.01730103806227,29.494296577946766,78.0,0.2111111111111111
efpb__027,efpb,K_OO,301,70.49615881950255,3.82,216.0,216.01730103806227,29.494296577946766,78.0,0.2111111111111111
efpb__028,efpb,K_OO,301,62.10542329048452,2.78,139.0,64.26989619377163,61.49556400506971,72.0,0.15666666666666668
efpb__029,efpb,K_OO,301,63.082452270479955,2.01,294.0,113.13494809688581,48.97972116603295,78.0,0.18444444444444444
efpb__000,efpb,K_OO,302,66.99395885906553,4.21,206.0,210.80669144981414,29.749687108886107,77.0,0.21333333333333335
efpb__001,efpb,K_OO,302,59.228722183987145,2.49,114.0,59.30483271375465,59.2090112640801,72.0,0.17222222222222222
efpb__002,efpb,K_OO,302,59.228722183987145,2.49,114.0,59.30483271375465,59.2090112640801,72.0,0.17222222222222222
efpb__003,efpb,K_OO,302,63.129540414468146,2.35,116.0,67.45724907063197,62.00876095118899,73.0,0.18
efpb__004,efpb,K_OO,302,66.99395885906553,4.21,206.0,210.80669144981414,29.749687108886107,77.0,0.21333333333333335
efpb__005,efpb,K_OO,302,62.73969564884912,2.3,132.0,39.83271375464684,68.6720901126408,81.0,0.17444444444444446
efpb__006,efpb,K_OO,302,102.43603272921924,8.81,240.0,452.4907063197026,11.779724655819775,73.0,0.2677777777777778
efpb__007,efpb,K_OO,302,62.73969564884912,2.3,132.0,39.83271375464684,68.6720901126408,81.0,0.17444444444444446
efpb__008,efpb,K_OO,302,98.620019882236,4.51,442.0,237.2193308550186,62.72590738423029,60.0,0.18222222222222223
efpb__009,efpb,K_OO,302,98.620019882236,4.51,442.0,237.2193308550186,62.72590738423029,60.0,0.18222222222222223
efpb__010,efpb,K_OO,302,66.06094670031352,2.16,109.0,66.4460966542751,65.96120150187734,76.0,0.18777777777777777
efpb__011,efpb,K_OO,302,98.620019882236,4.51,442.0,237.2193308550186,62.72590738423029,60.0,0.18222222222222223
efpb__012,efpb,K_OO,302,66.06094670031352,2.16,109.0,66.4460966542751,65.96120150187734,76.0,0.18777777777777777
efpb__013,efpb,K_OO,302,66.99395885906553,4.21,206.0,210.80669144981414,29.749687108886107,77.0,0.21333333333333335
efpb__014,efpb,K_OO,302,102.43603272921924,8.81,240.0,452.4907063197026,11.779724655819775,73.0,0.2677777777777778
efpb__015,efpb,K_OO,302,63.129540414468146,2.35,116.0,67.45724907063197,62.00876095118899,73.0,0.18
efpb__016,efpb,K_OO,302,66.99395885906553,4.21,206.0,210.80669144981414,29.749687108886107,77.0,0.21333333333333335
efpb__017,efpb,K_OO,302,98.620019882236,4.51,442.0,237.2193308550186,62.72590738423029,60.0,0.18222222222222223
efpb__018,efpb,K_OO,302,98.620019882236,4.51,442.0,237.2193308550186,62.72590738423029,60.0,0.18222222222222223
efpb__019,efpb,K_OO,302,66.06094670031352,2.16,109.0,66.4460966542751,65.96120150187734,76.0,0.18777777777777777
efpb__020,efpb,K_OO,302,66.06094670031352,2.16,109.0,66.4460966542751,65.96120150187734,76.0,0.18777777777777777
efpb__021,efpb,K_OO,302,66.06094670031352,2.16,109.0,66.4460966542751,65.96120150187734,76.0,0.18777777777777777
efpb__022,efpb,K_OO,302,63.129540414468146,2.35,116.0,67.45724907063197,62.00876095118899,73.0,0.18
efpb__023,efpb,K_OO,302,102.43603272921924,8.81,240.0,452.4907063197026,11.779724655819775,73.0,0.2677777777777778
efpb__024,efpb,K_OO,302,102.43603272921924,8.81,240.0,452.4907063197026,11.779724655819775,73.0,0.2677777777777778
efpb__025,efpb,K_OO,302,59.228722183987145,2.49,114.0,59.30483271375465,59.2090112640801,72.0,0.17222222222222222
efpb__026,efpb,K_OO,302,66.99395885906553,4.21,206.0,210.80669144981414,29.749687108886107,77.0,0.21333333333333335
efpb__027,efpb,K_OO,302,66.99395885906553,4.21,206.0,210.80669144981414,29.749687108886107,77.0,0.21333333333333335
efpb__028,efpb,K_OO,302,59.228722183987145,2.49,114.0,59.30483271375465,59.2090112640801,72.0,0.17222222222222222
efpb__029,efpb,K_OO,302,60.58438479773649,2.69,164.0,38.319702602230485,66.35043804755945,79.0,0.16555555555555557
efpb__000,efpb,K_OO,303,55.74359763131585,3.15,163.0,144.47426470588235,32.27307206068268,79.0,0.20444444444444446
efpb__001,efpb,K_OO,303,57.408751826501586,1.77,119.0,62.18014705882353,56.146649810366625,69.0,0.15444444444444444
efpb__002,efpb,K_OO,303,57.408751826501586,1.77,119.0,62.18014705882353,56.146649810366625,69.0,0.15444444444444444
efpb__003,efpb,K_OO,303,65.9413212335615,1.7,155.0,68.59191176470588,65.24020227560051,72.0,0.16777777777777778
efpb__004,efpb,K_OO,303,55.74359763131585,3.15,163.0,144.47426470588235,32.27307206068268,79.0,0.20444444444444446
efpb__005,efpb,K_OO,303,55.42167192186419,3.0,174.0,144.80882352941177,31.777496839443742,78.0,0.2
efpb__006,efpb,K_OO,303,108.36299315542567,8.68,251.0,472.5882352941176,12.02022756005057,74.0,0.2733333333333333
efpb__007,efpb,K_OO,303,55.42167192186419,3.0,174.0,144.80882352941177,31.777496839443742,78.0,0.2
efpb__008,efpb,K_OO,303,71.66277012997,2.87,280.0,13.106617647058824,87.15170670037926,83.0,0.16333333333333333
efpb__009,efpb,K_OO,303,71.66277012997,2.87,280.0,13.106617647058824,87.15170670037926,83.0,0.16333333333333333
efpb__010,efpb,K_OO,303,63.129508574944246,1.55,97.0,67.64338235294117,61.93552465233881,74.0,0.17666666666666667
efpb__011,efpb,K_OO,303,71.66277012997,2.87,280.0,13.106617647058824,87.15170670037926,83.0,0.16333333333333333
efpb__012,efpb,K_OO,303,63.129508574944246,1.55,97.0,67.64338235294117,61.93552465233881,74.0,0.17666666666666667
efpb__013,efpb,K_OO,303,55.74359763131585,3.15,163.0,144.47426470588235,32.27307206068268,79.0,0.20444444444444446
efpb__014,efpb,K_OO,303,108.36299315542567,8.68,251.0,472.5882352941176,12.02022756005057,74.0,0.2733333333333333
efpb__015,efpb,K_OO,303,65.9413212335615,1.7,155.0,68.59191176470588,65.24020227560051,72.0,0.16777777777777778
efpb__016,efpb,K_OO,303,55.74359763131585,3.15,163.0,144.47426470588235,32.27307206068268,79.0,0.20444444444444446
efpb__017,efpb,K_OO,303,71.66277012997,2.87,280.0,13.106617647058824,87.15170670037926,83.0,0.16333333333333333
efpb__018,efpb,K_OO,303,71.66277012997,2.87,280.0,13.106617647058824,87.15170670037926,83.0,0.16333333333333333
efpb__019,efpb,K_OO,303,63.129508574944246,1.55,97.0,67.64338235294117,61.93552465233881,74.0,0.17666666666666667
efpb__020,efpb,K_OO,303,63.129508574944246,1.55,97.0,67.64338235294117,61.93552465233881,74.0,0.17666666666666667
efpb__021,efpb,K_OO,303,63.129508574944246,1.55,97.0,67.64338235294117,61.93552465233881,74.0,0.17666666666666667
efpb__022,efpb,K_OO,303,65.9413212335615,1.7,155.0,68.59191176470588,65.24020227560051,72.0,0.16777777777777778
efpb__023,efpb,K_OO,303,108.36299315542567,8.68,251.0,472.5882352941176,12.02022756005057,74.0,0.2733333333333333
efpb__024,efpb,K_OO,303,67.2007998154272,1.38,214.0,90.38970588235294,61.067003792667506,76.0,0.17444444444444446
efpb__025,efpb,K_OO,303,57.408751826501586,1.77,119.0,62.18014705882353,56.146649810366625,69.0,0.15444444444444444
efpb__026,efpb,K_OO,303,55.74359763131585,3.15,163.0,144.47426470588235,32.27307206068268,79.0,0.20444444444444446
efpb__027,efpb,K_OO,303,55.74359763131585,3.15,163.0,144.47426470588235,32.27307206068268,79.0,0.20444444444444446
efpb__028,efpb,K_OO,303,57.408751826501586,1.77,119.0,62.18014705882353,56.146649810366625,69.0,0.15444444444444444
efpb__029,efpb,K_OO,303,47.94893486118589,1.28,106.0,70.63970588235294,41.94690265486726,76.0,0.16777777777777778
efpb__000,efpb,K_OO,304,52.30406967781717,2.73,153.0,128.6423076923077,33.17167919799499,77.0,0.2011111111111111
efpb__001,efpb,K_OO,304,44.374672421766604,1.21,11.0,48.88461538461539,43.244360902255636,58.0,0.15
efpb__002,efpb,K_OO,304,44.374672421766604,1.21,11.0,48.88461538461539,43.244360902255636,58.0,0.15
efpb__003,efpb,K_OO,304,58.2232927393248,1.61,58.0,61.46923076923077,57.409774436090224,70.0,0.17444444444444446
efpb__004,efpb,K_OO,304,52.30406967781717,2.73,153.0,128.6423076923077,33.17167919799499,77.0,0.2011111111111111
efpb__005,efpb,K_OO,304,52.21034376445198,2.73,153.0,129.9346153846154,32.730576441102755,77.0,0.2011111111111111
efpb__006,efpb,K_OO,304,70.21396639432712,2.3,237.0,15.557692307692308,83.91228070175438,83.0,0.16
efpb__007,efpb,K_OO,304,52.21034376445198,2.73,153.0,129.9346153846154,32.730576441102755,77.0,0.2011111111111111
efpb__008,efpb,K_OO,304,78.8926314166795,3.09,284.0,12.36923076923077,95.56516290726817,84.0,0.16666666666666666
efpb__009,efpb,K_OO,304,78.8926314166795,3.09,284.0,12.36923076923077,95.56516290726817,84.0,0.16666666666666666
efpb__010,efpb,K_OO,304,59.98304300909511,1.42,67.0,64.06538461538462,58.959899749373434,71.0,0.18
efpb__011,efpb,K_OO,304,78.8926314166795,3.09,284.0,12.36923076923077,95.56516290726817,84.0,0.16666666666666666
efpb__012,efpb,K_OO,304,59.98304300909511,1.42,67.0,64.06538461538462,58.959899749373434,71.0,0.18
efpb__013,efpb,K_OO,304,52.30406967781717,2.73,153.0,128.6423076923077,33.17167919799499,77.0,0.2011111111111111
efpb__014,efpb,K_OO,304,70.21396639432712,2.3,237.0,15.557692307692308,83.91228070175438,83.0,0.16
efpb__015,efpb,K_OO,304,58.2232927393248,1.61,58.0,61.46923076923077,57.409774436090224,70.0,0.17444444444444446
efpb__016,efpb,K_OO,304,52.30406967781717,2.73,153.0,128.6423076923077,33.17167919799499,77.0,0.2011111111111111
efpb__017,efpb,K_OO,304,78.8926314166795,3.09,284.0,12.36923076923077,95.56516290726817,84.0,0.16666666666666666
efpb__018,efpb,K_OO,304,78.8926314166795,3.09,284.0,12.36923076923077,95.56516290726817,84.0,0.16666666666666666
efpb__019,efpb,K_OO,304,59.98304300909511,1.42,67.0,64.06538461538462,58.959899749373434,71.0,0.18
efpb__020,efpb,K_OO,304,59.98304300909511,1.42,67.0,64.06538461538462,58.959899749373434,71.0,0.18
efpb__021,efpb,K_OO,304,59.98304300909511,1.42,67.0,64.06538461538462,58.959899749373434,71.0,0.18
efpb__022,efpb,K_OO,304,58.2232927393248,1.61,58.0,61.46923076923077,57.409774436090224,70.0,0.17444444444444446
efpb__023,efpb,K_OO,304,70.21396639432712,2.3,237.0,15.557692307692308,83.91228070175438,83.0,0.16
efpb__024,efpb,K_OO,304,72.98805302913519,2.69,244.0,13.315384615384616,87.94360902255639,82.0,0.16
efpb__025,efpb,K_OO,304,44.374672421766604,1.21,11.0,48.88461538461539,43.244360902255636,58.0,0.15
efpb__026,efpb,K_OO,304,52.30406967781717,2.73,153.0,128.6423076923077,33.17167919799499,77.0,0.2011111111111111
efpb__027,efpb,K_OO,304,52.30406967781717,2.73,153.0,128.6423076923077,33.17167919799499,77.0,0.2011111111111111
efpb__028,efpb,K_OO,304,44.374672421766604,1.21,11.0,48.88461538461539,43.244360902255636,58.0,0.15
efpb__029,efpb,K_OO,304,54.25504855865577,2.02,154.0,36.457692307692305,58.71553884711779,76.0,0.15777777777777777
efpb__000,efpb,K_OO,305,49.35361394227028,2.72,161.0,121.14814814814815,30.261203585147246,76.0,0.2
efpb__001,efpb,K_OO,305,44.27129852952618,1.5,37.0,53.818518518518516,41.732394366197184,63.0,0.16444444444444445
efpb__002,efpb,K_OO,305,44.27129852952618,1.5,37.0,53.818518518518516,41.732394366197184,63.0,0.16444444444444445
efpb__003,efpb,K_OO,305,48.0335330273088,1.61,49.0,68.58888888888889,42.567221510883485,68.0,0.19111111111111112
efpb__004,efpb,K_OO,305,49.35361394227028,2.72,161.0,121.14814814814815,30.261203585147246,76.0,0.2
efpb__005,efpb,K_OO,305,47.3589823387536,1.53,47.0,48.237037037037034,47.12548015364917,76.0,0.17777777777777778
efpb__006,efpb,K_OO,305,84.33408542752665,7.4,212.0,348.97037037037035,13.959026888604354,74.0,0.25666666666666665
efpb__007,efpb,K_OO,305,47.3589823387536,1.53,47.0,48.237037037037034,47.12548015364917,76.0,0.17777777777777778
efpb__008,efpb,K_OO,305,60.190227962343414,2.79,218.0,14.322222222222223,72.38796414852753,82.0,0.15666666666666668
efpb__009,efpb,K_OO,305,60.190227962343414,2.79,218.0,14.322222222222223,72.38796414852753,82.0,0.15666666666666668
efpb__010,efpb,K_OO,305,49.25099198630669,1.46,26.0,60.05555555555556,46.377720870678615,69.0,0.18555555555555556
efpb__011,efpb,K_OO,305,60.190227962343414,2.79,218.0,14.322222222222223,72.38796414852753,82.0,0.15666666666666668
efpb__012,efpb,K_OO,305,49.25099198630669,1.46,26.0,60.05555555555556,46.377720870678615,69.0,0.18555555555555556
efpb__013,efpb,K_OO,305,49.35361394227028,2.72,161.0,121.14814814814815,30.261203585147246,76.0,0.2
efpb__014,efpb,K_OO,305,84.33408542752665,7.4,212.0,348.97037037037035,13.959026888604354,74.0,0.25666666666666665
efpb__015,efpb,K_OO,305,48.0335330273088,1.61,49.0,68.58888888888889,42.567221510883485,68.0,0.19111111111111112
efpb__016,efpb,K_OO,305,49.35361394227028,2.72,161.0,121.14814814814815,30.261203585147246,76.0,0.2
efpb__017,efpb,K_OO,305,60.190227962343414,2.79,218.0,14.322222222222223,72.38796414852753,82.0,0.15666666666666668
efpb__018,efpb,K_OO,305,60.190227962343414,2.79,218.0,14.322222222222223,72.38796414852753,82.0,0.15666666666666668
efpb__019,efpb,K_OO,305,49.25099198630669,1.46,26.0,60.05555555555556,46.377720870678615,69.0,0.18555555555555556
efpb__020,efpb,K_OO,305,49.25099198630669,1.46,26.0,60.05555555555556,46.377720870678615,69.0,0.18555555555555556
efpb__021,efpb,K_OO,305,49.25099198630669,1.46,26.0,60.05555555555556,46.377720870678615,69.0,0.18555555555555556
efpb__022,efpb,K_OO,305,48.0335330273088,1.61,49.0,68.58888888888889,42.567221510883485,68.0,0.19111111111111112
efpb__023,efpb,K_OO,305,84.33408542752665,7.4,212.0,348.97037037037035,13.959026888604354,74.0,0.25666666666666665
efpb__024,efpb,K_OO,305,100.79141056562669,8.42,238.0,433.8037037037037,12.23303457106274,73.0,0.2677777777777778
efpb__025,efpb,K_OO,305,44.27129852952618,1.5,37.0,53.818518518518516,41.732394366197184,63.0,0.16444444444444445
efpb__026,efpb,K_OO,305,49.35361394227028,2.72,161.0,121.14814814814815,30.261203585147246,76.0,0.2
efpb__027,efpb,K_OO,305,49.35361394227028,2.72,161.0,121.14814814814815,30.261203585147246,76.0,0.2
efpb__028,efpb,K_OO,305,44.27129852952618,1.5,37.0,53.818518518518516,41.732394366197184,63.0,0.16444444444444445
efpb__029,efpb,K_OO,305,42.10433361861043,1.53,62.0,37.79259259259259,43.250960307298335,76.0,0.16111111111111112
equal_bargaining__000,equal_bargaining,K_OO,301,106.45394386552064,8.7,252.0,433.93771626297575,14.182509505703422,69.0,0.26666666666666666
equal_bargaining__001,equal_bargaining,K_OO,301,107.22324484673308,8.7,252.0,433.93771626297575,15.168567807351078,70.0,0.27111111111111114
equal_bargaining__002,equal_bargaining,K_OO,301,100.46961283943104,4.52,429.0,198.4083044982699,72.8745247148289,44.0,0.15
equal_bargaining__003,equal_bargaining,K_OO,301,106.45394386552064,8.7,252.0,433.93771626297575,14.182509505703422,69.0,0.26666666666666666
equal_bargaining__004,equal_bargaining,K_OO,301,92.97816992469764,3.96,407.0,172.87543252595157,70.46641318124207,45.0,0.15333333333333332
equal_bargaining__005,equal_bargaining,K_OO,301,94.05301589716287,3.96,412.0,172.87543252595157,71.84410646387833,46.0,0.15888888888888889
equal_bargaining__006,equal_bargaining,K_OO,301,99.28105271164526,4.52,416.0,198.4083044982699,71.3510773130545,43.0,0.14222222222222222
equal_bargaining__007,equal_bargaining,K_OO,301,92.97816992469764,3.96,407.0,172.87543252595157,70.46641318124207,45.0,0.15333333333333332
equal_bargaining__008,equal_bargaining,K_OO,301,94.05301589716287,3.96,412.0,172.87543252595157,71.84410646387833,46.0,0.15888888888888889
equal_bargaining__000,equal_bargaining,K_OO,302,103.55410262292575,8.97,240.0,453.34944237918216,12.964956195244055,71.0,0.28444444444444444
equal_bargaining__001,equal_bargaining,K_OO,302,72.98386480079529,6.12,215.0,246.0631970260223,28.16020025031289,62.0,0.23777777777777778
equal_bargaining__002,equal_bargaining,K_OO,302,75.155004970559,6.12,221.0,246.0631970260223,30.893617021276597,64.0,0.24666666666666667
equal_bargaining__003,equal_bargaining,K_OO,302,77.59807295251204,4.82,298.0,222.728624535316,40.01251564455569,51.0,0.18888888888888888
equal_bargaining__004,equal_bargaining,K_OO,302,75.18681654813794,4.06,298.0,168.20817843866172,51.09637046307885,49.0,0.17444444444444446
equal_bargaining__005,equal_bargaining,K_OO,302,75.15546379138947,6.07,221.0,246.00743494423793,30.90863579474343,64.0,0.24555555555555555
equal_bargaining__006,equal_bargaining,K_OO,302,71.96482373633096,3.42,309.0,143.78810408921933,53.36420525657071,44.0,0.15333333333333332
equal_bargaining__007,equal_bargaining,K_OO,302,75.18681654813794,4.06,298.0,168.20817843866172,51.09637046307885,49.0,0.17444444444444446
equal_bargaining__008,equal_bargaining,K_OO,302,75.15546379138947,6.07,221.0,246.00743494423793,30.90863579474343,64.0,0.24555555555555555
equal_bargaining__000,equal_bargaining,K_OO,303,108.96008613396909,8.99,251.0,478.03308823529414,11.335018963337548,73.0,0.2866666666666667
equal_bargaining__001,equal_bargaining,K_OO,303,94.67630546796894,7.84,220.0,374.4485294117647,20.672566371681416,68.0,0.25555555555555554
equal_bargaining__002,equal_bargaining,K_OO,303,71.63431515804047,3.92,254.0,152.4816176470588,50.24905183312263,54.0,0.19
equal_bargaining__003,equal_bargaining,K_OO,303,94.07444435899409,7.84,230.0,374.4485294117647,19.911504424778762,66.0,0.25
equal_bargaining__004,equal_bargaining,K_OO,303,81.75951703453049,3.5,333.0,162.90808823529412,60.29456384323641,48.0,0.1622222222222222
equal_bargaining__005,equal_bargaining,K_OO,303,71.63431515804047,3.92,254.0,152.4816176470588,50.24905183312263,54.0,0.19
equal_bargaining__006,equal_bargaining,K_OO,303,94.07444435899409,7.84,230.0,374.4485294117647,19.911504424778762,66.0,0.25
equal_bargaining__007,equal_bargaining,K_OO,303,81.75951703453049,3.5,333.0,162.90808823529412,60.29456384323641,48.0,0.1622222222222222
equal_bargaining__008,equal_bargaining,K_OO,303,71.63431515804047,3.92,254.0,152.4816176470588,50.24905183312263,54.0,0.19
equal_bargaining__000,equal_bargaining,K_OO,304,102.63866193926313,8.99,237.0,467.37692307692305,11.225563909774436,72.0,0.2833333333333333
equal_bargaining__001,equal_bargaining,K_OO,304,80.29104362571296,6.77,244.0,277.89230769230767,30.76691729323308,61.0,0.2288888888888889
equal_bargaining__002,equal_bargaining,K_OO,304,82.70024664714043,6.03,248.0,267.21923076923076,36.454887218045116,57.0,0.21
equal_bargaining__003,equal_bargaining,K_OO,304,78.58463080006166,6.77,244.0,277.89230769230767,28.6328320802005,60.0,0.22444444444444445
equal_bargaining__004,equal_bargaining,K_OO,304,72.09280098658857,3.19,305.0,128.52307692307693,57.94987468671679,46.0,0.15666666666666668
equal_bargaining__005,equal_bargaining,K_OO,304,82.70024664714043,6.03,248.0,267.21923076923076,36.454887218045116,57.0,0.21
equal_bargaining__006,equal_bargaining,K_OO,304,70.25389240018498,3.36,304.0,132.47692307692307,54.659147869674186,42.0,0.1388888888888889
equal_bargaining__007,equal_bargaining,K_OO,304,72.09280098658857,3.19,305.0,128.52307692307693,57.94987468671679,46.0,0.15666666666666668
equal_bargaining__008,equal_bargaining,K_OO,304,82.70024664714043,6.03,248.0,267.21923076923076,36.454887218045116,57.0,0.21
equal_bargaining__000,equal_bargaining,K_OO,305,58.468839959542514,4.32,191.0,168.17037037037036,29.295774647887324,59.0,0.21333333333333335
equal_bargaining__001,equal_bargaining,K_OO,305,58.75390959309111,4.69,183.0,166.11851851851853,30.202304737516005,61.0,0.22333333333333333
equal_bargaining__002,equal_bargaining,K_OO,305,61.91916284135999,3.08,233.0,119.02222222222223,46.7336747759283,52.0,0.17888888888888888
equal_bargaining__003,equal_bargaining,K_OO,305,60.05625145880339,5.22,175.0,190.98518518518517,25.238156209987196,61.0,0.22444444444444445
equal_bargaining__004,equal_bargaining,K_OO,305,60.42449233641951,2.98,230.0,114.54074074074074,46.03329065300896,50.0,0.17
equal_bargaining__005,equal_bargaining,K_OO,305,61.91916284135999,3.08,233.0,119.02222222222223,46.7336747759283,52.0,0.17888888888888888
equal_bargaining__006,equal_bargaining,K_OO,305,57.741850151715546,2.57,218.0,99.65185185185184,46.596670934699105,46.0,0.15222222222222223
equal_bargaining__007,equal_bargaining,K_OO,305,60.42449233641951,2.98,230.0,114.54074074074074,46.03329065300896,50.0,0.17
equal_bargaining__008,equal_bargaining,K_OO,305,61.91916284135999,3.08,233.0,119.02222222222223,46.7336747759283,52.0,0.17888888888888888
fixed_time__000,fixed_time,K_OO,301,60.49684338632388,3.26,222.0,179.60207612456747,26.93789607097592,68.0,0.15555555555555556
fixed_time__001,fixed_time,K_OO,301,65.94515859131361,3.91,238.0,217.73356401384083,23.17743979721166,61.0,0.14
fixed_time__002,fixed_time,K_OO,301,76.68753327755381,4.95,256.0,271.5951557093426,21.770595690747783,50.0,0.11666666666666667
fixed_time__003,fixed_time,K_OO,301,71.99467559138967,4.33,249.0,241.29065743944636,24.29404309252218,40.0,0.09333333333333334
fixed_time__004,fixed_time,K_OO,301,73.38883395451434,4.37,249.0,242.76124567474048,25.666666666666668,34.0,0.07777777777777778
fixed_time__005,fixed_time,K_OO,301,75.5803605385259,4.04,243.0,224.1038062283737,33.73257287705957,25.0,0.057777777777777775
fixed_time__006,fixed_time,K_OO,301,64.82680459420399,1.79,265.0,93.5363321799308,56.73764258555133,82.0,0.18666666666666668
fixed_time__007,fixed_time,K_OO,301,67.35262797596411,2.44,259.0,28.02076124567474,78.43472750316857,76.0,0.17444444444444446
fixed_time__008,fixed_time,K_OO,301,70.08975431657412,2.45,253.0,42.15916955017301,77.9594423320659,68.0,0.15555555555555556
fixed_time__009,fixed_time,K_OO,301,56.42975583783373,1.64,131.0,60.51903114186851,55.27756653992395,61.0,0.14
fixed_time__010,fixed_time,K_OO,301,55.69148855252149,1.79,154.0,39.40138408304498,60.28136882129277,50.0,0.11666666666666667
fixed_time__011,fixed_time,K_OO,301,51.94941811820186,1.6,86.0,43.155709342560556,54.42712294043093,40.0,0.09333333333333334
fixed_time__012,fixed_time,K_OO,301,44.64798052787708,1.35,39.0,43.69550173010381,44.91634980988593,33.0,0.07777777777777778
fixed_time__013,fixed_time,K_OO,301,54.66174792728379,1.43,93.0,42.6159169550173,58.055766793409376,25.0,0.057777777777777775
fixed_time__000,fixed_time,K_OO,302,55.92918865183146,2.95,208.0,163.82156133828997,27.987484355444305,68.0,0.15555555555555556
fixed_time__001,fixed_time,K_OO,302,64.08281715989907,3.73,234.0,204.78810408921933,27.643304130162704,61.0,0.14
fixed_time__002,fixed_time,K_OO,302,72.33080981876577,4.82,240.0,262.6542750929368,23.041301627033793,50.0,0.11666666666666667
fixed_time__003,fixed_time,K_OO,302,66.1257169075476,4.18,235.0,227.1635687732342,24.42052565707134,40.0,0.09333333333333334
fixed_time__004,fixed_time,K_OO,302,68.8980653054982,4.28,237.0,228.6171003717472,27.53441802252816,34.0,0.07777777777777778
fixed_time__005,fixed_time,K_OO,302,71.9440238586832,3.98,238.0,214.50557620817844,35.02377972465582,25.0,0.057777777777777775
fixed_time__006,fixed_time,K_OO,302,63.43465626672784,1.6,237.0,71.35687732342008,61.38297872340426,82.0,0.18666666666666668
fixed_time__007,fixed_time,K_OO,302,71.27804542326221,2.27,313.0,17.345724907063197,85.24530663329162,76.0,0.17444444444444446
fixed_time__008,fixed_time,K_OO,302,73.83788330656878,2.32,316.0,22.613382899628252,87.10387984981226,68.0,0.15555555555555556
fixed_time__009,fixed_time,K_OO,302,54.03204098799419,1.49,133.0,33.98884758364312,59.22277847309137,61.0,0.14
fixed_time__010,fixed_time,K_OO,302,57.53444979735412,1.72,192.0,23.144981412639407,66.44055068836045,50.0,0.11666666666666667
fixed_time__011,fixed_time,K_OO,302,50.00519996941195,1.43,85.0,25.83271375464684,56.26533166458073,40.0,0.09333333333333334
fixed_time__012,fixed_time,K_OO,302,45.56236139787413,1.35,36.0,31.360594795539033,49.24030037546934,33.0,0.07777777777777778
fixed_time__013,fixed_time,K_OO,302,55.93240039764472,1.56,97.0,35.36431226765799,61.259073842302875,25.0,0.057777777777777775
fixed_time__000,fixed_time,K_OO,303,59.220333769130214,3.42,223.0,194.7610294117647,23.367888748419723,68.0,0.15555555555555556
fixed_time__001,fixed_time,K_OO,303,66.66615396446974,4.26,241.0,235.20220588235293,22.085967130214918,61.0,0.14
fixed_time__002,fixed_time,K_OO,303,79.07275244174421,5.26,251.0,295.12867647058823,21.922882427307208,50.0,0.11666666666666667
fixed_time__003,fixed_time,K_OO,303,74.86395447204492,4.61,251.0,265.9227941176471,24.326169405815424,40.0,0.09333333333333334
fixed_time__004,fixed_time,K_OO,303,76.8255787126048,4.67,250.0,261.8272058823529,27.89001264222503,34.0,0.07777777777777778
fixed_time__005,fixed_time,K_OO,303,77.94578174267477,4.33,246.0,244.66176470588235,33.847029077117575,25.0,0.057777777777777775
fixed_time__006,fixed_time,K_OO,303,54.07421364300546,1.66,174.0,106.61764705882354,40.175726927939316,82.0,0.18666666666666668
fixed_time__007,fixed_time,K_OO,303,61.746520033838344,1.68,196.0,26.386029411764707,71.09987357774969,76.0,0.17444444444444446
fixed_time__008,fixed_time,K_OO,303,65.40490656002463,1.67,205.0,39.86029411764706,72.16182048040456,68.0,0.15555555555555556
fixed_time__009,fixed_time,K_OO,303,43.042221025917094,1.0,0.0,58.95955882352941,38.83185840707964,61.0,0.14
fixed_time__010,fixed_time,K_OO,303,44.40929016380836,1.08,6.0,39.6764705882353,45.661188369152974,50.0,0.11666666666666667
fixed_time__011,fixed_time,K_OO,303,39.94139813889103,0.98,0.0,37.349264705882355,40.62705436156764,40.0,0.09333333333333334
fixed_time__012,fixed_time,K_OO,303,40.943243866799975,1.04,2.0,40.18382352941177,41.144121365360306,33.0,0.07777777777777778
fixed_time__013,fixed_time,K_OO,303,46.097362147196804,1.18,19.0,37.9485294117647,48.25284450063211,25.0,0.057777777777777775
fixed_time__000,fixed_time,K_OO,304,56.20094034222291,2.99,231.0,183.80769230769232,24.219298245614034,68.0,0.15555555555555556
fixed_time__001,fixed_time,K_OO,304,63.189609989209195,3.72,235.0,222.69615384615383,23.213032581453636,61.0,0.14
fixed_time__002,fixed_time,K_OO,304,73.98404501310311,4.78,237.0,281.9653846153846,21.858395989974937,50.0,0.11666666666666667
fixed_time__003,fixed_time,K_OO,304,69.2989825805457,4.05,237.0,245.47692307692307,25.144110275689222,40.0,0.09333333333333334
fixed_time__004,fixed_time,K_OO,304,71.13426853707415,4.1,237.0,244.35,27.721804511278197,34.0,0.07777777777777778
fixed_time__005,fixed_time,K_OO,304,72.11854478187144,3.8,237.0,229.16153846153847,32.7593984962406,25.0,0.057777777777777775
fixed_time__006,fixed_time,K_OO,304,50.7417912748574,1.39,101.0,85.46153846153847,42.040100250626566,82.0,0.18666666666666668
fixed_time__007,fixed_time,K_OO,304,58.49799599198396,1.68,152.0,17.3,68.82330827067669,76.0,0.17444444444444446
fixed_time__008,fixed_time,K_OO,304,60.37891166949283,1.62,159.0,21.98076923076923,70.00250626566417,68.0,0.15555555555555556
fixed_time__009,fixed_time,K_OO,304,38.81231694157545,1.16,8.0,33.33846153846154,40.18421052631579,61.0,0.14
fixed_time__010,fixed_time,K_OO,304,43.458609526745796,1.31,23.0,25.93846153846154,47.849624060150376,50.0,0.11666666666666667
fixed_time__011,fixed_time,K_OO,304,38.901649452751656,1.14,7.0,30.16923076923077,41.090225563909776,40.0,0.09333333333333334
fixed_time__012,fixed_time,K_OO,304,39.66170803144751,1.11,5.0,32.62692307692308,41.42481203007519,33.0,0.07777777777777778
fixed_time__013,fixed_time,K_OO,304,46.28248805302914,1.26,29.0,35.58461538461538,48.96365914786968,25.0,0.057777777777777775
fixed_time__000,fixed_time,K_OO,305,52.70676106745506,2.9,205.0,157.73703703703703,24.775928297055057,68.0,0.15555555555555556
fixed_time__001,fixed_time,K_OO,305,59.4693845794756,3.43,225.0,195.46666666666667,23.303457106274006,61.0,0.14
fixed_time__002,fixed_time,K_OO,305,69.67245001167042,4.51,238.0,250.24814814814815,21.651728553137005,50.0,0.11666666666666667
fixed_time__003,fixed_time,K_OO,305,64.73928265774526,3.69,230.0,214.83333333333334,24.824583866837386,40.0,0.09333333333333334
fixed_time__004,fixed_time,K_OO,305,66.16805415078191,3.68,227.0,210.04074074074074,27.907810499359794,34.0,0.07777777777777778
fixed_time__005,fixed_time,K_OO,305,69.0626312923053,3.4,226.0,199.4185185185185,34.39692701664533,25.0,0.057777777777777775
fixed_time__006,fixed_time,K_OO,305,43.93581265074301,1.23,40.0,59.318518518518516,39.84507042253521,82.0,0.18666666666666668
fixed_time__007,fixed_time,K_OO,305,54.80588189527737,1.52,133.0,17.21851851851852,64.80153649167734,76.0,0.17444444444444446
fixed_time__008,fixed_time,K_OO,305,56.61417567882984,1.68,143.0,21.618518518518517,65.92061459667093,68.0,0.15555555555555556
fixed_time__009,fixed_time,K_OO,305,36.84198241655644,1.21,16.0,30.166666666666668,38.61715749039693,61.0,0.14
fixed_time__010,fixed_time,K_OO,305,40.039212635182444,1.28,42.0,28.303703703703704,43.16005121638924,50.0,0.11666666666666667
fixed_time__011,fixed_time,K_OO,305,38.03088773049093,1.15,18.0,26.98148148148148,40.96927016645326,40.0,0.09333333333333334
fixed_time__012,fixed_time,K_OO,305,38.86773515910682,1.18,20.0,31.918518518518518,40.7157490396927,33.0,0.07777777777777778
fixed_time__013,fixed_time,K_OO,305,45.892165253248265,1.35,32.0,34.27777777777778,48.980793854033294,25.0,0.057777777777777775
efficiency__000,efficiency,K_SS,301,16.771712662337663,0.67,0.0,20.374384236453203,15.837209302325581,81.0,0.20333333333333334
efficiency__001,efficiency,K_SS,301,16.771712662337663,0.67,0.0,20.374384236453203,15.837209302325581,81.0,0.20333333333333334
efficiency__002,efficiency,K_SS,301,16.771712662337663,0.67,0.0,20.374384236453203,15.837209302325581,81.0,0.20333333333333334
efficiency__003,efficiency,K_SS,301,16.771712662337663,0.67,0.0,20.374384236453203,15.837209302325581,81.0,0.20333333333333334
efficiency__004,efficiency,K_SS,301,16.771712662337663,0.67,0.0,20.374384236453203,15.837209302325581,81.0,0.20333333333333334
efficiency__005,efficiency,K_SS,301,16.771712662337663,0.67,0.0,20.374384236453203,15.837209302325581,81.0,0.20333333333333334
efficiency__006,efficiency,K_SS,301,16.771712662337663,0.67,0.0,20.374384236453203,15.837209302325581,81.0,0.20333333333333334
efficiency__007,efficiency,K_SS,301,16.771712662337663,0.67,0.0,20.374384236453203,15.837209302325581,81.0,0.20333333333333334
efficiency__008,efficiency,K_SS,301,16.771712662337663,0.67,0.0,20.374384236453203,15.837209302325581,81.0,0.20333333333333334
efficiency__009,efficiency,K_SS,301,16.771712662337663,0.67,0.0,20.374384236453203,15.837209302325581,81.0,0.20333333333333334
efficiency__010,efficiency,K_SS,301,16.771712662337663,0.67,0.0,20.374384236453203,15.837209302325581,81.0,0.20333333333333334
efficiency__011,efficiency,K_SS,301,16.771712662337663,0.67,0.0,20.374384236453203,15.837209302325581,81.0,0.20333333333333334
efficiency__012,efficiency,K_SS,301,16.771712662337663,0.67,0.0,20.374384236453203,15.837209302325581,81.0,0.20333333333333334
efficiency__013,efficiency,K_SS,301,16.771712662337663,0.67,0.0,20.374384236453203,15.837209302325581,81.0,0.20333333333333334
efficiency__014,efficiency,K_SS,301,16.771712662337663,0.67,0.0,20.374384236453203,15.837209302325581,81.0,0.20333333333333334
efficiency__015,efficiency,K_SS,301,16.771712662337663,0.67,0.0,20.374384236453203,15.837209302325581,81.0,0.20333333333333334
efficiency__016,efficiency,K_SS,301,16.771712662337663,0.67,0.0,20.374384236453203,15.837209302325581,81.0,0.20333333333333334
efficiency__017,efficiency,K_SS,301,16.771712662337663,0.67,0.0,20.374384236453203,15.837209302325581,81.0,0.20333333333333334
efficiency__018,efficiency,K_SS,301,16.771712662337663,0.67,0.0,20.374384236453203,15.837209302325581,81.0,0.20333333333333334
efficiency__019,efficiency,K_SS,301,16.771712662337663,0.67,0.0,20.374384236453203,15.837209302325581,81.0,0.20333333333333334
efficiency__020,efficiency,K_SS,301,16.771712662337663,0.67,0.0,20.374384236453203,15.837209302325581,81.0,0.20333333333333334
efficiency__021,efficiency,K_SS,301,16.771712662337663,0.67,0.0,20.374384236453203,15.837209302325581,81.0,0.20333333333333334
efficiency__022,efficiency,K_SS,301,16.771712662337663,0.67,0.0,20.374384236453203,15.837209302325581,81.0,0.20333333333333334
efficiency__023,efficiency,K_SS,301,16.771712662337663,0.67,0.0,20.374384236453203,15.837209302325581,81.0,0.20333333333333334
efficiency__024,efficiency,K_SS,301,16.771712662337663,0.67,0.0,20.374384236453203,15.837209302325581,81.0,0.20333333333333334
efficiency__025,efficiency,K_SS,301,16.771712662337663,0.67,0.0,20.374384236453203,15.837209302325581,81.0,0.20333333333333334
efficiency__026,efficiency,K_SS,301,16.771712662337663,0.67,0.0,20.374384236453203,15.837209302325581,81.0,0.20333333333333334
efficiency__000,efficiency,K_SS,302,15.785375412541253,0.54,0.0,18.45,15.092905405405405,81.0,0.19777777777777777
efficiency__001,efficiency,K_SS,302,15.785375412541253,0.54,0.0,18.45,15.092905405405405,81.0,0.19777777777777777
efficiency__002,efficiency,K_SS,302,15.785375412541253,0.54,0.0,18.45,15.092905405405405,81.0,0.19777777777777777
efficiency__003,efficiency,K_SS,302,15.785375412541253,0.54,0.0,18.45,15.092905405405405,81.0,0.19777777777777777
efficiency__004,efficiency,K_SS,302,15.785375412541253,0.54,0.0,18.45,15.092905405405405,81.0,0.19777777777777777
efficiency__005,efficiency,K_SS,302,15.785375412541253,0.54,0.0,18.45,15.092905405405405,81.0,0.19777777777777777
efficiency__006,efficiency,K_SS,302,15.785375412541253,0.54,0.0,18.45,15.092905405405405,81.0,0.19777777777777777
efficiency__007,efficiency,K_SS,302,15.785375412541253,0.54,0.0,18.45,15.092905405405405,81.0,0.19777777777777777
efficiency__008,efficiency,K_SS,302,15.785375412541253,0.54,0.0,18.45,15.092905405405405,81.0,0.19777777777777777
efficiency__009,efficiency,K_SS,302,15.785375412541253,0.54,0.0,18.45,15.092905405405405,81.0,0.19777777777777777
efficiency__010,efficiency,K_SS,302,15.785375412541253,0.54,0.0,18.45,15.092905405405405,81.0,0.19777777777777777
efficiency__011,efficiency,K_SS,302,15.785375412541253,0.54,0.0,18.45,15.092905405405405,81.0,0.19777777777777777
efficiency__012,efficiency,K_SS,302,15.785375412541253,0.54,0.0,18.45,15.092905405405405,81.0,0.19777777777777777
efficiency__013,efficiency,K_SS,302,15.785375412541253,0.54,0.0,18.45,15.092905405405405,81.0,0.19777777777777777
efficiency__014,efficiency,K_SS,302,15.785375412541253,0.54,0.0,18.45,15.092905405405405,81.0,0.19777777777777777
efficiency__015,efficiency,K_SS,302,15.785375412541253,0.54,0.0,18.45,15.092905405405405,81.0,0.19777777777777777
efficiency__016,efficiency,K_SS,302,15.785375412541253,0.54,0.0,18.45,15.092905405405405,81.0,0.19777777777777777
efficiency__017,efficiency,K_SS,302,15.785375412541253,0.54,0.0,18.45,15.092905405405405,81.0,0.19777777777777777
efficiency__018,efficiency,K_SS,302,15.785375412541253,0.54,0.0,18.45,15.092905405405405,81.0,0.19777777777777777
efficiency__019,efficiency,K_SS,302,15.785375412541253,0.54,0.0,18.45,15.092905405405405,81.0,0.19777777777777777
efficiency__020,efficiency,K_SS,302,15.785375412541253,0.54,0.0,18.45,15.092905405405405,81.0,0.19777777777777777
efficiency__021,efficiency,K_SS,302,15.785375412541253,0.54,0.0,18.45,15.092905405405405,81.0,0.19777777777777777
efficiency__022,efficiency,K_SS,302,15.785375412541253,0.54,0.0,18.45,15.092905405405405,81.0,0.19777777777777777
efficiency__023,efficiency,K_SS,302,15.785375412541253,0.54,0.0,18.45,15.092905405405405,81.0,0.19777777777777777
efficiency__024,efficiency,K_SS,302,15.785375412541253,0.54,0.0,18.45,15.092905405405405,81.0,0.19777777777777777
efficiency__025,efficiency,K_SS,302,15.785375412541253,0.54,0.0,18.45,15.092905405405405,81.0,0.19777777777777777
efficiency__026,efficiency,K_SS,302,15.785375412541253,0.54,0.0,18.45,15.092905405405405,81.0,0.19777777777777777
efficiency__000,efficiency,K_SS,303,15.492738589211617,0.49,0.0,17.571428571428573,14.913793103448276,82.0,0.19666666666666666
efficiency__001,efficiency,K_SS,303,15.492738589211617,0.49,0.0,17.571428571428573,14.913793103448276,82.0,0.19666666666666666
efficiency__002,efficiency,K_SS,303,15.492738589211617,0.49,0.0,17.571428571428573,14.913793103448276,82.0,0.19666666666666666
efficiency__003,efficiency,K_SS,303,15.492738589211617,0.49,0.0,17.571428571428573,14.913793103448276,82.0,0.19666666666666666
efficiency__004,efficiency,K_SS,303,15.492738589211617,0.49,0.0,17.571428571428573,14.913793103448276,82.0,0.19666666666666666
efficiency__005,efficiency,K_SS,303,15.492738589211617,0.49,0.0,17.571428571428573,14.913793103448276,82.0,0.19666666666666666
efficiency__006,efficiency,K_SS,303,15.492738589211617,0.49,0.0,17.571428571428573,14.913793103448276,82.0,0.19666666666666666
efficiency__007,efficiency,K_SS,303,15.492738589211617,0.49,0.0,17.571428571428573,14.913793103448276,82.0,0.19666666666666666
efficiency__008,efficiency,K_SS,303,15.492738589211617,0.49,0.0,17.571428571428573,14.913793103448276,82.0,0.19666666666666666
efficiency__009,efficiency,K_SS,303,15.492738589211617,0.49,0.0,17.571428571428573,14.913793103448276,82.0,0.19666666666666666
efficiency__010,efficiency,K_SS,303,15.492738589211617,0.49,0.0,17.571428571428573,14.913793103448276,82.0,0.19666666666666666
efficiency__011,efficiency,K_SS,303,15.492738589211617,0.49,0.0,17.571428571428573,14.913793103448276,82.0,0.19666666666666666
efficiency__012,efficiency,K_SS,303,15.492738589211617,0.49,0.0,17.571428571428573,14.913793103448276,82.0,0.19666666666666666
efficiency__013,efficiency,K_SS,303,15.492738589211617,0.49,0.0,17.571428571428573,14.913793103448276,82.0,0.19666666666666666
efficiency__014,efficiency,K_SS,303,15.492738589211617,0.49,0.0,17.571428571428573,14.913793103448276,82.0,0.19666666666666666
efficiency__015,efficiency,K_SS,303,15.492738589211617,0.49,0.0,17.571428571428573,14.913793103448276,82.0,0.19666666666666666
efficiency__016,efficiency,K_SS,303,15.492738589211617,0.49,0.0,17.571428571428573,14.913793103448276,82.0,0.19666666666666666
efficiency__017,efficiency,K_SS,303,15.492738589211617,0.49,0.0,17.571428571428573,14.913793103448276,82.0,0.19666666666666666
efficiency__018,efficiency,K_SS,303,15.492738589211617,0.49,0.0,17.571428571428573,14.913793103448276,82.0,0.19666666666666666
efficiency__019,efficiency,K_SS,303,15.492738589211617,0.49,0.0,17.571428571428573,14.913793103448276,82.0,0.19666666666666666
efficiency__020,efficiency,K_SS,303,15.492738589211617,0.49,0.0,17.571428571428573,14.913793103448276,82.0,0.19666666666666666
efficiency__021,efficiency,K_SS,303,15.492738589211617,0.49,0.0,17.571428571428573,14.913793103448276,82.0,0.19666666666666666
efficiency__022,efficiency,K_SS,303,15.492738589211617,0.49,0.0,17.571428571428573,14.913793103448276,82.0,0.19666666666666666
efficiency__023,efficiency,K_SS,303,15.492738589211617,0.49,0.0,17.571428571428573,14.913793103448276,82.0,0.19666666666666666
efficiency__024,efficiency,K_SS,303,15.492738589211617,0.49,0.0,17.571428571428573,14.913793103448276,82.0,0.19666666666666666
efficiency__025,efficiency,K_SS,303,15.492738589211617,0.49,0.0,17.571428571428573,14.913793103448276,82.0,0.19666666666666666
efficiency__026,efficiency,K_SS,303,15.492738589211617,0.49,0.0,17.571428571428573,14.913793103448276,82.0,0.19666666666666666
efficiency__000,efficiency,K_SS,304,17.183623073883844,0.55,0.0,21.354066985645932,16.098705501618124,81.0,0.1988888888888889
efficiency__001,efficiency,K_SS,304,17.183623073883844,0.55,0.0,21.354066985645932,16.098705501618124,81.0,0.1988888888888889
efficiency__002,efficiency,K_SS,304,17.183623073883844,0.55,0.0,21.354066985645932,16.098705501618124,81.0,0.1988888888888889
efficiency__003,efficiency,K_SS,304,17.183623073883844,0.55,0.0,21.354066985645932,16.098705501618124,81.0,0.1988888888888889
efficiency__004,efficiency,K_SS,304,17.183623073883844,0.55,0.0,21.354066985645932,16.098705501618124,81.0,0.1988888888888889
efficiency__005,efficiency,K_SS,304,17.183623073883844,0.55,0.0,21.354066985645932,16.098705501618124,81.0,0.1988888888888889
efficiency__006,efficiency,K_SS,304,17.183623073883844,0.55,0.0,21.354066985645932,16.098705501618124,81.0,0.1988888888888889
efficiency__007,efficiency,K_SS,304,17.183623073883844,0.55,0.0,21.354066985645932,16.098705501618124,81.0,0.1988888888888889
efficiency__008,efficiency,K_SS,304,17.183623073883844,0.55,0.0,21.354066985645932,16.098705501618124,81.0,0.1988888888888889
efficiency__009,efficiency,K_SS,304,17.183623073883844,0.55,0.0,21.354066985645932,16.098705501618124,81.0,0.1988888888888889
efficiency__010,efficiency,K_SS,304,17.183623073883844,0.55,0.0,21.354066985645932,16.098705501618124,81.0,0.1988888888888889
efficiency__011,efficiency,K_SS,304,17.183623073883844,0.55,0.0,21.354066985645932,16.098705501618124,81.0,0.1988888888888889
efficiency__012,efficiency,K_SS,304,17.183623073883844,0.55,0.0,21.354066985645932,16.098705501618124,81.0,0.1988888888888889
efficiency__013,efficiency,K_SS,304,17.183623073883844,0.55,0.0,21.354066985645932,16.098705501618124,81.0,0.1988888888888889
efficiency__014,efficiency,K_SS,304,17.183623073883844,0.55,0.0,21.354066985645932,16.098705501618124,81.0,0.1988888888888889
efficiency__015,efficiency,K_SS,304,17.183623073883844,0.55,0.0,21.354066985645932,16.098705501618124,81.0,0.1988888888888889
efficiency__016,efficiency,K_SS,304,17.183623073883844,0.55,0.0,21.354066985645932,16.098705501618124,81.0,0.1988888888888889
efficiency__017,efficiency,K_SS,304,17.183623073883844,0.55,0.0,21.354066985645932,16.098705501618124,81.0,0.1988888888888889
efficiency__018,efficiency,K_SS,304,17.183623073883844,0.55,0.0,21.354066985645932,16.098705501618124,81.0,0.1988888888888889
efficiency__019,efficiency,K_SS,304,17.183623073883844,0.55,0.0,21.354066985645932,16.098705501618124,81.0,0.1988888888888889
efficiency__020,efficiency,K_SS,304,17.183623073883844,0.55,0.0,21.354066985645932,16.098705501618124,81.0,0.1988888888888889
efficiency__021,efficiency,K_SS,304,17.183623073883844,0.55,0.0,21.354066985645932,16.098705501618124,81.0,0.1988888888888889
efficiency__022,efficiency,K_SS,304,17.183623073883844,0.55,0.0,21.354066985645932,16.098705501618124,81.0,0.1988888888888889
efficiency__023,efficiency,K_SS,304,17.183623073883844,0.55,0.0,21.354066985645932,16.098705501618124,81.0,0.1988888888888889
efficiency__024,efficiency,K_SS,304,17.183623073883844,0.55,0.0,21.354066985645932,16.098705501618124,81.0,0.1988888888888889
efficiency__025,efficiency,K_SS,304,17.183623073883844,0.55,0.0,21.354066985645932,16.098705501618124,81.0,0.1988888888888889
efficiency__026,efficiency,K_SS,304,17.183623073883844,0.55,0.0,21.354066985645932,16.098705501618124,81.0,0.1988888888888889
efficiency__000,efficiency,K_SS,305,15.274445270198536,0.62,0.0,19.908629441624367,14.048865619546248,82.0,0.1988888888888889
efficiency__001,efficiency,K_SS,305,15.274445270198536,0.62,0.0,19.908629441624367,14.048865619546248,82.0,0.1988888888888889
efficiency__002,efficiency,K_SS,305,15.274445270198536,0.62,0.0,19.908629441624367,14.048865619546248,82.0,0.1988888888888889
efficiency__003,efficiency,K_SS,305,15.274445270198536,0.62,0.0,19.908629441624367,14.048865619546248,82.0,0.1988888888888889
efficiency__004,efficiency,K_SS,305,15.274445270198536,0.62,0.0,19.908629441624367,14.048865619546248,82.0,0.1988888888888889
efficiency__005,efficiency,K_SS,305,15.274445270198536,0.62,0.0,19.908629441624367,14.048865619546248,82.0,0.1988888888888889
efficiency__006,efficiency,K_SS,305,15.274445270198536,0.62,0.0,19.908629441624367,14.048865619546248,82.0,0.1988888888888889
efficiency__007,efficiency,K_SS,305,15.274445270198536,0.62,0.0,19.908629441624367,14.048865619546248,82.0,0.1988888888888889
efficiency__008,efficiency,K_SS,305,15.274445270198536,0.62,0.0,19.908629441624367,14.048865619546248,82.0,0.1988888888888889
efficiency__009,efficiency,K_SS,305,15.274445270198536,0.62,0.0,19.908629441624367,14.048865619546248,82.0,0.1988888888888889
efficiency__010,efficiency,K_SS,305,15.274445270198536,0.62,0.0,19.908629441624367,14.048865619546248,82.0,0.1988888888888889
efficiency__011,efficiency,K_SS,305,15.274445270198536,0.62,0.0,19.908629441624367,14.048865619546248,82.0,0.1988888888888889
efficiency__012,efficiency,K_SS,305,15.274445270198536,0.62,0.0,19.908629441624367,14.048865619546248,82.0,0.1988888888888889
efficiency__013,efficiency,K_SS,305,15.274445270198536,0.62,0.0,19.908629441624367,14.048865619546248,82.0,0.1988888888888889
efficiency__014,efficiency,K_SS,305,15.274445270198536,0.62,0.0,19.908629441624367,14.048865619546248,82.0,0.1988888888888889
efficiency__015,efficiency,K_SS,305,15.274445270198536,0.62,0.0,19.908629441624367,14.048865619546248,82.0,0.1988888888888889
efficiency__016,efficiency,K_SS,305,15.274445270198536,0.62,0.0,19.908629441624367,14.048865619546248,82.0,0.1988888888888889
efficiency__017,efficiency,K_SS,305,15.274445270198536,0.62,0.0,19.908629441624367,14.048865619546248,82.0,0.1988888888888889
efficiency__018,efficiency,K_SS,305,15.274445270198536,0.62,0.0,19.908629441624367,14.048865619546248,82.0,0.1988888888888889
efficiency__019,efficiency,K_SS,305,15.274445270198536,0.62,0.0,19.908629441624367,14.048865619546248,82.0,0.1988888888888889
efficiency__020,efficiency,K_SS,305,15.274445270198536,0.62,0.0,19.908629441624367,14.048865619546248,82.0,0.1988888888888889
efficiency__021,efficiency,K_SS,305,15.274445270198536,0.62,0.0,19.908629441624367,14.048865619546248,82.0,0.1988888888888889
efficiency__022,efficiency,K_SS,305,15.274445270198536,0.62,0.0,19.908629441624367,14.048865619546248,82.0,0.1988888888888889
efficiency__023,efficiency,K_SS,305,15.274445270198536,0.62,0.0,19.908629441624367,14.048865619546248,82.0,0.1988888888888889
efficiency__024,efficiency,K_SS,305,15.274445270198536,0.62,0.0,19.908629441624367,14.048865619546248,82.0,0.1988888888888889
efficiency__025,efficiency,K_SS,305,15.274445270198536,0.62,0.0,19.908629441624367,14.048865619546248,82.0,0.1988888888888889
efficiency__026,efficiency,K_SS,305,15.274445270198536,0.62,0.0,19.908629441624367,14.048865619546248,82.0,0.1988888888888889
efpb__000,efpb,K_SS,301,18.270799512987015,0.54,0.0,24.738916256157637,16.593023255813954,72.0,0.20666666666666667
efpb__001,efpb,K_SS,301,21.09659090909091,0.77,0.0,30.408866995073893,18.68106312292359,68.0,0.20555555555555555
efpb__002,efpb,K_SS,301,21.09659090909091,0.77,0.0,30.408866995073893,18.68106312292359,68.0,0.20555555555555555
efpb__003,efpb,K_SS,301,20.294642857142858,0.84,0.0,31.689655172413794,17.33887043189369,69.0,0.20444444444444446
efpb__004,efpb,K_SS,301,18.270799512987015,0.54,0.0,24.738916256157637,16.593023255813954,72.0,0.20666666666666667
efpb__005,efpb,K_SS,301,18.270799512987015,0.54,0.0,24.738916256157637,16.593023255813954,72.0,0.20666666666666667
efpb__006,efpb,K_SS,301,17.43821022727273,0.51,0.0,18.91625615763547,17.05481727574751,82.0,0.1922222222222222
efpb__007,efpb,K_SS,301,18.270799512987015,0.54,0.0,24.738916256157637,16.593023255813954,72.0,0.20666666666666667
efpb__008,efpb,K_SS,301,50.54180194805195,3.54,164.0,138.0591133004926,27.840531561461795,74.0,0.21555555555555556
efpb__009,efpb,K_SS,301,50.54180194805195,3.54,164.0,138.0591133004926,27.840531561461795,74.0,0.21555555555555556
efpb__010,efpb,K_SS,301,20.294642857142858,0.84,0.0,31.689655172413794,17.33887043189369,69.0,0.20444444444444446
efpb__011,efpb,K_SS,301,50.54180194805195,3.54,164.0,138.0591133004926,27.840531561461795,74.0,0.21555555555555556
efpb__012,efpb,K_SS,301,20.294642857142858,0.84,0.0,31.689655172413794,17.33887043189369,69.0,0.20444444444444446
efpb__013,efpb,K_SS,301,18.270799512987015,0.54,0.0,24.738916256157637,16.593023255813954,72.0,0.20666666666666667
efpb__014,efpb,K_SS,301,17.43821022727273,0.51,0.0,18.91625615763547,17.05481727574751,82.0,0.1922222222222222
efpb__015,efpb,K_SS,301,20.294642857142858,0.84,0.0,31.689655172413794,17.33887043189369,69.0,0.20444444444444446
efpb__016,efpb,K_SS,301,18.270799512987015,0.54,0.0,24.738916256157637,16.593023255813954,72.0,0.20666666666666667
efpb__017,efpb,K_SS,301,50.54180194805195,3.54,164.0,138.0591133004926,27.840531561461795,74.0,0.21555555555555556
efpb__018,efpb,K_SS,301,50.54180194805195,3.54,164.0,138.0591133004926,27.840531561461795,74.0,0.21555555555555556
efpb__019,efpb,K_SS,301,20.294642857142858,0.84,0.0,31.689655172413794,17.33887043189369,69.0,0.20444444444444446
efpb__020,efpb,K_SS,301,20.294642857142858,0.84,0.0,31.689655172413794,17.33887043189369,69.0,0.20444444444444446
efpb__021,efpb,K_SS,301,20.294642857142858,0.84,0.0,31.689655172413794,17.33887043189369,69.0,0.20444444444444446
efpb__022,efpb,K_SS,301,20.294642857142858,0.84,0.0,31.689655172413794,17.33887043189369,69.0,0.20444444444444446
efpb__023,efpb,K_SS,301,17.43821022727273,0.51,0.0,18.91625615763547,17.05481727574751,82.0,0.1922222222222222
efpb__024,efpb,K_SS,301,58.54119318181818,5.13,153.0,238.2216748768473,11.933554817275747,77.0,0.2477777777777778
efpb__025,efpb,K_SS,301,21.09659090909091,0.77,0.0,30.408866995073893,18.68106312292359,68.0,0.20555555555555555
efpb__026,efpb,K_SS,301,18.270799512987015,0.54,0.0,24.738916256157637,16.593023255813954,72.0,0.20666666666666667
efpb__027,efpb,K_SS,301,18.270799512987015,0.54,0.0,24.738916256157637,16.593023255813954,72.0,0.20666666666666667
efpb__028,efpb,K_SS,301,21.09659090909091,0.77,0.0,30.408866995073893,18.68106312292359,68.0,0.20555555555555555
efpb__029,efpb,K_SS,301,18.270799512987015,0.54,0.0,24.738916256157637,16.593023255813954,72.0,0.20666666666666667
efpb__000,efpb,K_SS,302,17.925536303630363,0.57,0.0,25.075,16.06756756756757,74.0,0.20666666666666667
efpb__001,efpb,K_SS,302,17.762066831683168,0.68,0.0,21.975,16.66722972972973,75.0,0.20777777777777778
efpb__002,efpb,K_SS,302,19.720400165016503,0.81,0.0,28.505,17.4375,73.0,0.21555555555555556
efpb__003,efpb,K_SS,302,20.129331683168317,0.78,0.0,29.35,17.73310810810811,72.0,0.21222222222222223
efpb__004,efpb,K_SS,302,15.475969471947195,0.56,0.0,22.02,13.775337837837839,76.0,0.2088888888888889
efpb__005,efpb,K_SS,302,16.823741749174918,0.56,0.0,25.135,14.66385135135135,74.0,0.20555555555555555
efpb__006,efpb,K_SS,302,15.672751650165017,0.41,0.0,15.655,15.677364864864865,82.0,0.19555555555555557
efpb__007,efpb,K_SS,302,15.475969471947195,0.56,0.0,22.02,13.775337837837839,76.0,0.2088888888888889
efpb__008,efpb,K_SS,302,38.22576320132013,2.97,72.0,104.855,20.910472972972972,74.0,0.2
efpb__009,efpb,K_SS,302,38.22576320132013,2.97,72.0,104.855,20.910472972972972,74.0,0.2
efpb__010,efpb,K_SS,302,18.72246287128713,0.81,0.0,26.15,16.79222972972973,73.0,0.21555555555555556
efpb__011,efpb,K_SS,302,38.22576320132013,2.97,72.0,104.855,20.910472972972972,74.0,0.2
efpb__012,efpb,K_SS,302,18.72246287128713,0.81,0.0,26.15,16.79222972972973,73.0,0.21555555555555556
efpb__013,efpb,K_SS,302,16.823741749174918,0.56,0.0,25.135,14.66385135135135,74.0,0.20555555555555555
efpb__014,efpb,K_SS,302,15.672751650165017,0.41,0.0,15.655,15.677364864864865,82.0,0.19555555555555557
efpb__015,efpb,K_SS,302,19.720400165016503,0.81,0.0,28.505,17.4375,73.0,0.21555555555555556
efpb__016,efpb,K_SS,302,16.756291254125415,0.56,0.0,25.315,14.532094594594595,75.0,0.21
efpb__017,efpb,K_SS,302,38.22576320132013,2.97,72.0,104.855,20.910472972972972,74.0,0.2
efpb__018,efpb,K_SS,302,38.22576320132013,2.97,72.0,104.855,20.910472972972972,74.0,0.2
efpb__019,efpb,K_SS,302,17.762066831683168,0.68,0.0,21.975,16.66722972972973,75.0,0.20777777777777778
efpb__020,efpb,K_SS,302,19.01289191419142,0.68,0.0,25.075,17.4375,73.0,0.21
efpb__021,efpb,K_SS,302,19.848700495049506,0.77,0.0,28.62,17.569256756756758,73.0,0.21555555555555556
efpb__022,efpb,K_SS,302,19.720400165016503,0.81,0.0,28.505,17.4375,73.0,0.21555555555555556
efpb__023,efpb,K_SS,302,15.672751650165017,0.41,0.0,15.655,15.677364864864865,82.0,0.19555555555555557
efpb__024,efpb,K_SS,302,16.08292079207921,0.5,0.0,17.065,15.827702702702704,82.0,0.19111111111111112
efpb__025,efpb,K_SS,302,18.517636138613863,0.81,0.0,25.82,16.61993243243243,73.0,0.21555555555555556
efpb__026,efpb,K_SS,302,17.925536303630363,0.57,0.0,25.075,16.06756756756757,74.0,0.20666666666666667
efpb__027,efpb,K_SS,302,17.925536303630363,0.57,0.0,25.075,16.06756756756757,74.0,0.20666666666666667
efpb__028,efpb,K_SS,302,19.720400165016503,0.81,0.0,28.505,17.4375,73.0,0.21555555555555556
efpb__029,efpb,K_SS,302,17.925536303630363,0.57,0.0,25.075,16.06756756756757,74.0,0.20666666666666667
efpb__000,efpb,K_SS,303,17.82697095435685,0.54,0.0,25.785714285714285,15.610344827586207,72.0,0.2088888888888889
efpb__001,efpb,K_SS,303,21.192842323651455,0.85,0.0,32.7,17.98793103448276,68.0,0.2111111111111111
efpb__002,efpb,K_SS,303,21.116493775933613,0.85,0.0,32.48571428571429,17.95,68.0,0.21
efpb__003,efpb,K_SS,303,21.116493775933613,0.85,0.0,32.48571428571429,17.95,68.0,0.21
efpb__004,efpb,K_SS,303,17.768153526970956,0.54,0.0,24.766666666666666,15.818965517241379,72.0,0.20666666666666667
efpb__005,efpb,K_SS,303,17.768153526970956,0.54,0.0,24.766666666666666,15.818965517241379,72.0,0.20666666666666667
efpb__006,efpb,K_SS,303,15.519917012448133,0.47,0.0,14.885714285714286,15.696551724137931,82.0,0.19111111111111112
efpb__007,efpb,K_SS,303,17.768153526970956,0.54,0.0,24.766666666666666,15.818965517241379,72.0,0.20666666666666667
efpb__008,efpb,K_SS,303,33.735684647302904,2.34,71.0,82.1,20.26551724137931,76.0,0.1988888888888889
efpb__009,efpb,K_SS,303,33.735684647302904,2.34,71.0,82.1,20.26551724137931,76.0,0.1988888888888889
efpb__010,efpb,K_SS,303,21.192842323651455,0.85,0.0,32.7,17.98793103448276,68.0,0.2111111111111111
efpb__011,efpb,K_SS,303,33.735684647302904,2.34,71.0,82.1,20.26551724137931,76.0,0.1988888888888889
efpb__012,efpb,K_SS,303,21.192842323651455,0.85,0.0,32.7,17.98793103448276,68.0,0.2111111111111111
efpb__013,efpb,K_SS,303,17.768153526970956,0.54,0.0,24.766666666666666,15.818965517241379,72.0,0.20666666666666667
efpb__014,efpb,K_SS,303,15.519917012448133,0.47,0.0,14.885714285714286,15.696551724137931,82.0,0.19111111111111112
efpb__015,efpb,K_SS,303,21.116493775933613,0.85,0.0,32.48571428571429,17.95,68.0,0.21
efpb__016,efpb,K_SS,303,17.768153526970956,0.54,0.0,24.766666666666666,15.818965517241379,72.0,0.20666666666666667
efpb__017,efpb,K_SS,303,33.735684647302904,2.34,71.0,82.1,20.26551724137931,76.0,0.1988888888888889
efpb__018,efpb,K_SS,303,33.735684647302904,2.34,71.0,82.1,20.26551724137931,76.0,0.1988888888888889
efpb__019,efpb,K_SS,303,21.192842323651455,0.85,0.0,32.7,17.98793103448276,68.0,0.2111111111111111
efpb__020,efpb,K_SS,303,21.192842323651455,0.85,0.0,32.7,17.98793103448276,68.0,0.2111111111111111
efpb__021,efpb,K_SS,303,21.116493775933613,0.85,0.0,32.48571428571429,17.95,68.0,0.21
efpb__022,efpb,K_SS,303,21.116493775933613,0.85,0.0,32.48571428571429,17.95,68.0,0.21
efpb__023,efpb,K_SS,303,15.519917012448133,0.47,0.0,14.885714285714286,15.696551724137931,82.0,0.19111111111111112
efpb__024,efpb,K_SS,303,32.38796680497925,3.29,89.0,100.20476190476191,13.5,79.0,0.2222222222222222
efpb__025,efpb,K_SS,303,21.192842323651455,0.85,0.0,32.7,17.98793103448276,68.0,0.2111111111111111
efpb__026,efpb,K_SS,303,17.82697095435685,0.54,0.0,25.785714285714285,15.610344827586207,72.0,0.2088888888888889
efpb__027,efpb,K_SS,303,17.82697095435685,0.54,0.0,25.785714285714285,15.610344827586207,72.0,0.2088888888888889
efpb__028,efpb,K_SS,303,21.116493775933613,0.85,0.0,32.48571428571429,17.95,68.0,0.21
efpb__029,efpb,K_SS,303,17.82697095435685,0.54,0.0,25.785714285714285,15.610344827586207,72.0,0.2088888888888889
efpb__000,efpb,K_SS,304,19.566772026866854,0.56,0.0,25.8133971291866,17.941747572815533,73.0,0.20333333333333334
efpb__001,efpb,K_SS,304,21.8133148952983,0.84,0.0,35.83732057416268,18.16504854368932,70.0,0.21
efpb__002,efpb,K_SS,304,23.358356380877126,0.83,0.0,38.38277511961722,19.449838187702266,67.0,0.20777777777777778
efpb__003,efpb,K_SS,304,23.35578822599763,0.83,0.0,38.38277511961722,19.446601941747574,67.0,0.20777777777777778
efpb__004,efpb,K_SS,304,18.69814302647175,0.55,0.0,25.449760765550238,16.941747572815533,75.0,0.20444444444444446
efpb__005,efpb,K_SS,304,19.566772026866854,0.56,0.0,25.8133971291866,17.941747572815533,73.0,0.20333333333333334
efpb__006,efpb,K_SS,304,17.63660608455156,0.46,0.0,20.79904306220096,16.813915857605178,82.0,0.19777777777777777
efpb__007,efpb,K_SS,304,18.69814302647175,0.55,0.0,25.449760765550238,16.941747572815533,75.0,0.20444444444444446
efpb__008,efpb,K_SS,304,46.543362307388385,4.49,142.0,174.04784688995215,13.37378640776699,76.0,0.24333333333333335
efpb__009,efpb,K_SS,304,46.543362307388385,4.49,142.0,174.04784688995215,13.37378640776699,76.0,0.24333333333333335
efpb__010,efpb,K_SS,304,23.35578822599763,0.83,0.0,38.38277511961722,19.446601941747574,67.0,0.20777777777777778
efpb__011,efpb,K_SS,304,46.543362307388385,4.49,142.0,174.04784688995215,13.37378640776699,76.0,0.24333333333333335
efpb__012,efpb,K_SS,304,23.35578822599763,0.83,0.0,38.38277511961722,19.446601941747574,67.0,0.20777777777777778
efpb__013,efpb,K_SS,304,19.566772026866854,0.56,0.0,25.8133971291866,17.941747572815533,73.0,0.20333333333333334
efpb__014,efpb,K_SS,304,17.63660608455156,0.46,0.0,20.79904306220096,16.813915857605178,82.0,0.19777777777777777
efpb__015,efpb,K_SS,304,23.35578822599763,0.83,0.0,38.38277511961722,19.446601941747574,67.0,0.20777777777777778
efpb__016,efpb,K_SS,304,19.566772026866854,0.56,0.0,25.8133971291866,17.941747572815533,73.0,0.20333333333333334
efpb__017,efpb,K_SS,304,46.543362307388385,4.49,142.0,174.04784688995215,13.37378640776699,76.0,0.24333333333333335
efpb__018,efpb,K_SS,304,46.543362307388385,4.49,142.0,174.04784688995215,13.37378640776699,76.0,0.24333333333333335
efpb__019,efpb,K_SS,304,20.959403397866456,0.8,0.0,33.411483253588514,17.720064724919094,72.0,0.2088888888888889
efpb__020,efpb,K_SS,304,20.959403397866456,0.8,0.0,33.411483253588514,17.720064724919094,72.0,0.2088888888888889
efpb__021,efpb,K_SS,304,23.35578822599763,0.83,0.0,38.38277511961722,19.446601941747574,67.0,0.20777777777777778
efpb__022,efpb,K_SS,304,23.35578822599763,0.83,0.0,38.38277511961722,19.446601941747574,67.0,0.20777777777777778
efpb__023,efpb,K_SS,304,17.63660608455156,0.46,0.0,20.79904306220096,16.813915857605178,82.0,0.19777777777777777
efpb__024,efpb,K_SS,304,45.035361517186885,4.63,121.0,170.2822966507177,12.453074433656958,77.0,0.24222222222222223
efpb__025,efpb,K_SS,304,23.358356380877126,0.83,0.0,38.38277511961722,19.449838187702266,67.0,0.20777777777777778
efpb__026,efpb,K_SS,304,19.566772026866854,0.56,0.0,25.8133971291866,17.941747572815533,73.0,0.20333333333333334
efpb__027,efpb,K_SS,304,19.566772026866854,0.56,0.0,25.8133971291866,17.941747572815533,73.0,0.20333333333333334
efpb__028,efpb,K_SS,304,23.358356380877126,0.83,0.0,38.38277511961722,19.449838187702266,67.0,0.20777777777777778
efpb__029,efpb,K_SS,304,19.31291979454761,0.6,0.0,26.698564593301434,17.3915857605178,74.0,0.20555555555555555
efpb__000,efpb,K_SS,305,17.365537742860177,0.55,0.0,23.492385786802032,15.745200698080279,73.0,0.2088888888888889
efpb__001,efpb,K_SS,305,19.076228899033868,0.8,0.0,29.81725888324873,16.23560209424084,71.0,0.21333333333333335
efpb__002,efpb,K_SS,305,18.84563117103726,0.8,0.0,29.13705583756345,16.1239092495637,71.0,0.21222222222222223
efpb__003,efpb,K_SS,305,18.84563117103726,0.8,0.0,29.13705583756345,16.1239092495637,71.0,0.21222222222222223
efpb__004,efpb,K_SS,305,17.365537742860177,0.55,0.0,23.492385786802032,15.745200698080279,73.0,0.2088888888888889
efpb__005,efpb,K_SS,305,17.365537742860177,0.55,0.0,23.492385786802032,15.745200698080279,73.0,0.2088888888888889
efpb__006,efpb,K_SS,305,15.673426053721201,0.48,0.0,16.233502538071065,15.525305410122163,83.0,0.18888888888888888
efpb__007,efpb,K_SS,305,17.365537742860177,0.55,0.0,23.492385786802032,15.745200698080279,73.0,0.2088888888888889
efpb__008,efpb,K_SS,305,31.297271472555476,3.63,68.0,97.28934010152284,13.844677137870855,78.0,0.2288888888888889
efpb__009,efpb,K_SS,305,31.297271472555476,3.63,68.0,97.28934010152284,13.844677137870855,78.0,0.2288888888888889
efpb__010,efpb,K_SS,305,18.84563117103726,0.8,0.0,29.13705583756345,16.1239092495637,71.0,0.21222222222222223
efpb__011,efpb,K_SS,305,31.297271472555476,3.63,68.0,97.28934010152284,13.844677137870855,78.0,0.2288888888888889
efpb__012,efpb,K_SS,305,18.84563117103726,0.8,0.0,29.13705583756345,16.1239092495637,71.0,0.21222222222222223
efpb__013,efpb,K_SS,305,17.365537742860177,0.55,0.0,23.492385786802032,15.745200698080279,73.0,0.2088888888888889
efpb__014,efpb,K_SS,305,15.673426053721201,0.48,0.0,16.233502538071065,15.525305410122163,83.0,0.18888888888888888
efpb__015,efpb,K_SS,305,18.84563117103726,0.8,0.0,29.13705583756345,16.1239092495637,71.0,0.21222222222222223
efpb__016,efpb,K_SS,305,17.365537742860177,0.55,0.0,23.492385786802032,15.745200698080279,73.0,0.2088888888888889
efpb__017,efpb,K_SS,305,31.297271472555476,3.63,68.0,97.28934010152284,13.844677137870855,78.0,0.2288888888888889
efpb__018,efpb,K_SS,305,31.297271472555476,3.63,68.0,97.28934010152284,13.844677137870855,78.0,0.2288888888888889
efpb__019,efpb,K_SS,305,19.076228899033868,0.8,0.0,29.81725888324873,16.23560209424084,71.0,0.21333333333333335
efpb__020,efpb,K_SS,305,19.076228899033868,0.8,0.0,29.81725888324873,16.23560209424084,71.0,0.21333333333333335
efpb__021,efpb,K_SS,305,18.84563117103726,0.8,0.0,29.13705583756345,16.1239092495637,71.0,0.21222222222222223
efpb__022,efpb,K_SS,305,18.84563117103726,0.8,0.0,29.13705583756345,16.1239092495637,71.0,0.21222222222222223
efpb__023,efpb,K_SS,305,15.673426053721201,0.48,0.0,16.233502538071065,15.525305410122163,83.0,0.18888888888888888
efpb__024,efpb,K_SS,305,16.235799978766327,0.5,0.0,16.421319796954315,16.18673647469459,82.0,0.18777777777777777
efpb__025,efpb,K_SS,305,18.84563117103726,0.8,0.0,29.13705583756345,16.1239092495637,71.0,0.21222222222222223
efpb__026,efpb,K_SS,305,17.365537742860177,0.55,0.0,23.492385786802032,15.745200698080279,73.0,0.2088888888888889
efpb__027,efpb,K_SS,305,17.365537742860177,0.55,0.0,23.492385786802032,15.745200698080279,73.0,0.2088888888888889
efpb__028,efpb,K_SS,305,18.84563117103726,0.8,0.0,29.13705583756345,16.1239092495637,71.0,0.21222222222222223
efpb__029,efpb,K_SS,305,17.365537742860177,0.55,0.0,23.492385786802032,15.745200698080279,73.0,0.2088888888888889
equal_bargaining__000,equal_bargaining,K_SS,301,24.227881493506494,1.31,14.0,41.039408866995075,19.867109634551493,65.0,0.1988888888888889
equal_bargaining__001,equal_bargaining,K_SS,301,23.619622564935064,1.24,8.0,39.6551724137931,19.460132890365447,70.0,0.2088888888888889
equal_bargaining__002,equal_bargaining,K_SS,301,23.619622564935064,1.24,8.0,39.6551724137931,19.460132890365447,70.0,0.2088888888888889
equal_bargaining__003,equal_bargaining,K_SS,301,24.227881493506494,1.31,14.0,41.039408866995075,19.867109634551493,65.0,0.1988888888888889
equal_bargaining__004,equal_bargaining,K_SS,301,23.619622564935064,1.24,8.0,39.6551724137931,19.460132890365447,70.0,0.2088888888888889
equal_bargaining__005,equal_bargaining,K_SS,301,23.619622564935064,1.24,8.0,39.6551724137931,19.460132890365447,70.0,0.2088888888888889
equal_bargaining__006,equal_bargaining,K_SS,301,24.227881493506494,1.31,14.0,41.039408866995075,19.867109634551493,65.0,0.1988888888888889
equal_bargaining__007,equal_bargaining,K_SS,301,23.619622564935064,1.24,8.0,39.6551724137931,19.460132890365447,70.0,0.2088888888888889
equal_bargaining__008,equal_bargaining,K_SS,301,23.619622564935064,1.24,8.0,39.6551724137931,19.460132890365447,70.0,0.2088888888888889
equal_bargaining__000,equal_bargaining,K_SS,302,23.710808580858085,1.28,9.0,38.77,19.7972972972973,66.0,0.2
equal_bargaining__001,equal_bargaining,K_SS,302,24.005878712871286,1.28,9.0,40.415,19.741554054054053,66.0,0.20555555555555555
equal_bargaining__002,equal_bargaining,K_SS,302,24.005878712871286,1.28,9.0,40.415,19.741554054054053,66.0,0.20555555555555555
equal_bargaining__003,equal_bargaining,K_SS,302,23.710808580858085,1.28,9.0,38.77,19.7972972972973,66.0,0.2
equal_bargaining__004,equal_bargaining,K_SS,302,24.005878712871286,1.28,9.0,40.415,19.741554054054053,66.0,0.20555555555555555
equal_bargaining__005,equal_bargaining,K_SS,302,24.005878712871286,1.28,9.0,40.415,19.741554054054053,66.0,0.20555555555555555
equal_bargaining__006,equal_bargaining,K_SS,302,23.710808580858085,1.28,9.0,38.77,19.7972972972973,66.0,0.2
equal_bargaining__007,equal_bargaining,K_SS,302,24.005878712871286,1.28,9.0,40.415,19.741554054054053,66.0,0.20555555555555555
equal_bargaining__008,equal_bargaining,K_SS,302,24.005878712871286,1.28,9.0,40.415,19.741554054054053,66.0,0.20555555555555555
equal_bargaining__000,equal_bargaining,K_SS,303,19.947821576763488,0.93,0.0,25.152380952380952,18.498275862068965,72.0,0.2011111111111111
equal_bargaining__001,equal_bargaining,K_SS,303,20.482053941908713,0.93,0.0,29.33809523809524,18.01551724137931,70.0,0.2088888888888889
equal_bargaining__002,equal_bargaining,K_SS,303,20.482053941908713,0.93,0.0,29.33809523809524,18.01551724137931,70.0,0.2088888888888889
equal_bargaining__003,equal_bargaining,K_SS,303,19.947821576763488,0.93,0.0,25.152380952380952,18.498275862068965,72.0,0.2011111111111111
equal_bargaining__004,equal_bargaining,K_SS,303,20.482053941908713,0.93,0.0,29.33809523809524,18.01551724137931,70.0,0.2088888888888889
equal_bargaining__005,equal_bargaining,K_SS,303,20.482053941908713,0.93,0.0,29.33809523809524,18.01551724137931,70.0,0.2088888888888889
equal_bargaining__006,equal_bargaining,K_SS,303,19.947821576763488,0.93,0.0,25.152380952380952,18.498275862068965,72.0,0.2011111111111111
equal_bargaining__007,equal_bargaining,K_SS,303,20.482053941908713,0.93,0.0,29.33809523809524,18.01551724137931,70.0,0.2088888888888889
equal_bargaining__008,equal_bargaining,K_SS,303,20.482053941908713,0.93,0.0,29.33809523809524,18.01551724137931,70.0,0.2088888888888889
equal_bargaining__000,equal_bargaining,K_SS,304,24.066179375740813,1.35,15.0,44.473684210526315,18.75728155339806,70.0,0.21222222222222223
equal_bargaining__001,equal_bargaining,K_SS,304,26.867344922955354,1.42,27.0,48.00956937799043,21.367313915857604,68.0,0.2088888888888889
equal_bargaining__002,equal_bargaining,K_SS,304,26.867344922955354,1.42,27.0,48.00956937799043,21.367313915857604,68.0,0.2088888888888889
equal_bargaining__003,equal_bargaining,K_SS,304,24.066179375740813,1.35,15.0,44.473684210526315,18.75728155339806,70.0,0.21222222222222223
equal_bargaining__004,equal_bargaining,K_SS,304,26.867344922955354,1.42,27.0,48.00956937799043,21.367313915857604,68.0,0.2088888888888889
equal_bargaining__005,equal_bargaining,K_SS,304,26.867344922955354,1.42,27.0,48.00956937799043,21.367313915857604,68.0,0.2088888888888889
equal_bargaining__006,equal_bargaining,K_SS,304,24.066179375740813,1.35,15.0,44.473684210526315,18.75728155339806,70.0,0.21222222222222223
equal_bargaining__007,equal_bargaining,K_SS,304,26.867344922955354,1.42,27.0,48.00956937799043,21.367313915857604,68.0,0.2088888888888889
equal_bargaining__008,equal_bargaining,K_SS,304,26.867344922955354,1.42,27.0,48.00956937799043,21.367313915857604,68.0,0.2088888888888889
equal_bargaining__000,equal_bargaining,K_SS,305,27.522348444633188,1.64,19.0,54.50761421319797,20.38568935427574,64.0,0.21444444444444444
equal_bargaining__001,equal_bargaining,K_SS,305,25.420426796899886,1.64,17.0,45.81725888324873,20.026178010471206,67.0,0.21222222222222223
equal_bargaining__002,equal_bargaining,K_SS,305,25.420426796899886,1.64,17.0,45.81725888324873,20.026178010471206,67.0,0.21222222222222223
equal_bargaining__003,equal_bargaining,K_SS,305,27.522348444633188,1.64,19.0,54.50761421319797,20.38568935427574,64.0,0.21444444444444444
equal_bargaining__004,equal_bargaining,K_SS,305,25.420426796899886,1.64,17.0,45.81725888324873,20.026178010471206,67.0,0.21222222222222223
equal_bargaining__005,equal_bargaining,K_SS,305,25.420426796899886,1.64,17.0,45.81725888324873,20.026178010471206,67.0,0.21222222222222223
equal_bargaining__006,equal_bargaining,K_SS,305,27.522348444633188,1.64,19.0,54.50761421319797,20.38568935427574,64.0,0.21444444444444444
equal_bargaining__007,equal_bargaining,K_SS,305,25.420426796899886,1.64,17.0,45.81725888324873,20.026178010471206,67.0,0.21222222222222223
equal_bargaining__008,equal_bargaining,K_SS,305,25.420426796899886,1.64,17.0,45.81725888324873,20.026178010471206,67.0,0.21222222222222223
fixed_time__000,fixed_time,K_SS,301,23.0257711038961,0.97,0.0,47.3448275862069,16.717607973421927,68.0,0.15555555555555556
fixed_time__001,fixed_time,K_SS,301,33.21296672077922,1.84,80.0,97.47783251231527,16.543189368770765,61.0,0.14
fixed_time__002,fixed_time,K_SS,301,49.85298295454546,2.92,175.0,174.82266009852216,17.43687707641196,50.0,0.11666666666666667
fixed_time__003,fixed_time,K_SS,301,43.8070211038961,2.23,150.0,131.5270935960591,21.0531561461794,40.0,0.09333333333333334
fixed_time__004,fixed_time,K_SS,301,47.53327922077922,2.35,151.0,133.08374384236453,25.3421926910299,34.0,0.07777777777777778
fixed_time__005,fixed_time,K_SS,301,48.15482954545454,2.03,129.0,111.5615763546798,31.707641196013288,25.0,0.057777777777777775
fixed_time__006,fixed_time,K_SS,301,18.048802759740262,0.53,0.0,16.527093596059114,18.443521594684384,82.0,0.18666666666666668
fixed_time__007,fixed_time,K_SS,301,25.203632305194805,0.74,0.0,12.54679802955665,28.48671096345515,76.0,0.17444444444444446
fixed_time__008,fixed_time,K_SS,301,23.961850649350648,0.71,0.0,13.901477832512315,26.571428571428573,68.0,0.15555555555555556
fixed_time__009,fixed_time,K_SS,301,20.277495941558442,0.6,0.0,17.536945812807883,20.988372093023255,61.0,0.14
fixed_time__010,fixed_time,K_SS,301,22.685876623376625,0.58,0.0,19.63054187192118,23.47840531561462,50.0,0.11666666666666667
fixed_time__011,fixed_time,K_SS,301,25.594054383116884,0.7,0.0,22.15270935960591,26.48671096345515,40.0,0.09333333333333334
fixed_time__012,fixed_time,K_SS,301,30.324776785714285,0.67,0.0,27.753694581280786,30.991694352159467,33.0,0.07777777777777778
fixed_time__013,fixed_time,K_SS,301,36.57386363636363,0.86,0.0,29.295566502463053,38.461794019933556,25.0,0.057777777777777775
fixed_time__000,fixed_time,K_SS,302,19.71111798679868,0.72,0.0,33.725,16.069256756756758,68.0,0.15555555555555556
fixed_time__001,fixed_time,K_SS,302,28.242367986798683,1.22,33.0,75.65,15.922297297297296,61.0,0.14
fixed_time__002,fixed_time,K_SS,302,45.2364892739274,2.62,148.0,150.985,17.75506756756757,50.0,0.11666666666666667
fixed_time__003,fixed_time,K_SS,302,38.24762788778878,1.79,120.0,106.04,20.63006756756757,40.0,0.09333333333333334
fixed_time__004,fixed_time,K_SS,302,40.024339933993396,1.8,119.0,104.52,23.263513513513512,34.0,0.07777777777777778
fixed_time__005,fixed_time,K_SS,302,42.661509900990104,1.72,74.0,89.42,30.510135135135137,25.0,0.057777777777777775
fixed_time__006,fixed_time,K_SS,302,15.81239686468647,0.61,0.0,14.2,16.23141891891892,82.0,0.18666666666666668
fixed_time__007,fixed_time,K_SS,302,20.895214521452143,0.77,0.0,12.185,23.158783783783782,76.0,0.17444444444444446
fixed_time__008,fixed_time,K_SS,302,20.06549092409241,0.62,0.0,11.38,22.322635135135137,68.0,0.15555555555555556
fixed_time__009,fixed_time,K_SS,302,18.483498349834985,0.58,0.0,14.78,19.445945945945947,61.0,0.14
fixed_time__010,fixed_time,K_SS,302,22.00082508250825,0.79,0.0,17.61,23.14189189189189,50.0,0.11666666666666667
fixed_time__011,fixed_time,K_SS,302,23.589315181518153,0.78,0.0,17.615,25.14189189189189,40.0,0.09333333333333334
fixed_time__012,fixed_time,K_SS,302,27.7098803630363,0.66,0.0,26.405,28.048986486486488,33.0,0.07777777777777778
fixed_time__013,fixed_time,K_SS,302,37.070028877887786,0.86,0.0,35.175,37.5625,25.0,0.057777777777777775
fixed_time__000,fixed_time,K_SS,303,22.76026970954357,1.0,0.0,48.25238095238095,15.660344827586206,68.0,0.15555555555555556
fixed_time__001,fixed_time,K_SS,303,32.799066390041496,1.96,88.0,94.22380952380952,15.691379310344828,61.0,0.14
fixed_time__002,fixed_time,K_SS,303,52.63578838174274,3.29,158.0,173.5095238095238,18.970689655172414,50.0,0.11666666666666667
fixed_time__003,fixed_time,K_SS,303,45.626763485477184,2.45,131.0,131.3,21.76551724137931,40.0,0.09333333333333334
fixed_time__004,fixed_time,K_SS,303,47.376348547717846,2.58,136.0,133.1904761904762,23.47586206896552,34.0,0.07777777777777778
fixed_time__005,fixed_time,K_SS,303,50.41856846473029,2.28,126.0,115.9,32.18103448275862,25.0,0.057777777777777775
fixed_time__006,fixed_time,K_SS,303,15.177800829875519,0.46,0.0,13.290476190476191,15.703448275862069,82.0,0.18666666666666668
fixed_time__007,fixed_time,K_SS,303,17.95342323651452,0.66,0.0,11.614285714285714,19.71896551724138,76.0,0.17444444444444446
fixed_time__008,fixed_time,K_SS,303,19.65435684647303,0.65,0.0,13.547619047619047,21.355172413793102,68.0,0.15555555555555556
fixed_time__009,fixed_time,K_SS,303,18.52946058091286,0.5,0.0,17.84285714285714,18.720689655172414,61.0,0.14
fixed_time__010,fixed_time,K_SS,303,22.070746887966806,0.62,0.0,18.64761904761905,23.02413793103448,50.0,0.11666666666666667
fixed_time__011,fixed_time,K_SS,303,25.333817427385895,0.56,0.0,23.152380952380952,25.94137931034483,40.0,0.09333333333333334
fixed_time__012,fixed_time,K_SS,303,28.163589211618262,0.65,0.0,27.333333333333332,28.394827586206898,33.0,0.07777777777777778
fixed_time__013,fixed_time,K_SS,303,38.18174273858921,0.86,0.0,32.43333333333333,39.782758620689656,25.0,0.057777777777777775
fixed_time__000,fixed_time,K_SS,304,26.281904385618336,1.19,31.0,66.377990430622,15.851132686084142,68.0,0.15555555555555556
fixed_time__001,fixed_time,K_SS,304,38.01580403002765,2.19,125.0,119.5598086124402,16.802588996763753,61.0,0.14
fixed_time__002,fixed_time,K_SS,304,55.206637692611615,3.53,188.0,194.68421052631578,18.92233009708738,50.0,0.11666666666666667
fixed_time__003,fixed_time,K_SS,304,49.735381272224416,2.8,174.0,156.7177033492823,21.90453074433657,40.0,0.09333333333333334
fixed_time__004,fixed_time,K_SS,304,50.04632556301856,2.88,171.0,154.14354066985646,22.966019417475728,34.0,0.07777777777777778
fixed_time__005,fixed_time,K_SS,304,53.21700908731727,2.42,151.0,133.23923444976077,32.39967637540453,25.0,0.057777777777777775
fixed_time__006,fixed_time,K_SS,304,18.218391939944684,0.62,0.0,17.708133971291865,18.351132686084142,82.0,0.18666666666666668
fixed_time__007,fixed_time,K_SS,304,21.463650730936394,0.73,0.0,11.813397129186603,23.97411003236246,76.0,0.17444444444444446
fixed_time__008,fixed_time,K_SS,304,21.28704069537732,0.78,0.0,14.47846889952153,23.058252427184467,68.0,0.15555555555555556
fixed_time__009,fixed_time,K_SS,304,19.889766890557095,0.66,0.0,17.48803827751196,20.514563106796118,61.0,0.14
fixed_time__010,fixed_time,K_SS,304,23.092947451600157,0.75,0.0,17.933014354066987,24.43527508090615,50.0,0.11666666666666667
fixed_time__011,fixed_time,K_SS,304,27.64766890557092,0.75,0.0,22.86602870813397,28.8915857605178,40.0,0.09333333333333334
fixed_time__012,fixed_time,K_SS,304,28.0717107862505,0.74,0.0,27.215311004784688,28.294498381877023,33.0,0.07777777777777778
fixed_time__013,fixed_time,K_SS,304,38.795535361517196,0.96,0.0,33.2200956937799,40.24595469255664,25.0,0.057777777777777775
fixed_time__000,fixed_time,K_SS,305,19.845418834271157,0.83,0.0,35.045685279187815,15.825479930191973,68.0,0.15555555555555556
fixed_time__001,fixed_time,K_SS,305,29.46830873765793,1.67,54.0,80.22335025380711,16.045375218150088,61.0,0.14
fixed_time__002,fixed_time,K_SS,305,46.260006370102985,2.73,149.0,155.71065989847716,17.31413612565445,50.0,0.11666666666666667
fixed_time__003,fixed_time,K_SS,305,41.12708355451746,2.12,109.0,110.96954314720813,22.656195462478184,40.0,0.09333333333333334
fixed_time__004,fixed_time,K_SS,305,40.67087801252787,2.11,89.0,100.07106598984771,24.961605584642236,34.0,0.07777777777777778
fixed_time__005,fixed_time,K_SS,305,40.29090136957214,1.81,67.0,80.78680203045685,29.581151832460733,25.0,0.057777777777777775
fixed_time__006,fixed_time,K_SS,305,16.180486251194395,0.45,0.0,16.86294416243655,16.0,82.0,0.18666666666666668
fixed_time__007,fixed_time,K_SS,305,18.20724068372439,0.55,0.0,12.761421319796954,19.647469458987782,76.0,0.17444444444444446
fixed_time__008,fixed_time,K_SS,305,19.384117209894896,0.54,0.0,14.791878172588833,20.598603839441537,68.0,0.15555555555555556
fixed_time__009,fixed_time,K_SS,305,18.57766217220512,0.53,0.0,16.558375634517766,19.111692844677137,61.0,0.14
fixed_time__010,fixed_time,K_SS,305,21.664189404395373,0.59,0.0,19.477157360406093,22.24258289703316,50.0,0.11666666666666667
fixed_time__011,fixed_time,K_SS,305,26.44909226032488,0.66,0.0,21.482233502538072,27.762652705061083,40.0,0.09333333333333334
fixed_time__012,fixed_time,K_SS,305,29.707612273065084,0.68,0.0,28.918781725888326,29.916230366492147,33.0,0.07777777777777778
fixed_time__013,fixed_time,K_SS,305,34.953710584987796,0.86,0.0,28.918781725888326,36.54973821989529,25.0,0.057777777777777775
efficiency__000,efficiency,K_XX,301,12.157775426930632,0.66,0.0,13.020979020979022,11.919799498746867,81.0,0.1988888888888889
efficiency__001,efficiency,K_XX,301,12.157775426930632,0.66,0.0,13.020979020979022,11.919799498746867,81.0,0.1988888888888889
efficiency__002,efficiency,K_XX,301,12.157775426930632,0.66,0.0,13.020979020979022,11.919799498746867,81.0,0.1988888888888889
efficiency__003,efficiency,K_XX,301,12.157775426930632,0.66,0.0,13.020979020979022,11.919799498746867,81.0,0.1988888888888889
efficiency__004,efficiency,K_XX,301,12.157775426930632,0.66,0.0,13.020979020979022,11.919799498746867,81.0,0.1988888888888889
efficiency__005,efficiency,K_XX,301,12.157775426930632,0.66,0.0,13.020979020979022,11.919799498746867,81.0,0.1988888888888889
efficiency__006,efficiency,K_XX,301,12.157775426930632,0.66,0.0,13.020979020979022,11.919799498746867,81.0,0.1988888888888889
efficiency__007,efficiency,K_XX,301,12.157775426930632,0.66,0.0,13.020979020979022,11.919799498746867,81.0,0.1988888888888889
efficiency__008,efficiency,K_XX,301,12.157775426930632,0.66,0.0,13.020979020979022,11.919799498746867,81.0,0.1988888888888889
efficiency__009,efficiency,K_XX,301,12.157775426930632,0.66,0.0,13.020979020979022,11.919799498746867,81.0,0.1988888888888889
efficiency__010,efficiency,K_XX,301,12.157775426930632,0.66,0.0,13.020979020979022,11.919799498746867,81.0,0.1988888888888889
efficiency__011,efficiency,K_XX,301,12.157775426930632,0.66,0.0,13.020979020979022,11.919799498746867,81.0,0.1988888888888889
efficiency__012,efficiency,K_XX,301,12.157775426930632,0.66,0.0,13.020979020979022,11.919799498746867,81.0,0.1988888888888889
efficiency__013,efficiency,K_XX,301,12.157775426930632,0.66,0.0,13.020979020979022,11.919799498746867,81.0,0.1988888888888889
efficiency__014,efficiency,K_XX,301,12.157775426930632,0.66,0.0,13.020979020979022,11.919799498746867,81.0,0.1988888888888889
efficiency__015,efficiency,K_XX,301,12.157775426930632,0.66,0.0,13.020979020979022,11.919799498746867,81.0,0.1988888888888889
efficiency__016,efficiency,K_XX,301,12.157775426930632,0.66,0.0,13.020979020979022,11.919799498746867,81.0,0.1988888888888889
efficiency__017,efficiency,K_XX,301,12.157775426930632,0.66,0.0,13.020979020979022,11.919799498746867,81.0,0.1988888888888889
efficiency__018,efficiency,K_XX,301,12.157775426930632,0.66,0.0,13.020979020979022,11.919799498746867,81.0,0.1988888888888889
efficiency__019,efficiency,K_XX,301,12.157775426930632,0.66,0.0,13.020979020979022,11.919799498746867,81.0,0.1988888888888889
efficiency__020,efficiency,K_XX,301,12.157775426930632,0.66,0.0,13.020979020979022,11.919799498746867,81.0,0.1988888888888889
efficiency__021,efficiency,K_XX,301,12.157775426930632,0.66,0.0,13.020979020979022,11.919799498746867,81.0,0.1988888888888889
efficiency__022,efficiency,K_XX,301,12.157775426930632,0.66,0.0,13.020979020979022,11.919799498746867,81.0,0.1988888888888889
efficiency__023,efficiency,K_XX,301,12.157775426930632,0.66,0.0,13.020979020979022,11.919799498746867,81.0,0.1988888888888889
efficiency__024,efficiency,K_XX,301,12.157775426930632,0.66,0.0,13.020979020979022,11.919799498746867,81.0,0.1988888888888889
efficiency__025,efficiency,K_XX,301,12.157775426930632,0.66,0.0,13.020979020979022,11.919799498746867,81.0,0.1988888888888889
efficiency__026,efficiency,K_XX,301,12.157775426930632,0.66,0.0,13.020979020979022,11.919799498746867,81.0,0.1988888888888889
efficiency__000,efficiency,K_XX,302,12.92886900169727,0.5,0.0,14.986206896551725,12.335917312661499,81.0,0.20333333333333334
efficiency__001,efficiency,K_XX,302,12.92886900169727,0.5,0.0,14.986206896551725,12.335917312661499,81.0,0.20333333333333334
efficiency__002,efficiency,K_XX,302,12.92886900169727,0.5,0.0,14.986206896551725,12.335917312661499,81.0,0.20333333333333334
efficiency__003,efficiency,K_XX,302,12.92886900169727,0.5,0.0,14.986206896551725,12.335917312661499,81.0,0.20333333333333334
efficiency__004,efficiency,K_XX,302,12.92886900169727,0.5,0.0,14.986206896551725,12.335917312661499,81.0,0.20333333333333334
efficiency__005,efficiency,K_XX,302,12.92886900169727,0.5,0.0,14.986206896551725,12.335917312661499,81.0,0.20333333333333334
efficiency__006,efficiency,K_XX,302,12.92886900169727,0.5,0.0,14.986206896551725,12.335917312661499,81.0,0.20333333333333334
efficiency__007,efficiency,K_XX,302,12.92886900169727,0.5,0.0,14.986206896551725,12.335917312661499,81.0,0.20333333333333334
efficiency__008,efficiency,K_XX,302,12.92886900169727,0.5,0.0,14.986206896551725,12.335917312661499,81.0,0.20333333333333334
efficiency__009,efficiency,K_XX,302,12.92886900169727,0.5,0.0,14.986206896551725,12.335917312661499,81.0,0.20333333333333334
efficiency__010,efficiency,K_XX,302,12.92886900169727,0.5,0.0,14.986206896551725,12.335917312661499,81.0,0.20333333333333334
efficiency__011,efficiency,K_XX,302,12.92886900169727,0.5,0.0,14.986206896551725,12.335917312661499,81.0,0.20333333333333334
efficiency__012,efficiency,K_XX,302,12.92886900169727,0.5,0.0,14.986206896551725,12.335917312661499,81.0,0.20333333333333334
efficiency__013,efficiency,K_XX,302,12.92886900169727,0.5,0.0,14.986206896551725,12.335917312661499,81.0,0.20333333333333334
efficiency__014,efficiency,K_XX,302,12.92886900169727,0.5,0.0,14.986206896551725,12.335917312661499,81.0,0.20333333333333334
efficiency__015,efficiency,K_XX,302,12.92886900169727,0.5,0.0,14.986206896551725,12.335917312661499,81.0,0.20333333333333334
efficiency__016,efficiency,K_XX,302,12.92886900169727,0.5,0.0,14.986206896551725,12.335917312661499,81.0,0.20333333333333334
efficiency__017,efficiency,K_XX,302,12.92886900169727,0.5,0.0,14.986206896551725,12.335917312661499,81.0,0.20333333333333334
efficiency__018,efficiency,K_XX,302,12.92886900169727,0.5,0.0,14.986206896551725,12.335917312661499,81.0,0.20333333333333334
efficiency__019,efficiency,K_XX,302,12.92886900169727,0.5,0.0,14.986206896551725,12.335917312661499,81.0,0.20333333333333334
efficiency__020,efficiency,K_XX,302,12.92886900169727,0.5,0.0,14.986206896551725,12.335917312661499,81.0,0.20333333333333334
efficiency__021,efficiency,K_XX,302,12.92886900169727,0.5,0.0,14.986206896551725,12.335917312661499,81.0,0.20333333333333334
efficiency__022,efficiency,K_XX,302,12.92886900169727,0.5,0.0,14.986206896551725,12.335917312661499,81.0,0.20333333333333334
efficiency__023,efficiency,K_XX,302,12.92886900169727,0.5,0.0,14.986206896551725,12.335917312661499,81.0,0.20333333333333334
efficiency__024,efficiency,K_XX,302,12.92886900169727,0.5,0.0,14.986206896551725,12.335917312661499,81.0,0.20333333333333334
efficiency__025,efficiency,K_XX,302,12.92886900169727,0.5,0.0,14.986206896551725,12.335917312661499,81.0,0.20333333333333334
efficiency__026,efficiency,K_XX,302,12.92886900169727,0.5,0.0,14.986206896551725,12.335917312661499,81.0,0.20333333333333334
efficiency__000,efficiency,K_XX,303,13.00473302765863,0.42,0.0,15.197278911564625,12.395577395577396,81.0,0.20333333333333334
efficiency__001,efficiency,K_XX,303,13.00473302765863,0.42,0.0,15.197278911564625,12.395577395577396,81.0,0.20333333333333334
efficiency__002,efficiency,K_XX,303,13.00473302765863,0.42,0.0,15.197278911564625,12.395577395577396,81.0,0.20333333333333334
efficiency__003,efficiency,K_XX,303,13.00473302765863,0.42,0.0,15.197278911564625,12.395577395577396,81.0,0.20333333333333334
efficiency__004,efficiency,K_XX,303,13.00473302765863,0.42,0.0,15.197278911564625,12.395577395577396,81.0,0.20333333333333334
efficiency__005,efficiency,K_XX,303,13.00473302765863,0.42,0.0,15.197278911564625,12.395577395577396,81.0,0.20333333333333334
efficiency__006,efficiency,K_XX,303,13.00473302765863,0.42,0.0,15.197278911564625,12.395577395577396,81.0,0.20333333333333334
efficiency__007,efficiency,K_XX,303,13.00473302765863,0.42,0.0,15.197278911564625,12.395577395577396,81.0,0.20333333333333334
efficiency__008,efficiency,K_XX,303,13.00473302765863,0.42,0.0,15.197278911564625,12.395577395577396,81.0,0.20333333333333334
efficiency__009,efficiency,K_XX,303,13.00473302765863,0.42,0.0,15.197278911564625,12.395577395577396,81.0,0.20333333333333334
efficiency__010,efficiency,K_XX,303,13.00473302765863,0.42,0.0,15.197278911564625,12.395577395577396,81.0,0.20333333333333334
efficiency__011,efficiency,K_XX,303,13.00473302765863,0.42,0.0,15.197278911564625,12.395577395577396,81.0,0.20333333333333334
efficiency__012,efficiency,K_XX,303,13.00473302765863,0.42,0.0,15.197278911564625,12.395577395577396,81.0,0.20333333333333334
efficiency__013,efficiency,K_XX,303,13.00473302765863,0.42,0.0,15.197278911564625,12.395577395577396,81.0,0.20333333333333334
efficiency__014,efficiency,K_XX,303,13.00473302765863,0.42,0.0,15.197278911564625,12.395577395577396,81.0,0.20333333333333334
efficiency__015,efficiency,K_XX,303,13.00473302765863,0.42,0.0,15.197278911564625,12.395577395577396,81.0,0.20333333333333334
efficiency__016,efficiency,K_XX,303,13.00473302765863,0.42,0.0,15.197278911564625,12.395577395577396,81.0,0.20333333333333334
efficiency__017,efficiency,K_XX,303,13.00473302765863,0.42,0.0,15.197278911564625,12.395577395577396,81.0,0.20333333333333334
efficiency__018,efficiency,K_XX,303,13.00473302765863,0.42,0.0,15.197278911564625,12.395577395577396,81.0,0.20333333333333334
efficiency__019,efficiency,K_XX,303,13.00473302765863,0.42,0.0,15.197278911564625,12.395577395577396,81.0,0.20333333333333334
efficiency__020,efficiency,K_XX,303,13.00473302765863,0.42,0.0,15.197278911564625,12.395577395577396,81.0,0.20333333333333334
efficiency__021,efficiency,K_XX,303,13.00473302765863,0.42,0.0,15.197278911564625,12.395577395577396,81.0,0.20333333333333334
efficiency__022,efficiency,K_XX,303,13.00473302765863,0.42,0.0,15.197278911564625,12.395577395577396,81.0,0.20333333333333334
efficiency__023,efficiency,K_XX,303,13.00473302765863,0.42,0.0,15.197278911564625,12.395577395577396,81.0,0.20333333333333334
efficiency__024,efficiency,K_XX,303,13.00473302765863,0.42,0.0,15.197278911564625,12.395577395577396,81.0,0.20333333333333334
efficiency__025,efficiency,K_XX,303,13.00473302765863,0.42,0.0,15.197278911564625,12.395577395577396,81.0,0.20333333333333334
efficiency__026,efficiency,K_XX,303,13.00473302765863,0.42,0.0,15.197278911564625,12.395577395577396,81.0,0.20333333333333334
efficiency__000,efficiency,K_XX,304,13.07302601551803,0.55,0.0,14.975609756097562,12.635036496350365,81.0,0.21
efficiency__001,efficiency,K_XX,304,13.07302601551803,0.55,0.0,14.975609756097562,12.635036496350365,81.0,0.21
efficiency__002,efficiency,K_XX,304,13.07302601551803,0.55,0.0,14.975609756097562,12.635036496350365,81.0,0.21
efficiency__003,efficiency,K_XX,304,13.07302601551803,0.55,0.0,14.975609756097562,12.635036496350365,81.0,0.21
efficiency__004,efficiency,K_XX,304,13.07302601551803,0.55,0.0,14.975609756097562,12.635036496350365,81.0,0.21
efficiency__005,efficiency,K_XX,304,13.07302601551803,0.55,0.0,14.975609756097562,12.635036496350365,81.0,0.21
efficiency__006,efficiency,K_XX,304,13.07302601551803,0.55,0.0,14.975609756097562,12.635036496350365,81.0,0.21
efficiency__007,efficiency,K_XX,304,13.07302601551803,0.55,0.0,14.975609756097562,12.635036496350365,81.0,0.21
efficiency__008,efficiency,K_XX,304,13.07302601551803,0.55,0.0,14.975609756097562,12.635036496350365,81.0,0.21
efficiency__009,efficiency,K_XX,304,13.07302601551803,0.55,0.0,14.975609756097562,12.635036496350365,81.0,0.21
efficiency__010,efficiency,K_XX,304,13.07302601551803,0.55,0.0,14.975609756097562,12.635036496350365,81.0,0.21
efficiency__011,efficiency,K_XX,304,13.07302601551803,0.55,0.0,14.975609756097562,12.635036496350365,81.0,0.21
efficiency__012,efficiency,K_XX,304,13.07302601551803,0.55,0.0,14.975609756097562,12.635036496350365,81.0,0.21
efficiency__013,efficiency,K_XX,304,13.07302601551803,0.55,0.0,14.975609756097562,12.635036496350365,81.0,0.21
efficiency__014,efficiency,K_XX,304,13.07302601551803,0.55,0.0,14.975609756097562,12.635036496350365,81.0,0.21
efficiency__015,efficiency,K_XX,304,13.07302601551803,0.55,0.0,14.975609756097562,12.635036496350365,81.0,0.21
efficiency__016,efficiency,K_XX,304,13.07302601551803,0.55,0.0,14.975609756097562,12.635036496350365,81.0,0.21
efficiency__017,efficiency,K_XX,304,13.07302601551803,0.55,0.0,14.975609756097562,12.635036496350365,81.0,0.21
efficiency__018,efficiency,K_XX,304,13.07302601551803,0.55,0.0,14.975609756097562,12.635036496350365,81.0,0.21
efficiency__019,efficiency,K_XX,304,13.07302601551803,0.55,0.0,14.975609756097562,12.635036496350365,81.0,0.21
efficiency__020,efficiency,K_XX,304,13.07302601551803,0.55,0.0,14.975609756097562,12.635036496350365,81.0,0.21
efficiency__021,efficiency,K_XX,304,13.07302601551803,0.55,0.0,14.975609756097562,12.635036496350365,81.0,0.21
efficiency__022,efficiency,K_XX,304,13.07302601551803,0.55,0.0,14.975609756097562,12.635036496350365,81.0,0.21
efficiency__023,efficiency,K_XX,304,13.07302601551803,0.55,0.0,14.975609756097562,12.635036496350365,81.0,0.21
efficiency__024,efficiency,K_XX,304,13.07302601551803,0.55,0.0,14.975609756097562,12.635036496350365,81.0,0.21
efficiency__025,efficiency,K_XX,304,13.07302601551803,0.55,0.0,14.975609756097562,12.635036496350365,81.0,0.21
efficiency__026,efficiency,K_XX,304,13.07302601551803,0.55,0.0,14.975609756097562,12.635036496350365,81.0,0.21
efficiency__000,efficiency,K_XX,305,12.406283524904214,0.5,0.0,13.93525179856115,11.99240506329114,81.0,0.20333333333333334
efficiency__001,efficiency,K_XX,305,12.406283524904214,0.5,0.0,13.93525179856115,11.99240506329114,81.0,0.20333333333333334
efficiency__002,efficiency,K_XX,305,12.406283524904214,0.5,0.0,13.93525179856115,11.99240506329114,81.0,0.20333333333333334
efficiency__003,efficiency,K_XX,305,12.617471264367815,0.53,0.0,16.46043165467626,11.577215189873417,80.0,0.20444444444444446
efficiency__004,efficiency,K_XX,305,12.617471264367815,0.53,0.0,16.46043165467626,11.577215189873417,80.0,0.20444444444444446
efficiency__005,efficiency,K_XX,305,12.617471264367815,0.53,0.0,16.46043165467626,11.577215189873417,80.0,0.20444444444444446
efficiency__006,efficiency,K_XX,305,12.617471264367815,0.53,0.0,16.46043165467626,11.577215189873417,80.0,0.20444444444444446
efficiency__007,efficiency,K_XX,305,12.617471264367815,0.53,0.0,16.46043165467626,11.577215189873417,80.0,0.20444444444444446
efficiency__008,efficiency,K_XX,305,12.617471264367815,0.53,0.0,16.46043165467626,11.577215189873417,80.0,0.20444444444444446
efficiency__009,efficiency,K_XX,305,12.406283524904214,0.5,0.0,13.93525179856115,11.99240506329114,81.0,0.20333333333333334
efficiency__010,efficiency,K_XX,305,12.406283524904214,0.5,0.0,13.93525179856115,11.99240506329114,81.0,0.20333333333333334
efficiency__011,efficiency,K_XX,305,12.406283524904214,0.5,0.0,13.93525179856115,11.99240506329114,81.0,0.20333333333333334
efficiency__012,efficiency,K_XX,305,12.617471264367815,0.53,0.0,16.46043165467626,11.577215189873417,80.0,0.20444444444444446
efficiency__013,efficiency,K_XX,305,12.617471264367815,0.53,0.0,16.46043165467626,11.577215189873417,80.0,0.20444444444444446
efficiency__014,efficiency,K_XX,305,12.617471264367815,0.53,0.0,16.46043165467626,11.577215189873417,80.0,0.20444444444444446
efficiency__015,efficiency,K_XX,305,12.617471264367815,0.53,0.0,16.46043165467626,11.577215189873417,80.0,0.20444444444444446
efficiency__016,efficiency,K_XX,305,12.617471264367815,0.53,0.0,16.46043165467626,11.577215189873417,80.0,0.20444444444444446
efficiency__017,efficiency,K_XX,305,12.617471264367815,0.53,0.0,16.46043165467626,11.577215189873417,80.0,0.20444444444444446
efficiency__018,efficiency,K_XX,305,12.406283524904214,0.5,0.0,13.93525179856115,11.99240506329114,81.0,0.20333333333333334
efficiency__019,efficiency,K_XX,305,12.406283524904214,0.5,0.0,13.93525179856115,11.99240506329114,81.0,0.20333333333333334
efficiency__020,efficiency,K_XX,305,12.406283524904214,0.5,0.0,13.93525179856115,11.99240506329114,81.0,0.20333333333333334
efficiency__021,efficiency,K_XX,305,12.617471264367815,0.53,0.0,16.46043165467626,11.577215189873417,80.0,0.20444444444444446
efficiency__022,efficiency,K_XX,305,12.617471264367815,0.53,0.0,16.46043165467626,11.577215189873417,80.0,0.20444444444444446
efficiency__023,efficiency,K_XX,305,12.617471264367815,0.53,0.0,16.46043165467626,11.577215189873417,80.0,0.20444444444444446
efficiency__024,efficiency,K_XX,305,12.617471264367815,0.53,0.0,16.46043165467626,11.577215189873417,80.0,0.20444444444444446
efficiency__025,efficiency,K_XX,305,12.617471264367815,0.53,0.0,16.46043165467626,11.577215189873417,80.0,0.20444444444444446
efficiency__026,efficiency,K_XX,305,12.617471264367815,0.53,0.0,16.46043165467626,11.577215189873417,80.0,0.20444444444444446
efpb__000,efpb,K_XX,301,13.233036119087197,0.54,0.0,18.95104895104895,11.656641604010025,80.0,0.2088888888888889
efpb__001,efpb,K_XX,301,13.463503098080698,0.81,0.0,17.517482517482517,12.345864661654135,79.0,0.20555555555555555
efpb__002,efpb,K_XX,301,12.951941967659058,0.66,0.0,21.104895104895103,10.704260651629072,79.0,0.21222222222222223
efpb__003,efpb,K_XX,301,13.347136164424963,0.75,0.0,19.524475524475523,11.644110275689224,79.0,0.20555555555555555
efpb__004,efpb,K_XX,301,12.397309959196008,0.56,0.0,14.356643356643357,11.857142857142858,80.0,0.2
efpb__005,efpb,K_XX,301,13.782983225026447,0.54,0.0,20.46853146853147,11.93984962406015,79.0,0.20666666666666667
efpb__006,efpb,K_XX,301,12.568837841922319,0.41,0.0,12.104895104895105,12.696741854636592,83.0,0.18777777777777777
efpb__007,efpb,K_XX,301,13.058636844491463,0.54,0.0,14.398601398601398,12.68922305764411,80.0,0.2
efpb__008,efpb,K_XX,301,12.568837841922319,0.41,0.0,12.104895104895105,12.696741854636592,83.0,0.18777777777777777
efpb__009,efpb,K_XX,301,12.568837841922319,0.41,0.0,12.104895104895105,12.696741854636592,83.0,0.18777777777777777
efpb__010,efpb,K_XX,301,14.012996826356357,0.76,0.0,20.86013986013986,12.12531328320802,79.0,0.20666666666666667
efpb__011,efpb,K_XX,301,12.568837841922319,0.41,0.0,12.104895104895105,12.696741854636592,83.0,0.18777777777777777
efpb__012,efpb,K_XX,301,14.012996826356357,0.76,0.0,20.86013986013986,12.12531328320802,79.0,0.20666666666666667
efpb__013,efpb,K_XX,301,13.782983225026447,0.54,0.0,20.46853146853147,11.93984962406015,79.0,0.20666666666666667
efpb__014,efpb,K_XX,301,12.568837841922319,0.41,0.0,12.104895104895105,12.696741854636592,83.0,0.18777777777777777
efpb__015,efpb,K_XX,301,12.951941967659058,0.66,0.0,21.104895104895103,10.704260651629072,79.0,0.21222222222222223
efpb__016,efpb,K_XX,301,13.782983225026447,0.54,0.0,20.46853146853147,11.93984962406015,79.0,0.20666666666666667
efpb__017,efpb,K_XX,301,12.568837841922319,0.41,0.0,12.104895104895105,12.696741854636592,83.0,0.18777777777777777
efpb__018,efpb,K_XX,301,12.568837841922319,0.41,0.0,12.104895104895105,12.696741854636592,83.0,0.18777777777777777
efpb__019,efpb,K_XX,301,13.171527882726307,0.84,0.0,17.02097902097902,12.110275689223057,80.0,0.20555555555555555
efpb__020,efpb,K_XX,301,12.349856430406529,0.67,0.0,14.755244755244755,11.68671679197995,80.0,0.2
efpb__021,efpb,K_XX,301,12.951941967659058,0.66,0.0,21.104895104895103,10.704260651629072,79.0,0.21222222222222223
efpb__022,efpb,K_XX,301,12.951941967659058,0.66,0.0,21.104895104895103,10.704260651629072,79.0,0.21222222222222223
efpb__023,efpb,K_XX,301,12.568837841922319,0.41,0.0,12.104895104895105,12.696741854636592,83.0,0.18777777777777777
efpb__024,efpb,K_XX,301,12.568837841922319,0.41,0.0,12.104895104895105,12.696741854636592,83.0,0.18777777777777777
efpb__025,efpb,K_XX,301,14.012996826356357,0.76,0.0,20.86013986013986,12.12531328320802,79.0,0.20666666666666667
efpb__026,efpb,K_XX,301,13.233036119087197,0.54,0.0,18.95104895104895,11.656641604010025,80.0,0.2088888888888889
efpb__027,efpb,K_XX,301,13.233036119087197,0.54,0.0,18.95104895104895,11.656641604010025,80.0,0.2088888888888889
efpb__028,efpb,K_XX,301,12.951941967659058,0.66,0.0,21.104895104895103,10.704260651629072,79.0,0.21222222222222223
efpb__029,efpb,K_XX,301,13.233036119087197,0.54,0.0,18.95104895104895,11.656641604010025,80.0,0.2088888888888889
efpb__000,efpb,K_XX,302,13.635087177904646,0.52,0.0,18.06206896551724,12.359173126614987,79.0,0.2111111111111111
efpb__001,efpb,K_XX,302,14.198271871624751,0.79,0.0,21.47586206896552,12.10077519379845,78.0,0.20555555555555555
efpb__002,efpb,K_XX,302,14.042740317852184,0.75,0.0,19.131034482758622,12.576227390180879,79.0,0.2111111111111111
efpb__003,efpb,K_XX,302,14.042740317852184,0.75,0.0,19.131034482758622,12.576227390180879,79.0,0.2111111111111111
efpb__004,efpb,K_XX,302,13.91066193488659,0.53,0.0,18.110344827586207,12.700258397932817,79.0,0.21333333333333335
efpb__005,efpb,K_XX,302,13.492362289770096,0.54,0.0,17.73793103448276,12.268733850129198,79.0,0.20777777777777778
efpb__006,efpb,K_XX,302,13.369696034562569,0.42,0.0,13.827586206896552,13.237726098191214,82.0,0.19111111111111112
efpb__007,efpb,K_XX,302,13.385434346551458,0.54,0.0,17.896551724137932,12.085271317829458,79.0,0.20444444444444446
efpb__008,efpb,K_XX,302,13.421848480172814,0.74,0.0,17.593103448275862,12.219638242894057,82.0,0.19666666666666666
efpb__009,efpb,K_XX,302,13.421848480172814,0.74,0.0,17.593103448275862,12.219638242894057,82.0,0.19666666666666666
efpb__010,efpb,K_XX,302,14.08949236228977,0.68,0.0,21.30344827586207,12.010335917312661,77.0,0.20777777777777778
efpb__011,efpb,K_XX,302,13.421848480172814,0.74,0.0,17.593103448275862,12.219638242894057,82.0,0.19666666666666666
efpb__012,efpb,K_XX,302,14.08949236228977,0.68,0.0,21.30344827586207,12.010335917312661,77.0,0.20777777777777778
efpb__013,efpb,K_XX,302,13.492362289770096,0.54,0.0,17.73793103448276,12.268733850129198,79.0,0.20777777777777778
efpb__014,efpb,K_XX,302,13.369696034562569,0.42,0.0,13.827586206896552,13.237726098191214,82.0,0.19111111111111112
efpb__015,efpb,K_XX,302,14.042740317852184,0.75,0.0,19.131034482758622,12.576227390180879,79.0,0.2111111111111111
efpb__016,efpb,K_XX,302,13.492362289770096,0.54,0.0,17.73793103448276,12.268733850129198,79.0,0.20777777777777778
efpb__017,efpb,K_XX,302,13.421848480172814,0.74,0.0,17.593103448275862,12.219638242894057,82.0,0.19666666666666666
efpb__018,efpb,K_XX,302,13.421848480172814,0.74,0.0,17.593103448275862,12.219638242894057,82.0,0.19666666666666666
efpb__019,efpb,K_XX,302,14.198271871624751,0.79,0.0,21.47586206896552,12.10077519379845,78.0,0.20555555555555555
efpb__020,efpb,K_XX,302,14.198271871624751,0.79,0.0,21.47586206896552,12.10077519379845,78.0,0.20555555555555555
efpb__021,efpb,K_XX,302,14.042740317852184,0.75,0.0,19.131034482758622,12.576227390180879,79.0,0.2111111111111111
efpb__022,efpb,K_XX,302,14.042740317852184,0.75,0.0,19.131034482758622,12.576227390180879,79.0,0.2111111111111111
efpb__023,efpb,K_XX,302,13.369696034562569,0.42,0.0,13.827586206896552,13.237726098191214,82.0,0.19111111111111112
efpb__024,efpb,K_XX,302,13.369696034562569,0.42,0.0,13.827586206896552,13.237726098191214,82.0,0.19111111111111112
efpb__025,efpb,K_XX,302,13.860515352569047,0.77,0.0,20.620689655172413,11.912144702842378,78.0,0.2011111111111111
efpb__026,efpb,K_XX,302,13.635087177904646,0.52,0.0,18.06206896551724,12.359173126614987,79.0,0.2111111111111111
efpb__027,efpb,K_XX,302,13.710075605616417,0.53,0.0,19.00689655172414,12.18346253229974,79.0,0.21
efpb__028,efpb,K_XX,302,14.042740317852184,0.75,0.0,19.131034482758622,12.576227390180879,79.0,0.2111111111111111
efpb__029,efpb,K_XX,302,13.710075605616417,0.53,0.0,19.00689655172414,12.18346253229974,79.0,0.21
efpb__000,efpb,K_XX,303,13.061973080905192,0.51,0.0,17.857142857142858,11.72972972972973,78.0,0.2111111111111111
efpb__001,efpb,K_XX,303,15.232214169501553,0.76,0.0,25.61904761904762,12.346437346437346,75.0,0.22
efpb__002,efpb,K_XX,303,12.675935512498151,0.6,0.0,17.58503401360544,11.312039312039312,78.0,0.21
efpb__003,efpb,K_XX,303,12.675935512498151,0.6,0.0,17.58503401360544,11.312039312039312,78.0,0.21
efpb__004,efpb,K_XX,303,12.991273480254401,0.54,0.0,17.408163265306122,11.764127764127764,78.0,0.2111111111111111
efpb__005,efpb,K_XX,303,12.991273480254401,0.54,0.0,17.408163265306122,11.764127764127764,78.0,0.2111111111111111
efpb__006,efpb,K_XX,303,12.488389291524921,0.42,0.0,11.73469387755102,12.697788697788697,82.0,0.19111111111111112
efpb__007,efpb,K_XX,303,12.991273480254401,0.54,0.0,17.408163265306122,11.764127764127764,78.0,0.2111111111111111
efpb__008,efpb,K_XX,303,12.488389291524921,0.42,0.0,11.73469387755102,12.697788697788697,82.0,0.19111111111111112
efpb__009,efpb,K_XX,303,12.488389291524921,0.42,0.0,11.73469387755102,12.697788697788697,82.0,0.19111111111111112
efpb__010,efpb,K_XX,303,15.232214169501553,0.76,0.0,25.61904761904762,12.346437346437346,75.0,0.22
efpb__011,efpb,K_XX,303,12.488389291524921,0.42,0.0,11.73469387755102,12.697788697788697,82.0,0.19111111111111112
efpb__012,efpb,K_XX,303,15.232214169501553,0.76,0.0,25.61904761904762,12.346437346437346,75.0,0.22
efpb__013,efpb,K_XX,303,12.991273480254401,0.54,0.0,17.408163265306122,11.764127764127764,78.0,0.2111111111111111
efpb__014,efpb,K_XX,303,12.494601390326874,0.42,0.0,11.993197278911564,12.633906633906633,82.0,0.1922222222222222
efpb__015,efpb,K_XX,303,12.675935512498151,0.6,0.0,17.58503401360544,11.312039312039312,78.0,0.21
efpb__016,efpb,K_XX,303,12.991273480254401,0.54,0.0,17.408163265306122,11.764127764127764,78.0,0.2111111111111111
efpb__017,efpb,K_XX,303,12.488389291524921,0.42,0.0,11.73469387755102,12.697788697788697,82.0,0.19111111111111112
efpb__018,efpb,K_XX,303,12.488389291524921,0.42,0.0,11.73469387755102,12.697788697788697,82.0,0.19111111111111112
efpb__019,efpb,K_XX,303,15.232214169501553,0.76,0.0,25.61904761904762,12.346437346437346,75.0,0.22
efpb__020,efpb,K_XX,303,15.232214169501553,0.76,0.0,25.61904761904762,12.346437346437346,75.0,0.22
efpb__021,efpb,K_XX,303,12.675935512498151,0.6,0.0,17.58503401360544,11.312039312039312,78.0,0.21
efpb__022,efpb,K_XX,303,12.675935512498151,0.6,0.0,17.58503401360544,11.312039312039312,78.0,0.21
efpb__023,efpb,K_XX,303,12.488389291524921,0.42,0.0,11.73469387755102,12.697788697788697,82.0,0.19111111111111112
efpb__024,efpb,K_XX,303,12.488389291524921,0.42,0.0,11.73469387755102,12.697788697788697,82.0,0.19111111111111112
efpb__025,efpb,K_XX,303,15.212690430409705,0.76,0.0,24.68027210884354,12.582309582309582,76.0,0.21888888888888888
efpb__026,efpb,K_XX,303,13.061973080905192,0.51,0.0,17.857142857142858,11.72972972972973,78.0,0.2111111111111111
efpb__027,efpb,K_XX,303,13.061973080905192,0.51,0.0,17.857142857142858,11.72972972972973,78.0,0.2111111111111111
efpb__028,efpb,K_XX,303,12.675935512498151,0.6,0.0,17.58503401360544,11.312039312039312,78.0,0.21
efpb__029,efpb,K_XX,303,13.061973080905192,0.51,0.0,17.857142857142858,11.72972972972973,78.0,0.2111111111111111
efpb__000,efpb,K_XX,304,12.857294994675186,0.54,0.0,16.528455284552845,12.012165450121655,79.0,0.20666666666666667
efpb__001,efpb,K_XX,304,13.856838582078197,0.83,0.0,19.333333333333332,12.59610705596107,78.0,0.21777777777777776
efpb__002,efpb,K_XX,304,12.852274456108319,0.79,0.0,17.357723577235774,11.815085158150852,79.0,0.21222222222222223
efpb__003,efpb,K_XX,304,14.205537806176782,0.81,0.0,22.739837398373982,12.24087591240876,78.0,0.22
efpb__004,efpb,K_XX,304,13.49490339266697,0.51,0.0,17.853658536585368,12.491484184914842,80.0,0.21
efpb__005,efpb,K_XX,304,12.857294994675186,0.54,0.0,16.528455284552845,12.012165450121655,79.0,0.20666666666666667
efpb__006,efpb,K_XX,304,12.905522592423548,0.43,0.0,13.097560975609756,12.861313868613138,82.0,0.19333333333333333
efpb__007,efpb,K_XX,304,12.632587859424921,0.55,0.0,16.3739837398374,11.771289537712896,79.0,0.21666666666666667
efpb__008,efpb,K_XX,304,12.905522592423548,0.43,0.0,13.097560975609756,12.861313868613138,82.0,0.19333333333333333
efpb__009,efpb,K_XX,304,12.905522592423548,0.43,0.0,13.097560975609756,12.861313868613138,82.0,0.19333333333333333
efpb__010,efpb,K_XX,304,12.852274456108319,0.79,0.0,17.357723577235774,11.815085158150852,79.0,0.21222222222222223
efpb__011,efpb,K_XX,304,12.905522592423548,0.43,0.0,13.097560975609756,12.861313868613138,82.0,0.19333333333333333
efpb__012,efpb,K_XX,304,12.852274456108319,0.79,0.0,17.357723577235774,11.815085158150852,79.0,0.21222222222222223
efpb__013,efpb,K_XX,304,12.857294994675186,0.54,0.0,16.528455284552845,12.012165450121655,79.0,0.20666666666666667
efpb__014,efpb,K_XX,304,12.905522592423548,0.43,0.0,13.097560975609756,12.861313868613138,82.0,0.19333333333333333
efpb__015,efpb,K_XX,304,12.852274456108319,0.79,0.0,17.357723577235774,11.815085158150852,79.0,0.21222222222222223
efpb__016,efpb,K_XX,304,12.857294994675186,0.54,0.0,16.528455284552845,12.012165450121655,79.0,0.20666666666666667
efpb__017,efpb,K_XX,304,12.905522592423548,0.43,0.0,13.097560975609756,12.861313868613138,82.0,0.19333333333333333
efpb__018,efpb,K_XX,304,12.905522592423548,0.43,0.0,13.097560975609756,12.861313868613138,82.0,0.19333333333333333
efpb__019,efpb,K_XX,304,13.28099802221208,0.64,0.0,17.89430894308943,12.218978102189782,80.0,0.21
efpb__020,efpb,K_XX,304,14.148638369085655,0.83,0.0,18.926829268292682,13.048661800486618,80.0,0.21
efpb__021,efpb,K_XX,304,12.852274456108319,0.79,0.0,17.357723577235774,11.815085158150852,79.0,0.21222222222222223
efpb__022,efpb,K_XX,304,12.852274456108319,0.79,0.0,17.357723577235774,11.815085158150852,79.0,0.21222222222222223
efpb__023,efpb,K_XX,304,12.905522592423548,0.43,0.0,13.097560975609756,12.861313868613138,82.0,0.19333333333333333
efpb__024,efpb,K_XX,304,12.905522592423548,0.43,0.0,13.097560975609756,12.861313868613138,82.0,0.19333333333333333
efpb__025,efpb,K_XX,304,13.753537197626654,0.81,0.0,19.235772357723576,12.491484184914842,79.0,0.21333333333333335
efpb__026,efpb,K_XX,304,12.857294994675186,0.54,0.0,16.528455284552845,12.012165450121655,79.0,0.20666666666666667
efpb__027,efpb,K_XX,304,12.857294994675186,0.54,0.0,16.528455284552845,12.012165450121655,79.0,0.20666666666666667
efpb__028,efpb,K_XX,304,12.852274456108319,0.79,0.0,17.357723577235774,11.815085158150852,79.0,0.21222222222222223
efpb__029,efpb,K_XX,304,12.857294994675186,0.54,0.0,16.528455284552845,12.012165450121655,79.0,0.20666666666666667
efpb__000,efpb,K_XX,305,13.027739463601531,0.54,0.0,19.424460431654676,11.29620253164557,78.0,0.21333333333333335
efpb__001,efpb,K_XX,305,12.957394636015325,0.65,0.0,16.41007194244604,12.022784810126582,79.0,0.20555555555555555
efpb__002,efpb,K_XX,305,13.647356321839082,0.79,0.0,22.884892086330936,11.146835443037975,77.0,0.21333333333333335
efpb__003,efpb,K_XX,305,13.647356321839082,0.79,0.0,22.884892086330936,11.146835443037975,77.0,0.21333333333333335
efpb__004,efpb,K_XX,305,12.149272030651343,0.51,0.0,15.151079136690647,11.336708860759494,79.0,0.20555555555555555
efpb__005,efpb,K_XX,305,12.941455938697317,0.54,0.0,18.841726618705035,11.344303797468354,78.0,0.21333333333333335
efpb__006,efpb,K_XX,305,12.509578544061302,0.43,0.0,13.129496402877697,12.341772151898734,82.0,0.1922222222222222
efpb__007,efpb,K_XX,305,12.149272030651343,0.51,0.0,15.151079136690647,11.336708860759494,79.0,0.20555555555555555
efpb__008,efpb,K_XX,305,12.509578544061302,0.43,0.0,13.129496402877697,12.341772151898734,82.0,0.1922222222222222
efpb__009,efpb,K_XX,305,12.509578544061302,0.43,0.0,13.129496402877697,12.341772151898734,82.0,0.1922222222222222
efpb__010,efpb,K_XX,305,13.514636015325673,0.8,0.0,23.496402877697843,10.812658227848102,77.0,0.21555555555555556
efpb__011,efpb,K_XX,305,12.509578544061302,0.43,0.0,13.129496402877697,12.341772151898734,82.0,0.1922222222222222
efpb__012,efpb,K_XX,305,13.514636015325673,0.8,0.0,23.496402877697843,10.812658227848102,77.0,0.21555555555555556
efpb__013,efpb,K_XX,305,12.941455938697317,0.54,0.0,18.841726618705035,11.344303797468354,78.0,0.21333333333333335
efpb__014,efpb,K_XX,305,12.509578544061302,0.43,0.0,13.129496402877697,12.341772151898734,82.0,0.1922222222222222
efpb__015,efpb,K_XX,305,13.26758620689655,0.8,0.0,23.402877697841728,10.524050632911392,77.0,0.21888888888888888
efpb__016,efpb,K_XX,305,12.941455938697317,0.54,0.0,18.841726618705035,11.344303797468354,78.0,0.21333333333333335
efpb__017,efpb,K_XX,305,12.509578544061302,0.43,0.0,13.129496402877697,12.341772151898734,82.0,0.1922222222222222
efpb__018,efpb,K_XX,305,12.509578544061302,0.43,0.0,13.129496402877697,12.341772151898734,82.0,0.1922222222222222
efpb__019,efpb,K_XX,305,12.957394636015325,0.65,0.0,16.41007194244604,12.022784810126582,79.0,0.20555555555555555
efpb__020,efpb,K_XX,305,12.957394636015325,0.65,0.0,16.41007194244604,12.022784810126582,79.0,0.20555555555555555
efpb__021,efpb,K_XX,305,13.26758620689655,0.8,0.0,23.402877697841728,10.524050632911392,77.0,0.21888888888888888
efpb__022,efpb,K_XX,305,13.26758620689655,0.8,0.0,23.402877697841728,10.524050632911392,77.0,0.21888888888888888
efpb__023,efpb,K_XX,305,12.509578544061302,0.43,0.0,13.129496402877697,12.341772151898734,82.0,0.1922222222222222
efpb__024,efpb,K_XX,305,12.509578544061302,0.43,0.0,13.129496402877697,12.341772151898734,82.0,0.1922222222222222
efpb__025,efpb,K_XX,305,13.149425287356323,0.79,0.0,20.388489208633093,11.189873417721518,78.0,0.21222222222222223
efpb__026,efpb,K_XX,305,13.027739463601531,0.54,0.0,19.424460431654676,11.29620253164557,78.0,0.21333333333333335
efpb__027,efpb,K_XX,305,13.027739463601531,0.54,0.0,19.424460431654676,11.29620253164557,78.0,0.21333333333333335
efpb__028,efpb,K_XX,305,13.26758620689655,0.8,0.0,23.402877697841728,10.524050632911392,77.0,0.21888888888888888
efpb__029,efpb,K_XX,305,13.027739463601531,0.54,0.0,19.424460431654676,11.29620253164557,78.0,0.21333333333333335
equal_bargaining__000,equal_bargaining,K_XX,301,13.295753362551004,0.53,0.0,12.65034965034965,13.473684210526315,82.0,0.1811111111111111
equal_bargaining__001,equal_bargaining,K_XX,301,13.295753362551004,0.53,0.0,12.65034965034965,13.473684210526315,82.0,0.1811111111111111
equal_bargaining__002,equal_bargaining,K_XX,301,13.295753362551004,0.53,0.0,12.65034965034965,13.473684210526315,82.0,0.1811111111111111
equal_bargaining__003,equal_bargaining,K_XX,301,13.295753362551004,0.53,0.0,12.65034965034965,13.473684210526315,82.0,0.1811111111111111
equal_bargaining__004,equal_bargaining,K_XX,301,13.295753362551004,0.53,0.0,12.65034965034965,13.473684210526315,82.0,0.1811111111111111
equal_bargaining__005,equal_bargaining,K_XX,301,13.295753362551004,0.53,0.0,12.65034965034965,13.473684210526315,82.0,0.1811111111111111
equal_bargaining__006,equal_bargaining,K_XX,301,13.295753362551004,0.53,0.0,12.65034965034965,13.473684210526315,82.0,0.1811111111111111
equal_bargaining__007,equal_bargaining,K_XX,301,13.295753362551004,0.53,0.0,12.65034965034965,13.473684210526315,82.0,0.1811111111111111
equal_bargaining__008,equal_bargaining,K_XX,301,13.295753362551004,0.53,0.0,12.65034965034965,13.473684210526315,82.0,0.1811111111111111
equal_bargaining__000,equal_bargaining,K_XX,302,12.34408270328653,0.48,0.0,11.206896551724139,12.671834625322997,82.0,0.18
equal_bargaining__001,equal_bargaining,K_XX,302,12.34408270328653,0.48,0.0,11.206896551724139,12.671834625322997,82.0,0.18
equal_bargaining__002,equal_bargaining,K_XX,302,12.34408270328653,0.48,0.0,11.206896551724139,12.671834625322997,82.0,0.18
equal_bargaining__003,equal_bargaining,K_XX,302,12.34408270328653,0.48,0.0,11.206896551724139,12.671834625322997,82.0,0.18
equal_bargaining__004,equal_bargaining,K_XX,302,12.34408270328653,0.48,0.0,11.206896551724139,12.671834625322997,82.0,0.18
equal_bargaining__005,equal_bargaining,K_XX,302,12.34408270328653,0.48,0.0,11.206896551724139,12.671834625322997,82.0,0.18
equal_bargaining__006,equal_bargaining,K_XX,302,12.34408270328653,0.48,0.0,11.206896551724139,12.671834625322997,82.0,0.18
equal_bargaining__007,equal_bargaining,K_XX,302,12.34408270328653,0.48,0.0,11.206896551724139,12.671834625322997,82.0,0.18
equal_bargaining__008,equal_bargaining,K_XX,302,12.34408270328653,0.48,0.0,11.206896551724139,12.671834625322997,82.0,0.18
equal_bargaining__000,equal_bargaining,K_XX,303,14.122319183552726,0.7,0.0,14.571428571428571,13.997542997542997,80.0,0.1922222222222222
equal_bargaining__001,equal_bargaining,K_XX,303,14.122319183552726,0.7,0.0,14.571428571428571,13.997542997542997,80.0,0.1922222222222222
equal_bargaining__002,equal_bargaining,K_XX,303,14.122319183552726,0.7,0.0,14.571428571428571,13.997542997542997,80.0,0.1922222222222222
equal_bargaining__003,equal_bargaining,K_XX,303,14.122319183552726,0.7,0.0,14.571428571428571,13.997542997542997,80.0,0.1922222222222222
equal_bargaining__004,equal_bargaining,K_XX,303,14.122319183552726,0.7,0.0,14.571428571428571,13.997542997542997,80.0,0.1922222222222222
equal_bargaining__005,equal_bargaining,K_XX,303,14.122319183552726,0.7,0.0,14.571428571428571,13.997542997542997,80.0,0.1922222222222222
equal_bargaining__006,equal_bargaining,K_XX,303,14.122319183552726,0.7,0.0,14.571428571428571,13.997542997542997,80.0,0.1922222222222222
equal_bargaining__007,equal_bargaining,K_XX,303,14.122319183552726,0.7,0.0,14.571428571428571,13.997542997542997,80.0,0.1922222222222222
equal_bargaining__008,equal_bargaining,K_XX,303,14.122319183552726,0.7,0.0,14.571428571428571,13.997542997542997,80.0,0.1922222222222222
equal_bargaining__000,equal_bargaining,K_XX,304,12.734367868553173,0.52,0.0,11.707317073170731,12.97080291970803,81.0,0.19444444444444445
equal_bargaining__001,equal_bargaining,K_XX,304,12.734367868553173,0.52,0.0,11.707317073170731,12.97080291970803,81.0,0.19444444444444445
equal_bargaining__002,equal_bargaining,K_XX,304,12.734367868553173,0.52,0.0,11.707317073170731,12.97080291970803,81.0,0.19444444444444445
equal_bargaining__003,equal_bargaining,K_XX,304,12.734367868553173,0.52,0.0,11.707317073170731,12.97080291970803,81.0,0.19444444444444445
equal_bargaining__004,equal_bargaining,K_XX,304,12.734367868553173,0.52,0.0,11.707317073170731,12.97080291970803,81.0,0.19444444444444445
equal_bargaining__005,equal_bargaining,K_XX,304,12.734367868553173,0.52,0.0,11.707317073170731,12.97080291970803,81.0,0.19444444444444445
equal_bargaining__006,equal_bargaining,K_XX,304,12.734367868553173,0.52,0.0,11.707317073170731,12.97080291970803,81.0,0.19444444444444445
equal_bargaining__007,equal_bargaining,K_XX,304,12.734367868553173,0.52,0.0,11.707317073170731,12.97080291970803,81.0,0.19444444444444445
equal_bargaining__008,equal_bargaining,K_XX,304,12.734367868553173,0.52,0.0,11.707317073170731,12.97080291970803,81.0,0.19444444444444445
equal_bargaining__000,equal_bargaining,K_XX,305,11.913103448275862,0.43,0.0,12.143884892086332,11.850632911392404,81.0,0.19666666666666666
equal_bargaining__001,equal_bargaining,K_XX,305,11.913103448275862,0.43,0.0,12.143884892086332,11.850632911392404,81.0,0.19666666666666666
equal_bargaining__002,equal_bargaining,K_XX,305,11.913103448275862,0.43,0.0,12.143884892086332,11.850632911392404,81.0,0.19666666666666666
equal_bargaining__003,equal_bargaining,K_XX,305,11.913103448275862,0.43,0.0,12.143884892086332,11.850632911392404,81.0,0.19666666666666666
equal_bargaining__004,equal_bargaining,K_XX,305,11.913103448275862,0.43,0.0,12.143884892086332,11.850632911392404,81.0,0.19666666666666666
equal_bargaining__005,equal_bargaining,K_XX,305,11.913103448275862,0.43,0.0,12.143884892086332,11.850632911392404,81.0,0.19666666666666666
equal_bargaining__006,equal_bargaining,K_XX,305,11.913103448275862,0.43,0.0,12.143884892086332,11.850632911392404,81.0,0.19666666666666666
equal_bargaining__007,equal_bargaining,K_XX,305,11.913103448275862,0.43,0.0,12.143884892086332,11.850632911392404,81.0,0.19666666666666666
equal_bargaining__008,equal_bargaining,K_XX,305,11.913103448275862,0.43,0.0,12.143884892086332,11.850632911392404,81.0,0.19666666666666666
fixed_time__000,fixed_time,K_XX,301,14.781925343811395,0.35,0.0,15.818181818181818,14.496240601503759,68.0,0.15555555555555556
fixed_time__001,fixed_time,K_XX,301,15.742028109415141,0.45,0.0,20.524475524475523,14.423558897243108,61.0,0.14
fixed_time__002,fixed_time,K_XX,301,20.02070424663745,0.76,0.0,34.37762237762238,16.06265664160401,50.0,0.11666666666666667
fixed_time__003,fixed_time,K_XX,301,21.227142209460478,0.7,0.0,30.041958041958043,18.796992481203006,40.0,0.09333333333333334
fixed_time__004,fixed_time,K_XX,301,26.08175910533474,0.76,0.0,35.95104895104895,23.360902255639097,34.0,0.07777777777777778
fixed_time__005,fixed_time,K_XX,301,31.339126492368138,1.01,1.0,43.58741258741259,27.962406015037594,25.0,0.057777777777777775
fixed_time__006,fixed_time,K_XX,301,14.482998337615232,0.39,0.0,13.58041958041958,14.731829573934837,82.0,0.18666666666666668
fixed_time__007,fixed_time,K_XX,301,13.912951488589993,0.39,0.0,10.615384615384615,14.822055137844611,76.0,0.17444444444444446
fixed_time__008,fixed_time,K_XX,301,15.60601481033701,0.45,0.0,13.622377622377622,16.152882205513784,68.0,0.15555555555555556
fixed_time__009,fixed_time,K_XX,301,16.127247997581986,0.38,0.0,14.643356643356643,16.536340852130326,61.0,0.14
fixed_time__010,fixed_time,K_XX,301,18.997128608130573,0.46,0.0,16.46853146853147,19.694235588972433,50.0,0.11666666666666667
fixed_time__011,fixed_time,K_XX,301,22.247997581985796,0.55,0.0,19.083916083916083,23.1203007518797,40.0,0.09333333333333334
fixed_time__012,fixed_time,K_XX,301,25.96478766812755,0.65,0.0,22.20979020979021,27.0,33.0,0.07777777777777778
fixed_time__013,fixed_time,K_XX,301,34.78313435091432,0.86,0.0,32.58741258741259,35.388471177944865,25.0,0.057777777777777775
fixed_time__000,fixed_time,K_XX,302,13.86159543280358,0.5,0.0,18.30344827586207,12.581395348837209,68.0,0.15555555555555556
fixed_time__001,fixed_time,K_XX,302,16.997839839530936,0.67,0.0,25.4,14.576227390180879,61.0,0.14
fixed_time__002,fixed_time,K_XX,302,23.512729517049834,1.0,0.0,48.59310344827586,16.28423772609819,50.0,0.11666666666666667
fixed_time__003,fixed_time,K_XX,302,22.407498842771176,0.99,0.0,36.13103448275862,18.45219638242894,40.0,0.09333333333333334
fixed_time__004,fixed_time,K_XX,302,26.684925165869462,0.96,0.0,42.57241379310345,22.10594315245478,34.0,0.07777777777777778
fixed_time__005,fixed_time,K_XX,302,33.36799876562259,1.16,1.0,48.675862068965515,28.956072351421188,25.0,0.057777777777777775
fixed_time__006,fixed_time,K_XX,302,12.339145193642956,0.38,0.0,10.324137931034484,12.919896640826874,82.0,0.18666666666666668
fixed_time__007,fixed_time,K_XX,302,14.523221725042431,0.32,0.0,11.613793103448275,15.361757105943152,76.0,0.17444444444444446
fixed_time__008,fixed_time,K_XX,302,14.13562721802191,0.39,0.0,12.248275862068965,14.679586563307494,68.0,0.15555555555555556
fixed_time__009,fixed_time,K_XX,302,15.820706681067735,0.38,0.0,13.710344827586207,16.42894056847545,61.0,0.14
fixed_time__010,fixed_time,K_XX,302,19.575219873476314,0.45,0.0,19.544827586206896,19.583979328165373,50.0,0.11666666666666667
fixed_time__011,fixed_time,K_XX,302,22.49606542200278,0.55,0.0,23.724137931034484,22.142118863049095,40.0,0.09333333333333334
fixed_time__012,fixed_time,K_XX,302,26.13022681684925,0.65,0.0,26.689655172413794,25.968992248062015,33.0,0.07777777777777778
fixed_time__013,fixed_time,K_XX,302,33.37062181762074,0.86,0.0,29.868965517241378,34.37984496124031,25.0,0.057777777777777775
fixed_time__000,fixed_time,K_XX,303,16.49134743381157,0.36,0.0,18.13605442176871,16.034398034398034,68.0,0.15555555555555556
fixed_time__001,fixed_time,K_XX,303,16.375092441946457,0.46,0.0,21.421768707482993,14.972972972972974,61.0,0.14
fixed_time__002,fixed_time,K_XX,303,26.29389143617808,1.12,5.0,59.63945578231292,17.029484029484028,50.0,0.11666666666666667
fixed_time__003,fixed_time,K_XX,303,22.77133560124242,0.93,0.0,35.2312925170068,19.30958230958231,40.0,0.09333333333333334
fixed_time__004,fixed_time,K_XX,303,26.468273923975744,0.86,0.0,41.04761904761905,22.417690417690416,34.0,0.07777777777777778
fixed_time__005,fixed_time,K_XX,303,33.84144357343588,1.07,2.0,46.57142857142857,30.304668304668304,25.0,0.057777777777777775
fixed_time__006,fixed_time,K_XX,303,13.536311196568557,0.4,0.0,12.353741496598639,13.864864864864865,82.0,0.18666666666666668
fixed_time__007,fixed_time,K_XX,303,14.048661440615295,0.5,0.0,10.129251700680273,15.137592137592138,76.0,0.17444444444444446
fixed_time__008,fixed_time,K_XX,303,16.593403342700785,0.39,0.0,12.680272108843537,17.68058968058968,68.0,0.15555555555555556
fixed_time__009,fixed_time,K_XX,303,16.856678006212096,0.48,0.0,15.217687074829932,17.31203931203931,61.0,0.14
fixed_time__010,fixed_time,K_XX,303,20.255583493566043,0.48,0.0,18.1156462585034,20.85012285012285,50.0,0.11666666666666667
fixed_time__011,fixed_time,K_XX,303,23.37243011388848,0.64,0.0,20.68027210884354,24.12039312039312,40.0,0.09333333333333334
fixed_time__012,fixed_time,K_XX,303,26.69797367253365,0.65,0.0,26.17687074829932,26.84275184275184,33.0,0.07777777777777778
fixed_time__013,fixed_time,K_XX,303,34.44919390622689,0.86,0.0,28.292517006802722,36.15970515970516,25.0,0.057777777777777775
fixed_time__000,fixed_time,K_XX,304,14.119123687813783,0.35,0.0,14.520325203252032,14.02676399026764,68.0,0.15555555555555556
fixed_time__001,fixed_time,K_XX,304,15.74623459607485,0.4,0.0,19.56910569105691,14.8661800486618,61.0,0.14
fixed_time__002,fixed_time,K_XX,304,18.042294233987523,0.59,0.0,26.617886178861788,16.068126520681265,50.0,0.11666666666666667
fixed_time__003,fixed_time,K_XX,304,20.038338658146962,0.61,0.0,28.723577235772357,18.038929440389296,40.0,0.09333333333333334
fixed_time__004,fixed_time,K_XX,304,24.495359805263956,0.73,0.0,34.764227642276424,22.131386861313867,34.0,0.07777777777777778
fixed_time__005,fixed_time,K_XX,304,33.20903696942036,0.95,0.0,44.8130081300813,30.53771289537713,25.0,0.057777777777777775
fixed_time__006,fixed_time,K_XX,304,12.127034839494902,0.35,0.0,9.878048780487806,12.644768856447689,82.0,0.18666666666666668
fixed_time__007,fixed_time,K_XX,304,15.130229727673816,0.5,0.0,11.447154471544716,15.978102189781023,76.0,0.17444444444444446
fixed_time__008,fixed_time,K_XX,304,14.935341548760077,0.48,0.0,11.642276422764228,15.693430656934307,68.0,0.15555555555555556
fixed_time__009,fixed_time,K_XX,304,16.890004564125967,0.38,0.0,16.317073170731707,17.021897810218977,61.0,0.14
fixed_time__010,fixed_time,K_XX,304,18.723109691160808,0.45,0.0,16.463414634146343,19.24330900243309,50.0,0.11666666666666667
fixed_time__011,fixed_time,K_XX,304,21.3591967138293,0.55,0.0,21.365853658536587,21.357664233576642,40.0,0.09333333333333334
fixed_time__012,fixed_time,K_XX,304,26.106191997565794,0.65,0.0,26.1869918699187,26.087591240875913,33.0,0.07777777777777778
fixed_time__013,fixed_time,K_XX,304,35.20508139357979,0.86,0.0,29.479674796747968,36.523114355231144,25.0,0.057777777777777775
fixed_time__000,fixed_time,K_XX,305,15.117241379310345,0.42,0.0,18.776978417266186,14.126582278481013,68.0,0.15555555555555556
fixed_time__001,fixed_time,K_XX,305,15.68015325670498,0.46,0.0,20.100719424460433,14.48354430379747,61.0,0.14
fixed_time__002,fixed_time,K_XX,305,19.63417624521073,0.85,0.0,36.510791366906474,15.065822784810127,50.0,0.11666666666666667
fixed_time__003,fixed_time,K_XX,305,22.63095785440613,0.74,0.0,33.76258992805755,19.61772151898734,40.0,0.09333333333333334
fixed_time__004,fixed_time,K_XX,305,25.088122605363985,0.75,0.0,38.273381294964025,21.518987341772153,34.0,0.07777777777777778
fixed_time__005,fixed_time,K_XX,305,33.1768582375479,0.96,0.0,48.34532374100719,29.070886075949367,25.0,0.057777777777777775
fixed_time__006,fixed_time,K_XX,305,13.358314176245212,0.37,0.0,12.007194244604317,13.724050632911393,82.0,0.18666666666666668
fixed_time__007,fixed_time,K_XX,305,13.666513409961686,0.34,0.0,10.115107913669064,14.627848101265823,76.0,0.17444444444444446
fixed_time__008,fixed_time,K_XX,305,15.966283524904215,0.44,0.0,14.43884892086331,16.379746835443036,68.0,0.15555555555555556
fixed_time__009,fixed_time,K_XX,305,16.228505747126437,0.38,0.0,15.417266187050359,16.448101265822785,61.0,0.14
fixed_time__010,fixed_time,K_XX,305,18.588659003831417,0.45,0.0,18.07913669064748,18.72658227848101,50.0,0.11666666666666667
fixed_time__011,fixed_time,K_XX,305,23.302068965517243,0.56,0.0,21.827338129496404,23.70126582278481,40.0,0.09333333333333334
fixed_time__012,fixed_time,K_XX,305,26.144827586206898,0.65,0.0,25.79136690647482,26.240506329113924,33.0,0.07777777777777778
fixed_time__013,fixed_time,K_XX,305,33.920766283524905,0.86,0.0,23.892086330935253,36.63544303797468,25.0,0.057777777777777775
